Listing ID,PMS Name,Date,Units,No. Booked,No. Blocked,blocking_units,Bookable Units,nightly_revenue,Vacant Units
68642480da9649000fc63fc5,guesty,2026-05-25T00:00:00.000000,1,0,0,0,1,0.0,1
68642480da9649000fc63fc5,guesty,2026-05-26T00:00:00.000000,1,0,0,0,1,0.0,1
68642480da9649000fc63fc5,guesty,2026-05-27T00:00:00.000000,1,0,0,0,1,0.0,1
68642480da9649000fc63fc5,guesty,2026-05-28T00:00:00.000000,1,0,0,0,1,0.0,1
68642480da9649000fc63fc5,guesty,2026-05-29T00:00:00.000000,1,1,0,0,1,0.0,0
68642480da9649000fc63fc5,guesty,2026-05-30T00:00:00.000000,1,1,0,0,1,0.0,0
68642480da9649000fc63fc5,guesty,2026-05-31T00:00:00.000000,1,0,0,0,1,0.0,1
68642480da9649000fc63fc5,guesty,2026-06-01T00:00:00.000000,1,0,0,0,1,0.0,1
68642480da9649000fc63fc5,guesty,2026-06-02T00:00:00.000000,1,0,0,0,1,0.0,1
68642480da9649000fc63fc5,guesty,2026-06-03T00:00:00.000000,1,0,0,0,1,0.0,1
68642480da9649000fc63fc5,guesty,2026-06-04T00:00:00.000000,1,0,0,0,1,0.0,1
68642480da9649000fc63fc5,guesty,2026-06-05T00:00:00.000000,1,1,0,0,1,0.0,0
68642480da9649000fc63fc5,guesty,2026-06-06T00:00:00.000000,1,1,0,0,1,0.0,0
68642480da9649000fc63fc5,guesty,2026-06-07T00:00:00.000000,1,0,0,0,1,0.0,1
68642480da9649000fc63fc5,guesty,2026-06-08T00:00:00.000000,1,0,0,0,1,0.0,1
68642480da9649000fc63fc5,guesty,2026-06-09T00:00:00.000000,1,0,0,0,1,0.0,1
68642480da9649000fc63fc5,guesty,2026-06-10T00:00:00.000000,1,0,0,0,1,0.0,1
68642480da9649000fc63fc5,guesty,2026-06-11T00:00:00.000000,1,1,0,0,1,0.0,0
68642480da9649000fc63fc5,guesty,2026-06-12T00:00:00.000000,1,1,0,0,1,0.0,0
68642480da9649000fc63fc5,guesty,2026-06-13T00:00:00.000000,1,1,0,0,1,0.0,0
68642480da9649000fc63fc5,guesty,2026-06-14T00:00:00.000000,1,0,0,0,1,0.0,1
68642480da9649000fc63fc5,guesty,2026-06-15T00:00:00.000000,1,0,0,0,1,0.0,1
68642480da9649000fc63fc5,guesty,2026-06-16T00:00:00.000000,1,1,0,0,1,0.0,0
68642480da9649000fc63fc5,guesty,2026-06-17T00:00:00.000000,1,1,0,0,1,0.0,0
68642480da9649000fc63fc5,guesty,2026-06-18T00:00:00.000000,1,1,0,0,1,0.0,0
68642480da9649000fc63fc5,guesty,2026-06-19T00:00:00.000000,1,1,0,0,1,0.0,0
68642480da9649000fc63fc5,guesty,2026-06-20T00:00:00.000000,1,1,0,0,1,0.0,0
68642480da9649000fc63fc5,guesty,2026-06-21T00:00:00.000000,1,1,0,0,1,0.0,0
68642480da9649000fc63fc5,guesty,2026-06-22T00:00:00.000000,1,1,0,0,1,0.0,0
68642480da9649000fc63fc5,guesty,2026-06-23T00:00:00.000000,1,1,0,0,1,1302.0,0
68642480da9649000fc63fc5,guesty,2026-06-24T00:00:00.000000,1,1,0,0,1,1302.0,0
68642480da9649000fc63fc5,guesty,2026-06-25T00:00:00.000000,1,1,0,0,1,1916.0,0
68642480da9649000fc63fc5,guesty,2026-06-26T00:00:00.000000,1,1,0,0,1,2374.0,0
68642480da9649000fc63fc5,guesty,2026-06-27T00:00:00.000000,1,1,0,0,1,2743.0,0
68642480da9649000fc63fc5,guesty,2026-06-28T00:00:00.000000,1,0,0,0,1,1071.0,1
68642480da9649000fc63fc5,guesty,2026-06-29T00:00:00.000000,1,0,0,0,1,787.0,1
68642480da9649000fc63fc5,guesty,2026-06-30T00:00:00.000000,1,0,0,0,1,787.0,1
68642480da9649000fc63fc5,guesty,2026-07-01T00:00:00.000000,1,1,0,0,1,787.0,0
68642480da9649000fc63fc5,guesty,2026-07-02T00:00:00.000000,1,1,0,0,1,1014.0,0
68642480da9649000fc63fc5,guesty,2026-07-03T00:00:00.000000,1,1,0,0,1,1220.0,0
68642480da9649000fc63fc5,guesty,2026-07-04T00:00:00.000000,1,1,0,0,1,1412.0,0
68642480da9649000fc63fc5,guesty,2026-07-05T00:00:00.000000,1,1,0,0,1,1014.0,0
68642480da9649000fc63fc5,guesty,2026-07-06T00:00:00.000000,1,1,0,0,1,787.0,0
68642480da9649000fc63fc5,guesty,2026-07-07T00:00:00.000000,1,0,0,0,1,787.0,1
68642480da9649000fc63fc5,guesty,2026-07-08T00:00:00.000000,1,0,0,0,1,787.0,1
68642480da9649000fc63fc5,guesty,2026-07-09T00:00:00.000000,1,1,0,0,1,2050.0,0
68642480da9649000fc63fc5,guesty,2026-07-10T00:00:00.000000,1,1,0,0,1,2125.0,0
68642480da9649000fc63fc5,guesty,2026-07-11T00:00:00.000000,1,1,0,0,1,2459.0,0
68642480da9649000fc63fc5,guesty,2026-07-12T00:00:00.000000,1,0,0,0,1,1273.0,1
68642480da9649000fc63fc5,guesty,2026-07-13T00:00:00.000000,1,0,0,0,1,960.0,1
68642480da9649000fc63fc5,guesty,2026-07-14T00:00:00.000000,1,0,0,0,1,960.0,1
68642480da9649000fc63fc5,guesty,2026-07-15T00:00:00.000000,1,0,0,0,1,960.0,1
68642480da9649000fc63fc5,guesty,2026-07-16T00:00:00.000000,1,0,0,0,1,1546.0,1
68642480da9649000fc63fc5,guesty,2026-07-17T00:00:00.000000,1,1,0,0,1,2125.0,0
68642480da9649000fc63fc5,guesty,2026-07-18T00:00:00.000000,1,1,0,0,1,2459.0,0
68642480da9649000fc63fc5,guesty,2026-07-19T00:00:00.000000,1,0,0,0,1,1546.0,1
68642480da9649000fc63fc5,guesty,2026-07-20T00:00:00.000000,1,1,0,0,1,960.0,0
68642480da9649000fc63fc5,guesty,2026-07-21T00:00:00.000000,1,1,0,0,1,960.0,0
68642480da9649000fc63fc5,guesty,2026-07-22T00:00:00.000000,1,0,0,0,1,960.0,1
68642480da9649000fc63fc5,guesty,2026-07-23T00:00:00.000000,1,0,0,0,1,1153.0,1
68642480da9649000fc63fc5,guesty,2026-07-24T00:00:00.000000,1,0,0,0,1,1442.0,1
68642480da9649000fc63fc5,guesty,2026-07-25T00:00:00.000000,1,0,0,0,1,1671.0,1
68642480da9649000fc63fc5,guesty,2026-07-26T00:00:00.000000,1,0,0,0,1,1153.0,1
68642480da9649000fc63fc5,guesty,2026-07-27T00:00:00.000000,1,0,0,0,1,960.0,1
68642480da9649000fc63fc5,guesty,2026-07-28T00:00:00.000000,1,0,0,0,1,960.0,1
68642480da9649000fc63fc5,guesty,2026-07-29T00:00:00.000000,1,0,0,0,1,960.0,1
68642480da9649000fc63fc5,guesty,2026-07-30T00:00:00.000000,1,0,0,0,1,787.0,1
68642480da9649000fc63fc5,guesty,2026-07-31T00:00:00.000000,1,0,0,0,1,1050.0,1
68642480da9649000fc63fc5,guesty,2026-08-01T00:00:00.000000,1,1,0,0,1,1859.0,0
68642480da9649000fc63fc5,guesty,2026-08-02T00:00:00.000000,1,1,0,0,1,1546.0,0
68642480da9649000fc63fc5,guesty,2026-08-03T00:00:00.000000,1,1,0,0,1,816.0,0
68642480da9649000fc63fc5,guesty,2026-08-04T00:00:00.000000,1,0,0,0,1,816.0,1
68642480da9649000fc63fc5,guesty,2026-08-05T00:00:00.000000,1,0,0,0,1,816.0,1
68642480da9649000fc63fc5,guesty,2026-08-06T00:00:00.000000,1,0,0,0,1,1153.0,1
68642480da9649000fc63fc5,guesty,2026-08-07T00:00:00.000000,1,0,0,0,1,1610.0,1
68642480da9649000fc63fc5,guesty,2026-08-08T00:00:00.000000,1,0,0,0,1,1864.0,1
68642480da9649000fc63fc5,guesty,2026-08-09T00:00:00.000000,1,0,0,0,1,1153.0,1
68642480da9649000fc63fc5,guesty,2026-08-10T00:00:00.000000,1,0,0,0,1,816.0,1
68642480da9649000fc63fc5,guesty,2026-08-11T00:00:00.000000,1,0,0,0,1,816.0,1
68642480da9649000fc63fc5,guesty,2026-08-12T00:00:00.000000,1,0,0,0,1,816.0,1
68642480da9649000fc63fc5,guesty,2026-08-13T00:00:00.000000,1,0,0,0,1,1153.0,1
68642480da9649000fc63fc5,guesty,2026-08-14T00:00:00.000000,1,1,0,0,1,2010.0,0
68642480da9649000fc63fc5,guesty,2026-08-15T00:00:00.000000,1,1,0,0,1,2320.0,0
68642480da9649000fc63fc5,guesty,2026-08-16T00:00:00.000000,1,0,0,0,1,1153.0,1
68642480da9649000fc63fc5,guesty,2026-08-17T00:00:00.000000,1,0,0,0,1,816.0,1
68642480da9649000fc63fc5,guesty,2026-08-18T00:00:00.000000,1,0,0,0,1,816.0,1
68642480da9649000fc63fc5,guesty,2026-08-19T00:00:00.000000,1,0,0,0,1,816.0,1
68642480da9649000fc63fc5,guesty,2026-08-20T00:00:00.000000,1,0,0,0,1,1220.0,1
68642480da9649000fc63fc5,guesty,2026-08-21T00:00:00.000000,1,1,0,0,1,1702.0,0
68642480da9649000fc63fc5,guesty,2026-08-22T00:00:00.000000,1,1,0,0,1,1966.0,0
68642480da9649000fc63fc5,guesty,2026-08-23T00:00:00.000000,1,1,0,0,1,1220.0,0
68642480da9649000fc63fc5,guesty,2026-08-24T00:00:00.000000,1,1,0,0,1,816.0,0
68642480da9649000fc63fc5,guesty,2026-08-25T00:00:00.000000,1,1,0,0,1,816.0,0
68642480da9649000fc63fc5,guesty,2026-08-26T00:00:00.000000,1,0,0,0,1,816.0,1
68642480da9649000fc63fc5,guesty,2026-08-27T00:00:00.000000,1,0,0,0,1,1220.0,1
68642480da9649000fc63fc5,guesty,2026-08-28T00:00:00.000000,1,1,0,0,1,1702.0,0
68642480da9649000fc63fc5,guesty,2026-08-29T00:00:00.000000,1,1,0,0,1,1966.0,0
68642480da9649000fc63fc5,guesty,2026-08-30T00:00:00.000000,1,0,0,0,1,1220.0,1
68642480da9649000fc63fc5,guesty,2026-08-31T00:00:00.000000,1,0,0,0,1,875.0,1
68642480da9649000fc63fc5,guesty,2026-09-01T00:00:00.000000,1,0,0,0,1,875.0,1
68642480da9649000fc63fc5,guesty,2026-09-02T00:00:00.000000,1,0,0,0,1,875.0,1
68642480da9649000fc63fc5,guesty,2026-09-03T00:00:00.000000,1,0,0,0,1,1635.0,1
68642480da9649000fc63fc5,guesty,2026-09-04T00:00:00.000000,1,0,0,0,1,2612.0,1
68642480da9649000fc63fc5,guesty,2026-09-05T00:00:00.000000,1,0,0,0,1,3021.0,1
68642480da9649000fc63fc5,guesty,2026-09-06T00:00:00.000000,1,0,0,0,1,2520.0,1
68642480da9649000fc63fc5,guesty,2026-09-07T00:00:00.000000,1,0,0,0,1,1620.0,1
68642480da9649000fc63fc5,guesty,2026-09-08T00:00:00.000000,1,0,0,0,1,1103.0,1
68642480da9649000fc63fc5,guesty,2026-09-09T00:00:00.000000,1,0,0,0,1,1103.0,1
68642480da9649000fc63fc5,guesty,2026-09-10T00:00:00.000000,1,0,0,0,1,1635.0,1
68642480da9649000fc63fc5,guesty,2026-09-11T00:00:00.000000,1,0,0,0,1,2142.0,1
68642480da9649000fc63fc5,guesty,2026-09-12T00:00:00.000000,1,0,0,0,1,2480.0,1
68642480da9649000fc63fc5,guesty,2026-09-13T00:00:00.000000,1,0,0,0,1,1635.0,1
68642480da9649000fc63fc5,guesty,2026-09-14T00:00:00.000000,1,0,0,0,1,1103.0,1
68642480da9649000fc63fc5,guesty,2026-09-15T00:00:00.000000,1,0,0,0,1,1103.0,1
68642480da9649000fc63fc5,guesty,2026-09-16T00:00:00.000000,1,0,0,0,1,1103.0,1
68642480da9649000fc63fc5,guesty,2026-09-17T00:00:00.000000,1,0,0,0,1,1635.0,1
68642480da9649000fc63fc5,guesty,2026-09-18T00:00:00.000000,1,0,0,0,1,2142.0,1
68642480da9649000fc63fc5,guesty,2026-09-19T00:00:00.000000,1,0,0,0,1,2480.0,1
68642480da9649000fc63fc5,guesty,2026-09-20T00:00:00.000000,1,0,0,0,1,1635.0,1
68642480da9649000fc63fc5,guesty,2026-09-21T00:00:00.000000,1,0,0,0,1,1103.0,1
68642480da9649000fc63fc5,guesty,2026-09-22T00:00:00.000000,1,0,0,0,1,1103.0,1
68642480da9649000fc63fc5,guesty,2026-09-23T00:00:00.000000,1,0,0,0,1,1103.0,1
68642480da9649000fc63fc5,guesty,2026-09-24T00:00:00.000000,1,0,0,0,1,1635.0,1
68642480da9649000fc63fc5,guesty,2026-09-25T00:00:00.000000,1,0,0,0,1,2142.0,1
68642480da9649000fc63fc5,guesty,2026-09-26T00:00:00.000000,1,0,0,0,1,2480.0,1
68642480da9649000fc63fc5,guesty,2026-09-27T00:00:00.000000,1,0,0,0,1,1635.0,1
68642480da9649000fc63fc5,guesty,2026-09-28T00:00:00.000000,1,0,0,0,1,1103.0,1
68642480da9649000fc63fc5,guesty,2026-09-29T00:00:00.000000,1,0,0,0,1,1103.0,1
68642480da9649000fc63fc5,guesty,2026-09-30T00:00:00.000000,1,0,0,0,1,1103.0,1
68642480da9649000fc63fc5,guesty,2026-10-01T00:00:00.000000,1,1,0,0,1,1707.0,0
68642480da9649000fc63fc5,guesty,2026-10-02T00:00:00.000000,1,1,0,0,1,2527.0,0
68642480da9649000fc63fc5,guesty,2026-10-03T00:00:00.000000,1,1,0,0,1,2919.0,0
68642480da9649000fc63fc5,guesty,2026-10-04T00:00:00.000000,1,0,0,0,1,1707.0,1
68642480da9649000fc63fc5,guesty,2026-10-05T00:00:00.000000,1,0,0,0,1,1161.0,1
68642480da9649000fc63fc5,guesty,2026-10-06T00:00:00.000000,1,0,0,0,1,1161.0,1
68642480da9649000fc63fc5,guesty,2026-10-07T00:00:00.000000,1,0,0,0,1,1161.0,1
68642480da9649000fc63fc5,guesty,2026-10-08T00:00:00.000000,1,0,0,0,1,1981.0,1
68642480da9649000fc63fc5,guesty,2026-10-09T00:00:00.000000,1,0,0,0,1,2919.0,1
68642480da9649000fc63fc5,guesty,2026-10-10T00:00:00.000000,1,0,0,0,1,4061.0,1
68642480da9649000fc63fc5,guesty,2026-10-11T00:00:00.000000,1,1,0,0,1,1620.0,0
68642480da9649000fc63fc5,guesty,2026-10-12T00:00:00.000000,1,1,0,0,1,1096.0,0
68642480da9649000fc63fc5,guesty,2026-10-13T00:00:00.000000,1,1,0,0,1,1096.0,0
68642480da9649000fc63fc5,guesty,2026-10-14T00:00:00.000000,1,1,0,0,1,1096.0,0
68642480da9649000fc63fc5,guesty,2026-10-15T00:00:00.000000,1,1,0,0,1,1707.0,0
68642480da9649000fc63fc5,guesty,2026-10-16T00:00:00.000000,1,1,0,0,1,2527.0,0
68642480da9649000fc63fc5,guesty,2026-10-17T00:00:00.000000,1,1,0,0,1,2919.0,0
68642480da9649000fc63fc5,guesty,2026-10-18T00:00:00.000000,1,1,0,0,1,1713.0,0
68642480da9649000fc63fc5,guesty,2026-10-19T00:00:00.000000,1,1,0,0,1,1161.0,0
68642480da9649000fc63fc5,guesty,2026-10-20T00:00:00.000000,1,1,0,0,1,1161.0,0
68642480da9649000fc63fc5,guesty,2026-10-21T00:00:00.000000,1,1,0,0,1,1161.0,0
68642480da9649000fc63fc5,guesty,2026-10-22T00:00:00.000000,1,1,0,0,1,1707.0,0
68642480da9649000fc63fc5,guesty,2026-10-23T00:00:00.000000,1,0,0,0,1,2527.0,1
68642480da9649000fc63fc5,guesty,2026-10-24T00:00:00.000000,1,0,0,0,1,2919.0,1
68642480da9649000fc63fc5,guesty,2026-10-25T00:00:00.000000,1,0,0,0,1,1707.0,1
68642480da9649000fc63fc5,guesty,2026-10-26T00:00:00.000000,1,0,0,0,1,1161.0,1
68642480da9649000fc63fc5,guesty,2026-10-27T00:00:00.000000,1,0,0,0,1,1161.0,1
68642480da9649000fc63fc5,guesty,2026-10-28T00:00:00.000000,1,0,0,0,1,1161.0,1
68642480da9649000fc63fc5,guesty,2026-10-29T00:00:00.000000,1,0,0,0,1,1707.0,1
68642480da9649000fc63fc5,guesty,2026-10-30T00:00:00.000000,1,0,0,0,1,2527.0,1
68642480da9649000fc63fc5,guesty,2026-10-31T00:00:00.000000,1,0,0,0,1,2919.0,1
68642480da9649000fc63fc5,guesty,2026-11-01T00:00:00.000000,1,0,0,0,1,1707.0,1
68642480da9649000fc63fc5,guesty,2026-11-02T00:00:00.000000,1,1,0,0,1,1161.0,0
68642480da9649000fc63fc5,guesty,2026-11-03T00:00:00.000000,1,1,0,0,1,1161.0,0
68642480da9649000fc63fc5,guesty,2026-11-04T00:00:00.000000,1,1,0,0,1,1161.0,0
68642480da9649000fc63fc5,guesty,2026-11-05T00:00:00.000000,1,0,0,0,1,1836.0,1
68642480da9649000fc63fc5,guesty,2026-11-06T00:00:00.000000,1,1,0,0,1,2712.0,0
68642480da9649000fc63fc5,guesty,2026-11-07T00:00:00.000000,1,1,0,0,1,3134.0,0
68642480da9649000fc63fc5,guesty,2026-11-08T00:00:00.000000,1,1,0,0,1,1836.0,0
68642480da9649000fc63fc5,guesty,2026-11-09T00:00:00.000000,1,0,0,0,1,1248.0,1
68642480da9649000fc63fc5,guesty,2026-11-10T00:00:00.000000,1,0,0,0,1,1248.0,1
68642480da9649000fc63fc5,guesty,2026-11-11T00:00:00.000000,1,0,0,0,1,1248.0,1
68642480da9649000fc63fc5,guesty,2026-11-12T00:00:00.000000,1,0,0,0,1,1836.0,1
68642480da9649000fc63fc5,guesty,2026-11-13T00:00:00.000000,1,0,0,0,1,2712.0,1
68642480da9649000fc63fc5,guesty,2026-11-14T00:00:00.000000,1,0,0,0,1,3134.0,1
68642480da9649000fc63fc5,guesty,2026-11-15T00:00:00.000000,1,0,0,0,1,1836.0,1
68642480da9649000fc63fc5,guesty,2026-11-16T00:00:00.000000,1,0,0,0,1,1248.0,1
68642480da9649000fc63fc5,guesty,2026-11-17T00:00:00.000000,1,0,0,0,1,1248.0,1
68642480da9649000fc63fc5,guesty,2026-11-18T00:00:00.000000,1,0,0,0,1,1248.0,1
68642480da9649000fc63fc5,guesty,2026-11-19T00:00:00.000000,1,0,0,0,1,1836.0,1
68642480da9649000fc63fc5,guesty,2026-11-20T00:00:00.000000,1,0,0,0,1,2712.0,1
68642480da9649000fc63fc5,guesty,2026-11-21T00:00:00.000000,1,0,0,0,1,3134.0,1
68642480da9649000fc63fc5,guesty,2026-11-22T00:00:00.000000,1,0,0,0,1,1836.0,1
68642480da9649000fc63fc5,guesty,2026-11-23T00:00:00.000000,1,0,0,0,1,1248.0,1
68642480da9649000fc63fc5,guesty,2026-11-24T00:00:00.000000,1,1,0,0,1,1248.0,0
68642480da9649000fc63fc5,guesty,2026-11-25T00:00:00.000000,1,1,0,0,1,1248.0,0
68642480da9649000fc63fc5,guesty,2026-11-26T00:00:00.000000,1,1,0,0,1,3029.0,0
68642480da9649000fc63fc5,guesty,2026-11-27T00:00:00.000000,1,1,0,0,1,4286.0,0
68642480da9649000fc63fc5,guesty,2026-11-28T00:00:00.000000,1,0,0,0,1,4943.0,1
68642480da9649000fc63fc5,guesty,2026-11-29T00:00:00.000000,1,0,0,0,1,1228.0,1
68642480da9649000fc63fc5,guesty,2026-11-30T00:00:00.000000,1,0,0,0,1,1107.0,1
68642480da9649000fc63fc5,guesty,2026-12-01T00:00:00.000000,1,0,0,0,1,1107.0,1
68642480da9649000fc63fc5,guesty,2026-12-02T00:00:00.000000,1,0,0,0,1,1107.0,1
68642480da9649000fc63fc5,guesty,2026-12-03T00:00:00.000000,1,0,0,0,1,1556.0,1
68642480da9649000fc63fc5,guesty,2026-12-04T00:00:00.000000,1,0,0,0,1,3751.0,1
68642480da9649000fc63fc5,guesty,2026-12-05T00:00:00.000000,1,0,0,0,1,4328.0,1
68642480da9649000fc63fc5,guesty,2026-12-06T00:00:00.000000,1,0,0,0,1,1556.0,1
68642480da9649000fc63fc5,guesty,2026-12-07T00:00:00.000000,1,0,0,0,1,1053.0,1
68642480da9649000fc63fc5,guesty,2026-12-08T00:00:00.000000,1,0,0,0,1,1053.0,1
68642480da9649000fc63fc5,guesty,2026-12-09T00:00:00.000000,1,0,0,0,1,1053.0,1
68642480da9649000fc63fc5,guesty,2026-12-10T00:00:00.000000,1,0,0,0,1,1556.0,1
68642480da9649000fc63fc5,guesty,2026-12-11T00:00:00.000000,1,0,0,0,1,3751.0,1
68642480da9649000fc63fc5,guesty,2026-12-12T00:00:00.000000,1,0,0,0,1,4328.0,1
68642480da9649000fc63fc5,guesty,2026-12-13T00:00:00.000000,1,0,0,0,1,1556.0,1
68642480da9649000fc63fc5,guesty,2026-12-14T00:00:00.000000,1,0,0,0,1,1053.0,1
68642480da9649000fc63fc5,guesty,2026-12-15T00:00:00.000000,1,0,0,0,1,1053.0,1
68642480da9649000fc63fc5,guesty,2026-12-16T00:00:00.000000,1,0,0,0,1,1053.0,1
68642480da9649000fc63fc5,guesty,2026-12-17T00:00:00.000000,1,0,0,0,1,1804.0,1
68642480da9649000fc63fc5,guesty,2026-12-18T00:00:00.000000,1,0,0,0,1,3751.0,1
68642480da9649000fc63fc5,guesty,2026-12-19T00:00:00.000000,1,0,0,0,1,4990.0,1
68642480da9649000fc63fc5,guesty,2026-12-20T00:00:00.000000,1,0,0,0,1,1804.0,1
68642480da9649000fc63fc5,guesty,2026-12-21T00:00:00.000000,1,0,0,0,1,1516.0,1
68642480da9649000fc63fc5,guesty,2026-12-22T00:00:00.000000,1,0,0,0,1,2004.0,1
68642480da9649000fc63fc5,guesty,2026-12-23T00:00:00.000000,1,0,0,0,1,2004.0,1
68642480da9649000fc63fc5,guesty,2026-12-24T00:00:00.000000,1,0,0,0,1,5645.0,1
68642480da9649000fc63fc5,guesty,2026-12-25T00:00:00.000000,1,0,0,0,1,5645.0,1
68642480da9649000fc63fc5,guesty,2026-12-26T00:00:00.000000,1,1,0,0,1,5645.0,0
68642480da9649000fc63fc5,guesty,2026-12-27T00:00:00.000000,1,1,0,0,1,2004.0,0
68642480da9649000fc63fc5,guesty,2026-12-28T00:00:00.000000,1,1,0,0,1,1516.0,0
68642480da9649000fc63fc5,guesty,2026-12-29T00:00:00.000000,1,0,0,0,1,1516.0,1
68642480da9649000fc63fc5,guesty,2026-12-30T00:00:00.000000,1,0,0,0,1,7421.0,1
68642480da9649000fc63fc5,guesty,2026-12-31T00:00:00.000000,1,0,0,0,1,7421.0,1
68642480da9649000fc63fc5,guesty,2027-01-01T00:00:00.000000,1,0,0,0,1,2887.0,1
68642480da9649000fc63fc5,guesty,2027-01-02T00:00:00.000000,1,0,0,0,1,2887.0,1
68642480da9649000fc63fc5,guesty,2027-01-03T00:00:00.000000,1,0,0,0,1,1686.0,1
68642480da9649000fc63fc5,guesty,2027-01-04T00:00:00.000000,1,0,0,0,1,1189.0,1
68642480da9649000fc63fc5,guesty,2027-01-05T00:00:00.000000,1,0,0,0,1,1189.0,1
68642480da9649000fc63fc5,guesty,2027-01-06T00:00:00.000000,1,0,0,0,1,1189.0,1
68642480da9649000fc63fc5,guesty,2027-01-07T00:00:00.000000,1,0,0,0,1,1705.0,1
68642480da9649000fc63fc5,guesty,2027-01-08T00:00:00.000000,1,0,0,0,1,2396.0,1
68642480da9649000fc63fc5,guesty,2027-01-09T00:00:00.000000,1,0,0,0,1,2396.0,1
68642480da9649000fc63fc5,guesty,2027-01-10T00:00:00.000000,1,0,0,0,1,1705.0,1
68642480da9649000fc63fc5,guesty,2027-01-11T00:00:00.000000,1,0,0,0,1,1189.0,1
68642480da9649000fc63fc5,guesty,2027-01-12T00:00:00.000000,1,0,0,0,1,1189.0,1
68642480da9649000fc63fc5,guesty,2027-01-13T00:00:00.000000,1,0,0,0,1,1189.0,1
68642480da9649000fc63fc5,guesty,2027-01-14T00:00:00.000000,1,0,0,0,1,1705.0,1
68642480da9649000fc63fc5,guesty,2027-01-15T00:00:00.000000,1,0,0,0,1,2287.0,1
68642480da9649000fc63fc5,guesty,2027-01-16T00:00:00.000000,1,0,0,0,1,2649.0,1
68642480da9649000fc63fc5,guesty,2027-01-17T00:00:00.000000,1,0,0,0,1,1887.0,1
68642480da9649000fc63fc5,guesty,2027-01-18T00:00:00.000000,1,0,0,0,1,1315.0,1
68642480da9649000fc63fc5,guesty,2027-01-19T00:00:00.000000,1,0,0,0,1,1189.0,1
68642480da9649000fc63fc5,guesty,2027-01-20T00:00:00.000000,1,0,0,0,1,1189.0,1
68642480da9649000fc63fc5,guesty,2027-01-21T00:00:00.000000,1,0,0,0,1,1705.0,1
68642480da9649000fc63fc5,guesty,2027-01-22T00:00:00.000000,1,0,0,0,1,2072.0,1
68642480da9649000fc63fc5,guesty,2027-01-23T00:00:00.000000,1,0,0,0,1,2396.0,1
68642480da9649000fc63fc5,guesty,2027-01-24T00:00:00.000000,1,0,0,0,1,1705.0,1
68642480da9649000fc63fc5,guesty,2027-01-25T00:00:00.000000,1,0,0,0,1,1189.0,1
68642480da9649000fc63fc5,guesty,2027-01-26T00:00:00.000000,1,0,0,0,1,1189.0,1
68642480da9649000fc63fc5,guesty,2027-01-27T00:00:00.000000,1,0,0,0,1,1189.0,1
68642480da9649000fc63fc5,guesty,2027-01-28T00:00:00.000000,1,0,0,0,1,1705.0,1
68642480da9649000fc63fc5,guesty,2027-01-29T00:00:00.000000,1,0,0,0,1,2072.0,1
68642480da9649000fc63fc5,guesty,2027-01-30T00:00:00.000000,1,0,0,0,1,2396.0,1
68642480da9649000fc63fc5,guesty,2027-01-31T00:00:00.000000,1,0,0,0,1,1705.0,1
68642480da9649000fc63fc5,guesty,2027-02-01T00:00:00.000000,1,0,0,0,1,1388.0,1
68642480da9649000fc63fc5,guesty,2027-02-02T00:00:00.000000,1,0,0,0,1,1388.0,1
68642480da9649000fc63fc5,guesty,2027-02-03T00:00:00.000000,1,0,0,0,1,1388.0,1
68642480da9649000fc63fc5,guesty,2027-02-04T00:00:00.000000,1,0,0,0,1,2035.0,1
68642480da9649000fc63fc5,guesty,2027-02-05T00:00:00.000000,1,0,0,0,1,2517.0,1
68642480da9649000fc63fc5,guesty,2027-02-06T00:00:00.000000,1,0,0,0,1,2911.0,1
68642480da9649000fc63fc5,guesty,2027-02-07T00:00:00.000000,1,0,0,0,1,2035.0,1
68642480da9649000fc63fc5,guesty,2027-02-08T00:00:00.000000,1,0,0,0,1,1388.0,1
68642480da9649000fc63fc5,guesty,2027-02-09T00:00:00.000000,1,0,0,0,1,1388.0,1
68642480da9649000fc63fc5,guesty,2027-02-10T00:00:00.000000,1,0,0,0,1,1388.0,1
68642480da9649000fc63fc5,guesty,2027-02-11T00:00:00.000000,1,0,0,0,1,2035.0,1
68642480da9649000fc63fc5,guesty,2027-02-12T00:00:00.000000,1,0,0,0,1,2779.0,1
68642480da9649000fc63fc5,guesty,2027-02-13T00:00:00.000000,1,0,0,0,1,3214.0,1
68642480da9649000fc63fc5,guesty,2027-02-14T00:00:00.000000,1,0,0,0,1,2248.0,1
68642480da9649000fc63fc5,guesty,2027-02-15T00:00:00.000000,1,0,0,0,1,1526.0,1
68642480da9649000fc63fc5,guesty,2027-02-16T00:00:00.000000,1,0,0,0,1,1526.0,1
68642480da9649000fc63fc5,guesty,2027-02-17T00:00:00.000000,1,0,0,0,1,1388.0,1
68642480da9649000fc63fc5,guesty,2027-02-18T00:00:00.000000,1,0,0,0,1,2035.0,1
68642480da9649000fc63fc5,guesty,2027-02-19T00:00:00.000000,1,0,0,0,1,2517.0,1
68642480da9649000fc63fc5,guesty,2027-02-20T00:00:00.000000,1,0,0,0,1,2911.0,1
68642480da9649000fc63fc5,guesty,2027-02-21T00:00:00.000000,1,0,0,0,1,2035.0,1
68642480da9649000fc63fc5,guesty,2027-02-22T00:00:00.000000,1,0,0,0,1,1388.0,1
68642480da9649000fc63fc5,guesty,2027-02-23T00:00:00.000000,1,0,0,0,1,1388.0,1
68642480da9649000fc63fc5,guesty,2027-02-24T00:00:00.000000,1,0,0,0,1,1388.0,1
68642480da9649000fc63fc5,guesty,2027-02-25T00:00:00.000000,1,0,0,0,1,2035.0,1
68642480da9649000fc63fc5,guesty,2027-02-26T00:00:00.000000,1,0,0,0,1,2517.0,1
68642480da9649000fc63fc5,guesty,2027-02-27T00:00:00.000000,1,1,0,0,1,2911.0,0
68642480da9649000fc63fc5,guesty,2027-02-28T00:00:00.000000,1,1,0,0,1,2040.0,0
68642480da9649000fc63fc5,guesty,2027-03-01T00:00:00.000000,1,1,0,0,1,2376.0,0
68642480da9649000fc63fc5,guesty,2027-03-02T00:00:00.000000,1,0,0,0,1,2376.0,1
68642480da9649000fc63fc5,guesty,2027-03-03T00:00:00.000000,1,0,0,0,1,2376.0,1
68642480da9649000fc63fc5,guesty,2027-03-04T00:00:00.000000,1,0,0,0,1,2531.0,1
68642480da9649000fc63fc5,guesty,2027-03-05T00:00:00.000000,1,0,0,0,1,4549.0,1
68642480da9649000fc63fc5,guesty,2027-03-06T00:00:00.000000,1,0,0,0,1,5515.0,1
68642480da9649000fc63fc5,guesty,2027-03-07T00:00:00.000000,1,0,0,0,1,2327.0,1
68642480da9649000fc63fc5,guesty,2027-03-08T00:00:00.000000,1,0,0,0,1,2376.0,1
68642480da9649000fc63fc5,guesty,2027-03-09T00:00:00.000000,1,0,0,0,1,2376.0,1
68642480da9649000fc63fc5,guesty,2027-03-10T00:00:00.000000,1,0,0,0,1,2376.0,1
68642480da9649000fc63fc5,guesty,2027-03-11T00:00:00.000000,1,0,0,0,1,2531.0,1
68642480da9649000fc63fc5,guesty,2027-03-12T00:00:00.000000,1,0,0,0,1,4549.0,1
68642480da9649000fc63fc5,guesty,2027-03-13T00:00:00.000000,1,0,0,0,1,5515.0,1
68642480da9649000fc63fc5,guesty,2027-03-14T00:00:00.000000,1,0,0,0,1,2327.0,1
68642480da9649000fc63fc5,guesty,2027-03-15T00:00:00.000000,1,0,0,0,1,1975.0,1
68642480da9649000fc63fc5,guesty,2027-03-16T00:00:00.000000,1,0,0,0,1,1975.0,1
68642480da9649000fc63fc5,guesty,2027-03-17T00:00:00.000000,1,0,0,0,1,1975.0,1
68642480da9649000fc63fc5,guesty,2027-03-18T00:00:00.000000,1,0,0,0,1,2102.0,1
68642480da9649000fc63fc5,guesty,2027-03-19T00:00:00.000000,1,0,0,0,1,3784.0,1
68642480da9649000fc63fc5,guesty,2027-03-20T00:00:00.000000,1,0,0,0,1,4588.0,1
68642480da9649000fc63fc5,guesty,2027-03-21T00:00:00.000000,1,0,0,0,1,1928.0,1
68642480da9649000fc63fc5,guesty,2027-03-22T00:00:00.000000,1,0,0,0,1,1975.0,1
68642480da9649000fc63fc5,guesty,2027-03-23T00:00:00.000000,1,0,0,0,1,1975.0,1
68642480da9649000fc63fc5,guesty,2027-03-24T00:00:00.000000,1,0,0,0,1,1975.0,1
68642480da9649000fc63fc5,guesty,2027-03-25T00:00:00.000000,1,0,0,0,1,2102.0,1
68642480da9649000fc63fc5,guesty,2027-03-26T00:00:00.000000,1,0,0,0,1,3784.0,1
68642480da9649000fc63fc5,guesty,2027-03-27T00:00:00.000000,1,0,0,0,1,4588.0,1
68642480da9649000fc63fc5,guesty,2027-03-28T00:00:00.000000,1,0,0,0,1,1928.0,1
68642480da9649000fc63fc5,guesty,2027-03-29T00:00:00.000000,1,0,0,0,1,1975.0,1
68642480da9649000fc63fc5,guesty,2027-03-30T00:00:00.000000,1,0,0,0,1,1975.0,1
68642480da9649000fc63fc5,guesty,2027-03-31T00:00:00.000000,1,0,0,0,1,1975.0,1
68642480da9649000fc63fc5,guesty,2027-04-01T00:00:00.000000,1,0,0,0,1,2743.0,1
68642480da9649000fc63fc5,guesty,2027-04-02T00:00:00.000000,1,0,0,0,1,4931.0,1
68642480da9649000fc63fc5,guesty,2027-04-03T00:00:00.000000,1,0,0,0,1,5979.0,1
68642480da9649000fc63fc5,guesty,2027-04-04T00:00:00.000000,1,0,0,0,1,2102.0,1
68642480da9649000fc63fc5,guesty,2027-04-05T00:00:00.000000,1,0,0,0,1,1975.0,1
68642480da9649000fc63fc5,guesty,2027-04-06T00:00:00.000000,1,0,0,0,1,1975.0,1
68642480da9649000fc63fc5,guesty,2027-04-07T00:00:00.000000,1,0,0,0,1,1975.0,1
68642480da9649000fc63fc5,guesty,2027-04-08T00:00:00.000000,1,0,0,0,1,7341.0,1
68642480da9649000fc63fc5,guesty,2027-04-09T00:00:00.000000,1,0,0,0,1,13701.0,1
68642480da9649000fc63fc5,guesty,2027-04-10T00:00:00.000000,1,0,0,0,1,13701.0,1
68642480da9649000fc63fc5,guesty,2027-04-11T00:00:00.000000,1,0,0,0,1,7341.0,1
68642480da9649000fc63fc5,guesty,2027-04-12T00:00:00.000000,1,0,0,0,1,1975.0,1
68642480da9649000fc63fc5,guesty,2027-04-13T00:00:00.000000,1,0,0,0,1,1975.0,1
68642480da9649000fc63fc5,guesty,2027-04-14T00:00:00.000000,1,0,0,0,1,1975.0,1
68642480da9649000fc63fc5,guesty,2027-04-15T00:00:00.000000,1,0,0,0,1,4672.0,1
68642480da9649000fc63fc5,guesty,2027-04-16T00:00:00.000000,1,0,0,0,1,10626.0,1
68642480da9649000fc63fc5,guesty,2027-04-17T00:00:00.000000,1,0,0,0,1,10626.0,1
68642480da9649000fc63fc5,guesty,2027-04-18T00:00:00.000000,1,0,0,0,1,4672.0,1
68642480da9649000fc63fc5,guesty,2027-04-19T00:00:00.000000,1,0,0,0,1,1975.0,1
68642480da9649000fc63fc5,guesty,2027-04-20T00:00:00.000000,1,0,0,0,1,1975.0,1
68642480da9649000fc63fc5,guesty,2027-04-21T00:00:00.000000,1,0,0,0,1,1975.0,1
68642480da9649000fc63fc5,guesty,2027-04-22T00:00:00.000000,1,0,0,0,1,2987.0,1
68642480da9649000fc63fc5,guesty,2027-04-23T00:00:00.000000,1,0,0,0,1,4588.0,1
68642480da9649000fc63fc5,guesty,2027-04-24T00:00:00.000000,1,0,0,0,1,4588.0,1
68642480da9649000fc63fc5,guesty,2027-04-25T00:00:00.000000,1,0,0,0,1,2819.0,1
68642480da9649000fc63fc5,guesty,2027-04-26T00:00:00.000000,1,0,0,0,1,1975.0,1
68642480da9649000fc63fc5,guesty,2027-04-27T00:00:00.000000,1,0,0,0,1,1975.0,1
68642480da9649000fc63fc5,guesty,2027-04-28T00:00:00.000000,1,0,0,0,1,1975.0,1
68642480da9649000fc63fc5,guesty,2027-04-29T00:00:00.000000,1,0,0,0,1,2102.0,1
68642480da9649000fc63fc5,guesty,2027-04-30T00:00:00.000000,1,0,0,0,1,3784.0,1
68642480da9649000fc63fc5,guesty,2027-05-01T00:00:00.000000,1,0,0,0,1,3784.0,1
68642480da9649000fc63fc5,guesty,2027-05-02T00:00:00.000000,1,0,0,0,1,2102.0,1
68642480da9649000fc63fc5,guesty,2027-05-03T00:00:00.000000,1,0,0,0,1,1620.0,1
68642480da9649000fc63fc5,guesty,2027-05-04T00:00:00.000000,1,0,0,0,1,1620.0,1
68642480da9649000fc63fc5,guesty,2027-05-05T00:00:00.000000,1,0,0,0,1,1620.0,1
68642480da9649000fc63fc5,guesty,2027-05-06T00:00:00.000000,1,0,0,0,1,2035.0,1
68642480da9649000fc63fc5,guesty,2027-05-07T00:00:00.000000,1,0,0,0,1,3172.0,1
68642480da9649000fc63fc5,guesty,2027-05-08T00:00:00.000000,1,0,0,0,1,3531.0,1
68642480da9649000fc63fc5,guesty,2027-05-09T00:00:00.000000,1,0,0,0,1,1939.0,1
68642480da9649000fc63fc5,guesty,2027-05-10T00:00:00.000000,1,0,0,0,1,1546.0,1
68642480da9649000fc63fc5,guesty,2027-05-11T00:00:00.000000,1,0,0,0,1,1630.0,1
68642480da9649000fc63fc5,guesty,2027-05-12T00:00:00.000000,1,0,0,0,1,1556.0,1
68642480da9649000fc63fc5,guesty,2027-05-13T00:00:00.000000,1,0,0,0,1,1963.0,1
68642480da9649000fc63fc5,guesty,2027-05-14T00:00:00.000000,1,0,0,0,1,3063.0,1
68642480da9649000fc63fc5,guesty,2027-05-15T00:00:00.000000,1,0,0,0,1,3411.0,1
68642480da9649000fc63fc5,guesty,2027-05-16T00:00:00.000000,1,0,0,0,1,1980.0,1
68642480da9649000fc63fc5,guesty,2027-05-17T00:00:00.000000,1,0,0,0,1,1581.0,1
68642480da9649000fc63fc5,guesty,2027-05-18T00:00:00.000000,1,0,0,0,1,1586.0,1
68642480da9649000fc63fc5,guesty,2027-05-19T00:00:00.000000,1,0,0,0,1,1591.0,1
68642480da9649000fc63fc5,guesty,2027-05-20T00:00:00.000000,1,0,0,0,1,2004.0,1
68642480da9649000fc63fc5,guesty,2027-05-21T00:00:00.000000,1,0,0,0,1,3124.0,1
68642480da9649000fc63fc5,guesty,2027-05-22T00:00:00.000000,1,0,0,0,1,3481.0,1
68642480da9649000fc63fc5,guesty,2027-05-23T00:00:00.000000,1,0,0,0,1,2022.0,1
68642480da9649000fc63fc5,guesty,2027-05-24T00:00:00.000000,1,0,0,0,1,1615.0,1
68642480da9649000fc63fc5,guesty,2027-05-25T00:00:00.000000,1,0,0,0,1,1620.0,1
68642480da9649000fc63fc5,guesty,2027-05-26T00:00:00.000000,1,0,0,0,1,1625.0,1
68642480da9649000fc63fc5,guesty,2027-05-27T00:00:00.000000,1,0,0,0,1,2261.0,1
68642480da9649000fc63fc5,guesty,2027-05-28T00:00:00.000000,1,0,0,0,1,4032.0,1
68642480da9649000fc63fc5,guesty,2027-05-29T00:00:00.000000,1,0,0,0,1,4496.0,1
68642480da9649000fc63fc5,guesty,2027-05-30T00:00:00.000000,1,0,0,0,1,2613.0,1
68642480da9649000fc63fc5,guesty,2027-05-31T00:00:00.000000,1,0,0,0,1,2091.0,1
68642480da9649000fc63fc5,guesty,2027-06-01T00:00:00.000000,1,0,0,0,1,1745.0,1
68642480da9649000fc63fc5,guesty,2027-06-02T00:00:00.000000,1,0,0,0,1,1750.0,1
68642480da9649000fc63fc5,guesty,2027-06-03T00:00:00.000000,1,0,0,0,1,1971.0,1
68642480da9649000fc63fc5,guesty,2027-06-04T00:00:00.000000,1,0,0,0,1,2904.0,1
68642480da9649000fc63fc5,guesty,2027-06-05T00:00:00.000000,1,0,0,0,1,2912.0,1
68642480da9649000fc63fc5,guesty,2027-06-06T00:00:00.000000,1,0,0,0,1,1989.0,1
68642480da9649000fc63fc5,guesty,2027-06-07T00:00:00.000000,1,0,0,0,1,1478.0,1
68642480da9649000fc63fc5,guesty,2027-06-08T00:00:00.000000,1,0,0,0,1,1483.0,1
68642480da9649000fc63fc5,guesty,2027-06-09T00:00:00.000000,1,0,0,0,1,1488.0,1
68642480da9649000fc63fc5,guesty,2027-06-10T00:00:00.000000,1,0,0,0,1,2013.0,1
68642480da9649000fc63fc5,guesty,2027-06-11T00:00:00.000000,1,0,0,0,1,2962.0,1
68642480da9649000fc63fc5,guesty,2027-06-12T00:00:00.000000,1,0,0,0,1,2970.0,1
68642480da9649000fc63fc5,guesty,2027-06-13T00:00:00.000000,1,0,0,0,1,2031.0,1
68642480da9649000fc63fc5,guesty,2027-06-14T00:00:00.000000,1,0,0,0,1,1512.0,1
68642480da9649000fc63fc5,guesty,2027-06-15T00:00:00.000000,1,0,0,0,1,1591.0,1
68642480da9649000fc63fc5,guesty,2027-06-16T00:00:00.000000,1,0,0,0,1,1596.0,1
68642480da9649000fc63fc5,guesty,2027-06-17T00:00:00.000000,1,0,0,0,1,2055.0,1
68642480da9649000fc63fc5,guesty,2027-06-18T00:00:00.000000,1,0,0,0,1,3020.0,1
68642480da9649000fc63fc5,guesty,2027-06-19T00:00:00.000000,1,0,0,0,1,3029.0,1
68642480da9649000fc63fc5,guesty,2027-06-20T00:00:00.000000,1,0,0,0,1,2074.0,1
68642480da9649000fc63fc5,guesty,2027-06-21T00:00:00.000000,1,0,0,0,1,1545.0,1
68642480da9649000fc63fc5,guesty,2027-06-22T00:00:00.000000,1,0,0,0,1,1626.0,1
68642480da9649000fc63fc5,guesty,2027-06-23T00:00:00.000000,1,0,0,0,1,1555.0,1
68642480da9649000fc63fc5,guesty,2027-06-24T00:00:00.000000,1,0,0,0,1,2099.0,1
68642480da9649000fc63fc5,guesty,2027-06-25T00:00:00.000000,1,0,0,0,1,3072.0,1
68642480da9649000fc63fc5,guesty,2027-06-26T00:00:00.000000,1,0,0,0,1,3072.0,1
68642480da9649000fc63fc5,guesty,2027-06-27T00:00:00.000000,1,0,0,0,1,2099.0,1
68642480da9649000fc63fc5,guesty,2027-06-28T00:00:00.000000,1,0,0,0,1,1559.0,1
68642480da9649000fc63fc5,guesty,2027-06-29T00:00:00.000000,1,0,0,0,1,1559.0,1
68642480da9649000fc63fc5,guesty,2027-06-30T00:00:00.000000,1,0,0,0,1,1559.0,1
68642480da9649000fc63fc5,guesty,2027-07-01T00:00:00.000000,1,0,0,0,1,2519.0,1
68642480da9649000fc63fc5,guesty,2027-07-02T00:00:00.000000,1,0,0,0,1,3686.0,1
68642480da9649000fc63fc5,guesty,2027-07-03T00:00:00.000000,1,0,0,0,1,3686.0,1
68642480da9649000fc63fc5,guesty,2027-07-04T00:00:00.000000,1,0,0,0,1,2519.0,1
68642480da9649000fc63fc5,guesty,2027-07-05T00:00:00.000000,1,0,0,0,1,1559.0,1
68642480da9649000fc63fc5,guesty,2027-07-06T00:00:00.000000,1,0,0,0,1,1559.0,1
68642480da9649000fc63fc5,guesty,2027-07-07T00:00:00.000000,1,0,0,0,1,1559.0,1
68642480da9649000fc63fc5,guesty,2027-07-08T00:00:00.000000,1,0,0,0,1,2099.0,1
68642480da9649000fc63fc5,guesty,2027-07-09T00:00:00.000000,1,0,0,0,1,3072.0,1
68642480da9649000fc63fc5,guesty,2027-07-10T00:00:00.000000,1,0,0,0,1,3072.0,1
68642480da9649000fc63fc5,guesty,2027-07-11T00:00:00.000000,1,0,0,0,1,2099.0,1
68642480da9649000fc63fc5,guesty,2027-07-12T00:00:00.000000,1,0,0,0,1,1559.0,1
68642480da9649000fc63fc5,guesty,2027-07-13T00:00:00.000000,1,0,0,0,1,1559.0,1
68642480da9649000fc63fc5,guesty,2027-07-14T00:00:00.000000,1,0,0,0,1,1559.0,1
68642480da9649000fc63fc5,guesty,2027-07-15T00:00:00.000000,1,0,0,0,1,2099.0,1
68642480da9649000fc63fc5,guesty,2027-07-16T00:00:00.000000,1,0,0,0,1,3072.0,1
68642480da9649000fc63fc5,guesty,2027-07-17T00:00:00.000000,1,0,0,0,1,3072.0,1
68642480da9649000fc63fc5,guesty,2027-07-18T00:00:00.000000,1,0,0,0,1,2099.0,1
68642480da9649000fc63fc5,guesty,2027-07-19T00:00:00.000000,1,0,0,0,1,1559.0,1
68642480da9649000fc63fc5,guesty,2027-07-20T00:00:00.000000,1,0,0,0,1,1559.0,1
68642480da9649000fc63fc5,guesty,2027-07-21T00:00:00.000000,1,0,0,0,1,1559.0,1
68642480da9649000fc63fc5,guesty,2027-07-22T00:00:00.000000,1,0,0,0,1,2099.0,1
68642480da9649000fc63fc5,guesty,2027-07-23T00:00:00.000000,1,0,0,0,1,3072.0,1
68642480da9649000fc63fc5,guesty,2027-07-24T00:00:00.000000,1,0,0,0,1,3072.0,1
68642480da9649000fc63fc5,guesty,2027-07-25T00:00:00.000000,1,0,0,0,1,2099.0,1
68642480da9649000fc63fc5,guesty,2027-07-26T00:00:00.000000,1,0,0,0,1,1559.0,1
68642480da9649000fc63fc5,guesty,2027-07-27T00:00:00.000000,1,0,0,0,1,1559.0,1
68642480da9649000fc63fc5,guesty,2027-07-28T00:00:00.000000,1,0,0,0,1,1559.0,1
68642480da9649000fc63fc5,guesty,2027-07-29T00:00:00.000000,1,0,0,0,1,2099.0,1
68642480da9649000fc63fc5,guesty,2027-07-30T00:00:00.000000,1,0,0,0,1,3072.0,1
68642480da9649000fc63fc5,guesty,2027-07-31T00:00:00.000000,1,0,0,0,1,3072.0,1
68642480da9649000fc63fc5,guesty,2027-08-01T00:00:00.000000,1,0,0,0,1,2099.0,1
68642480da9649000fc63fc5,guesty,2027-08-02T00:00:00.000000,1,0,0,0,1,1559.0,1
68642480da9649000fc63fc5,guesty,2027-08-03T00:00:00.000000,1,0,0,0,1,1559.0,1
68642480da9649000fc63fc5,guesty,2027-08-04T00:00:00.000000,1,0,0,0,1,1559.0,1
68642480da9649000fc63fc5,guesty,2027-08-05T00:00:00.000000,1,0,0,0,1,2099.0,1
68642480da9649000fc63fc5,guesty,2027-08-06T00:00:00.000000,1,0,0,0,1,3072.0,1
68642480da9649000fc63fc5,guesty,2027-08-07T00:00:00.000000,1,0,0,0,1,3072.0,1
68642480da9649000fc63fc5,guesty,2027-08-08T00:00:00.000000,1,0,0,0,1,2099.0,1
68642480da9649000fc63fc5,guesty,2027-08-09T00:00:00.000000,1,0,0,0,1,1559.0,1
68642480da9649000fc63fc5,guesty,2027-08-10T00:00:00.000000,1,0,0,0,1,1559.0,1
68642480da9649000fc63fc5,guesty,2027-08-11T00:00:00.000000,1,0,0,0,1,1559.0,1
68642480da9649000fc63fc5,guesty,2027-08-12T00:00:00.000000,1,0,0,0,1,2099.0,1
68642480da9649000fc63fc5,guesty,2027-08-13T00:00:00.000000,1,0,0,0,1,3072.0,1
68642480da9649000fc63fc5,guesty,2027-08-14T00:00:00.000000,1,0,0,0,1,3072.0,1
68642480da9649000fc63fc5,guesty,2027-08-15T00:00:00.000000,1,0,0,0,1,2099.0,1
68642480da9649000fc63fc5,guesty,2027-08-16T00:00:00.000000,1,0,0,0,1,1559.0,1
68642480da9649000fc63fc5,guesty,2027-08-17T00:00:00.000000,1,0,0,0,1,1559.0,1
68642480da9649000fc63fc5,guesty,2027-08-18T00:00:00.000000,1,0,0,0,1,1559.0,1
68642480da9649000fc63fc5,guesty,2027-08-19T00:00:00.000000,1,0,0,0,1,2099.0,1
68642480da9649000fc63fc5,guesty,2027-08-20T00:00:00.000000,1,0,0,0,1,3072.0,1
68642480da9649000fc63fc5,guesty,2027-08-21T00:00:00.000000,1,0,0,0,1,3072.0,1
68642480da9649000fc63fc5,guesty,2027-08-22T00:00:00.000000,1,0,0,0,1,2099.0,1
68642480da9649000fc63fc5,guesty,2027-08-23T00:00:00.000000,1,0,0,0,1,1559.0,1
68642480da9649000fc63fc5,guesty,2027-08-24T00:00:00.000000,1,0,0,0,1,1559.0,1
68642480da9649000fc63fc5,guesty,2027-08-25T00:00:00.000000,1,0,0,0,1,1559.0,1
68642480da9649000fc63fc5,guesty,2027-08-26T00:00:00.000000,1,0,0,0,1,2099.0,1
68642480da9649000fc63fc5,guesty,2027-08-27T00:00:00.000000,1,0,0,0,1,3072.0,1
68642480da9649000fc63fc5,guesty,2027-08-28T00:00:00.000000,1,0,0,0,1,3072.0,1
68642480da9649000fc63fc5,guesty,2027-08-29T00:00:00.000000,1,0,0,0,1,2099.0,1
68642480da9649000fc63fc5,guesty,2027-08-30T00:00:00.000000,1,0,0,0,1,1559.0,1
68642480da9649000fc63fc5,guesty,2027-08-31T00:00:00.000000,1,0,0,0,1,1559.0,1
68642480da9649000fc63fc5,guesty,2027-09-01T00:00:00.000000,1,0,0,0,1,1559.0,1
68642480da9649000fc63fc5,guesty,2027-09-02T00:00:00.000000,1,0,0,0,1,2411.0,1
68642480da9649000fc63fc5,guesty,2027-09-03T00:00:00.000000,1,0,0,0,1,4371.0,1
68642480da9649000fc63fc5,guesty,2027-09-04T00:00:00.000000,1,0,0,0,1,5731.0,1
68642480da9649000fc63fc5,guesty,2027-09-05T00:00:00.000000,1,0,0,0,1,2441.0,1
68642480da9649000fc63fc5,guesty,2027-09-06T00:00:00.000000,1,0,0,0,1,2111.0,1
68642480da9649000fc63fc5,guesty,2027-09-07T00:00:00.000000,1,0,0,0,1,1919.0,1
68642480da9649000fc63fc5,guesty,2027-09-08T00:00:00.000000,1,0,0,0,1,1871.0,1
68642480da9649000fc63fc5,guesty,2027-09-09T00:00:00.000000,1,0,0,0,1,2411.0,1
68642480da9649000fc63fc5,guesty,2027-09-10T00:00:00.000000,1,0,0,0,1,3973.0,1
68642480da9649000fc63fc5,guesty,2027-09-11T00:00:00.000000,1,0,0,0,1,5210.0,1
68642480da9649000fc63fc5,guesty,2027-09-12T00:00:00.000000,1,0,0,0,1,2219.0,1
68642480da9649000fc63fc5,guesty,2027-09-13T00:00:00.000000,1,0,0,0,1,1919.0,1
68642480da9649000fc63fc5,guesty,2027-09-14T00:00:00.000000,1,0,0,0,1,1919.0,1
68642480da9649000fc63fc5,guesty,2027-09-15T00:00:00.000000,1,0,0,0,1,1871.0,1
68642480da9649000fc63fc5,guesty,2027-09-16T00:00:00.000000,1,0,0,0,1,2411.0,1
68642480da9649000fc63fc5,guesty,2027-09-17T00:00:00.000000,1,0,0,0,1,3973.0,1
68642480da9649000fc63fc5,guesty,2027-09-18T00:00:00.000000,1,0,0,0,1,5210.0,1
68642480da9649000fc63fc5,guesty,2027-09-19T00:00:00.000000,1,0,0,0,1,2219.0,1
68642480da9649000fc63fc5,guesty,2027-09-20T00:00:00.000000,1,0,0,0,1,1919.0,1
68642480da9649000fc63fc5,guesty,2027-09-21T00:00:00.000000,1,0,0,0,1,1919.0,1
68642480da9649000fc63fc5,guesty,2027-09-22T00:00:00.000000,1,0,0,0,1,1871.0,1
68642480da9649000fc63fc5,guesty,2027-09-23T00:00:00.000000,1,0,0,0,1,2411.0,1
68642480da9649000fc63fc5,guesty,2027-09-24T00:00:00.000000,1,0,0,0,1,3973.0,1
68642480da9649000fc63fc5,guesty,2027-09-25T00:00:00.000000,1,0,0,0,1,5210.0,1
68642480da9649000fc63fc5,guesty,2027-09-26T00:00:00.000000,1,0,0,0,1,2219.0,1
68642480da9649000fc63fc5,guesty,2027-09-27T00:00:00.000000,1,0,0,0,1,1919.0,1
68642480da9649000fc63fc5,guesty,2027-09-28T00:00:00.000000,1,0,0,0,1,1919.0,1
68642480da9649000fc63fc5,guesty,2027-09-29T00:00:00.000000,1,0,0,0,1,1871.0,1
68642480da9649000fc63fc5,guesty,2027-09-30T00:00:00.000000,1,0,0,0,1,2219.0,1
68642480da9649000fc63fc5,guesty,2027-10-01T00:00:00.000000,1,0,0,0,1,4303.0,1
68642480da9649000fc63fc5,guesty,2027-10-02T00:00:00.000000,1,0,0,0,1,5210.0,1
68642480da9649000fc63fc5,guesty,2027-10-03T00:00:00.000000,1,0,0,0,1,2219.0,1
68642480da9649000fc63fc5,guesty,2027-10-04T00:00:00.000000,1,0,0,0,1,1919.0,1
68642480da9649000fc63fc5,guesty,2027-10-05T00:00:00.000000,1,0,0,0,1,1919.0,1
68642480da9649000fc63fc5,guesty,2027-10-06T00:00:00.000000,1,0,0,0,1,1919.0,1
68642480da9649000fc63fc5,guesty,2027-10-07T00:00:00.000000,1,0,0,0,1,2411.0,1
68642480da9649000fc63fc5,guesty,2027-10-08T00:00:00.000000,1,0,0,0,1,4303.0,1
68642480da9649000fc63fc5,guesty,2027-10-09T00:00:00.000000,1,0,0,0,1,5210.0,1
68642480da9649000fc63fc5,guesty,2027-10-10T00:00:00.000000,1,0,0,0,1,2219.0,1
68642480da9649000fc63fc5,guesty,2027-10-11T00:00:00.000000,1,0,0,0,1,1919.0,1
68642480da9649000fc63fc5,guesty,2027-10-12T00:00:00.000000,1,0,0,0,1,1919.0,1
68642480da9649000fc63fc5,guesty,2027-10-13T00:00:00.000000,1,0,0,0,1,1919.0,1
68642480da9649000fc63fc5,guesty,2027-10-14T00:00:00.000000,1,0,0,0,1,2411.0,1
68642480da9649000fc63fc5,guesty,2027-10-15T00:00:00.000000,1,0,0,0,1,4303.0,1
68642480da9649000fc63fc5,guesty,2027-10-16T00:00:00.000000,1,0,0,0,1,5210.0,1
68642480da9649000fc63fc5,guesty,2027-10-17T00:00:00.000000,1,0,0,0,1,2219.0,1
68642480da9649000fc63fc5,guesty,2027-10-18T00:00:00.000000,1,0,0,0,1,1919.0,1
68642480da9649000fc63fc5,guesty,2027-10-19T00:00:00.000000,1,0,0,0,1,1919.0,1
68642480da9649000fc63fc5,guesty,2027-10-20T00:00:00.000000,1,0,0,0,1,1919.0,1
68642480da9649000fc63fc5,guesty,2027-10-21T00:00:00.000000,1,0,0,0,1,2411.0,1
68642480da9649000fc63fc5,guesty,2027-10-22T00:00:00.000000,1,0,0,0,1,4303.0,1
68642480da9649000fc63fc5,guesty,2027-10-23T00:00:00.000000,1,0,0,0,1,5210.0,1
68642480da9649000fc63fc5,guesty,2027-10-24T00:00:00.000000,1,0,0,0,1,2219.0,1
68642480da9649000fc63fc5,guesty,2027-10-25T00:00:00.000000,1,0,0,0,1,1919.0,1
68642480da9649000fc63fc5,guesty,2027-10-26T00:00:00.000000,1,0,0,0,1,1919.0,1
68642480da9649000fc63fc5,guesty,2027-10-27T00:00:00.000000,1,0,0,0,1,1919.0,1
68642480da9649000fc63fc5,guesty,2027-10-28T00:00:00.000000,1,0,0,0,1,2411.0,1
68642480da9649000fc63fc5,guesty,2027-10-29T00:00:00.000000,1,0,0,0,1,4303.0,1
68642480da9649000fc63fc5,guesty,2027-10-30T00:00:00.000000,1,0,0,0,1,5210.0,1
68642480da9649000fc63fc5,guesty,2027-10-31T00:00:00.000000,1,0,0,0,1,2219.0,1
68642480da9649000fc63fc5,guesty,2027-11-01T00:00:00.000000,1,0,0,0,1,1919.0,1
68642480da9649000fc63fc5,guesty,2027-11-02T00:00:00.000000,1,0,0,0,1,1919.0,1
68642480da9649000fc63fc5,guesty,2027-11-03T00:00:00.000000,1,0,0,0,1,1871.0,1
68642480da9649000fc63fc5,guesty,2027-11-04T00:00:00.000000,1,0,0,0,1,2411.0,1
68642480da9649000fc63fc5,guesty,2027-11-05T00:00:00.000000,1,0,0,0,1,4303.0,1
68642480da9649000fc63fc5,guesty,2027-11-06T00:00:00.000000,1,0,0,0,1,5210.0,1
68642480da9649000fc63fc5,guesty,2027-11-07T00:00:00.000000,1,0,0,0,1,2219.0,1
68642480da9649000fc63fc5,guesty,2027-11-08T00:00:00.000000,1,0,0,0,1,1919.0,1
68642480da9649000fc63fc5,guesty,2027-11-09T00:00:00.000000,1,0,0,0,1,1919.0,1
68642480da9649000fc63fc5,guesty,2027-11-10T00:00:00.000000,1,0,0,0,1,1871.0,1
68642480da9649000fc63fc5,guesty,2027-11-11T00:00:00.000000,1,0,0,0,1,2411.0,1
68642480da9649000fc63fc5,guesty,2027-11-12T00:00:00.000000,1,0,0,0,1,4303.0,1
68642480da9649000fc63fc5,guesty,2027-11-13T00:00:00.000000,1,0,0,0,1,5210.0,1
68642480da9649000fc63fc5,guesty,2027-11-14T00:00:00.000000,1,0,0,0,1,2219.0,1
68642480da9649000fc63fc5,guesty,2027-11-15T00:00:00.000000,1,0,0,0,1,1919.0,1
68642480da9649000fc63fc5,guesty,2027-11-16T00:00:00.000000,1,0,0,0,1,1919.0,1
68642480da9649000fc63fc5,guesty,2027-11-17T00:00:00.000000,1,0,0,0,1,1871.0,1
68642480da9649000fc63fc5,guesty,2027-11-18T00:00:00.000000,1,0,0,0,1,2411.0,1
68642480da9649000fc63fc5,guesty,2027-11-19T00:00:00.000000,1,0,0,0,1,4303.0,1
68642480da9649000fc63fc5,guesty,2027-11-20T00:00:00.000000,1,0,0,0,1,5210.0,1
68642480da9649000fc63fc5,guesty,2027-11-21T00:00:00.000000,1,0,0,0,1,2219.0,1
68642480da9649000fc63fc5,guesty,2027-11-22T00:00:00.000000,1,0,0,0,1,1919.0,1
68642480da9649000fc63fc5,guesty,2027-11-23T00:00:00.000000,1,0,0,0,1,1919.0,1
68642480da9649000fc63fc5,guesty,2027-11-24T00:00:00.000000,1,0,0,0,1,1871.0,1
68642480da9649000fc63fc5,guesty,2027-11-25T00:00:00.000000,1,0,0,0,1,3616.0,1
68642480da9649000fc63fc5,guesty,2027-11-26T00:00:00.000000,1,0,0,0,1,6454.0,1
68642480da9649000fc63fc5,guesty,2027-11-27T00:00:00.000000,1,0,0,0,1,7815.0,1
68642480da9649000fc63fc5,guesty,2027-11-28T00:00:00.000000,1,0,0,0,1,2219.0,1
68642480da9649000fc63fc5,guesty,2027-11-29T00:00:00.000000,1,0,0,0,1,1919.0,1
68642480da9649000fc63fc5,guesty,2027-11-30T00:00:00.000000,1,0,0,0,1,1919.0,1
68642480da9649000fc63fc5,guesty,2027-12-01T00:00:00.000000,1,0,0,0,1,1919.0,1
68642480da9649000fc63fc5,guesty,2027-12-02T00:00:00.000000,1,0,0,0,1,2411.0,1
68642480da9649000fc63fc5,guesty,2027-12-03T00:00:00.000000,1,0,0,0,1,3973.0,1
68642480da9649000fc63fc5,guesty,2027-12-04T00:00:00.000000,1,0,0,0,1,5210.0,1
68642480da9649000fc63fc5,guesty,2027-12-05T00:00:00.000000,1,0,0,0,1,2219.0,1
68642480da9649000fc63fc5,guesty,2027-12-06T00:00:00.000000,1,0,0,0,1,1919.0,1
68642480da9649000fc63fc5,guesty,2027-12-07T00:00:00.000000,1,0,0,0,1,1919.0,1
68642480da9649000fc63fc5,guesty,2027-12-08T00:00:00.000000,1,0,0,0,1,1871.0,1
68642480da9649000fc63fc5,guesty,2027-12-09T00:00:00.000000,1,0,0,0,1,2411.0,1
68642480da9649000fc63fc5,guesty,2027-12-10T00:00:00.000000,1,0,0,0,1,3973.0,1
68642480da9649000fc63fc5,guesty,2027-12-11T00:00:00.000000,1,0,0,0,1,5210.0,1
68642480da9649000fc63fc5,guesty,2027-12-12T00:00:00.000000,1,0,0,0,1,2219.0,1
68642480da9649000fc63fc5,guesty,2027-12-13T00:00:00.000000,1,0,0,0,1,1919.0,1
68642480da9649000fc63fc5,guesty,2027-12-14T00:00:00.000000,1,0,0,0,1,1919.0,1
68642480da9649000fc63fc5,guesty,2027-12-15T00:00:00.000000,1,0,0,0,1,1871.0,1
68642480da9649000fc63fc5,guesty,2027-12-16T00:00:00.000000,1,0,0,0,1,2411.0,1
68642480da9649000fc63fc5,guesty,2027-12-17T00:00:00.000000,1,0,0,0,1,4768.0,1
68642480da9649000fc63fc5,guesty,2027-12-18T00:00:00.000000,1,0,0,0,1,6252.0,1
68642480da9649000fc63fc5,guesty,2027-12-19T00:00:00.000000,1,0,0,0,1,2663.0,1
68642480da9649000fc63fc5,guesty,2027-12-20T00:00:00.000000,1,0,0,0,1,2303.0,1
68642480da9649000fc63fc5,guesty,2027-12-21T00:00:00.000000,1,0,0,0,1,2303.0,1
68642480da9649000fc63fc5,guesty,2027-12-22T00:00:00.000000,1,0,0,0,1,2245.0,1
68642480da9649000fc63fc5,guesty,2027-12-23T00:00:00.000000,1,0,0,0,1,2893.0,1
68642480da9649000fc63fc5,guesty,2027-12-24T00:00:00.000000,1,0,0,0,1,10728.0,1
68642480da9649000fc63fc5,guesty,2027-12-25T00:00:00.000000,1,0,0,0,1,10728.0,1
68642480da9649000fc63fc5,guesty,2027-12-26T00:00:00.000000,1,0,0,0,1,10728.0,1
68642480da9649000fc63fc5,guesty,2027-12-27T00:00:00.000000,1,0,0,0,1,1919.0,1
68642480da9649000fc63fc5,guesty,2027-12-28T00:00:00.000000,1,0,0,0,1,1919.0,1
68642480da9649000fc63fc5,guesty,2027-12-29T00:00:00.000000,1,0,0,0,1,1871.0,1
68642480da9649000fc63fc5,guesty,2027-12-30T00:00:00.000000,1,0,0,0,1,15019.0,1
68642480da9649000fc63fc5,guesty,2027-12-31T00:00:00.000000,1,0,0,0,1,15019.0,1
68642480da9649000fc63fc5,guesty,2028-01-01T00:00:00.000000,1,0,0,0,1,15019.0,1
68642480da9649000fc63fc5,guesty,2028-01-02T00:00:00.000000,1,0,0,0,1,7510.0,1
68642480da9649000fc63fc5,guesty,2028-01-03T00:00:00.000000,1,0,0,0,1,1559.0,1
68642480da9649000fc63fc5,guesty,2028-01-04T00:00:00.000000,1,0,0,0,1,1559.0,1
68642480da9649000fc63fc5,guesty,2028-01-05T00:00:00.000000,1,0,0,0,1,1559.0,1
68642480da9649000fc63fc5,guesty,2028-01-06T00:00:00.000000,1,0,0,0,1,2099.0,1
68642480da9649000fc63fc5,guesty,2028-01-07T00:00:00.000000,1,0,0,0,1,3413.0,1
68642480da9649000fc63fc5,guesty,2028-01-08T00:00:00.000000,1,0,0,0,1,3413.0,1
68642480da9649000fc63fc5,guesty,2028-01-09T00:00:00.000000,1,0,0,0,1,2099.0,1
686424c7c8d43b001321df29,guesty,2026-05-25T00:00:00.000000,1,0,0,0,1,0.0,1
686424c7c8d43b001321df29,guesty,2026-05-26T00:00:00.000000,1,0,0,0,1,0.0,1
686424c7c8d43b001321df29,guesty,2026-05-27T00:00:00.000000,1,0,0,0,1,0.0,1
686424c7c8d43b001321df29,guesty,2026-05-28T00:00:00.000000,1,0,0,0,1,0.0,1
686424c7c8d43b001321df29,guesty,2026-05-29T00:00:00.000000,1,0,0,0,1,0.0,1
686424c7c8d43b001321df29,guesty,2026-05-30T00:00:00.000000,1,0,0,0,1,0.0,1
686424c7c8d43b001321df29,guesty,2026-05-31T00:00:00.000000,1,0,0,0,1,0.0,1
686424c7c8d43b001321df29,guesty,2026-06-01T00:00:00.000000,1,0,0,0,1,0.0,1
686424c7c8d43b001321df29,guesty,2026-06-02T00:00:00.000000,1,1,0,0,1,0.0,0
686424c7c8d43b001321df29,guesty,2026-06-03T00:00:00.000000,1,1,0,0,1,0.0,0
686424c7c8d43b001321df29,guesty,2026-06-04T00:00:00.000000,1,0,0,0,1,0.0,1
686424c7c8d43b001321df29,guesty,2026-06-05T00:00:00.000000,1,0,0,0,1,0.0,1
686424c7c8d43b001321df29,guesty,2026-06-06T00:00:00.000000,1,0,0,0,1,0.0,1
686424c7c8d43b001321df29,guesty,2026-06-07T00:00:00.000000,1,0,0,0,1,0.0,1
686424c7c8d43b001321df29,guesty,2026-06-08T00:00:00.000000,1,0,0,0,1,0.0,1
686424c7c8d43b001321df29,guesty,2026-06-09T00:00:00.000000,1,0,0,0,1,0.0,1
686424c7c8d43b001321df29,guesty,2026-06-10T00:00:00.000000,1,0,0,0,1,0.0,1
686424c7c8d43b001321df29,guesty,2026-06-11T00:00:00.000000,1,0,0,0,1,0.0,1
686424c7c8d43b001321df29,guesty,2026-06-12T00:00:00.000000,1,1,0,0,1,0.0,0
686424c7c8d43b001321df29,guesty,2026-06-13T00:00:00.000000,1,1,0,0,1,0.0,0
686424c7c8d43b001321df29,guesty,2026-06-14T00:00:00.000000,1,0,0,0,1,0.0,1
686424c7c8d43b001321df29,guesty,2026-06-15T00:00:00.000000,1,0,0,0,1,0.0,1
686424c7c8d43b001321df29,guesty,2026-06-16T00:00:00.000000,1,0,0,0,1,0.0,1
686424c7c8d43b001321df29,guesty,2026-06-17T00:00:00.000000,1,0,0,0,1,0.0,1
686424c7c8d43b001321df29,guesty,2026-06-18T00:00:00.000000,1,1,0,0,1,0.0,0
686424c7c8d43b001321df29,guesty,2026-06-19T00:00:00.000000,1,1,0,0,1,0.0,0
686424c7c8d43b001321df29,guesty,2026-06-20T00:00:00.000000,1,1,0,0,1,0.0,0
686424c7c8d43b001321df29,guesty,2026-06-21T00:00:00.000000,1,0,0,0,1,0.0,1
686424c7c8d43b001321df29,guesty,2026-06-22T00:00:00.000000,1,0,0,0,1,0.0,1
686424c7c8d43b001321df29,guesty,2026-06-23T00:00:00.000000,1,0,0,0,1,682.0,1
686424c7c8d43b001321df29,guesty,2026-06-24T00:00:00.000000,1,0,0,0,1,682.0,1
686424c7c8d43b001321df29,guesty,2026-06-25T00:00:00.000000,1,0,0,0,1,775.0,1
686424c7c8d43b001321df29,guesty,2026-06-26T00:00:00.000000,1,1,0,0,1,1750.0,0
686424c7c8d43b001321df29,guesty,2026-06-27T00:00:00.000000,1,1,0,0,1,2028.0,0
686424c7c8d43b001321df29,guesty,2026-06-28T00:00:00.000000,1,1,0,0,1,1686.0,0
686424c7c8d43b001321df29,guesty,2026-06-29T00:00:00.000000,1,0,0,0,1,682.0,1
686424c7c8d43b001321df29,guesty,2026-06-30T00:00:00.000000,1,0,0,0,1,682.0,1
686424c7c8d43b001321df29,guesty,2026-07-01T00:00:00.000000,1,0,0,0,1,682.0,1
686424c7c8d43b001321df29,guesty,2026-07-02T00:00:00.000000,1,1,0,0,1,941.0,0
686424c7c8d43b001321df29,guesty,2026-07-03T00:00:00.000000,1,1,0,0,1,1204.0,0
686424c7c8d43b001321df29,guesty,2026-07-04T00:00:00.000000,1,1,0,0,1,1307.0,0
686424c7c8d43b001321df29,guesty,2026-07-05T00:00:00.000000,1,0,0,0,1,941.0,1
686424c7c8d43b001321df29,guesty,2026-07-06T00:00:00.000000,1,0,0,0,1,682.0,1
686424c7c8d43b001321df29,guesty,2026-07-07T00:00:00.000000,1,0,0,0,1,682.0,1
686424c7c8d43b001321df29,guesty,2026-07-08T00:00:00.000000,1,0,0,0,1,682.0,1
686424c7c8d43b001321df29,guesty,2026-07-09T00:00:00.000000,1,0,0,0,1,888.0,1
686424c7c8d43b001321df29,guesty,2026-07-10T00:00:00.000000,1,1,0,0,1,1014.0,0
686424c7c8d43b001321df29,guesty,2026-07-11T00:00:00.000000,1,1,0,0,1,1107.0,0
686424c7c8d43b001321df29,guesty,2026-07-12T00:00:00.000000,1,0,0,0,1,888.0,1
686424c7c8d43b001321df29,guesty,2026-07-13T00:00:00.000000,1,0,0,0,1,796.0,1
686424c7c8d43b001321df29,guesty,2026-07-14T00:00:00.000000,1,0,0,0,1,796.0,1
686424c7c8d43b001321df29,guesty,2026-07-15T00:00:00.000000,1,1,0,0,1,796.0,0
686424c7c8d43b001321df29,guesty,2026-07-16T00:00:00.000000,1,1,0,0,1,1285.0,0
686424c7c8d43b001321df29,guesty,2026-07-17T00:00:00.000000,1,1,0,0,1,1276.0,0
686424c7c8d43b001321df29,guesty,2026-07-18T00:00:00.000000,1,1,0,0,1,1396.0,0
686424c7c8d43b001321df29,guesty,2026-07-19T00:00:00.000000,1,0,0,0,1,1286.0,1
686424c7c8d43b001321df29,guesty,2026-07-20T00:00:00.000000,1,0,0,0,1,796.0,1
686424c7c8d43b001321df29,guesty,2026-07-21T00:00:00.000000,1,0,0,0,1,796.0,1
686424c7c8d43b001321df29,guesty,2026-07-22T00:00:00.000000,1,0,0,0,1,796.0,1
686424c7c8d43b001321df29,guesty,2026-07-23T00:00:00.000000,1,0,0,0,1,957.0,1
686424c7c8d43b001321df29,guesty,2026-07-24T00:00:00.000000,1,1,0,0,1,1204.0,0
686424c7c8d43b001321df29,guesty,2026-07-25T00:00:00.000000,1,1,0,0,1,1396.0,0
686424c7c8d43b001321df29,guesty,2026-07-26T00:00:00.000000,1,0,0,0,1,957.0,1
686424c7c8d43b001321df29,guesty,2026-07-27T00:00:00.000000,1,0,0,0,1,796.0,1
686424c7c8d43b001321df29,guesty,2026-07-28T00:00:00.000000,1,0,0,0,1,796.0,1
686424c7c8d43b001321df29,guesty,2026-07-29T00:00:00.000000,1,0,0,0,1,796.0,1
686424c7c8d43b001321df29,guesty,2026-07-30T00:00:00.000000,1,0,0,0,1,682.0,1
686424c7c8d43b001321df29,guesty,2026-07-31T00:00:00.000000,1,1,0,0,1,1173.0,0
686424c7c8d43b001321df29,guesty,2026-08-01T00:00:00.000000,1,1,0,0,1,1556.0,0
686424c7c8d43b001321df29,guesty,2026-08-02T00:00:00.000000,1,0,0,0,1,1285.0,1
686424c7c8d43b001321df29,guesty,2026-08-03T00:00:00.000000,1,0,0,0,1,682.0,1
686424c7c8d43b001321df29,guesty,2026-08-04T00:00:00.000000,1,0,0,0,1,682.0,1
686424c7c8d43b001321df29,guesty,2026-08-05T00:00:00.000000,1,0,0,0,1,682.0,1
686424c7c8d43b001321df29,guesty,2026-08-06T00:00:00.000000,1,0,0,0,1,957.0,1
686424c7c8d43b001321df29,guesty,2026-08-07T00:00:00.000000,1,0,0,0,1,1339.0,1
686424c7c8d43b001321df29,guesty,2026-08-08T00:00:00.000000,1,0,0,0,1,1556.0,1
686424c7c8d43b001321df29,guesty,2026-08-09T00:00:00.000000,1,0,0,0,1,957.0,1
686424c7c8d43b001321df29,guesty,2026-08-10T00:00:00.000000,1,0,0,0,1,682.0,1
686424c7c8d43b001321df29,guesty,2026-08-11T00:00:00.000000,1,0,0,0,1,682.0,1
686424c7c8d43b001321df29,guesty,2026-08-12T00:00:00.000000,1,0,0,0,1,682.0,1
686424c7c8d43b001321df29,guesty,2026-08-13T00:00:00.000000,1,0,0,0,1,957.0,1
686424c7c8d43b001321df29,guesty,2026-08-14T00:00:00.000000,1,1,0,0,1,1670.0,0
686424c7c8d43b001321df29,guesty,2026-08-15T00:00:00.000000,1,1,0,0,1,1939.0,0
686424c7c8d43b001321df29,guesty,2026-08-16T00:00:00.000000,1,1,0,0,1,1272.0,0
686424c7c8d43b001321df29,guesty,2026-08-17T00:00:00.000000,1,0,0,0,1,682.0,1
686424c7c8d43b001321df29,guesty,2026-08-18T00:00:00.000000,1,0,0,0,1,682.0,1
686424c7c8d43b001321df29,guesty,2026-08-19T00:00:00.000000,1,0,0,0,1,682.0,1
686424c7c8d43b001321df29,guesty,2026-08-20T00:00:00.000000,1,0,0,0,1,1011.0,1
686424c7c8d43b001321df29,guesty,2026-08-21T00:00:00.000000,1,0,0,0,1,1415.0,1
686424c7c8d43b001321df29,guesty,2026-08-22T00:00:00.000000,1,0,0,0,1,1645.0,1
686424c7c8d43b001321df29,guesty,2026-08-23T00:00:00.000000,1,0,0,0,1,1011.0,1
686424c7c8d43b001321df29,guesty,2026-08-24T00:00:00.000000,1,0,0,0,1,682.0,1
686424c7c8d43b001321df29,guesty,2026-08-25T00:00:00.000000,1,0,0,0,1,682.0,1
686424c7c8d43b001321df29,guesty,2026-08-26T00:00:00.000000,1,0,0,0,1,682.0,1
686424c7c8d43b001321df29,guesty,2026-08-27T00:00:00.000000,1,0,0,0,1,1011.0,1
686424c7c8d43b001321df29,guesty,2026-08-28T00:00:00.000000,1,0,0,0,1,1415.0,1
686424c7c8d43b001321df29,guesty,2026-08-29T00:00:00.000000,1,0,0,0,1,1645.0,1
686424c7c8d43b001321df29,guesty,2026-08-30T00:00:00.000000,1,0,0,0,1,1011.0,1
686424c7c8d43b001321df29,guesty,2026-08-31T00:00:00.000000,1,0,0,0,1,772.0,1
686424c7c8d43b001321df29,guesty,2026-09-01T00:00:00.000000,1,0,0,0,1,772.0,1
686424c7c8d43b001321df29,guesty,2026-09-02T00:00:00.000000,1,0,0,0,1,772.0,1
686424c7c8d43b001321df29,guesty,2026-09-03T00:00:00.000000,1,0,0,0,1,1447.0,1
686424c7c8d43b001321df29,guesty,2026-09-04T00:00:00.000000,1,0,0,0,1,2314.0,1
686424c7c8d43b001321df29,guesty,2026-09-05T00:00:00.000000,1,0,0,0,1,2675.0,1
686424c7c8d43b001321df29,guesty,2026-09-06T00:00:00.000000,1,0,0,0,1,2146.0,1
686424c7c8d43b001321df29,guesty,2026-09-07T00:00:00.000000,1,0,0,0,1,1435.0,1
686424c7c8d43b001321df29,guesty,2026-09-08T00:00:00.000000,1,0,0,0,1,974.0,1
686424c7c8d43b001321df29,guesty,2026-09-09T00:00:00.000000,1,0,0,0,1,974.0,1
686424c7c8d43b001321df29,guesty,2026-09-10T00:00:00.000000,1,0,0,0,1,1447.0,1
686424c7c8d43b001321df29,guesty,2026-09-11T00:00:00.000000,1,0,0,0,1,1899.0,1
686424c7c8d43b001321df29,guesty,2026-09-12T00:00:00.000000,1,0,0,0,1,2194.0,1
686424c7c8d43b001321df29,guesty,2026-09-13T00:00:00.000000,1,0,0,0,1,1447.0,1
686424c7c8d43b001321df29,guesty,2026-09-14T00:00:00.000000,1,0,0,0,1,974.0,1
686424c7c8d43b001321df29,guesty,2026-09-15T00:00:00.000000,1,0,0,0,1,974.0,1
686424c7c8d43b001321df29,guesty,2026-09-16T00:00:00.000000,1,0,0,0,1,974.0,1
686424c7c8d43b001321df29,guesty,2026-09-17T00:00:00.000000,1,0,0,0,1,1447.0,1
686424c7c8d43b001321df29,guesty,2026-09-18T00:00:00.000000,1,0,0,0,1,1899.0,1
686424c7c8d43b001321df29,guesty,2026-09-19T00:00:00.000000,1,0,0,0,1,2194.0,1
686424c7c8d43b001321df29,guesty,2026-09-20T00:00:00.000000,1,0,0,0,1,1447.0,1
686424c7c8d43b001321df29,guesty,2026-09-21T00:00:00.000000,1,0,0,0,1,974.0,1
686424c7c8d43b001321df29,guesty,2026-09-22T00:00:00.000000,1,0,0,0,1,974.0,1
686424c7c8d43b001321df29,guesty,2026-09-23T00:00:00.000000,1,0,0,0,1,974.0,1
686424c7c8d43b001321df29,guesty,2026-09-24T00:00:00.000000,1,0,0,0,1,1447.0,1
686424c7c8d43b001321df29,guesty,2026-09-25T00:00:00.000000,1,0,0,0,1,1899.0,1
686424c7c8d43b001321df29,guesty,2026-09-26T00:00:00.000000,1,0,0,0,1,2194.0,1
686424c7c8d43b001321df29,guesty,2026-09-27T00:00:00.000000,1,0,0,0,1,1447.0,1
686424c7c8d43b001321df29,guesty,2026-09-28T00:00:00.000000,1,0,0,0,1,974.0,1
686424c7c8d43b001321df29,guesty,2026-09-29T00:00:00.000000,1,0,0,0,1,974.0,1
686424c7c8d43b001321df29,guesty,2026-09-30T00:00:00.000000,1,0,0,0,1,974.0,1
686424c7c8d43b001321df29,guesty,2026-10-01T00:00:00.000000,1,0,0,0,1,1507.0,1
686424c7c8d43b001321df29,guesty,2026-10-02T00:00:00.000000,1,0,0,0,1,2241.0,1
686424c7c8d43b001321df29,guesty,2026-10-03T00:00:00.000000,1,0,0,0,1,2589.0,1
686424c7c8d43b001321df29,guesty,2026-10-04T00:00:00.000000,1,0,0,0,1,1507.0,1
686424c7c8d43b001321df29,guesty,2026-10-05T00:00:00.000000,1,1,0,0,1,1021.0,0
686424c7c8d43b001321df29,guesty,2026-10-06T00:00:00.000000,1,1,0,0,1,1021.0,0
686424c7c8d43b001321df29,guesty,2026-10-07T00:00:00.000000,1,1,0,0,1,1021.0,0
686424c7c8d43b001321df29,guesty,2026-10-08T00:00:00.000000,1,0,0,0,1,1744.0,1
686424c7c8d43b001321df29,guesty,2026-10-09T00:00:00.000000,1,0,0,0,1,2584.0,1
686424c7c8d43b001321df29,guesty,2026-10-10T00:00:00.000000,1,0,0,0,1,3610.0,1
686424c7c8d43b001321df29,guesty,2026-10-11T00:00:00.000000,1,0,0,0,1,2445.0,1
686424c7c8d43b001321df29,guesty,2026-10-12T00:00:00.000000,1,0,0,0,1,1189.0,1
686424c7c8d43b001321df29,guesty,2026-10-13T00:00:00.000000,1,0,0,0,1,1189.0,1
686424c7c8d43b001321df29,guesty,2026-10-14T00:00:00.000000,1,0,0,0,1,1189.0,1
686424c7c8d43b001321df29,guesty,2026-10-15T00:00:00.000000,1,0,0,0,1,1750.0,1
686424c7c8d43b001321df29,guesty,2026-10-16T00:00:00.000000,1,0,0,0,1,2241.0,1
686424c7c8d43b001321df29,guesty,2026-10-17T00:00:00.000000,1,0,0,0,1,2589.0,1
686424c7c8d43b001321df29,guesty,2026-10-18T00:00:00.000000,1,0,0,0,1,1507.0,1
686424c7c8d43b001321df29,guesty,2026-10-19T00:00:00.000000,1,0,0,0,1,1021.0,1
686424c7c8d43b001321df29,guesty,2026-10-20T00:00:00.000000,1,0,0,0,1,1021.0,1
686424c7c8d43b001321df29,guesty,2026-10-21T00:00:00.000000,1,0,0,0,1,1021.0,1
686424c7c8d43b001321df29,guesty,2026-10-22T00:00:00.000000,1,0,0,0,1,1507.0,1
686424c7c8d43b001321df29,guesty,2026-10-23T00:00:00.000000,1,0,0,0,1,2241.0,1
686424c7c8d43b001321df29,guesty,2026-10-24T00:00:00.000000,1,0,0,0,1,2589.0,1
686424c7c8d43b001321df29,guesty,2026-10-25T00:00:00.000000,1,0,0,0,1,1507.0,1
686424c7c8d43b001321df29,guesty,2026-10-26T00:00:00.000000,1,0,0,0,1,1021.0,1
686424c7c8d43b001321df29,guesty,2026-10-27T00:00:00.000000,1,0,0,0,1,1021.0,1
686424c7c8d43b001321df29,guesty,2026-10-28T00:00:00.000000,1,0,0,0,1,1021.0,1
686424c7c8d43b001321df29,guesty,2026-10-29T00:00:00.000000,1,0,0,0,1,1507.0,1
686424c7c8d43b001321df29,guesty,2026-10-30T00:00:00.000000,1,0,0,0,1,2241.0,1
686424c7c8d43b001321df29,guesty,2026-10-31T00:00:00.000000,1,0,0,0,1,2589.0,1
686424c7c8d43b001321df29,guesty,2026-11-01T00:00:00.000000,1,0,0,0,1,1507.0,1
686424c7c8d43b001321df29,guesty,2026-11-02T00:00:00.000000,1,0,0,0,1,1021.0,1
686424c7c8d43b001321df29,guesty,2026-11-03T00:00:00.000000,1,0,0,0,1,1021.0,1
686424c7c8d43b001321df29,guesty,2026-11-04T00:00:00.000000,1,0,0,0,1,1021.0,1
686424c7c8d43b001321df29,guesty,2026-11-05T00:00:00.000000,1,0,0,0,1,1620.0,1
686424c7c8d43b001321df29,guesty,2026-11-06T00:00:00.000000,1,1,0,0,1,2403.0,0
686424c7c8d43b001321df29,guesty,2026-11-07T00:00:00.000000,1,1,0,0,1,2774.0,0
686424c7c8d43b001321df29,guesty,2026-11-08T00:00:00.000000,1,1,0,0,1,1620.0,0
686424c7c8d43b001321df29,guesty,2026-11-09T00:00:00.000000,1,0,0,0,1,1096.0,1
686424c7c8d43b001321df29,guesty,2026-11-10T00:00:00.000000,1,0,0,0,1,1096.0,1
686424c7c8d43b001321df29,guesty,2026-11-11T00:00:00.000000,1,0,0,0,1,1096.0,1
686424c7c8d43b001321df29,guesty,2026-11-12T00:00:00.000000,1,0,0,0,1,1620.0,1
686424c7c8d43b001321df29,guesty,2026-11-13T00:00:00.000000,1,0,0,0,1,2403.0,1
686424c7c8d43b001321df29,guesty,2026-11-14T00:00:00.000000,1,0,0,0,1,2774.0,1
686424c7c8d43b001321df29,guesty,2026-11-15T00:00:00.000000,1,0,0,0,1,1620.0,1
686424c7c8d43b001321df29,guesty,2026-11-16T00:00:00.000000,1,0,0,0,1,1096.0,1
686424c7c8d43b001321df29,guesty,2026-11-17T00:00:00.000000,1,0,0,0,1,1096.0,1
686424c7c8d43b001321df29,guesty,2026-11-18T00:00:00.000000,1,0,0,0,1,1096.0,1
686424c7c8d43b001321df29,guesty,2026-11-19T00:00:00.000000,1,0,0,0,1,1620.0,1
686424c7c8d43b001321df29,guesty,2026-11-20T00:00:00.000000,1,0,0,0,1,2403.0,1
686424c7c8d43b001321df29,guesty,2026-11-21T00:00:00.000000,1,0,0,0,1,2774.0,1
686424c7c8d43b001321df29,guesty,2026-11-22T00:00:00.000000,1,0,0,0,1,1620.0,1
686424c7c8d43b001321df29,guesty,2026-11-23T00:00:00.000000,1,0,0,0,1,1096.0,1
686424c7c8d43b001321df29,guesty,2026-11-24T00:00:00.000000,1,0,0,0,1,1324.0,1
686424c7c8d43b001321df29,guesty,2026-11-25T00:00:00.000000,1,0,0,0,1,1324.0,1
686424c7c8d43b001321df29,guesty,2026-11-26T00:00:00.000000,1,0,0,0,1,2681.0,1
686424c7c8d43b001321df29,guesty,2026-11-27T00:00:00.000000,1,0,0,0,1,3811.0,1
686424c7c8d43b001321df29,guesty,2026-11-28T00:00:00.000000,1,0,0,0,1,4387.0,1
686424c7c8d43b001321df29,guesty,2026-11-29T00:00:00.000000,1,0,0,0,1,1081.0,1
686424c7c8d43b001321df29,guesty,2026-11-30T00:00:00.000000,1,0,0,0,1,925.0,1
686424c7c8d43b001321df29,guesty,2026-12-01T00:00:00.000000,1,0,0,0,1,925.0,1
686424c7c8d43b001321df29,guesty,2026-12-02T00:00:00.000000,1,0,0,0,1,925.0,1
686424c7c8d43b001321df29,guesty,2026-12-03T00:00:00.000000,1,0,0,0,1,1374.0,1
686424c7c8d43b001321df29,guesty,2026-12-04T00:00:00.000000,1,0,0,0,1,3316.0,1
686424c7c8d43b001321df29,guesty,2026-12-05T00:00:00.000000,1,0,0,0,1,3835.0,1
686424c7c8d43b001321df29,guesty,2026-12-06T00:00:00.000000,1,0,0,0,1,1374.0,1
686424c7c8d43b001321df29,guesty,2026-12-07T00:00:00.000000,1,0,0,0,1,925.0,1
686424c7c8d43b001321df29,guesty,2026-12-08T00:00:00.000000,1,0,0,0,1,925.0,1
686424c7c8d43b001321df29,guesty,2026-12-09T00:00:00.000000,1,0,0,0,1,925.0,1
686424c7c8d43b001321df29,guesty,2026-12-10T00:00:00.000000,1,0,0,0,1,1374.0,1
686424c7c8d43b001321df29,guesty,2026-12-11T00:00:00.000000,1,0,0,0,1,3316.0,1
686424c7c8d43b001321df29,guesty,2026-12-12T00:00:00.000000,1,0,0,0,1,3835.0,1
686424c7c8d43b001321df29,guesty,2026-12-13T00:00:00.000000,1,0,0,0,1,1374.0,1
686424c7c8d43b001321df29,guesty,2026-12-14T00:00:00.000000,1,0,0,0,1,925.0,1
686424c7c8d43b001321df29,guesty,2026-12-15T00:00:00.000000,1,0,0,0,1,925.0,1
686424c7c8d43b001321df29,guesty,2026-12-16T00:00:00.000000,1,0,0,0,1,925.0,1
686424c7c8d43b001321df29,guesty,2026-12-17T00:00:00.000000,1,0,0,0,1,1591.0,1
686424c7c8d43b001321df29,guesty,2026-12-18T00:00:00.000000,1,0,0,0,1,3316.0,1
686424c7c8d43b001321df29,guesty,2026-12-19T00:00:00.000000,1,0,0,0,1,4423.0,1
686424c7c8d43b001321df29,guesty,2026-12-20T00:00:00.000000,1,0,0,0,1,1591.0,1
686424c7c8d43b001321df29,guesty,2026-12-21T00:00:00.000000,1,0,0,0,1,1332.0,1
686424c7c8d43b001321df29,guesty,2026-12-22T00:00:00.000000,1,0,0,0,1,1775.0,1
686424c7c8d43b001321df29,guesty,2026-12-23T00:00:00.000000,1,0,0,0,1,1775.0,1
686424c7c8d43b001321df29,guesty,2026-12-24T00:00:00.000000,1,0,0,0,1,5009.0,1
686424c7c8d43b001321df29,guesty,2026-12-25T00:00:00.000000,1,0,0,0,1,5009.0,1
686424c7c8d43b001321df29,guesty,2026-12-26T00:00:00.000000,1,1,0,0,1,5009.0,0
686424c7c8d43b001321df29,guesty,2026-12-27T00:00:00.000000,1,1,0,0,1,2056.0,0
686424c7c8d43b001321df29,guesty,2026-12-28T00:00:00.000000,1,1,0,0,1,1551.0,0
686424c7c8d43b001321df29,guesty,2026-12-29T00:00:00.000000,1,1,0,0,1,1332.0,0
686424c7c8d43b001321df29,guesty,2026-12-30T00:00:00.000000,1,0,0,0,1,6579.0,1
686424c7c8d43b001321df29,guesty,2026-12-31T00:00:00.000000,1,0,0,0,1,6579.0,1
686424c7c8d43b001321df29,guesty,2027-01-01T00:00:00.000000,1,0,0,0,1,2748.0,1
686424c7c8d43b001321df29,guesty,2027-01-02T00:00:00.000000,1,0,0,0,1,2748.0,1
686424c7c8d43b001321df29,guesty,2027-01-03T00:00:00.000000,1,0,0,0,1,1571.0,1
686424c7c8d43b001321df29,guesty,2027-01-04T00:00:00.000000,1,0,0,0,1,977.0,1
686424c7c8d43b001321df29,guesty,2027-01-05T00:00:00.000000,1,0,0,0,1,977.0,1
686424c7c8d43b001321df29,guesty,2027-01-06T00:00:00.000000,1,0,0,0,1,977.0,1
686424c7c8d43b001321df29,guesty,2027-01-07T00:00:00.000000,1,0,0,0,1,1413.0,1
686424c7c8d43b001321df29,guesty,2027-01-08T00:00:00.000000,1,0,0,0,1,1984.0,1
686424c7c8d43b001321df29,guesty,2027-01-09T00:00:00.000000,1,0,0,0,1,1984.0,1
686424c7c8d43b001321df29,guesty,2027-01-10T00:00:00.000000,1,0,0,0,1,1413.0,1
686424c7c8d43b001321df29,guesty,2027-01-11T00:00:00.000000,1,0,0,0,1,977.0,1
686424c7c8d43b001321df29,guesty,2027-01-12T00:00:00.000000,1,0,0,0,1,977.0,1
686424c7c8d43b001321df29,guesty,2027-01-13T00:00:00.000000,1,0,0,0,1,977.0,1
686424c7c8d43b001321df29,guesty,2027-01-14T00:00:00.000000,1,1,0,0,1,1220.0,0
686424c7c8d43b001321df29,guesty,2027-01-15T00:00:00.000000,1,1,0,0,1,1635.0,0
686424c7c8d43b001321df29,guesty,2027-01-16T00:00:00.000000,1,1,0,0,1,1899.0,0
686424c7c8d43b001321df29,guesty,2027-01-17T00:00:00.000000,1,0,0,0,1,1561.0,1
686424c7c8d43b001321df29,guesty,2027-01-18T00:00:00.000000,1,0,0,0,1,1089.0,1
686424c7c8d43b001321df29,guesty,2027-01-19T00:00:00.000000,1,0,0,0,1,977.0,1
686424c7c8d43b001321df29,guesty,2027-01-20T00:00:00.000000,1,0,0,0,1,977.0,1
686424c7c8d43b001321df29,guesty,2027-01-21T00:00:00.000000,1,1,0,0,1,1220.0,0
686424c7c8d43b001321df29,guesty,2027-01-22T00:00:00.000000,1,1,0,0,1,1476.0,0
686424c7c8d43b001321df29,guesty,2027-01-23T00:00:00.000000,1,1,0,0,1,1713.0,0
686424c7c8d43b001321df29,guesty,2027-01-24T00:00:00.000000,1,1,0,0,1,1220.0,0
686424c7c8d43b001321df29,guesty,2027-01-25T00:00:00.000000,1,0,0,0,1,977.0,1
686424c7c8d43b001321df29,guesty,2027-01-26T00:00:00.000000,1,0,0,0,1,977.0,1
686424c7c8d43b001321df29,guesty,2027-01-27T00:00:00.000000,1,0,0,0,1,977.0,1
686424c7c8d43b001321df29,guesty,2027-01-28T00:00:00.000000,1,0,0,0,1,1413.0,1
686424c7c8d43b001321df29,guesty,2027-01-29T00:00:00.000000,1,0,0,0,1,1710.0,1
686424c7c8d43b001321df29,guesty,2027-01-30T00:00:00.000000,1,0,0,0,1,1984.0,1
686424c7c8d43b001321df29,guesty,2027-01-31T00:00:00.000000,1,0,0,0,1,1413.0,1
686424c7c8d43b001321df29,guesty,2027-02-01T00:00:00.000000,1,0,0,0,1,1141.0,1
686424c7c8d43b001321df29,guesty,2027-02-02T00:00:00.000000,1,0,0,0,1,1141.0,1
686424c7c8d43b001321df29,guesty,2027-02-03T00:00:00.000000,1,0,0,0,1,1141.0,1
686424c7c8d43b001321df29,guesty,2027-02-04T00:00:00.000000,1,0,0,0,1,1686.0,1
686424c7c8d43b001321df29,guesty,2027-02-05T00:00:00.000000,1,0,0,0,1,2091.0,1
686424c7c8d43b001321df29,guesty,2027-02-06T00:00:00.000000,1,0,0,0,1,2417.0,1
686424c7c8d43b001321df29,guesty,2027-02-07T00:00:00.000000,1,0,0,0,1,1686.0,1
686424c7c8d43b001321df29,guesty,2027-02-08T00:00:00.000000,1,0,0,0,1,1141.0,1
686424c7c8d43b001321df29,guesty,2027-02-09T00:00:00.000000,1,0,0,0,1,1141.0,1
686424c7c8d43b001321df29,guesty,2027-02-10T00:00:00.000000,1,0,0,0,1,1141.0,1
686424c7c8d43b001321df29,guesty,2027-02-11T00:00:00.000000,1,0,0,0,1,1686.0,1
686424c7c8d43b001321df29,guesty,2027-02-12T00:00:00.000000,1,0,0,0,1,2307.0,1
686424c7c8d43b001321df29,guesty,2027-02-13T00:00:00.000000,1,0,0,0,1,2671.0,1
686424c7c8d43b001321df29,guesty,2027-02-14T00:00:00.000000,1,0,0,0,1,1859.0,1
686424c7c8d43b001321df29,guesty,2027-02-15T00:00:00.000000,1,0,0,0,1,1264.0,1
686424c7c8d43b001321df29,guesty,2027-02-16T00:00:00.000000,1,0,0,0,1,1264.0,1
686424c7c8d43b001321df29,guesty,2027-02-17T00:00:00.000000,1,0,0,0,1,1141.0,1
686424c7c8d43b001321df29,guesty,2027-02-18T00:00:00.000000,1,0,0,0,1,1686.0,1
686424c7c8d43b001321df29,guesty,2027-02-19T00:00:00.000000,1,0,0,0,1,2091.0,1
686424c7c8d43b001321df29,guesty,2027-02-20T00:00:00.000000,1,0,0,0,1,2417.0,1
686424c7c8d43b001321df29,guesty,2027-02-21T00:00:00.000000,1,0,0,0,1,1686.0,1
686424c7c8d43b001321df29,guesty,2027-02-22T00:00:00.000000,1,0,0,0,1,1141.0,1
686424c7c8d43b001321df29,guesty,2027-02-23T00:00:00.000000,1,0,0,0,1,1141.0,1
686424c7c8d43b001321df29,guesty,2027-02-24T00:00:00.000000,1,0,0,0,1,1141.0,1
686424c7c8d43b001321df29,guesty,2027-02-25T00:00:00.000000,1,0,0,0,1,1686.0,1
686424c7c8d43b001321df29,guesty,2027-02-26T00:00:00.000000,1,0,0,0,1,2091.0,1
686424c7c8d43b001321df29,guesty,2027-02-27T00:00:00.000000,1,0,0,0,1,2417.0,1
686424c7c8d43b001321df29,guesty,2027-02-28T00:00:00.000000,1,0,0,0,1,1686.0,1
686424c7c8d43b001321df29,guesty,2027-03-01T00:00:00.000000,1,0,0,0,1,1975.0,1
686424c7c8d43b001321df29,guesty,2027-03-02T00:00:00.000000,1,0,0,0,1,1975.0,1
686424c7c8d43b001321df29,guesty,2027-03-03T00:00:00.000000,1,0,0,0,1,1975.0,1
686424c7c8d43b001321df29,guesty,2027-03-04T00:00:00.000000,1,0,0,0,1,2102.0,1
686424c7c8d43b001321df29,guesty,2027-03-05T00:00:00.000000,1,0,0,0,1,3784.0,1
686424c7c8d43b001321df29,guesty,2027-03-06T00:00:00.000000,1,0,0,0,1,4588.0,1
686424c7c8d43b001321df29,guesty,2027-03-07T00:00:00.000000,1,0,0,0,1,1928.0,1
686424c7c8d43b001321df29,guesty,2027-03-08T00:00:00.000000,1,0,0,0,1,1975.0,1
686424c7c8d43b001321df29,guesty,2027-03-09T00:00:00.000000,1,0,0,0,1,1975.0,1
686424c7c8d43b001321df29,guesty,2027-03-10T00:00:00.000000,1,0,0,0,1,1975.0,1
686424c7c8d43b001321df29,guesty,2027-03-11T00:00:00.000000,1,0,0,0,1,2102.0,1
686424c7c8d43b001321df29,guesty,2027-03-12T00:00:00.000000,1,0,0,0,1,3784.0,1
686424c7c8d43b001321df29,guesty,2027-03-13T00:00:00.000000,1,0,0,0,1,4588.0,1
686424c7c8d43b001321df29,guesty,2027-03-14T00:00:00.000000,1,0,0,0,1,1928.0,1
686424c7c8d43b001321df29,guesty,2027-03-15T00:00:00.000000,1,0,0,0,1,1556.0,1
686424c7c8d43b001321df29,guesty,2027-03-16T00:00:00.000000,1,0,0,0,1,1556.0,1
686424c7c8d43b001321df29,guesty,2027-03-17T00:00:00.000000,1,0,0,0,1,1556.0,1
686424c7c8d43b001321df29,guesty,2027-03-18T00:00:00.000000,1,0,0,0,1,1744.0,1
686424c7c8d43b001321df29,guesty,2027-03-19T00:00:00.000000,1,0,0,0,1,3145.0,1
686424c7c8d43b001321df29,guesty,2027-03-20T00:00:00.000000,1,0,0,0,1,3822.0,1
686424c7c8d43b001321df29,guesty,2027-03-21T00:00:00.000000,1,0,0,0,1,1600.0,1
686424c7c8d43b001321df29,guesty,2027-03-22T00:00:00.000000,1,0,0,0,1,1556.0,1
686424c7c8d43b001321df29,guesty,2027-03-23T00:00:00.000000,1,0,0,0,1,1556.0,1
686424c7c8d43b001321df29,guesty,2027-03-24T00:00:00.000000,1,0,0,0,1,1556.0,1
686424c7c8d43b001321df29,guesty,2027-03-25T00:00:00.000000,1,0,0,0,1,1744.0,1
686424c7c8d43b001321df29,guesty,2027-03-26T00:00:00.000000,1,0,0,0,1,3145.0,1
686424c7c8d43b001321df29,guesty,2027-03-27T00:00:00.000000,1,0,0,0,1,3822.0,1
686424c7c8d43b001321df29,guesty,2027-03-28T00:00:00.000000,1,0,0,0,1,1600.0,1
686424c7c8d43b001321df29,guesty,2027-03-29T00:00:00.000000,1,0,0,0,1,1556.0,1
686424c7c8d43b001321df29,guesty,2027-03-30T00:00:00.000000,1,0,0,0,1,1556.0,1
686424c7c8d43b001321df29,guesty,2027-03-31T00:00:00.000000,1,0,0,0,1,1556.0,1
686424c7c8d43b001321df29,guesty,2027-04-01T00:00:00.000000,1,0,0,0,1,2280.0,1
686424c7c8d43b001321df29,guesty,2027-04-02T00:00:00.000000,1,0,0,0,1,4103.0,1
686424c7c8d43b001321df29,guesty,2027-04-03T00:00:00.000000,1,0,0,0,1,4977.0,1
686424c7c8d43b001321df29,guesty,2027-04-04T00:00:00.000000,1,0,0,0,1,1600.0,1
686424c7c8d43b001321df29,guesty,2027-04-05T00:00:00.000000,1,0,0,0,1,1556.0,1
686424c7c8d43b001321df29,guesty,2027-04-06T00:00:00.000000,1,0,0,0,1,1556.0,1
686424c7c8d43b001321df29,guesty,2027-04-07T00:00:00.000000,1,0,0,0,1,1556.0,1
686424c7c8d43b001321df29,guesty,2027-04-08T00:00:00.000000,1,0,0,0,1,7175.0,1
686424c7c8d43b001321df29,guesty,2027-04-09T00:00:00.000000,1,0,0,0,1,12296.0,1
686424c7c8d43b001321df29,guesty,2027-04-10T00:00:00.000000,1,0,0,0,1,12296.0,1
686424c7c8d43b001321df29,guesty,2027-04-11T00:00:00.000000,1,0,0,0,1,7175.0,1
686424c7c8d43b001321df29,guesty,2027-04-12T00:00:00.000000,1,0,0,0,1,1635.0,1
686424c7c8d43b001321df29,guesty,2027-04-13T00:00:00.000000,1,0,0,0,1,1635.0,1
686424c7c8d43b001321df29,guesty,2027-04-14T00:00:00.000000,1,0,0,0,1,1635.0,1
686424c7c8d43b001321df29,guesty,2027-04-15T00:00:00.000000,1,0,0,0,1,3888.0,1
686424c7c8d43b001321df29,guesty,2027-04-16T00:00:00.000000,1,0,0,0,1,9629.0,1
686424c7c8d43b001321df29,guesty,2027-04-17T00:00:00.000000,1,0,0,0,1,9629.0,1
686424c7c8d43b001321df29,guesty,2027-04-18T00:00:00.000000,1,0,0,0,1,3888.0,1
686424c7c8d43b001321df29,guesty,2027-04-19T00:00:00.000000,1,0,0,0,1,1635.0,1
686424c7c8d43b001321df29,guesty,2027-04-20T00:00:00.000000,1,0,0,0,1,1635.0,1
686424c7c8d43b001321df29,guesty,2027-04-21T00:00:00.000000,1,0,0,0,1,1635.0,1
686424c7c8d43b001321df29,guesty,2027-04-22T00:00:00.000000,1,0,0,0,1,2544.0,1
686424c7c8d43b001321df29,guesty,2027-04-23T00:00:00.000000,1,0,0,0,1,3822.0,1
686424c7c8d43b001321df29,guesty,2027-04-24T00:00:00.000000,1,0,0,0,1,3822.0,1
686424c7c8d43b001321df29,guesty,2027-04-25T00:00:00.000000,1,0,0,0,1,2228.0,1
686424c7c8d43b001321df29,guesty,2027-04-26T00:00:00.000000,1,0,0,0,1,1556.0,1
686424c7c8d43b001321df29,guesty,2027-04-27T00:00:00.000000,1,0,0,0,1,1556.0,1
686424c7c8d43b001321df29,guesty,2027-04-28T00:00:00.000000,1,0,0,0,1,1556.0,1
686424c7c8d43b001321df29,guesty,2027-04-29T00:00:00.000000,1,0,0,0,1,1744.0,1
686424c7c8d43b001321df29,guesty,2027-04-30T00:00:00.000000,1,0,0,0,1,3145.0,1
686424c7c8d43b001321df29,guesty,2027-05-01T00:00:00.000000,1,0,0,0,1,3145.0,1
686424c7c8d43b001321df29,guesty,2027-05-02T00:00:00.000000,1,0,0,0,1,1744.0,1
686424c7c8d43b001321df29,guesty,2027-05-03T00:00:00.000000,1,0,0,0,1,1344.0,1
686424c7c8d43b001321df29,guesty,2027-05-04T00:00:00.000000,1,0,0,0,1,1344.0,1
686424c7c8d43b001321df29,guesty,2027-05-05T00:00:00.000000,1,0,0,0,1,1344.0,1
686424c7c8d43b001321df29,guesty,2027-05-06T00:00:00.000000,1,0,0,0,1,1691.0,1
686424c7c8d43b001321df29,guesty,2027-05-07T00:00:00.000000,1,0,0,0,1,2638.0,1
686424c7c8d43b001321df29,guesty,2027-05-08T00:00:00.000000,1,0,0,0,1,2935.0,1
686424c7c8d43b001321df29,guesty,2027-05-09T00:00:00.000000,1,0,0,0,1,1610.0,1
686424c7c8d43b001321df29,guesty,2027-05-10T00:00:00.000000,1,0,0,0,1,1285.0,1
686424c7c8d43b001321df29,guesty,2027-05-11T00:00:00.000000,1,0,0,0,1,1350.0,1
686424c7c8d43b001321df29,guesty,2027-05-12T00:00:00.000000,1,0,0,0,1,1293.0,1
686424c7c8d43b001321df29,guesty,2027-05-13T00:00:00.000000,1,0,0,0,1,1630.0,1
686424c7c8d43b001321df29,guesty,2027-05-14T00:00:00.000000,1,0,0,0,1,2546.0,1
686424c7c8d43b001321df29,guesty,2027-05-15T00:00:00.000000,1,0,0,0,1,2842.0,1
686424c7c8d43b001321df29,guesty,2027-05-16T00:00:00.000000,1,0,0,0,1,1645.0,1
686424c7c8d43b001321df29,guesty,2027-05-17T00:00:00.000000,1,0,0,0,1,1311.0,1
686424c7c8d43b001321df29,guesty,2027-05-18T00:00:00.000000,1,0,0,0,1,1315.0,1
686424c7c8d43b001321df29,guesty,2027-05-19T00:00:00.000000,1,0,0,0,1,1323.0,1
686424c7c8d43b001321df29,guesty,2027-05-20T00:00:00.000000,1,0,0,0,1,1665.0,1
686424c7c8d43b001321df29,guesty,2027-05-21T00:00:00.000000,1,0,0,0,1,2597.0,1
686424c7c8d43b001321df29,guesty,2027-05-22T00:00:00.000000,1,0,0,0,1,2899.0,1
686424c7c8d43b001321df29,guesty,2027-05-23T00:00:00.000000,1,0,0,0,1,1680.0,1
686424c7c8d43b001321df29,guesty,2027-05-24T00:00:00.000000,1,0,0,0,1,1344.0,1
686424c7c8d43b001321df29,guesty,2027-05-25T00:00:00.000000,1,0,0,0,1,1346.0,1
686424c7c8d43b001321df29,guesty,2027-05-26T00:00:00.000000,1,0,0,0,1,1349.0,1
686424c7c8d43b001321df29,guesty,2027-05-27T00:00:00.000000,1,0,0,0,1,1882.0,1
686424c7c8d43b001321df29,guesty,2027-05-28T00:00:00.000000,1,0,0,0,1,3354.0,1
686424c7c8d43b001321df29,guesty,2027-05-29T00:00:00.000000,1,0,0,0,1,3742.0,1
686424c7c8d43b001321df29,guesty,2027-05-30T00:00:00.000000,1,0,0,0,1,2174.0,1
686424c7c8d43b001321df29,guesty,2027-05-31T00:00:00.000000,1,0,0,0,1,1739.0,1
686424c7c8d43b001321df29,guesty,2027-06-01T00:00:00.000000,1,0,0,0,1,1452.0,1
686424c7c8d43b001321df29,guesty,2027-06-02T00:00:00.000000,1,0,0,0,1,1456.0,1
686424c7c8d43b001321df29,guesty,2027-06-03T00:00:00.000000,1,0,0,0,1,1640.0,1
686424c7c8d43b001321df29,guesty,2027-06-04T00:00:00.000000,1,0,0,0,1,2417.0,1
686424c7c8d43b001321df29,guesty,2027-06-05T00:00:00.000000,1,0,0,0,1,2424.0,1
686424c7c8d43b001321df29,guesty,2027-06-06T00:00:00.000000,1,0,0,0,1,1655.0,1
686424c7c8d43b001321df29,guesty,2027-06-07T00:00:00.000000,1,0,0,0,1,1228.0,1
686424c7c8d43b001321df29,guesty,2027-06-08T00:00:00.000000,1,0,0,0,1,1232.0,1
686424c7c8d43b001321df29,guesty,2027-06-09T00:00:00.000000,1,0,0,0,1,1236.0,1
686424c7c8d43b001321df29,guesty,2027-06-10T00:00:00.000000,1,0,0,0,1,1675.0,1
686424c7c8d43b001321df29,guesty,2027-06-11T00:00:00.000000,1,0,0,0,1,2466.0,1
686424c7c8d43b001321df29,guesty,2027-06-12T00:00:00.000000,1,0,0,0,1,2473.0,1
686424c7c8d43b001321df29,guesty,2027-06-13T00:00:00.000000,1,0,0,0,1,1691.0,1
686424c7c8d43b001321df29,guesty,2027-06-14T00:00:00.000000,1,0,0,0,1,1257.0,1
686424c7c8d43b001321df29,guesty,2027-06-15T00:00:00.000000,1,0,0,0,1,1324.0,1
686424c7c8d43b001321df29,guesty,2027-06-16T00:00:00.000000,1,0,0,0,1,1328.0,1
686424c7c8d43b001321df29,guesty,2027-06-17T00:00:00.000000,1,0,0,0,1,1712.0,1
686424c7c8d43b001321df29,guesty,2027-06-18T00:00:00.000000,1,0,0,0,1,2516.0,1
686424c7c8d43b001321df29,guesty,2027-06-19T00:00:00.000000,1,0,0,0,1,2524.0,1
686424c7c8d43b001321df29,guesty,2027-06-20T00:00:00.000000,1,0,0,0,1,1728.0,1
686424c7c8d43b001321df29,guesty,2027-06-21T00:00:00.000000,1,0,0,0,1,1287.0,1
686424c7c8d43b001321df29,guesty,2027-06-22T00:00:00.000000,1,0,0,0,1,1354.0,1
686424c7c8d43b001321df29,guesty,2027-06-23T00:00:00.000000,1,0,0,0,1,1295.0,1
686424c7c8d43b001321df29,guesty,2027-06-24T00:00:00.000000,1,0,0,0,1,1749.0,1
686424c7c8d43b001321df29,guesty,2027-06-25T00:00:00.000000,1,0,0,0,1,2560.0,1
686424c7c8d43b001321df29,guesty,2027-06-26T00:00:00.000000,1,0,0,0,1,2560.0,1
686424c7c8d43b001321df29,guesty,2027-06-27T00:00:00.000000,1,0,0,0,1,1749.0,1
686424c7c8d43b001321df29,guesty,2027-06-28T00:00:00.000000,1,0,0,0,1,1299.0,1
686424c7c8d43b001321df29,guesty,2027-06-29T00:00:00.000000,1,0,0,0,1,1299.0,1
686424c7c8d43b001321df29,guesty,2027-06-30T00:00:00.000000,1,0,0,0,1,1299.0,1
686424c7c8d43b001321df29,guesty,2027-07-01T00:00:00.000000,1,0,0,0,1,2099.0,1
686424c7c8d43b001321df29,guesty,2027-07-02T00:00:00.000000,1,0,0,0,1,3072.0,1
686424c7c8d43b001321df29,guesty,2027-07-03T00:00:00.000000,1,0,0,0,1,3072.0,1
686424c7c8d43b001321df29,guesty,2027-07-04T00:00:00.000000,1,0,0,0,1,2099.0,1
686424c7c8d43b001321df29,guesty,2027-07-05T00:00:00.000000,1,0,0,0,1,1299.0,1
686424c7c8d43b001321df29,guesty,2027-07-06T00:00:00.000000,1,0,0,0,1,1299.0,1
686424c7c8d43b001321df29,guesty,2027-07-07T00:00:00.000000,1,0,0,0,1,1299.0,1
686424c7c8d43b001321df29,guesty,2027-07-08T00:00:00.000000,1,0,0,0,1,1749.0,1
686424c7c8d43b001321df29,guesty,2027-07-09T00:00:00.000000,1,0,0,0,1,2560.0,1
686424c7c8d43b001321df29,guesty,2027-07-10T00:00:00.000000,1,0,0,0,1,2560.0,1
686424c7c8d43b001321df29,guesty,2027-07-11T00:00:00.000000,1,0,0,0,1,1749.0,1
686424c7c8d43b001321df29,guesty,2027-07-12T00:00:00.000000,1,0,0,0,1,1299.0,1
686424c7c8d43b001321df29,guesty,2027-07-13T00:00:00.000000,1,0,0,0,1,1299.0,1
686424c7c8d43b001321df29,guesty,2027-07-14T00:00:00.000000,1,0,0,0,1,1299.0,1
686424c7c8d43b001321df29,guesty,2027-07-15T00:00:00.000000,1,0,0,0,1,1749.0,1
686424c7c8d43b001321df29,guesty,2027-07-16T00:00:00.000000,1,0,0,0,1,2560.0,1
686424c7c8d43b001321df29,guesty,2027-07-17T00:00:00.000000,1,0,0,0,1,2560.0,1
686424c7c8d43b001321df29,guesty,2027-07-18T00:00:00.000000,1,0,0,0,1,1749.0,1
686424c7c8d43b001321df29,guesty,2027-07-19T00:00:00.000000,1,0,0,0,1,1299.0,1
686424c7c8d43b001321df29,guesty,2027-07-20T00:00:00.000000,1,0,0,0,1,1299.0,1
686424c7c8d43b001321df29,guesty,2027-07-21T00:00:00.000000,1,0,0,0,1,1299.0,1
686424c7c8d43b001321df29,guesty,2027-07-22T00:00:00.000000,1,0,0,0,1,1749.0,1
686424c7c8d43b001321df29,guesty,2027-07-23T00:00:00.000000,1,0,0,0,1,2560.0,1
686424c7c8d43b001321df29,guesty,2027-07-24T00:00:00.000000,1,0,0,0,1,2560.0,1
686424c7c8d43b001321df29,guesty,2027-07-25T00:00:00.000000,1,0,0,0,1,1749.0,1
686424c7c8d43b001321df29,guesty,2027-07-26T00:00:00.000000,1,0,0,0,1,1299.0,1
686424c7c8d43b001321df29,guesty,2027-07-27T00:00:00.000000,1,0,0,0,1,1299.0,1
686424c7c8d43b001321df29,guesty,2027-07-28T00:00:00.000000,1,0,0,0,1,1299.0,1
686424c7c8d43b001321df29,guesty,2027-07-29T00:00:00.000000,1,0,0,0,1,1749.0,1
686424c7c8d43b001321df29,guesty,2027-07-30T00:00:00.000000,1,0,0,0,1,2560.0,1
686424c7c8d43b001321df29,guesty,2027-07-31T00:00:00.000000,1,0,0,0,1,2560.0,1
686424c7c8d43b001321df29,guesty,2027-08-01T00:00:00.000000,1,0,0,0,1,1749.0,1
686424c7c8d43b001321df29,guesty,2027-08-02T00:00:00.000000,1,0,0,0,1,1299.0,1
686424c7c8d43b001321df29,guesty,2027-08-03T00:00:00.000000,1,0,0,0,1,1299.0,1
686424c7c8d43b001321df29,guesty,2027-08-04T00:00:00.000000,1,0,0,0,1,1299.0,1
686424c7c8d43b001321df29,guesty,2027-08-05T00:00:00.000000,1,0,0,0,1,1749.0,1
686424c7c8d43b001321df29,guesty,2027-08-06T00:00:00.000000,1,0,0,0,1,2560.0,1
686424c7c8d43b001321df29,guesty,2027-08-07T00:00:00.000000,1,0,0,0,1,2560.0,1
686424c7c8d43b001321df29,guesty,2027-08-08T00:00:00.000000,1,0,0,0,1,1749.0,1
686424c7c8d43b001321df29,guesty,2027-08-09T00:00:00.000000,1,0,0,0,1,1299.0,1
686424c7c8d43b001321df29,guesty,2027-08-10T00:00:00.000000,1,0,0,0,1,1299.0,1
686424c7c8d43b001321df29,guesty,2027-08-11T00:00:00.000000,1,0,0,0,1,1299.0,1
686424c7c8d43b001321df29,guesty,2027-08-12T00:00:00.000000,1,0,0,0,1,1749.0,1
686424c7c8d43b001321df29,guesty,2027-08-13T00:00:00.000000,1,0,0,0,1,2560.0,1
686424c7c8d43b001321df29,guesty,2027-08-14T00:00:00.000000,1,0,0,0,1,2560.0,1
686424c7c8d43b001321df29,guesty,2027-08-15T00:00:00.000000,1,0,0,0,1,1749.0,1
686424c7c8d43b001321df29,guesty,2027-08-16T00:00:00.000000,1,0,0,0,1,1299.0,1
686424c7c8d43b001321df29,guesty,2027-08-17T00:00:00.000000,1,0,0,0,1,1299.0,1
686424c7c8d43b001321df29,guesty,2027-08-18T00:00:00.000000,1,0,0,0,1,1299.0,1
686424c7c8d43b001321df29,guesty,2027-08-19T00:00:00.000000,1,0,0,0,1,1749.0,1
686424c7c8d43b001321df29,guesty,2027-08-20T00:00:00.000000,1,0,0,0,1,2560.0,1
686424c7c8d43b001321df29,guesty,2027-08-21T00:00:00.000000,1,0,0,0,1,2560.0,1
686424c7c8d43b001321df29,guesty,2027-08-22T00:00:00.000000,1,0,0,0,1,1749.0,1
686424c7c8d43b001321df29,guesty,2027-08-23T00:00:00.000000,1,0,0,0,1,1299.0,1
686424c7c8d43b001321df29,guesty,2027-08-24T00:00:00.000000,1,0,0,0,1,1299.0,1
686424c7c8d43b001321df29,guesty,2027-08-25T00:00:00.000000,1,0,0,0,1,1299.0,1
686424c7c8d43b001321df29,guesty,2027-08-26T00:00:00.000000,1,0,0,0,1,1749.0,1
686424c7c8d43b001321df29,guesty,2027-08-27T00:00:00.000000,1,0,0,0,1,2560.0,1
686424c7c8d43b001321df29,guesty,2027-08-28T00:00:00.000000,1,0,0,0,1,2560.0,1
686424c7c8d43b001321df29,guesty,2027-08-29T00:00:00.000000,1,0,0,0,1,1749.0,1
686424c7c8d43b001321df29,guesty,2027-08-30T00:00:00.000000,1,0,0,0,1,1299.0,1
686424c7c8d43b001321df29,guesty,2027-08-31T00:00:00.000000,1,0,0,0,1,1299.0,1
686424c7c8d43b001321df29,guesty,2027-09-01T00:00:00.000000,1,0,0,0,1,1299.0,1
686424c7c8d43b001321df29,guesty,2027-09-02T00:00:00.000000,1,0,0,0,1,2009.0,1
686424c7c8d43b001321df29,guesty,2027-09-03T00:00:00.000000,1,0,0,0,1,3642.0,1
686424c7c8d43b001321df29,guesty,2027-09-04T00:00:00.000000,1,0,0,0,1,4776.0,1
686424c7c8d43b001321df29,guesty,2027-09-05T00:00:00.000000,1,0,0,0,1,2034.0,1
686424c7c8d43b001321df29,guesty,2027-09-06T00:00:00.000000,1,0,0,0,1,1759.0,1
686424c7c8d43b001321df29,guesty,2027-09-07T00:00:00.000000,1,0,0,0,1,1599.0,1
686424c7c8d43b001321df29,guesty,2027-09-08T00:00:00.000000,1,0,0,0,1,1559.0,1
686424c7c8d43b001321df29,guesty,2027-09-09T00:00:00.000000,1,0,0,0,1,2009.0,1
686424c7c8d43b001321df29,guesty,2027-09-10T00:00:00.000000,1,0,0,0,1,3311.0,1
686424c7c8d43b001321df29,guesty,2027-09-11T00:00:00.000000,1,0,0,0,1,4342.0,1
686424c7c8d43b001321df29,guesty,2027-09-12T00:00:00.000000,1,0,0,0,1,1849.0,1
686424c7c8d43b001321df29,guesty,2027-09-13T00:00:00.000000,1,0,0,0,1,1599.0,1
686424c7c8d43b001321df29,guesty,2027-09-14T00:00:00.000000,1,0,0,0,1,1599.0,1
686424c7c8d43b001321df29,guesty,2027-09-15T00:00:00.000000,1,0,0,0,1,1559.0,1
686424c7c8d43b001321df29,guesty,2027-09-16T00:00:00.000000,1,0,0,0,1,2009.0,1
686424c7c8d43b001321df29,guesty,2027-09-17T00:00:00.000000,1,0,0,0,1,3311.0,1
686424c7c8d43b001321df29,guesty,2027-09-18T00:00:00.000000,1,0,0,0,1,4342.0,1
686424c7c8d43b001321df29,guesty,2027-09-19T00:00:00.000000,1,0,0,0,1,1849.0,1
686424c7c8d43b001321df29,guesty,2027-09-20T00:00:00.000000,1,0,0,0,1,1599.0,1
686424c7c8d43b001321df29,guesty,2027-09-21T00:00:00.000000,1,0,0,0,1,1599.0,1
686424c7c8d43b001321df29,guesty,2027-09-22T00:00:00.000000,1,0,0,0,1,1559.0,1
686424c7c8d43b001321df29,guesty,2027-09-23T00:00:00.000000,1,0,0,0,1,2009.0,1
686424c7c8d43b001321df29,guesty,2027-09-24T00:00:00.000000,1,0,0,0,1,3311.0,1
686424c7c8d43b001321df29,guesty,2027-09-25T00:00:00.000000,1,0,0,0,1,4342.0,1
686424c7c8d43b001321df29,guesty,2027-09-26T00:00:00.000000,1,0,0,0,1,1849.0,1
686424c7c8d43b001321df29,guesty,2027-09-27T00:00:00.000000,1,0,0,0,1,1599.0,1
686424c7c8d43b001321df29,guesty,2027-09-28T00:00:00.000000,1,0,0,0,1,1599.0,1
686424c7c8d43b001321df29,guesty,2027-09-29T00:00:00.000000,1,0,0,0,1,1559.0,1
686424c7c8d43b001321df29,guesty,2027-09-30T00:00:00.000000,1,0,0,0,1,1849.0,1
686424c7c8d43b001321df29,guesty,2027-10-01T00:00:00.000000,1,0,0,0,1,3586.0,1
686424c7c8d43b001321df29,guesty,2027-10-02T00:00:00.000000,1,0,0,0,1,4342.0,1
686424c7c8d43b001321df29,guesty,2027-10-03T00:00:00.000000,1,0,0,0,1,1849.0,1
686424c7c8d43b001321df29,guesty,2027-10-04T00:00:00.000000,1,0,0,0,1,1599.0,1
686424c7c8d43b001321df29,guesty,2027-10-05T00:00:00.000000,1,0,0,0,1,1599.0,1
686424c7c8d43b001321df29,guesty,2027-10-06T00:00:00.000000,1,0,0,0,1,1599.0,1
686424c7c8d43b001321df29,guesty,2027-10-07T00:00:00.000000,1,0,0,0,1,2009.0,1
686424c7c8d43b001321df29,guesty,2027-10-08T00:00:00.000000,1,0,0,0,1,3586.0,1
686424c7c8d43b001321df29,guesty,2027-10-09T00:00:00.000000,1,0,0,0,1,4342.0,1
686424c7c8d43b001321df29,guesty,2027-10-10T00:00:00.000000,1,0,0,0,1,1849.0,1
686424c7c8d43b001321df29,guesty,2027-10-11T00:00:00.000000,1,0,0,0,1,1599.0,1
686424c7c8d43b001321df29,guesty,2027-10-12T00:00:00.000000,1,0,0,0,1,1599.0,1
686424c7c8d43b001321df29,guesty,2027-10-13T00:00:00.000000,1,0,0,0,1,1599.0,1
686424c7c8d43b001321df29,guesty,2027-10-14T00:00:00.000000,1,0,0,0,1,2009.0,1
686424c7c8d43b001321df29,guesty,2027-10-15T00:00:00.000000,1,0,0,0,1,3586.0,1
686424c7c8d43b001321df29,guesty,2027-10-16T00:00:00.000000,1,0,0,0,1,4342.0,1
686424c7c8d43b001321df29,guesty,2027-10-17T00:00:00.000000,1,0,0,0,1,1849.0,1
686424c7c8d43b001321df29,guesty,2027-10-18T00:00:00.000000,1,0,0,0,1,1599.0,1
686424c7c8d43b001321df29,guesty,2027-10-19T00:00:00.000000,1,0,0,0,1,1599.0,1
686424c7c8d43b001321df29,guesty,2027-10-20T00:00:00.000000,1,0,0,0,1,1599.0,1
686424c7c8d43b001321df29,guesty,2027-10-21T00:00:00.000000,1,0,0,0,1,2009.0,1
686424c7c8d43b001321df29,guesty,2027-10-22T00:00:00.000000,1,0,0,0,1,3586.0,1
686424c7c8d43b001321df29,guesty,2027-10-23T00:00:00.000000,1,0,0,0,1,4342.0,1
686424c7c8d43b001321df29,guesty,2027-10-24T00:00:00.000000,1,0,0,0,1,1849.0,1
686424c7c8d43b001321df29,guesty,2027-10-25T00:00:00.000000,1,0,0,0,1,1599.0,1
686424c7c8d43b001321df29,guesty,2027-10-26T00:00:00.000000,1,0,0,0,1,1599.0,1
686424c7c8d43b001321df29,guesty,2027-10-27T00:00:00.000000,1,0,0,0,1,1599.0,1
686424c7c8d43b001321df29,guesty,2027-10-28T00:00:00.000000,1,0,0,0,1,2009.0,1
686424c7c8d43b001321df29,guesty,2027-10-29T00:00:00.000000,1,0,0,0,1,3586.0,1
686424c7c8d43b001321df29,guesty,2027-10-30T00:00:00.000000,1,0,0,0,1,4342.0,1
686424c7c8d43b001321df29,guesty,2027-10-31T00:00:00.000000,1,0,0,0,1,1849.0,1
686424c7c8d43b001321df29,guesty,2027-11-01T00:00:00.000000,1,0,0,0,1,1599.0,1
686424c7c8d43b001321df29,guesty,2027-11-02T00:00:00.000000,1,0,0,0,1,1599.0,1
686424c7c8d43b001321df29,guesty,2027-11-03T00:00:00.000000,1,0,0,0,1,1559.0,1
686424c7c8d43b001321df29,guesty,2027-11-04T00:00:00.000000,1,0,0,0,1,2009.0,1
686424c7c8d43b001321df29,guesty,2027-11-05T00:00:00.000000,1,0,0,0,1,3586.0,1
686424c7c8d43b001321df29,guesty,2027-11-06T00:00:00.000000,1,0,0,0,1,4342.0,1
686424c7c8d43b001321df29,guesty,2027-11-07T00:00:00.000000,1,0,0,0,1,1849.0,1
686424c7c8d43b001321df29,guesty,2027-11-08T00:00:00.000000,1,0,0,0,1,1599.0,1
686424c7c8d43b001321df29,guesty,2027-11-09T00:00:00.000000,1,0,0,0,1,1599.0,1
686424c7c8d43b001321df29,guesty,2027-11-10T00:00:00.000000,1,0,0,0,1,1559.0,1
686424c7c8d43b001321df29,guesty,2027-11-11T00:00:00.000000,1,0,0,0,1,2009.0,1
686424c7c8d43b001321df29,guesty,2027-11-12T00:00:00.000000,1,0,0,0,1,3586.0,1
686424c7c8d43b001321df29,guesty,2027-11-13T00:00:00.000000,1,0,0,0,1,4342.0,1
686424c7c8d43b001321df29,guesty,2027-11-14T00:00:00.000000,1,0,0,0,1,1849.0,1
686424c7c8d43b001321df29,guesty,2027-11-15T00:00:00.000000,1,0,0,0,1,1599.0,1
686424c7c8d43b001321df29,guesty,2027-11-16T00:00:00.000000,1,0,0,0,1,1599.0,1
686424c7c8d43b001321df29,guesty,2027-11-17T00:00:00.000000,1,0,0,0,1,1559.0,1
686424c7c8d43b001321df29,guesty,2027-11-18T00:00:00.000000,1,0,0,0,1,2009.0,1
686424c7c8d43b001321df29,guesty,2027-11-19T00:00:00.000000,1,0,0,0,1,3586.0,1
686424c7c8d43b001321df29,guesty,2027-11-20T00:00:00.000000,1,0,0,0,1,4342.0,1
686424c7c8d43b001321df29,guesty,2027-11-21T00:00:00.000000,1,0,0,0,1,1849.0,1
686424c7c8d43b001321df29,guesty,2027-11-22T00:00:00.000000,1,0,0,0,1,1599.0,1
686424c7c8d43b001321df29,guesty,2027-11-23T00:00:00.000000,1,0,0,0,1,1599.0,1
686424c7c8d43b001321df29,guesty,2027-11-24T00:00:00.000000,1,0,0,0,1,1559.0,1
686424c7c8d43b001321df29,guesty,2027-11-25T00:00:00.000000,1,0,0,0,1,3014.0,1
686424c7c8d43b001321df29,guesty,2027-11-26T00:00:00.000000,1,0,0,0,1,5378.0,1
686424c7c8d43b001321df29,guesty,2027-11-27T00:00:00.000000,1,0,0,0,1,6512.0,1
686424c7c8d43b001321df29,guesty,2027-11-28T00:00:00.000000,1,0,0,0,1,1849.0,1
686424c7c8d43b001321df29,guesty,2027-11-29T00:00:00.000000,1,0,0,0,1,1599.0,1
686424c7c8d43b001321df29,guesty,2027-11-30T00:00:00.000000,1,0,0,0,1,1599.0,1
686424c7c8d43b001321df29,guesty,2027-12-01T00:00:00.000000,1,0,0,0,1,1599.0,1
686424c7c8d43b001321df29,guesty,2027-12-02T00:00:00.000000,1,0,0,0,1,2009.0,1
686424c7c8d43b001321df29,guesty,2027-12-03T00:00:00.000000,1,0,0,0,1,3311.0,1
686424c7c8d43b001321df29,guesty,2027-12-04T00:00:00.000000,1,0,0,0,1,4342.0,1
686424c7c8d43b001321df29,guesty,2027-12-05T00:00:00.000000,1,0,0,0,1,1849.0,1
686424c7c8d43b001321df29,guesty,2027-12-06T00:00:00.000000,1,0,0,0,1,1599.0,1
686424c7c8d43b001321df29,guesty,2027-12-07T00:00:00.000000,1,0,0,0,1,1599.0,1
686424c7c8d43b001321df29,guesty,2027-12-08T00:00:00.000000,1,0,0,0,1,1559.0,1
686424c7c8d43b001321df29,guesty,2027-12-09T00:00:00.000000,1,0,0,0,1,2009.0,1
686424c7c8d43b001321df29,guesty,2027-12-10T00:00:00.000000,1,0,0,0,1,3311.0,1
686424c7c8d43b001321df29,guesty,2027-12-11T00:00:00.000000,1,0,0,0,1,4342.0,1
686424c7c8d43b001321df29,guesty,2027-12-12T00:00:00.000000,1,0,0,0,1,1849.0,1
686424c7c8d43b001321df29,guesty,2027-12-13T00:00:00.000000,1,0,0,0,1,1599.0,1
686424c7c8d43b001321df29,guesty,2027-12-14T00:00:00.000000,1,0,0,0,1,1599.0,1
686424c7c8d43b001321df29,guesty,2027-12-15T00:00:00.000000,1,0,0,0,1,1559.0,1
686424c7c8d43b001321df29,guesty,2027-12-16T00:00:00.000000,1,0,0,0,1,2009.0,1
686424c7c8d43b001321df29,guesty,2027-12-17T00:00:00.000000,1,0,0,0,1,3973.0,1
686424c7c8d43b001321df29,guesty,2027-12-18T00:00:00.000000,1,0,0,0,1,5210.0,1
686424c7c8d43b001321df29,guesty,2027-12-19T00:00:00.000000,1,0,0,0,1,2219.0,1
686424c7c8d43b001321df29,guesty,2027-12-20T00:00:00.000000,1,0,0,0,1,1919.0,1
686424c7c8d43b001321df29,guesty,2027-12-21T00:00:00.000000,1,0,0,0,1,1919.0,1
686424c7c8d43b001321df29,guesty,2027-12-22T00:00:00.000000,1,0,0,0,1,1871.0,1
686424c7c8d43b001321df29,guesty,2027-12-23T00:00:00.000000,1,0,0,0,1,2411.0,1
686424c7c8d43b001321df29,guesty,2027-12-24T00:00:00.000000,1,0,0,0,1,8940.0,1
686424c7c8d43b001321df29,guesty,2027-12-25T00:00:00.000000,1,0,0,0,1,8940.0,1
686424c7c8d43b001321df29,guesty,2027-12-26T00:00:00.000000,1,0,0,0,1,8940.0,1
686424c7c8d43b001321df29,guesty,2027-12-27T00:00:00.000000,1,0,0,0,1,1599.0,1
686424c7c8d43b001321df29,guesty,2027-12-28T00:00:00.000000,1,0,0,0,1,1599.0,1
686424c7c8d43b001321df29,guesty,2027-12-29T00:00:00.000000,1,0,0,0,1,1559.0,1
686424c7c8d43b001321df29,guesty,2027-12-30T00:00:00.000000,1,0,0,0,1,12516.0,1
686424c7c8d43b001321df29,guesty,2027-12-31T00:00:00.000000,1,0,0,0,1,12516.0,1
686424c7c8d43b001321df29,guesty,2028-01-01T00:00:00.000000,1,0,0,0,1,12516.0,1
686424c7c8d43b001321df29,guesty,2028-01-02T00:00:00.000000,1,0,0,0,1,6258.0,1
686424c7c8d43b001321df29,guesty,2028-01-03T00:00:00.000000,1,0,0,0,1,1299.0,1
686424c7c8d43b001321df29,guesty,2028-01-04T00:00:00.000000,1,0,0,0,1,1299.0,1
686424c7c8d43b001321df29,guesty,2028-01-05T00:00:00.000000,1,0,0,0,1,1299.0,1
686424c7c8d43b001321df29,guesty,2028-01-06T00:00:00.000000,1,0,0,0,1,1749.0,1
686424c7c8d43b001321df29,guesty,2028-01-07T00:00:00.000000,1,0,0,0,1,2844.0,1
686424c7c8d43b001321df29,guesty,2028-01-08T00:00:00.000000,1,0,0,0,1,2844.0,1
686424c7c8d43b001321df29,guesty,2028-01-09T00:00:00.000000,1,0,0,0,1,1749.0,1
686424d94cdb20000e10b8db,guesty,2026-05-25T00:00:00.000000,1,0,0,0,1,0.0,1
686424d94cdb20000e10b8db,guesty,2026-05-26T00:00:00.000000,1,0,0,0,1,0.0,1
686424d94cdb20000e10b8db,guesty,2026-05-27T00:00:00.000000,1,0,0,0,1,0.0,1
686424d94cdb20000e10b8db,guesty,2026-05-28T00:00:00.000000,1,0,0,0,1,0.0,1
686424d94cdb20000e10b8db,guesty,2026-05-29T00:00:00.000000,1,0,0,0,1,0.0,1
686424d94cdb20000e10b8db,guesty,2026-05-30T00:00:00.000000,1,0,0,0,1,0.0,1
686424d94cdb20000e10b8db,guesty,2026-05-31T00:00:00.000000,1,0,0,0,1,0.0,1
686424d94cdb20000e10b8db,guesty,2026-06-01T00:00:00.000000,1,0,0,0,1,0.0,1
686424d94cdb20000e10b8db,guesty,2026-06-02T00:00:00.000000,1,0,0,0,1,0.0,1
686424d94cdb20000e10b8db,guesty,2026-06-03T00:00:00.000000,1,0,0,0,1,0.0,1
686424d94cdb20000e10b8db,guesty,2026-06-04T00:00:00.000000,1,0,0,0,1,0.0,1
686424d94cdb20000e10b8db,guesty,2026-06-05T00:00:00.000000,1,0,0,0,1,0.0,1
686424d94cdb20000e10b8db,guesty,2026-06-06T00:00:00.000000,1,0,0,0,1,0.0,1
686424d94cdb20000e10b8db,guesty,2026-06-07T00:00:00.000000,1,0,0,0,1,0.0,1
686424d94cdb20000e10b8db,guesty,2026-06-08T00:00:00.000000,1,0,0,0,1,0.0,1
686424d94cdb20000e10b8db,guesty,2026-06-09T00:00:00.000000,1,0,0,0,1,0.0,1
686424d94cdb20000e10b8db,guesty,2026-06-10T00:00:00.000000,1,0,0,0,1,0.0,1
686424d94cdb20000e10b8db,guesty,2026-06-11T00:00:00.000000,1,0,0,0,1,0.0,1
686424d94cdb20000e10b8db,guesty,2026-06-12T00:00:00.000000,1,0,0,0,1,0.0,1
686424d94cdb20000e10b8db,guesty,2026-06-13T00:00:00.000000,1,0,0,0,1,0.0,1
686424d94cdb20000e10b8db,guesty,2026-06-14T00:00:00.000000,1,0,0,0,1,0.0,1
686424d94cdb20000e10b8db,guesty,2026-06-15T00:00:00.000000,1,0,0,0,1,0.0,1
686424d94cdb20000e10b8db,guesty,2026-06-16T00:00:00.000000,1,0,0,0,1,0.0,1
686424d94cdb20000e10b8db,guesty,2026-06-17T00:00:00.000000,1,0,0,0,1,0.0,1
686424d94cdb20000e10b8db,guesty,2026-06-18T00:00:00.000000,1,0,0,0,1,0.0,1
686424d94cdb20000e10b8db,guesty,2026-06-19T00:00:00.000000,1,0,0,0,1,0.0,1
686424d94cdb20000e10b8db,guesty,2026-06-20T00:00:00.000000,1,0,0,0,1,0.0,1
686424d94cdb20000e10b8db,guesty,2026-06-21T00:00:00.000000,1,0,0,0,1,0.0,1
686424d94cdb20000e10b8db,guesty,2026-06-22T00:00:00.000000,1,0,0,0,1,0.0,1
686424d94cdb20000e10b8db,guesty,2026-06-23T00:00:00.000000,1,0,0,0,1,1575.0,1
686424d94cdb20000e10b8db,guesty,2026-06-24T00:00:00.000000,1,0,0,0,1,1575.0,1
686424d94cdb20000e10b8db,guesty,2026-06-25T00:00:00.000000,1,0,0,0,1,2686.0,1
686424d94cdb20000e10b8db,guesty,2026-06-26T00:00:00.000000,1,0,0,0,1,2499.0,1
686424d94cdb20000e10b8db,guesty,2026-06-27T00:00:00.000000,1,0,0,0,1,2892.0,1
686424d94cdb20000e10b8db,guesty,2026-06-28T00:00:00.000000,1,0,0,0,1,2686.0,1
686424d94cdb20000e10b8db,guesty,2026-06-29T00:00:00.000000,1,0,0,0,1,1575.0,1
686424d94cdb20000e10b8db,guesty,2026-06-30T00:00:00.000000,1,0,0,0,1,1575.0,1
686424d94cdb20000e10b8db,guesty,2026-07-01T00:00:00.000000,1,0,0,0,1,1575.0,1
686424d94cdb20000e10b8db,guesty,2026-07-02T00:00:00.000000,1,0,0,0,1,3335.0,1
686424d94cdb20000e10b8db,guesty,2026-07-03T00:00:00.000000,1,0,0,0,1,2780.0,1
686424d94cdb20000e10b8db,guesty,2026-07-04T00:00:00.000000,1,0,0,0,1,3205.0,1
686424d94cdb20000e10b8db,guesty,2026-07-05T00:00:00.000000,1,0,0,0,1,2327.0,1
686424d94cdb20000e10b8db,guesty,2026-07-06T00:00:00.000000,1,0,0,0,1,1600.0,1
686424d94cdb20000e10b8db,guesty,2026-07-07T00:00:00.000000,1,0,0,0,1,1600.0,1
686424d94cdb20000e10b8db,guesty,2026-07-08T00:00:00.000000,1,0,0,0,1,1600.0,1
686424d94cdb20000e10b8db,guesty,2026-07-09T00:00:00.000000,1,0,0,0,1,3172.0,1
686424d94cdb20000e10b8db,guesty,2026-07-10T00:00:00.000000,1,0,0,0,1,3491.0,1
686424d94cdb20000e10b8db,guesty,2026-07-11T00:00:00.000000,1,0,0,0,1,4023.0,1
686424d94cdb20000e10b8db,guesty,2026-07-12T00:00:00.000000,1,0,0,0,1,2626.0,1
686424d94cdb20000e10b8db,guesty,2026-07-13T00:00:00.000000,1,0,0,0,1,2010.0,1
686424d94cdb20000e10b8db,guesty,2026-07-14T00:00:00.000000,1,0,0,0,1,2010.0,1
686424d94cdb20000e10b8db,guesty,2026-07-15T00:00:00.000000,1,0,0,0,1,2010.0,1
686424d94cdb20000e10b8db,guesty,2026-07-16T00:00:00.000000,1,0,0,0,1,3172.0,1
686424d94cdb20000e10b8db,guesty,2026-07-17T00:00:00.000000,1,0,0,0,1,3491.0,1
686424d94cdb20000e10b8db,guesty,2026-07-18T00:00:00.000000,1,0,0,0,1,4023.0,1
686424d94cdb20000e10b8db,guesty,2026-07-19T00:00:00.000000,1,0,0,0,1,3172.0,1
686424d94cdb20000e10b8db,guesty,2026-07-20T00:00:00.000000,1,0,0,0,1,2010.0,1
686424d94cdb20000e10b8db,guesty,2026-07-21T00:00:00.000000,1,0,0,0,1,2010.0,1
686424d94cdb20000e10b8db,guesty,2026-07-22T00:00:00.000000,1,0,0,0,1,2010.0,1
686424d94cdb20000e10b8db,guesty,2026-07-23T00:00:00.000000,1,0,0,0,1,2374.0,1
686424d94cdb20000e10b8db,guesty,2026-07-24T00:00:00.000000,1,0,0,0,1,2965.0,1
686424d94cdb20000e10b8db,guesty,2026-07-25T00:00:00.000000,1,0,0,0,1,3415.0,1
686424d94cdb20000e10b8db,guesty,2026-07-26T00:00:00.000000,1,0,0,0,1,2374.0,1
686424d94cdb20000e10b8db,guesty,2026-07-27T00:00:00.000000,1,0,0,0,1,2010.0,1
686424d94cdb20000e10b8db,guesty,2026-07-28T00:00:00.000000,1,0,0,0,1,2010.0,1
686424d94cdb20000e10b8db,guesty,2026-07-29T00:00:00.000000,1,0,0,0,1,2010.0,1
686424d94cdb20000e10b8db,guesty,2026-07-30T00:00:00.000000,1,0,0,0,1,1575.0,1
686424d94cdb20000e10b8db,guesty,2026-07-31T00:00:00.000000,1,0,0,0,1,2100.0,1
686424d94cdb20000e10b8db,guesty,2026-08-01T00:00:00.000000,1,0,0,0,1,3805.0,1
686424d94cdb20000e10b8db,guesty,2026-08-02T00:00:00.000000,1,0,0,0,1,3172.0,1
686424d94cdb20000e10b8db,guesty,2026-08-03T00:00:00.000000,1,0,0,0,1,1722.0,1
686424d94cdb20000e10b8db,guesty,2026-08-04T00:00:00.000000,1,0,0,0,1,1722.0,1
686424d94cdb20000e10b8db,guesty,2026-08-05T00:00:00.000000,1,0,0,0,1,1722.0,1
686424d94cdb20000e10b8db,guesty,2026-08-06T00:00:00.000000,1,0,0,0,1,2388.0,1
686424d94cdb20000e10b8db,guesty,2026-08-07T00:00:00.000000,1,1,0,0,1,3298.0,0
686424d94cdb20000e10b8db,guesty,2026-08-08T00:00:00.000000,1,1,0,0,1,3811.0,0
686424d94cdb20000e10b8db,guesty,2026-08-09T00:00:00.000000,1,1,0,0,1,2388.0,0
686424d94cdb20000e10b8db,guesty,2026-08-10T00:00:00.000000,1,0,0,0,1,1722.0,1
686424d94cdb20000e10b8db,guesty,2026-08-11T00:00:00.000000,1,0,0,0,1,1722.0,1
686424d94cdb20000e10b8db,guesty,2026-08-12T00:00:00.000000,1,0,0,0,1,1722.0,1
686424d94cdb20000e10b8db,guesty,2026-08-13T00:00:00.000000,1,0,0,0,1,2388.0,1
686424d94cdb20000e10b8db,guesty,2026-08-14T00:00:00.000000,1,0,0,0,1,3298.0,1
686424d94cdb20000e10b8db,guesty,2026-08-15T00:00:00.000000,1,0,0,0,1,3811.0,1
686424d94cdb20000e10b8db,guesty,2026-08-16T00:00:00.000000,1,0,0,0,1,2388.0,1
686424d94cdb20000e10b8db,guesty,2026-08-17T00:00:00.000000,1,0,0,0,1,1722.0,1
686424d94cdb20000e10b8db,guesty,2026-08-18T00:00:00.000000,1,0,0,0,1,1722.0,1
686424d94cdb20000e10b8db,guesty,2026-08-19T00:00:00.000000,1,0,0,0,1,1722.0,1
686424d94cdb20000e10b8db,guesty,2026-08-20T00:00:00.000000,1,0,0,0,1,2520.0,1
686424d94cdb20000e10b8db,guesty,2026-08-21T00:00:00.000000,1,0,0,0,1,3481.0,1
686424d94cdb20000e10b8db,guesty,2026-08-22T00:00:00.000000,1,0,0,0,1,4023.0,1
686424d94cdb20000e10b8db,guesty,2026-08-23T00:00:00.000000,1,0,0,0,1,2520.0,1
686424d94cdb20000e10b8db,guesty,2026-08-24T00:00:00.000000,1,0,0,0,1,1722.0,1
686424d94cdb20000e10b8db,guesty,2026-08-25T00:00:00.000000,1,0,0,0,1,1722.0,1
686424d94cdb20000e10b8db,guesty,2026-08-26T00:00:00.000000,1,0,0,0,1,1722.0,1
686424d94cdb20000e10b8db,guesty,2026-08-27T00:00:00.000000,1,0,0,0,1,2520.0,1
686424d94cdb20000e10b8db,guesty,2026-08-28T00:00:00.000000,1,0,0,0,1,3481.0,1
686424d94cdb20000e10b8db,guesty,2026-08-29T00:00:00.000000,1,0,0,0,1,4023.0,1
686424d94cdb20000e10b8db,guesty,2026-08-30T00:00:00.000000,1,0,0,0,1,2520.0,1
686424d94cdb20000e10b8db,guesty,2026-08-31T00:00:00.000000,1,0,0,0,1,1745.0,1
686424d94cdb20000e10b8db,guesty,2026-09-01T00:00:00.000000,1,0,0,0,1,1745.0,1
686424d94cdb20000e10b8db,guesty,2026-09-02T00:00:00.000000,1,0,0,0,1,1745.0,1
686424d94cdb20000e10b8db,guesty,2026-09-03T00:00:00.000000,1,0,0,0,1,3205.0,1
686424d94cdb20000e10b8db,guesty,2026-09-04T00:00:00.000000,1,0,0,0,1,5058.0,1
686424d94cdb20000e10b8db,guesty,2026-09-05T00:00:00.000000,1,0,0,0,1,5830.0,1
686424d94cdb20000e10b8db,guesty,2026-09-06T00:00:00.000000,1,0,0,0,1,5512.0,1
686424d94cdb20000e10b8db,guesty,2026-09-07T00:00:00.000000,1,0,0,0,1,3178.0,1
686424d94cdb20000e10b8db,guesty,2026-09-08T00:00:00.000000,1,0,0,0,1,2194.0,1
686424d94cdb20000e10b8db,guesty,2026-09-09T00:00:00.000000,1,0,0,0,1,2194.0,1
686424d94cdb20000e10b8db,guesty,2026-09-10T00:00:00.000000,1,0,0,0,1,3205.0,1
686424d94cdb20000e10b8db,guesty,2026-09-11T00:00:00.000000,1,0,0,0,1,4169.0,1
686424d94cdb20000e10b8db,guesty,2026-09-12T00:00:00.000000,1,0,0,0,1,4807.0,1
686424d94cdb20000e10b8db,guesty,2026-09-13T00:00:00.000000,1,0,0,0,1,3205.0,1
686424d94cdb20000e10b8db,guesty,2026-09-14T00:00:00.000000,1,0,0,0,1,2194.0,1
686424d94cdb20000e10b8db,guesty,2026-09-15T00:00:00.000000,1,0,0,0,1,2194.0,1
686424d94cdb20000e10b8db,guesty,2026-09-16T00:00:00.000000,1,0,0,0,1,2194.0,1
686424d94cdb20000e10b8db,guesty,2026-09-17T00:00:00.000000,1,0,0,0,1,3205.0,1
686424d94cdb20000e10b8db,guesty,2026-09-18T00:00:00.000000,1,0,0,0,1,4169.0,1
686424d94cdb20000e10b8db,guesty,2026-09-19T00:00:00.000000,1,0,0,0,1,4807.0,1
686424d94cdb20000e10b8db,guesty,2026-09-20T00:00:00.000000,1,0,0,0,1,3205.0,1
686424d94cdb20000e10b8db,guesty,2026-09-21T00:00:00.000000,1,0,0,0,1,2194.0,1
686424d94cdb20000e10b8db,guesty,2026-09-22T00:00:00.000000,1,0,0,0,1,2194.0,1
686424d94cdb20000e10b8db,guesty,2026-09-23T00:00:00.000000,1,0,0,0,1,2194.0,1
686424d94cdb20000e10b8db,guesty,2026-09-24T00:00:00.000000,1,0,0,0,1,3205.0,1
686424d94cdb20000e10b8db,guesty,2026-09-25T00:00:00.000000,1,1,0,0,1,4169.0,0
686424d94cdb20000e10b8db,guesty,2026-09-26T00:00:00.000000,1,1,0,0,1,4807.0,0
686424d94cdb20000e10b8db,guesty,2026-09-27T00:00:00.000000,1,1,0,0,1,3205.0,0
686424d94cdb20000e10b8db,guesty,2026-09-28T00:00:00.000000,1,1,0,0,1,2194.0,0
686424d94cdb20000e10b8db,guesty,2026-09-29T00:00:00.000000,1,0,0,0,1,2194.0,1
686424d94cdb20000e10b8db,guesty,2026-09-30T00:00:00.000000,1,0,0,0,1,2194.0,1
686424d94cdb20000e10b8db,guesty,2026-10-01T00:00:00.000000,1,0,0,0,1,3345.0,1
686424d94cdb20000e10b8db,guesty,2026-10-02T00:00:00.000000,1,0,0,0,1,4903.0,1
686424d94cdb20000e10b8db,guesty,2026-10-03T00:00:00.000000,1,0,0,0,1,5645.0,1
686424d94cdb20000e10b8db,guesty,2026-10-04T00:00:00.000000,1,0,0,0,1,3345.0,1
686424d94cdb20000e10b8db,guesty,2026-10-05T00:00:00.000000,1,0,0,0,1,2287.0,1
686424d94cdb20000e10b8db,guesty,2026-10-06T00:00:00.000000,1,0,0,0,1,2287.0,1
686424d94cdb20000e10b8db,guesty,2026-10-07T00:00:00.000000,1,0,0,0,1,2287.0,1
686424d94cdb20000e10b8db,guesty,2026-10-08T00:00:00.000000,1,0,0,0,1,3864.0,1
686424d94cdb20000e10b8db,guesty,2026-10-09T00:00:00.000000,1,0,0,0,1,5645.0,1
686424d94cdb20000e10b8db,guesty,2026-10-10T00:00:00.000000,1,0,0,0,1,7840.0,1
686424d94cdb20000e10b8db,guesty,2026-10-11T00:00:00.000000,1,0,0,0,1,3345.0,1
686424d94cdb20000e10b8db,guesty,2026-10-12T00:00:00.000000,1,0,0,0,1,2287.0,1
686424d94cdb20000e10b8db,guesty,2026-10-13T00:00:00.000000,1,0,0,0,1,2287.0,1
686424d94cdb20000e10b8db,guesty,2026-10-14T00:00:00.000000,1,0,0,0,1,2287.0,1
686424d94cdb20000e10b8db,guesty,2026-10-15T00:00:00.000000,1,0,0,0,1,3345.0,1
686424d94cdb20000e10b8db,guesty,2026-10-16T00:00:00.000000,1,0,0,0,1,4903.0,1
686424d94cdb20000e10b8db,guesty,2026-10-17T00:00:00.000000,1,0,0,0,1,5645.0,1
686424d94cdb20000e10b8db,guesty,2026-10-18T00:00:00.000000,1,0,0,0,1,3345.0,1
686424d94cdb20000e10b8db,guesty,2026-10-19T00:00:00.000000,1,0,0,0,1,2287.0,1
686424d94cdb20000e10b8db,guesty,2026-10-20T00:00:00.000000,1,0,0,0,1,2287.0,1
686424d94cdb20000e10b8db,guesty,2026-10-21T00:00:00.000000,1,0,0,0,1,2287.0,1
686424d94cdb20000e10b8db,guesty,2026-10-22T00:00:00.000000,1,0,0,0,1,3345.0,1
686424d94cdb20000e10b8db,guesty,2026-10-23T00:00:00.000000,1,0,0,0,1,4903.0,1
686424d94cdb20000e10b8db,guesty,2026-10-24T00:00:00.000000,1,0,0,0,1,5645.0,1
686424d94cdb20000e10b8db,guesty,2026-10-25T00:00:00.000000,1,0,0,0,1,3345.0,1
686424d94cdb20000e10b8db,guesty,2026-10-26T00:00:00.000000,1,0,0,0,1,2287.0,1
686424d94cdb20000e10b8db,guesty,2026-10-27T00:00:00.000000,1,0,0,0,1,2287.0,1
686424d94cdb20000e10b8db,guesty,2026-10-28T00:00:00.000000,1,0,0,0,1,2287.0,1
686424d94cdb20000e10b8db,guesty,2026-10-29T00:00:00.000000,1,0,0,0,1,3345.0,1
686424d94cdb20000e10b8db,guesty,2026-10-30T00:00:00.000000,1,0,0,0,1,4903.0,1
686424d94cdb20000e10b8db,guesty,2026-10-31T00:00:00.000000,1,0,0,0,1,5645.0,1
686424d94cdb20000e10b8db,guesty,2026-11-01T00:00:00.000000,1,0,0,0,1,3345.0,1
686424d94cdb20000e10b8db,guesty,2026-11-02T00:00:00.000000,1,0,0,0,1,2287.0,1
686424d94cdb20000e10b8db,guesty,2026-11-03T00:00:00.000000,1,0,0,0,1,2287.0,1
686424d94cdb20000e10b8db,guesty,2026-11-04T00:00:00.000000,1,0,0,0,1,2287.0,1
686424d94cdb20000e10b8db,guesty,2026-11-05T00:00:00.000000,1,0,0,0,1,3591.0,1
686424d94cdb20000e10b8db,guesty,2026-11-06T00:00:00.000000,1,0,0,0,1,5254.0,1
686424d94cdb20000e10b8db,guesty,2026-11-07T00:00:00.000000,1,0,0,0,1,6053.0,1
686424d94cdb20000e10b8db,guesty,2026-11-08T00:00:00.000000,1,0,0,0,1,3591.0,1
686424d94cdb20000e10b8db,guesty,2026-11-09T00:00:00.000000,1,0,0,0,1,2459.0,1
686424d94cdb20000e10b8db,guesty,2026-11-10T00:00:00.000000,1,0,0,0,1,2459.0,1
686424d94cdb20000e10b8db,guesty,2026-11-11T00:00:00.000000,1,0,0,0,1,2459.0,1
686424d94cdb20000e10b8db,guesty,2026-11-12T00:00:00.000000,1,0,0,0,1,3591.0,1
686424d94cdb20000e10b8db,guesty,2026-11-13T00:00:00.000000,1,0,0,0,1,5254.0,1
686424d94cdb20000e10b8db,guesty,2026-11-14T00:00:00.000000,1,0,0,0,1,6053.0,1
686424d94cdb20000e10b8db,guesty,2026-11-15T00:00:00.000000,1,0,0,0,1,3591.0,1
686424d94cdb20000e10b8db,guesty,2026-11-16T00:00:00.000000,1,0,0,0,1,2459.0,1
686424d94cdb20000e10b8db,guesty,2026-11-17T00:00:00.000000,1,0,0,0,1,2459.0,1
686424d94cdb20000e10b8db,guesty,2026-11-18T00:00:00.000000,1,0,0,0,1,2459.0,1
686424d94cdb20000e10b8db,guesty,2026-11-19T00:00:00.000000,1,0,0,0,1,3591.0,1
686424d94cdb20000e10b8db,guesty,2026-11-20T00:00:00.000000,1,0,0,0,1,5254.0,1
686424d94cdb20000e10b8db,guesty,2026-11-21T00:00:00.000000,1,0,0,0,1,6053.0,1
686424d94cdb20000e10b8db,guesty,2026-11-22T00:00:00.000000,1,0,0,0,1,3591.0,1
686424d94cdb20000e10b8db,guesty,2026-11-23T00:00:00.000000,1,0,0,0,1,2459.0,1
686424d94cdb20000e10b8db,guesty,2026-11-24T00:00:00.000000,1,0,0,0,1,2459.0,1
686424d94cdb20000e10b8db,guesty,2026-11-25T00:00:00.000000,1,0,0,0,1,2459.0,1
686424d94cdb20000e10b8db,guesty,2026-11-26T00:00:00.000000,1,0,0,0,1,5846.0,1
686424d94cdb20000e10b8db,guesty,2026-11-27T00:00:00.000000,1,0,0,0,1,8256.0,1
686424d94cdb20000e10b8db,guesty,2026-11-28T00:00:00.000000,1,0,0,0,1,9511.0,1
686424d94cdb20000e10b8db,guesty,2026-11-29T00:00:00.000000,1,0,0,0,1,2431.0,1
686424d94cdb20000e10b8db,guesty,2026-11-30T00:00:00.000000,1,0,0,0,1,2201.0,1
686424d94cdb20000e10b8db,guesty,2026-12-01T00:00:00.000000,1,0,0,0,1,2201.0,1
686424d94cdb20000e10b8db,guesty,2026-12-02T00:00:00.000000,1,0,0,0,1,2201.0,1
686424d94cdb20000e10b8db,guesty,2026-12-03T00:00:00.000000,1,0,0,0,1,3214.0,1
686424d94cdb20000e10b8db,guesty,2026-12-04T00:00:00.000000,1,0,0,0,1,7600.0,1
686424d94cdb20000e10b8db,guesty,2026-12-05T00:00:00.000000,1,0,0,0,1,8759.0,1
686424d94cdb20000e10b8db,guesty,2026-12-06T00:00:00.000000,1,0,0,0,1,3214.0,1
686424d94cdb20000e10b8db,guesty,2026-12-07T00:00:00.000000,1,0,0,0,1,2201.0,1
686424d94cdb20000e10b8db,guesty,2026-12-08T00:00:00.000000,1,0,0,0,1,2201.0,1
686424d94cdb20000e10b8db,guesty,2026-12-09T00:00:00.000000,1,0,0,0,1,2201.0,1
686424d94cdb20000e10b8db,guesty,2026-12-10T00:00:00.000000,1,0,0,0,1,3214.0,1
686424d94cdb20000e10b8db,guesty,2026-12-11T00:00:00.000000,1,0,0,0,1,7600.0,1
686424d94cdb20000e10b8db,guesty,2026-12-12T00:00:00.000000,1,0,0,0,1,8759.0,1
686424d94cdb20000e10b8db,guesty,2026-12-13T00:00:00.000000,1,0,0,0,1,3214.0,1
686424d94cdb20000e10b8db,guesty,2026-12-14T00:00:00.000000,1,0,0,0,1,2201.0,1
686424d94cdb20000e10b8db,guesty,2026-12-15T00:00:00.000000,1,0,0,0,1,2201.0,1
686424d94cdb20000e10b8db,guesty,2026-12-16T00:00:00.000000,1,0,0,0,1,2201.0,1
686424d94cdb20000e10b8db,guesty,2026-12-17T00:00:00.000000,1,0,0,0,1,3710.0,1
686424d94cdb20000e10b8db,guesty,2026-12-18T00:00:00.000000,1,0,0,0,1,7600.0,1
686424d94cdb20000e10b8db,guesty,2026-12-19T00:00:00.000000,1,0,0,0,1,10080.0,1
686424d94cdb20000e10b8db,guesty,2026-12-20T00:00:00.000000,1,0,0,0,1,3710.0,1
686424d94cdb20000e10b8db,guesty,2026-12-21T00:00:00.000000,1,0,0,0,1,3214.0,1
686424d94cdb20000e10b8db,guesty,2026-12-22T00:00:00.000000,1,0,0,0,1,4098.0,1
686424d94cdb20000e10b8db,guesty,2026-12-23T00:00:00.000000,1,0,0,0,1,4098.0,1
686424d94cdb20000e10b8db,guesty,2026-12-24T00:00:00.000000,1,0,0,0,1,11411.0,1
686424d94cdb20000e10b8db,guesty,2026-12-25T00:00:00.000000,1,0,0,0,1,11411.0,1
686424d94cdb20000e10b8db,guesty,2026-12-26T00:00:00.000000,1,0,0,0,1,11411.0,1
686424d94cdb20000e10b8db,guesty,2026-12-27T00:00:00.000000,1,0,0,0,1,4098.0,1
686424d94cdb20000e10b8db,guesty,2026-12-28T00:00:00.000000,1,0,0,0,1,3214.0,1
686424d94cdb20000e10b8db,guesty,2026-12-29T00:00:00.000000,1,0,0,0,1,3214.0,1
686424d94cdb20000e10b8db,guesty,2026-12-30T00:00:00.000000,1,0,0,0,1,14928.0,1
686424d94cdb20000e10b8db,guesty,2026-12-31T00:00:00.000000,1,0,0,0,1,14928.0,1
686424d94cdb20000e10b8db,guesty,2027-01-01T00:00:00.000000,1,0,0,0,1,5877.0,1
686424d94cdb20000e10b8db,guesty,2027-01-02T00:00:00.000000,1,0,0,0,1,5877.0,1
686424d94cdb20000e10b8db,guesty,2027-01-03T00:00:00.000000,1,0,0,0,1,3471.0,1
686424d94cdb20000e10b8db,guesty,2027-01-04T00:00:00.000000,1,0,0,0,1,2471.0,1
686424d94cdb20000e10b8db,guesty,2027-01-05T00:00:00.000000,1,0,0,0,1,2471.0,1
686424d94cdb20000e10b8db,guesty,2027-01-06T00:00:00.000000,1,0,0,0,1,2471.0,1
686424d94cdb20000e10b8db,guesty,2027-01-07T00:00:00.000000,1,0,0,0,1,3528.0,1
686424d94cdb20000e10b8db,guesty,2027-01-08T00:00:00.000000,1,0,0,0,1,4905.0,1
686424d94cdb20000e10b8db,guesty,2027-01-09T00:00:00.000000,1,0,0,0,1,4905.0,1
686424d94cdb20000e10b8db,guesty,2027-01-10T00:00:00.000000,1,0,0,0,1,3528.0,1
686424d94cdb20000e10b8db,guesty,2027-01-11T00:00:00.000000,1,0,0,0,1,2471.0,1
686424d94cdb20000e10b8db,guesty,2027-01-12T00:00:00.000000,1,0,0,0,1,2471.0,1
686424d94cdb20000e10b8db,guesty,2027-01-13T00:00:00.000000,1,0,0,0,1,2471.0,1
686424d94cdb20000e10b8db,guesty,2027-01-14T00:00:00.000000,1,0,0,0,1,3528.0,1
686424d94cdb20000e10b8db,guesty,2027-01-15T00:00:00.000000,1,0,0,0,1,4685.0,1
686424d94cdb20000e10b8db,guesty,2027-01-16T00:00:00.000000,1,0,0,0,1,5403.0,1
686424d94cdb20000e10b8db,guesty,2027-01-17T00:00:00.000000,1,0,0,0,1,3885.0,1
686424d94cdb20000e10b8db,guesty,2027-01-18T00:00:00.000000,1,0,0,0,1,2727.0,1
686424d94cdb20000e10b8db,guesty,2027-01-19T00:00:00.000000,1,0,0,0,1,2471.0,1
686424d94cdb20000e10b8db,guesty,2027-01-20T00:00:00.000000,1,0,0,0,1,2471.0,1
686424d94cdb20000e10b8db,guesty,2027-01-21T00:00:00.000000,1,0,0,0,1,3528.0,1
686424d94cdb20000e10b8db,guesty,2027-01-22T00:00:00.000000,1,0,0,0,1,4261.0,1
686424d94cdb20000e10b8db,guesty,2027-01-23T00:00:00.000000,1,0,0,0,1,4905.0,1
686424d94cdb20000e10b8db,guesty,2027-01-24T00:00:00.000000,1,0,0,0,1,3528.0,1
686424d94cdb20000e10b8db,guesty,2027-01-25T00:00:00.000000,1,0,0,0,1,2471.0,1
686424d94cdb20000e10b8db,guesty,2027-01-26T00:00:00.000000,1,0,0,0,1,2471.0,1
686424d94cdb20000e10b8db,guesty,2027-01-27T00:00:00.000000,1,0,0,0,1,2471.0,1
686424d94cdb20000e10b8db,guesty,2027-01-28T00:00:00.000000,1,1,0,0,1,3047.0,0
686424d94cdb20000e10b8db,guesty,2027-01-29T00:00:00.000000,1,1,0,0,1,3680.0,0
686424d94cdb20000e10b8db,guesty,2027-01-30T00:00:00.000000,1,1,0,0,1,4235.0,0
686424d94cdb20000e10b8db,guesty,2027-01-31T00:00:00.000000,1,0,0,0,1,3528.0,1
686424d94cdb20000e10b8db,guesty,2027-02-01T00:00:00.000000,1,0,0,0,1,2854.0,1
686424d94cdb20000e10b8db,guesty,2027-02-02T00:00:00.000000,1,0,0,0,1,2854.0,1
686424d94cdb20000e10b8db,guesty,2027-02-03T00:00:00.000000,1,0,0,0,1,2854.0,1
686424d94cdb20000e10b8db,guesty,2027-02-04T00:00:00.000000,1,0,0,0,1,4163.0,1
686424d94cdb20000e10b8db,guesty,2027-02-05T00:00:00.000000,1,0,0,0,1,5133.0,1
686424d94cdb20000e10b8db,guesty,2027-02-06T00:00:00.000000,1,0,0,0,1,5909.0,1
686424d94cdb20000e10b8db,guesty,2027-02-07T00:00:00.000000,1,0,0,0,1,4163.0,1
686424d94cdb20000e10b8db,guesty,2027-02-08T00:00:00.000000,1,0,0,0,1,2854.0,1
686424d94cdb20000e10b8db,guesty,2027-02-09T00:00:00.000000,1,0,0,0,1,2854.0,1
686424d94cdb20000e10b8db,guesty,2027-02-10T00:00:00.000000,1,0,0,0,1,2854.0,1
686424d94cdb20000e10b8db,guesty,2027-02-11T00:00:00.000000,1,0,0,0,1,4163.0,1
686424d94cdb20000e10b8db,guesty,2027-02-12T00:00:00.000000,1,1,0,0,1,5664.0,0
686424d94cdb20000e10b8db,guesty,2027-02-13T00:00:00.000000,1,1,0,0,1,6527.0,0
686424d94cdb20000e10b8db,guesty,2027-02-14T00:00:00.000000,1,1,0,0,1,4584.0,0
686424d94cdb20000e10b8db,guesty,2027-02-15T00:00:00.000000,1,0,0,0,1,3160.0,1
686424d94cdb20000e10b8db,guesty,2027-02-16T00:00:00.000000,1,0,0,0,1,3160.0,1
686424d94cdb20000e10b8db,guesty,2027-02-17T00:00:00.000000,1,0,0,0,1,2854.0,1
686424d94cdb20000e10b8db,guesty,2027-02-18T00:00:00.000000,1,0,0,0,1,4163.0,1
686424d94cdb20000e10b8db,guesty,2027-02-19T00:00:00.000000,1,0,0,0,1,5133.0,1
686424d94cdb20000e10b8db,guesty,2027-02-20T00:00:00.000000,1,0,0,0,1,5909.0,1
686424d94cdb20000e10b8db,guesty,2027-02-21T00:00:00.000000,1,0,0,0,1,4163.0,1
686424d94cdb20000e10b8db,guesty,2027-02-22T00:00:00.000000,1,0,0,0,1,2854.0,1
686424d94cdb20000e10b8db,guesty,2027-02-23T00:00:00.000000,1,0,0,0,1,2854.0,1
686424d94cdb20000e10b8db,guesty,2027-02-24T00:00:00.000000,1,0,0,0,1,2854.0,1
686424d94cdb20000e10b8db,guesty,2027-02-25T00:00:00.000000,1,0,0,0,1,4163.0,1
686424d94cdb20000e10b8db,guesty,2027-02-26T00:00:00.000000,1,0,0,0,1,5133.0,1
686424d94cdb20000e10b8db,guesty,2027-02-27T00:00:00.000000,1,0,0,0,1,5909.0,1
686424d94cdb20000e10b8db,guesty,2027-02-28T00:00:00.000000,1,0,0,0,1,4177.0,1
686424d94cdb20000e10b8db,guesty,2027-03-01T00:00:00.000000,1,0,0,0,1,4792.0,1
686424d94cdb20000e10b8db,guesty,2027-03-02T00:00:00.000000,1,0,0,0,1,4792.0,1
686424d94cdb20000e10b8db,guesty,2027-03-03T00:00:00.000000,1,0,0,0,1,4792.0,1
686424d94cdb20000e10b8db,guesty,2027-03-04T00:00:00.000000,1,0,0,0,1,5105.0,1
686424d94cdb20000e10b8db,guesty,2027-03-05T00:00:00.000000,1,0,0,0,1,9138.0,1
686424d94cdb20000e10b8db,guesty,2027-03-06T00:00:00.000000,1,0,0,0,1,11071.0,1
686424d94cdb20000e10b8db,guesty,2027-03-07T00:00:00.000000,1,0,0,0,1,4691.0,1
686424d94cdb20000e10b8db,guesty,2027-03-08T00:00:00.000000,1,0,0,0,1,4792.0,1
686424d94cdb20000e10b8db,guesty,2027-03-09T00:00:00.000000,1,0,0,0,1,4792.0,1
686424d94cdb20000e10b8db,guesty,2027-03-10T00:00:00.000000,1,0,0,0,1,4792.0,1
686424d94cdb20000e10b8db,guesty,2027-03-11T00:00:00.000000,1,0,0,0,1,5105.0,1
686424d94cdb20000e10b8db,guesty,2027-03-12T00:00:00.000000,1,0,0,0,1,9138.0,1
686424d94cdb20000e10b8db,guesty,2027-03-13T00:00:00.000000,1,0,0,0,1,11071.0,1
686424d94cdb20000e10b8db,guesty,2027-03-14T00:00:00.000000,1,0,0,0,1,4691.0,1
686424d94cdb20000e10b8db,guesty,2027-03-15T00:00:00.000000,1,0,0,0,1,3987.0,1
686424d94cdb20000e10b8db,guesty,2027-03-16T00:00:00.000000,1,0,0,0,1,3987.0,1
686424d94cdb20000e10b8db,guesty,2027-03-17T00:00:00.000000,1,0,0,0,1,3987.0,1
686424d94cdb20000e10b8db,guesty,2027-03-18T00:00:00.000000,1,0,0,0,1,4244.0,1
686424d94cdb20000e10b8db,guesty,2027-03-19T00:00:00.000000,1,0,0,0,1,7600.0,1
686424d94cdb20000e10b8db,guesty,2027-03-20T00:00:00.000000,1,0,0,0,1,9222.0,1
686424d94cdb20000e10b8db,guesty,2027-03-21T00:00:00.000000,1,0,0,0,1,3906.0,1
686424d94cdb20000e10b8db,guesty,2027-03-22T00:00:00.000000,1,0,0,0,1,3987.0,1
686424d94cdb20000e10b8db,guesty,2027-03-23T00:00:00.000000,1,0,0,0,1,3987.0,1
686424d94cdb20000e10b8db,guesty,2027-03-24T00:00:00.000000,1,0,0,0,1,3987.0,1
686424d94cdb20000e10b8db,guesty,2027-03-25T00:00:00.000000,1,0,0,0,1,4244.0,1
686424d94cdb20000e10b8db,guesty,2027-03-26T00:00:00.000000,1,0,0,0,1,7600.0,1
686424d94cdb20000e10b8db,guesty,2027-03-27T00:00:00.000000,1,0,0,0,1,9222.0,1
686424d94cdb20000e10b8db,guesty,2027-03-28T00:00:00.000000,1,0,0,0,1,3906.0,1
686424d94cdb20000e10b8db,guesty,2027-03-29T00:00:00.000000,1,0,0,0,1,3987.0,1
686424d94cdb20000e10b8db,guesty,2027-03-30T00:00:00.000000,1,0,0,0,1,3987.0,1
686424d94cdb20000e10b8db,guesty,2027-03-31T00:00:00.000000,1,0,0,0,1,3987.0,1
686424d94cdb20000e10b8db,guesty,2027-04-01T00:00:00.000000,1,0,0,0,1,5531.0,1
686424d94cdb20000e10b8db,guesty,2027-04-02T00:00:00.000000,1,0,0,0,1,9903.0,1
686424d94cdb20000e10b8db,guesty,2027-04-03T00:00:00.000000,1,0,0,0,1,11998.0,1
686424d94cdb20000e10b8db,guesty,2027-04-04T00:00:00.000000,1,0,0,0,1,4244.0,1
686424d94cdb20000e10b8db,guesty,2027-04-05T00:00:00.000000,1,0,0,0,1,3987.0,1
686424d94cdb20000e10b8db,guesty,2027-04-06T00:00:00.000000,1,0,0,0,1,3987.0,1
686424d94cdb20000e10b8db,guesty,2027-04-07T00:00:00.000000,1,0,0,0,1,3987.0,1
686424d94cdb20000e10b8db,guesty,2027-04-08T00:00:00.000000,1,0,0,0,1,18279.0,1
686424d94cdb20000e10b8db,guesty,2027-04-09T00:00:00.000000,1,0,0,0,1,27451.0,1
686424d94cdb20000e10b8db,guesty,2027-04-10T00:00:00.000000,1,0,0,0,1,27451.0,1
686424d94cdb20000e10b8db,guesty,2027-04-11T00:00:00.000000,1,0,0,0,1,18273.0,1
686424d94cdb20000e10b8db,guesty,2027-04-12T00:00:00.000000,1,0,0,0,1,3987.0,1
686424d94cdb20000e10b8db,guesty,2027-04-13T00:00:00.000000,1,0,0,0,1,3987.0,1
686424d94cdb20000e10b8db,guesty,2027-04-14T00:00:00.000000,1,0,0,0,1,3987.0,1
686424d94cdb20000e10b8db,guesty,2027-04-15T00:00:00.000000,1,0,0,0,1,9388.0,1
686424d94cdb20000e10b8db,guesty,2027-04-16T00:00:00.000000,1,0,0,0,1,20332.0,1
686424d94cdb20000e10b8db,guesty,2027-04-17T00:00:00.000000,1,0,0,0,1,20332.0,1
686424d94cdb20000e10b8db,guesty,2027-04-18T00:00:00.000000,1,0,0,0,1,9383.0,1
686424d94cdb20000e10b8db,guesty,2027-04-19T00:00:00.000000,1,0,0,0,1,3987.0,1
686424d94cdb20000e10b8db,guesty,2027-04-20T00:00:00.000000,1,0,0,0,1,3987.0,1
686424d94cdb20000e10b8db,guesty,2027-04-21T00:00:00.000000,1,0,0,0,1,3987.0,1
686424d94cdb20000e10b8db,guesty,2027-04-22T00:00:00.000000,1,0,0,0,1,6021.0,1
686424d94cdb20000e10b8db,guesty,2027-04-23T00:00:00.000000,1,0,0,0,1,9222.0,1
686424d94cdb20000e10b8db,guesty,2027-04-24T00:00:00.000000,1,0,0,0,1,9222.0,1
686424d94cdb20000e10b8db,guesty,2027-04-25T00:00:00.000000,1,0,0,0,1,6562.0,1
686424d94cdb20000e10b8db,guesty,2027-04-26T00:00:00.000000,1,0,0,0,1,3987.0,1
686424d94cdb20000e10b8db,guesty,2027-04-27T00:00:00.000000,1,0,0,0,1,3987.0,1
686424d94cdb20000e10b8db,guesty,2027-04-28T00:00:00.000000,1,0,0,0,1,3987.0,1
686424d94cdb20000e10b8db,guesty,2027-04-29T00:00:00.000000,1,0,0,0,1,4244.0,1
686424d94cdb20000e10b8db,guesty,2027-04-30T00:00:00.000000,1,0,0,0,1,7600.0,1
686424d94cdb20000e10b8db,guesty,2027-05-01T00:00:00.000000,1,0,0,0,1,7600.0,1
686424d94cdb20000e10b8db,guesty,2027-05-02T00:00:00.000000,1,0,0,0,1,4244.0,1
686424d94cdb20000e10b8db,guesty,2027-05-03T00:00:00.000000,1,0,0,0,1,3280.0,1
686424d94cdb20000e10b8db,guesty,2027-05-04T00:00:00.000000,1,0,0,0,1,3280.0,1
686424d94cdb20000e10b8db,guesty,2027-05-05T00:00:00.000000,1,0,0,0,1,3280.0,1
686424d94cdb20000e10b8db,guesty,2027-05-06T00:00:00.000000,1,0,0,0,1,4118.0,1
686424d94cdb20000e10b8db,guesty,2027-05-07T00:00:00.000000,1,0,0,0,1,6385.0,1
686424d94cdb20000e10b8db,guesty,2027-05-08T00:00:00.000000,1,0,0,0,1,7104.0,1
686424d94cdb20000e10b8db,guesty,2027-05-09T00:00:00.000000,1,0,0,0,1,3918.0,1
686424d94cdb20000e10b8db,guesty,2027-05-10T00:00:00.000000,1,0,0,0,1,3134.0,1
686424d94cdb20000e10b8db,guesty,2027-05-11T00:00:00.000000,1,0,0,0,1,3298.0,1
686424d94cdb20000e10b8db,guesty,2027-05-12T00:00:00.000000,1,0,0,0,1,3154.0,1
686424d94cdb20000e10b8db,guesty,2027-05-13T00:00:00.000000,1,0,0,0,1,3963.0,1
686424d94cdb20000e10b8db,guesty,2027-05-14T00:00:00.000000,1,0,0,0,1,6164.0,1
686424d94cdb20000e10b8db,guesty,2027-05-15T00:00:00.000000,1,0,0,0,1,6864.0,1
686424d94cdb20000e10b8db,guesty,2027-05-16T00:00:00.000000,1,0,0,0,1,3994.0,1
686424d94cdb20000e10b8db,guesty,2027-05-17T00:00:00.000000,1,0,0,0,1,3196.0,1
686424d94cdb20000e10b8db,guesty,2027-05-18T00:00:00.000000,1,0,0,0,1,3205.0,1
686424d94cdb20000e10b8db,guesty,2027-05-19T00:00:00.000000,1,0,0,0,1,3214.0,1
686424d94cdb20000e10b8db,guesty,2027-05-20T00:00:00.000000,1,0,0,0,1,4040.0,1
686424d94cdb20000e10b8db,guesty,2027-05-21T00:00:00.000000,1,0,0,0,1,6280.0,1
686424d94cdb20000e10b8db,guesty,2027-05-22T00:00:00.000000,1,0,0,0,1,6993.0,1
686424d94cdb20000e10b8db,guesty,2027-05-23T00:00:00.000000,1,0,0,0,1,4072.0,1
686424d94cdb20000e10b8db,guesty,2027-05-24T00:00:00.000000,1,0,0,0,1,3261.0,1
686424d94cdb20000e10b8db,guesty,2027-05-25T00:00:00.000000,1,0,0,0,1,3265.0,1
686424d94cdb20000e10b8db,guesty,2027-05-26T00:00:00.000000,1,0,0,0,1,3279.0,1
686424d94cdb20000e10b8db,guesty,2027-05-27T00:00:00.000000,1,0,0,0,1,4553.0,1
686424d94cdb20000e10b8db,guesty,2027-05-28T00:00:00.000000,1,0,0,0,1,8092.0,1
686424d94cdb20000e10b8db,guesty,2027-05-29T00:00:00.000000,1,0,0,0,1,9017.0,1
686424d94cdb20000e10b8db,guesty,2027-05-30T00:00:00.000000,1,0,0,0,1,5250.0,1
686424d94cdb20000e10b8db,guesty,2027-05-31T00:00:00.000000,1,0,0,0,1,4205.0,1
686424d94cdb20000e10b8db,guesty,2027-06-01T00:00:00.000000,1,0,0,0,1,3511.0,1
686424d94cdb20000e10b8db,guesty,2027-06-02T00:00:00.000000,1,0,0,0,1,3521.0,1
686424d94cdb20000e10b8db,guesty,2027-06-03T00:00:00.000000,1,0,0,0,1,3963.0,1
686424d94cdb20000e10b8db,guesty,2027-06-04T00:00:00.000000,1,0,0,0,1,5824.0,1
686424d94cdb20000e10b8db,guesty,2027-06-05T00:00:00.000000,1,0,0,0,1,5839.0,1
686424d94cdb20000e10b8db,guesty,2027-06-06T00:00:00.000000,1,0,0,0,1,3996.0,1
686424d94cdb20000e10b8db,guesty,2027-06-07T00:00:00.000000,1,0,0,0,1,2973.0,1
686424d94cdb20000e10b8db,guesty,2027-06-08T00:00:00.000000,1,0,0,0,1,2982.0,1
686424d94cdb20000e10b8db,guesty,2027-06-09T00:00:00.000000,1,0,0,0,1,2990.0,1
686424d94cdb20000e10b8db,guesty,2027-06-10T00:00:00.000000,1,0,0,0,1,4040.0,1
686424d94cdb20000e10b8db,guesty,2027-06-11T00:00:00.000000,1,0,0,0,1,5933.0,1
686424d94cdb20000e10b8db,guesty,2027-06-12T00:00:00.000000,1,0,0,0,1,5949.0,1
686424d94cdb20000e10b8db,guesty,2027-06-13T00:00:00.000000,1,0,0,0,1,4074.0,1
686424d94cdb20000e10b8db,guesty,2027-06-14T00:00:00.000000,1,0,0,0,1,3032.0,1
686424d94cdb20000e10b8db,guesty,2027-06-15T00:00:00.000000,1,0,0,0,1,3192.0,1
686424d94cdb20000e10b8db,guesty,2027-06-16T00:00:00.000000,1,0,0,0,1,3201.0,1
686424d94cdb20000e10b8db,guesty,2027-06-17T00:00:00.000000,1,0,0,0,1,4118.0,1
686424d94cdb20000e10b8db,guesty,2027-06-18T00:00:00.000000,1,0,0,0,1,6044.0,1
686424d94cdb20000e10b8db,guesty,2027-06-19T00:00:00.000000,1,0,0,0,1,6061.0,1
686424d94cdb20000e10b8db,guesty,2027-06-20T00:00:00.000000,1,0,0,0,1,4152.0,1
686424d94cdb20000e10b8db,guesty,2027-06-21T00:00:00.000000,1,0,0,0,1,3092.0,1
686424d94cdb20000e10b8db,guesty,2027-06-22T00:00:00.000000,1,0,0,0,1,3255.0,1
686424d94cdb20000e10b8db,guesty,2027-06-23T00:00:00.000000,1,0,0,0,1,3110.0,1
686424d94cdb20000e10b8db,guesty,2027-06-24T00:00:00.000000,1,0,0,0,1,4198.0,1
686424d94cdb20000e10b8db,guesty,2027-06-25T00:00:00.000000,1,0,0,0,1,6143.0,1
686424d94cdb20000e10b8db,guesty,2027-06-26T00:00:00.000000,1,0,0,0,1,6143.0,1
686424d94cdb20000e10b8db,guesty,2027-06-27T00:00:00.000000,1,0,0,0,1,4198.0,1
686424d94cdb20000e10b8db,guesty,2027-06-28T00:00:00.000000,1,0,0,0,1,3118.0,1
686424d94cdb20000e10b8db,guesty,2027-06-29T00:00:00.000000,1,0,0,0,1,3118.0,1
686424d94cdb20000e10b8db,guesty,2027-06-30T00:00:00.000000,1,0,0,0,1,3118.0,1
686424d94cdb20000e10b8db,guesty,2027-07-01T00:00:00.000000,1,0,0,0,1,5037.0,1
686424d94cdb20000e10b8db,guesty,2027-07-02T00:00:00.000000,1,0,0,0,1,7372.0,1
686424d94cdb20000e10b8db,guesty,2027-07-03T00:00:00.000000,1,0,0,0,1,7372.0,1
686424d94cdb20000e10b8db,guesty,2027-07-04T00:00:00.000000,1,0,0,0,1,5037.0,1
686424d94cdb20000e10b8db,guesty,2027-07-05T00:00:00.000000,1,0,0,0,1,3118.0,1
686424d94cdb20000e10b8db,guesty,2027-07-06T00:00:00.000000,1,0,0,0,1,3118.0,1
686424d94cdb20000e10b8db,guesty,2027-07-07T00:00:00.000000,1,0,0,0,1,3118.0,1
686424d94cdb20000e10b8db,guesty,2027-07-08T00:00:00.000000,1,0,0,0,1,4198.0,1
686424d94cdb20000e10b8db,guesty,2027-07-09T00:00:00.000000,1,0,0,0,1,6143.0,1
686424d94cdb20000e10b8db,guesty,2027-07-10T00:00:00.000000,1,0,0,0,1,6143.0,1
686424d94cdb20000e10b8db,guesty,2027-07-11T00:00:00.000000,1,0,0,0,1,4198.0,1
686424d94cdb20000e10b8db,guesty,2027-07-12T00:00:00.000000,1,0,0,0,1,3118.0,1
686424d94cdb20000e10b8db,guesty,2027-07-13T00:00:00.000000,1,0,0,0,1,3118.0,1
686424d94cdb20000e10b8db,guesty,2027-07-14T00:00:00.000000,1,0,0,0,1,3118.0,1
686424d94cdb20000e10b8db,guesty,2027-07-15T00:00:00.000000,1,0,0,0,1,4198.0,1
686424d94cdb20000e10b8db,guesty,2027-07-16T00:00:00.000000,1,0,0,0,1,6143.0,1
686424d94cdb20000e10b8db,guesty,2027-07-17T00:00:00.000000,1,0,0,0,1,6143.0,1
686424d94cdb20000e10b8db,guesty,2027-07-18T00:00:00.000000,1,0,0,0,1,4198.0,1
686424d94cdb20000e10b8db,guesty,2027-07-19T00:00:00.000000,1,0,0,0,1,3118.0,1
686424d94cdb20000e10b8db,guesty,2027-07-20T00:00:00.000000,1,0,0,0,1,3118.0,1
686424d94cdb20000e10b8db,guesty,2027-07-21T00:00:00.000000,1,0,0,0,1,3118.0,1
686424d94cdb20000e10b8db,guesty,2027-07-22T00:00:00.000000,1,0,0,0,1,4198.0,1
686424d94cdb20000e10b8db,guesty,2027-07-23T00:00:00.000000,1,0,0,0,1,6143.0,1
686424d94cdb20000e10b8db,guesty,2027-07-24T00:00:00.000000,1,0,0,0,1,6143.0,1
686424d94cdb20000e10b8db,guesty,2027-07-25T00:00:00.000000,1,0,0,0,1,4198.0,1
686424d94cdb20000e10b8db,guesty,2027-07-26T00:00:00.000000,1,0,0,0,1,3118.0,1
686424d94cdb20000e10b8db,guesty,2027-07-27T00:00:00.000000,1,0,0,0,1,3118.0,1
686424d94cdb20000e10b8db,guesty,2027-07-28T00:00:00.000000,1,0,0,0,1,3118.0,1
686424d94cdb20000e10b8db,guesty,2027-07-29T00:00:00.000000,1,0,0,0,1,4198.0,1
686424d94cdb20000e10b8db,guesty,2027-07-30T00:00:00.000000,1,0,0,0,1,6143.0,1
686424d94cdb20000e10b8db,guesty,2027-07-31T00:00:00.000000,1,0,0,0,1,6143.0,1
686424d94cdb20000e10b8db,guesty,2027-08-01T00:00:00.000000,1,0,0,0,1,4198.0,1
686424d94cdb20000e10b8db,guesty,2027-08-02T00:00:00.000000,1,0,0,0,1,3118.0,1
686424d94cdb20000e10b8db,guesty,2027-08-03T00:00:00.000000,1,0,0,0,1,3118.0,1
686424d94cdb20000e10b8db,guesty,2027-08-04T00:00:00.000000,1,0,0,0,1,3118.0,1
686424d94cdb20000e10b8db,guesty,2027-08-05T00:00:00.000000,1,0,0,0,1,4198.0,1
686424d94cdb20000e10b8db,guesty,2027-08-06T00:00:00.000000,1,0,0,0,1,6143.0,1
686424d94cdb20000e10b8db,guesty,2027-08-07T00:00:00.000000,1,0,0,0,1,6143.0,1
686424d94cdb20000e10b8db,guesty,2027-08-08T00:00:00.000000,1,0,0,0,1,4198.0,1
686424d94cdb20000e10b8db,guesty,2027-08-09T00:00:00.000000,1,0,0,0,1,3118.0,1
686424d94cdb20000e10b8db,guesty,2027-08-10T00:00:00.000000,1,0,0,0,1,3118.0,1
686424d94cdb20000e10b8db,guesty,2027-08-11T00:00:00.000000,1,0,0,0,1,3118.0,1
686424d94cdb20000e10b8db,guesty,2027-08-12T00:00:00.000000,1,0,0,0,1,4198.0,1
686424d94cdb20000e10b8db,guesty,2027-08-13T00:00:00.000000,1,0,0,0,1,6143.0,1
686424d94cdb20000e10b8db,guesty,2027-08-14T00:00:00.000000,1,0,0,0,1,6143.0,1
686424d94cdb20000e10b8db,guesty,2027-08-15T00:00:00.000000,1,0,0,0,1,4198.0,1
686424d94cdb20000e10b8db,guesty,2027-08-16T00:00:00.000000,1,0,0,0,1,3118.0,1
686424d94cdb20000e10b8db,guesty,2027-08-17T00:00:00.000000,1,0,0,0,1,3118.0,1
686424d94cdb20000e10b8db,guesty,2027-08-18T00:00:00.000000,1,0,0,0,1,3118.0,1
686424d94cdb20000e10b8db,guesty,2027-08-19T00:00:00.000000,1,0,0,0,1,4198.0,1
686424d94cdb20000e10b8db,guesty,2027-08-20T00:00:00.000000,1,0,0,0,1,6143.0,1
686424d94cdb20000e10b8db,guesty,2027-08-21T00:00:00.000000,1,0,0,0,1,6143.0,1
686424d94cdb20000e10b8db,guesty,2027-08-22T00:00:00.000000,1,0,0,0,1,4198.0,1
686424d94cdb20000e10b8db,guesty,2027-08-23T00:00:00.000000,1,0,0,0,1,3118.0,1
686424d94cdb20000e10b8db,guesty,2027-08-24T00:00:00.000000,1,0,0,0,1,3118.0,1
686424d94cdb20000e10b8db,guesty,2027-08-25T00:00:00.000000,1,0,0,0,1,3118.0,1
686424d94cdb20000e10b8db,guesty,2027-08-26T00:00:00.000000,1,0,0,0,1,4198.0,1
686424d94cdb20000e10b8db,guesty,2027-08-27T00:00:00.000000,1,0,0,0,1,6143.0,1
686424d94cdb20000e10b8db,guesty,2027-08-28T00:00:00.000000,1,0,0,0,1,6143.0,1
686424d94cdb20000e10b8db,guesty,2027-08-29T00:00:00.000000,1,0,0,0,1,4198.0,1
686424d94cdb20000e10b8db,guesty,2027-08-30T00:00:00.000000,1,0,0,0,1,3118.0,1
686424d94cdb20000e10b8db,guesty,2027-08-31T00:00:00.000000,1,0,0,0,1,3118.0,1
686424d94cdb20000e10b8db,guesty,2027-09-01T00:00:00.000000,1,0,0,0,1,3118.0,1
686424d94cdb20000e10b8db,guesty,2027-09-02T00:00:00.000000,1,0,0,0,1,4822.0,1
686424d94cdb20000e10b8db,guesty,2027-09-03T00:00:00.000000,1,0,0,0,1,8741.0,1
686424d94cdb20000e10b8db,guesty,2027-09-04T00:00:00.000000,1,0,0,0,1,11462.0,1
686424d94cdb20000e10b8db,guesty,2027-09-05T00:00:00.000000,1,0,0,0,1,4881.0,1
686424d94cdb20000e10b8db,guesty,2027-09-06T00:00:00.000000,1,0,0,0,1,4221.0,1
686424d94cdb20000e10b8db,guesty,2027-09-07T00:00:00.000000,1,0,0,0,1,3838.0,1
686424d94cdb20000e10b8db,guesty,2027-09-08T00:00:00.000000,1,0,0,0,1,3742.0,1
686424d94cdb20000e10b8db,guesty,2027-09-09T00:00:00.000000,1,0,0,0,1,4822.0,1
686424d94cdb20000e10b8db,guesty,2027-09-10T00:00:00.000000,1,0,0,0,1,7947.0,1
686424d94cdb20000e10b8db,guesty,2027-09-11T00:00:00.000000,1,0,0,0,1,10420.0,1
686424d94cdb20000e10b8db,guesty,2027-09-12T00:00:00.000000,1,0,0,0,1,4438.0,1
686424d94cdb20000e10b8db,guesty,2027-09-13T00:00:00.000000,1,0,0,0,1,3838.0,1
686424d94cdb20000e10b8db,guesty,2027-09-14T00:00:00.000000,1,0,0,0,1,3838.0,1
686424d94cdb20000e10b8db,guesty,2027-09-15T00:00:00.000000,1,0,0,0,1,3742.0,1
686424d94cdb20000e10b8db,guesty,2027-09-16T00:00:00.000000,1,0,0,0,1,4822.0,1
686424d94cdb20000e10b8db,guesty,2027-09-17T00:00:00.000000,1,0,0,0,1,7947.0,1
686424d94cdb20000e10b8db,guesty,2027-09-18T00:00:00.000000,1,0,0,0,1,10420.0,1
686424d94cdb20000e10b8db,guesty,2027-09-19T00:00:00.000000,1,0,0,0,1,4438.0,1
686424d94cdb20000e10b8db,guesty,2027-09-20T00:00:00.000000,1,0,0,0,1,3838.0,1
686424d94cdb20000e10b8db,guesty,2027-09-21T00:00:00.000000,1,0,0,0,1,3838.0,1
686424d94cdb20000e10b8db,guesty,2027-09-22T00:00:00.000000,1,0,0,0,1,3742.0,1
686424d94cdb20000e10b8db,guesty,2027-09-23T00:00:00.000000,1,0,0,0,1,4822.0,1
686424d94cdb20000e10b8db,guesty,2027-09-24T00:00:00.000000,1,0,0,0,1,7947.0,1
686424d94cdb20000e10b8db,guesty,2027-09-25T00:00:00.000000,1,0,0,0,1,10420.0,1
686424d94cdb20000e10b8db,guesty,2027-09-26T00:00:00.000000,1,0,0,0,1,4438.0,1
686424d94cdb20000e10b8db,guesty,2027-09-27T00:00:00.000000,1,0,0,0,1,3838.0,1
686424d94cdb20000e10b8db,guesty,2027-09-28T00:00:00.000000,1,0,0,0,1,3838.0,1
686424d94cdb20000e10b8db,guesty,2027-09-29T00:00:00.000000,1,0,0,0,1,3742.0,1
686424d94cdb20000e10b8db,guesty,2027-09-30T00:00:00.000000,1,0,0,0,1,4438.0,1
686424d94cdb20000e10b8db,guesty,2027-10-01T00:00:00.000000,1,0,0,0,1,8605.0,1
686424d94cdb20000e10b8db,guesty,2027-10-02T00:00:00.000000,1,0,0,0,1,10420.0,1
686424d94cdb20000e10b8db,guesty,2027-10-03T00:00:00.000000,1,0,0,0,1,4438.0,1
686424d94cdb20000e10b8db,guesty,2027-10-04T00:00:00.000000,1,0,0,0,1,3838.0,1
686424d94cdb20000e10b8db,guesty,2027-10-05T00:00:00.000000,1,0,0,0,1,3838.0,1
686424d94cdb20000e10b8db,guesty,2027-10-06T00:00:00.000000,1,0,0,0,1,3838.0,1
686424d94cdb20000e10b8db,guesty,2027-10-07T00:00:00.000000,1,0,0,0,1,4822.0,1
686424d94cdb20000e10b8db,guesty,2027-10-08T00:00:00.000000,1,0,0,0,1,8605.0,1
686424d94cdb20000e10b8db,guesty,2027-10-09T00:00:00.000000,1,0,0,0,1,10420.0,1
686424d94cdb20000e10b8db,guesty,2027-10-10T00:00:00.000000,1,0,0,0,1,4438.0,1
686424d94cdb20000e10b8db,guesty,2027-10-11T00:00:00.000000,1,0,0,0,1,3838.0,1
686424d94cdb20000e10b8db,guesty,2027-10-12T00:00:00.000000,1,0,0,0,1,3838.0,1
686424d94cdb20000e10b8db,guesty,2027-10-13T00:00:00.000000,1,0,0,0,1,3838.0,1
686424d94cdb20000e10b8db,guesty,2027-10-14T00:00:00.000000,1,0,0,0,1,4822.0,1
686424d94cdb20000e10b8db,guesty,2027-10-15T00:00:00.000000,1,0,0,0,1,8605.0,1
686424d94cdb20000e10b8db,guesty,2027-10-16T00:00:00.000000,1,0,0,0,1,10420.0,1
686424d94cdb20000e10b8db,guesty,2027-10-17T00:00:00.000000,1,0,0,0,1,4438.0,1
686424d94cdb20000e10b8db,guesty,2027-10-18T00:00:00.000000,1,0,0,0,1,3838.0,1
686424d94cdb20000e10b8db,guesty,2027-10-19T00:00:00.000000,1,0,0,0,1,3838.0,1
686424d94cdb20000e10b8db,guesty,2027-10-20T00:00:00.000000,1,0,0,0,1,3838.0,1
686424d94cdb20000e10b8db,guesty,2027-10-21T00:00:00.000000,1,0,0,0,1,4822.0,1
686424d94cdb20000e10b8db,guesty,2027-10-22T00:00:00.000000,1,0,0,0,1,8605.0,1
686424d94cdb20000e10b8db,guesty,2027-10-23T00:00:00.000000,1,0,0,0,1,10420.0,1
686424d94cdb20000e10b8db,guesty,2027-10-24T00:00:00.000000,1,0,0,0,1,4438.0,1
686424d94cdb20000e10b8db,guesty,2027-10-25T00:00:00.000000,1,0,0,0,1,3838.0,1
686424d94cdb20000e10b8db,guesty,2027-10-26T00:00:00.000000,1,0,0,0,1,3838.0,1
686424d94cdb20000e10b8db,guesty,2027-10-27T00:00:00.000000,1,0,0,0,1,3838.0,1
686424d94cdb20000e10b8db,guesty,2027-10-28T00:00:00.000000,1,0,0,0,1,4822.0,1
686424d94cdb20000e10b8db,guesty,2027-10-29T00:00:00.000000,1,0,0,0,1,8605.0,1
686424d94cdb20000e10b8db,guesty,2027-10-30T00:00:00.000000,1,0,0,0,1,10420.0,1
686424d94cdb20000e10b8db,guesty,2027-10-31T00:00:00.000000,1,0,0,0,1,4438.0,1
686424d94cdb20000e10b8db,guesty,2027-11-01T00:00:00.000000,1,0,0,0,1,3838.0,1
686424d94cdb20000e10b8db,guesty,2027-11-02T00:00:00.000000,1,0,0,0,1,3838.0,1
686424d94cdb20000e10b8db,guesty,2027-11-03T00:00:00.000000,1,0,0,0,1,3742.0,1
686424d94cdb20000e10b8db,guesty,2027-11-04T00:00:00.000000,1,0,0,0,1,4822.0,1
686424d94cdb20000e10b8db,guesty,2027-11-05T00:00:00.000000,1,0,0,0,1,8605.0,1
686424d94cdb20000e10b8db,guesty,2027-11-06T00:00:00.000000,1,0,0,0,1,10420.0,1
686424d94cdb20000e10b8db,guesty,2027-11-07T00:00:00.000000,1,0,0,0,1,4438.0,1
686424d94cdb20000e10b8db,guesty,2027-11-08T00:00:00.000000,1,0,0,0,1,3838.0,1
686424d94cdb20000e10b8db,guesty,2027-11-09T00:00:00.000000,1,0,0,0,1,3838.0,1
686424d94cdb20000e10b8db,guesty,2027-11-10T00:00:00.000000,1,0,0,0,1,3742.0,1
686424d94cdb20000e10b8db,guesty,2027-11-11T00:00:00.000000,1,0,0,0,1,4822.0,1
686424d94cdb20000e10b8db,guesty,2027-11-12T00:00:00.000000,1,0,0,0,1,8605.0,1
686424d94cdb20000e10b8db,guesty,2027-11-13T00:00:00.000000,1,0,0,0,1,10420.0,1
686424d94cdb20000e10b8db,guesty,2027-11-14T00:00:00.000000,1,0,0,0,1,4438.0,1
686424d94cdb20000e10b8db,guesty,2027-11-15T00:00:00.000000,1,0,0,0,1,3838.0,1
686424d94cdb20000e10b8db,guesty,2027-11-16T00:00:00.000000,1,0,0,0,1,3838.0,1
686424d94cdb20000e10b8db,guesty,2027-11-17T00:00:00.000000,1,0,0,0,1,3742.0,1
686424d94cdb20000e10b8db,guesty,2027-11-18T00:00:00.000000,1,0,0,0,1,4822.0,1
686424d94cdb20000e10b8db,guesty,2027-11-19T00:00:00.000000,1,0,0,0,1,8605.0,1
686424d94cdb20000e10b8db,guesty,2027-11-20T00:00:00.000000,1,0,0,0,1,10420.0,1
686424d94cdb20000e10b8db,guesty,2027-11-21T00:00:00.000000,1,0,0,0,1,4438.0,1
686424d94cdb20000e10b8db,guesty,2027-11-22T00:00:00.000000,1,0,0,0,1,3838.0,1
686424d94cdb20000e10b8db,guesty,2027-11-23T00:00:00.000000,1,0,0,0,1,3838.0,1
686424d94cdb20000e10b8db,guesty,2027-11-24T00:00:00.000000,1,0,0,0,1,3742.0,1
686424d94cdb20000e10b8db,guesty,2027-11-25T00:00:00.000000,1,0,0,0,1,7232.0,1
686424d94cdb20000e10b8db,guesty,2027-11-26T00:00:00.000000,1,0,0,0,1,12908.0,1
686424d94cdb20000e10b8db,guesty,2027-11-27T00:00:00.000000,1,0,0,0,1,15630.0,1
686424d94cdb20000e10b8db,guesty,2027-11-28T00:00:00.000000,1,0,0,0,1,4438.0,1
686424d94cdb20000e10b8db,guesty,2027-11-29T00:00:00.000000,1,0,0,0,1,3838.0,1
686424d94cdb20000e10b8db,guesty,2027-11-30T00:00:00.000000,1,0,0,0,1,3838.0,1
686424d94cdb20000e10b8db,guesty,2027-12-01T00:00:00.000000,1,0,0,0,1,3838.0,1
686424d94cdb20000e10b8db,guesty,2027-12-02T00:00:00.000000,1,0,0,0,1,4822.0,1
686424d94cdb20000e10b8db,guesty,2027-12-03T00:00:00.000000,1,0,0,0,1,7947.0,1
686424d94cdb20000e10b8db,guesty,2027-12-04T00:00:00.000000,1,0,0,0,1,10420.0,1
686424d94cdb20000e10b8db,guesty,2027-12-05T00:00:00.000000,1,0,0,0,1,4438.0,1
686424d94cdb20000e10b8db,guesty,2027-12-06T00:00:00.000000,1,0,0,0,1,3838.0,1
686424d94cdb20000e10b8db,guesty,2027-12-07T00:00:00.000000,1,0,0,0,1,3838.0,1
686424d94cdb20000e10b8db,guesty,2027-12-08T00:00:00.000000,1,0,0,0,1,3742.0,1
686424d94cdb20000e10b8db,guesty,2027-12-09T00:00:00.000000,1,0,0,0,1,4822.0,1
686424d94cdb20000e10b8db,guesty,2027-12-10T00:00:00.000000,1,0,0,0,1,7947.0,1
686424d94cdb20000e10b8db,guesty,2027-12-11T00:00:00.000000,1,0,0,0,1,10420.0,1
686424d94cdb20000e10b8db,guesty,2027-12-12T00:00:00.000000,1,0,0,0,1,4438.0,1
686424d94cdb20000e10b8db,guesty,2027-12-13T00:00:00.000000,1,0,0,0,1,3838.0,1
686424d94cdb20000e10b8db,guesty,2027-12-14T00:00:00.000000,1,0,0,0,1,3838.0,1
686424d94cdb20000e10b8db,guesty,2027-12-15T00:00:00.000000,1,0,0,0,1,3742.0,1
686424d94cdb20000e10b8db,guesty,2027-12-16T00:00:00.000000,1,0,0,0,1,4822.0,1
686424d94cdb20000e10b8db,guesty,2027-12-17T00:00:00.000000,1,0,0,0,1,9536.0,1
686424d94cdb20000e10b8db,guesty,2027-12-18T00:00:00.000000,1,0,0,0,1,12504.0,1
686424d94cdb20000e10b8db,guesty,2027-12-19T00:00:00.000000,1,0,0,0,1,5325.0,1
686424d94cdb20000e10b8db,guesty,2027-12-20T00:00:00.000000,1,0,0,0,1,4605.0,1
686424d94cdb20000e10b8db,guesty,2027-12-21T00:00:00.000000,1,0,0,0,1,4605.0,1
686424d94cdb20000e10b8db,guesty,2027-12-22T00:00:00.000000,1,0,0,0,1,4490.0,1
686424d94cdb20000e10b8db,guesty,2027-12-23T00:00:00.000000,1,0,0,0,1,5786.0,1
686424d94cdb20000e10b8db,guesty,2027-12-24T00:00:00.000000,1,0,0,0,1,21456.0,1
686424d94cdb20000e10b8db,guesty,2027-12-25T00:00:00.000000,1,0,0,0,1,21456.0,1
686424d94cdb20000e10b8db,guesty,2027-12-26T00:00:00.000000,1,0,0,0,1,21456.0,1
686424d94cdb20000e10b8db,guesty,2027-12-27T00:00:00.000000,1,0,0,0,1,3838.0,1
686424d94cdb20000e10b8db,guesty,2027-12-28T00:00:00.000000,1,0,0,0,1,3838.0,1
686424d94cdb20000e10b8db,guesty,2027-12-29T00:00:00.000000,1,0,0,0,1,3742.0,1
686424d94cdb20000e10b8db,guesty,2027-12-30T00:00:00.000000,1,0,0,0,1,30038.0,1
686424d94cdb20000e10b8db,guesty,2027-12-31T00:00:00.000000,1,0,0,0,1,30038.0,1
686424d94cdb20000e10b8db,guesty,2028-01-01T00:00:00.000000,1,0,0,0,1,30038.0,1
686424d94cdb20000e10b8db,guesty,2028-01-02T00:00:00.000000,1,0,0,0,1,15019.0,1
686424d94cdb20000e10b8db,guesty,2028-01-03T00:00:00.000000,1,0,0,0,1,3118.0,1
686424d94cdb20000e10b8db,guesty,2028-01-04T00:00:00.000000,1,0,0,0,1,3118.0,1
686424d94cdb20000e10b8db,guesty,2028-01-05T00:00:00.000000,1,0,0,0,1,3118.0,1
686424d94cdb20000e10b8db,guesty,2028-01-06T00:00:00.000000,1,0,0,0,1,4198.0,1
686424d94cdb20000e10b8db,guesty,2028-01-07T00:00:00.000000,1,0,0,0,1,6826.0,1
686424d94cdb20000e10b8db,guesty,2028-01-08T00:00:00.000000,1,0,0,0,1,6826.0,1
686424d94cdb20000e10b8db,guesty,2028-01-09T00:00:00.000000,1,0,0,0,1,4198.0,1
