Listing ID,PMS Name,Date,Units,No. Booked,No. Blocked,blocking_units,Bookable Units,nightly_revenue,Vacant Units
316005___633307,cloudbeds,2026-08-25T00:00:00.000000,1,0,0,0,1,0.0,1
316005___633307,cloudbeds,2026-08-26T00:00:00.000000,1,1,0,0,1,0.0,0
316005___633307,cloudbeds,2026-08-27T00:00:00.000000,1,1,0,0,1,0.0,0
316005___633307,cloudbeds,2026-08-28T00:00:00.000000,1,1,0,0,1,0.0,0
316005___633307,cloudbeds,2026-08-29T00:00:00.000000,1,1,0,0,1,0.0,0
316005___633307,cloudbeds,2026-08-30T00:00:00.000000,1,1,0,0,1,0.0,0
316005___633307,cloudbeds,2026-08-31T00:00:00.000000,1,1,0,0,1,0.0,0
316005___633307,cloudbeds,2026-09-01T00:00:00.000000,1,1,0,0,1,0.0,0
316005___633307,cloudbeds,2026-09-02T00:00:00.000000,1,1,0,0,1,0.0,0
316005___633307,cloudbeds,2026-09-03T00:00:00.000000,1,1,0,0,1,0.0,0
316005___633307,cloudbeds,2026-09-04T00:00:00.000000,1,1,0,0,1,0.0,0
316005___633307,cloudbeds,2026-09-05T00:00:00.000000,1,1,0,0,1,0.0,0
316005___633307,cloudbeds,2026-09-06T00:00:00.000000,1,1,0,0,1,0.0,0
316005___633307,cloudbeds,2026-09-07T00:00:00.000000,1,1,0,0,1,0.0,0
316005___633307,cloudbeds,2026-09-08T00:00:00.000000,1,1,0,0,1,0.0,0
316005___633307,cloudbeds,2026-09-09T00:00:00.000000,1,1,0,0,1,0.0,0
316005___633307,cloudbeds,2026-09-10T00:00:00.000000,1,1,0,0,1,0.0,0
316005___633307,cloudbeds,2026-09-11T00:00:00.000000,1,1,0,0,1,0.0,0
316005___633307,cloudbeds,2026-09-12T00:00:00.000000,1,1,0,0,1,0.0,0
316005___633307,cloudbeds,2026-09-13T00:00:00.000000,1,1,0,0,1,0.0,0
316005___633307,cloudbeds,2026-09-14T00:00:00.000000,1,1,0,0,1,0.0,0
316005___633307,cloudbeds,2026-09-15T00:00:00.000000,1,1,0,0,1,0.0,0
316005___633307,cloudbeds,2026-09-16T00:00:00.000000,1,1,0,0,1,0.0,0
316005___633307,cloudbeds,2026-09-17T00:00:00.000000,1,1,0,0,1,0.0,0
316005___633307,cloudbeds,2026-09-18T00:00:00.000000,1,1,0,0,1,0.0,0
316005___633307,cloudbeds,2026-09-19T00:00:00.000000,1,1,0,0,1,0.0,0
316005___633307,cloudbeds,2026-09-20T00:00:00.000000,1,1,0,0,1,0.0,0
316005___633307,cloudbeds,2026-09-21T00:00:00.000000,1,0,0,0,1,0.0,1
316005___633307,cloudbeds,2026-09-22T00:00:00.000000,1,0,0,0,1,0.0,1
316005___633307,cloudbeds,2026-09-23T00:00:00.000000,1,1,0,0,1,0.0,0
316005___633307,cloudbeds,2026-09-24T00:00:00.000000,1,1,0,0,1,217.0,0
316005___633307,cloudbeds,2026-09-25T00:00:00.000000,1,1,0,0,1,790.0,0
316005___633307,cloudbeds,2026-09-26T00:00:00.000000,1,1,0,0,1,505.0,0
316005___633307,cloudbeds,2026-09-27T00:00:00.000000,1,1,0,0,1,223.0,0
316005___633307,cloudbeds,2026-09-28T00:00:00.000000,1,0,0,0,1,209.0,1
316005___633307,cloudbeds,2026-09-29T00:00:00.000000,1,0,0,0,1,209.0,1
316005___633307,cloudbeds,2026-09-30T00:00:00.000000,1,1,0,0,1,240.0,0
316005___633307,cloudbeds,2026-10-01T00:00:00.000000,1,0,0,0,1,294.0,1
316005___633307,cloudbeds,2026-10-02T00:00:00.000000,1,0,0,0,1,729.0,1
316005___633307,cloudbeds,2026-10-03T00:00:00.000000,1,0,0,0,1,859.0,1
316005___633307,cloudbeds,2026-10-04T00:00:00.000000,1,0,0,0,1,294.0,1
316005___633307,cloudbeds,2026-10-05T00:00:00.000000,1,0,0,0,1,259.0,1
316005___633307,cloudbeds,2026-10-06T00:00:00.000000,1,0,0,0,1,259.0,1
316005___633307,cloudbeds,2026-10-07T00:00:00.000000,1,0,0,0,1,259.0,1
316005___633307,cloudbeds,2026-10-08T00:00:00.000000,1,1,0,0,1,534.0,0
316005___633307,cloudbeds,2026-10-09T00:00:00.000000,1,1,0,0,1,855.0,0
316005___633307,cloudbeds,2026-10-10T00:00:00.000000,1,1,0,0,1,511.0,0
316005___633307,cloudbeds,2026-10-11T00:00:00.000000,1,1,0,0,1,315.0,0
316005___633307,cloudbeds,2026-10-12T00:00:00.000000,1,0,0,0,1,470.0,1
316005___633307,cloudbeds,2026-10-13T00:00:00.000000,1,0,0,0,1,409.0,1
316005___633307,cloudbeds,2026-10-14T00:00:00.000000,1,0,0,0,1,409.0,1
316005___633307,cloudbeds,2026-10-15T00:00:00.000000,1,0,0,0,1,507.0,1
316005___633307,cloudbeds,2026-10-16T00:00:00.000000,1,0,0,0,1,728.0,1
316005___633307,cloudbeds,2026-10-17T00:00:00.000000,1,0,0,0,1,728.0,1
316005___633307,cloudbeds,2026-10-18T00:00:00.000000,1,0,0,0,1,507.0,1
316005___633307,cloudbeds,2026-10-19T00:00:00.000000,1,0,0,0,1,353.0,1
316005___633307,cloudbeds,2026-10-20T00:00:00.000000,1,0,0,0,1,353.0,1
316005___633307,cloudbeds,2026-10-21T00:00:00.000000,1,0,0,0,1,353.0,1
316005___633307,cloudbeds,2026-10-22T00:00:00.000000,1,0,0,0,1,692.0,1
316005___633307,cloudbeds,2026-10-23T00:00:00.000000,1,0,0,0,1,1083.0,1
316005___633307,cloudbeds,2026-10-24T00:00:00.000000,1,0,0,0,1,1083.0,1
316005___633307,cloudbeds,2026-10-25T00:00:00.000000,1,0,0,0,1,692.0,1
316005___633307,cloudbeds,2026-10-26T00:00:00.000000,1,0,0,0,1,353.0,1
316005___633307,cloudbeds,2026-10-27T00:00:00.000000,1,0,0,0,1,353.0,1
316005___633307,cloudbeds,2026-10-28T00:00:00.000000,1,0,0,0,1,353.0,1
316005___633307,cloudbeds,2026-10-29T00:00:00.000000,1,0,0,0,1,507.0,1
316005___633307,cloudbeds,2026-10-30T00:00:00.000000,1,0,0,0,1,686.0,1
316005___633307,cloudbeds,2026-10-31T00:00:00.000000,1,0,0,0,1,686.0,1
316005___633307,cloudbeds,2026-11-01T00:00:00.000000,1,0,0,0,1,468.0,1
316005___633307,cloudbeds,2026-11-02T00:00:00.000000,1,0,0,0,1,353.0,1
316005___633307,cloudbeds,2026-11-03T00:00:00.000000,1,0,0,0,1,353.0,1
316005___633307,cloudbeds,2026-11-04T00:00:00.000000,1,0,0,0,1,353.0,1
316005___633307,cloudbeds,2026-11-05T00:00:00.000000,1,0,0,0,1,388.0,1
316005___633307,cloudbeds,2026-11-06T00:00:00.000000,1,1,0,0,1,519.0,0
316005___633307,cloudbeds,2026-11-07T00:00:00.000000,1,1,0,0,1,519.0,0
316005___633307,cloudbeds,2026-11-08T00:00:00.000000,1,1,0,0,1,578.0,0
316005___633307,cloudbeds,2026-11-09T00:00:00.000000,1,1,0,0,1,349.0,0
316005___633307,cloudbeds,2026-11-10T00:00:00.000000,1,1,0,0,1,349.0,0
316005___633307,cloudbeds,2026-11-11T00:00:00.000000,1,1,0,0,1,349.0,0
316005___633307,cloudbeds,2026-11-12T00:00:00.000000,1,1,0,0,1,337.0,0
316005___633307,cloudbeds,2026-11-13T00:00:00.000000,1,0,0,0,1,749.0,1
316005___633307,cloudbeds,2026-11-14T00:00:00.000000,1,0,0,0,1,749.0,1
316005___633307,cloudbeds,2026-11-15T00:00:00.000000,1,0,0,0,1,523.0,1
316005___633307,cloudbeds,2026-11-16T00:00:00.000000,1,0,0,0,1,353.0,1
316005___633307,cloudbeds,2026-11-17T00:00:00.000000,1,0,0,0,1,353.0,1
316005___633307,cloudbeds,2026-11-18T00:00:00.000000,1,0,0,0,1,353.0,1
316005___633307,cloudbeds,2026-11-19T00:00:00.000000,1,0,0,0,1,523.0,1
316005___633307,cloudbeds,2026-11-20T00:00:00.000000,1,0,0,0,1,681.0,1
316005___633307,cloudbeds,2026-11-21T00:00:00.000000,1,0,0,0,1,681.0,1
316005___633307,cloudbeds,2026-11-22T00:00:00.000000,1,0,0,0,1,523.0,1
316005___633307,cloudbeds,2026-11-23T00:00:00.000000,1,0,0,0,1,424.0,1
316005___633307,cloudbeds,2026-11-24T00:00:00.000000,1,0,0,0,1,424.0,1
316005___633307,cloudbeds,2026-11-25T00:00:00.000000,1,0,0,0,1,424.0,1
316005___633307,cloudbeds,2026-11-26T00:00:00.000000,1,0,0,0,1,845.0,1
316005___633307,cloudbeds,2026-11-27T00:00:00.000000,1,0,0,0,1,671.0,1
316005___633307,cloudbeds,2026-11-28T00:00:00.000000,1,0,0,0,1,604.0,1
316005___633307,cloudbeds,2026-11-29T00:00:00.000000,1,0,0,0,1,433.0,1
316005___633307,cloudbeds,2026-11-30T00:00:00.000000,1,1,0,0,1,260.0,0
316005___633307,cloudbeds,2026-12-01T00:00:00.000000,1,1,0,0,1,260.0,0
316005___633307,cloudbeds,2026-12-02T00:00:00.000000,1,1,0,0,1,260.0,0
316005___633307,cloudbeds,2026-12-03T00:00:00.000000,1,0,0,0,1,353.0,1
316005___633307,cloudbeds,2026-12-04T00:00:00.000000,1,0,0,0,1,567.0,1
316005___633307,cloudbeds,2026-12-05T00:00:00.000000,1,0,0,0,1,567.0,1
316005___633307,cloudbeds,2026-12-06T00:00:00.000000,1,0,0,0,1,353.0,1
316005___633307,cloudbeds,2026-12-07T00:00:00.000000,1,0,0,0,1,271.0,1
316005___633307,cloudbeds,2026-12-08T00:00:00.000000,1,0,0,0,1,271.0,1
316005___633307,cloudbeds,2026-12-09T00:00:00.000000,1,0,0,0,1,271.0,1
316005___633307,cloudbeds,2026-12-10T00:00:00.000000,1,0,0,0,1,353.0,1
316005___633307,cloudbeds,2026-12-11T00:00:00.000000,1,0,0,0,1,567.0,1
316005___633307,cloudbeds,2026-12-12T00:00:00.000000,1,0,0,0,1,567.0,1
316005___633307,cloudbeds,2026-12-13T00:00:00.000000,1,0,0,0,1,353.0,1
316005___633307,cloudbeds,2026-12-14T00:00:00.000000,1,0,0,0,1,271.0,1
316005___633307,cloudbeds,2026-12-15T00:00:00.000000,1,0,0,0,1,271.0,1
316005___633307,cloudbeds,2026-12-16T00:00:00.000000,1,0,0,0,1,271.0,1
316005___633307,cloudbeds,2026-12-17T00:00:00.000000,1,0,0,0,1,414.0,1
316005___633307,cloudbeds,2026-12-18T00:00:00.000000,1,0,0,0,1,616.0,1
316005___633307,cloudbeds,2026-12-19T00:00:00.000000,1,0,0,0,1,616.0,1
316005___633307,cloudbeds,2026-12-20T00:00:00.000000,1,1,0,0,1,307.0,0
316005___633307,cloudbeds,2026-12-21T00:00:00.000000,1,1,0,0,1,169.0,0
316005___633307,cloudbeds,2026-12-22T00:00:00.000000,1,0,0,0,1,312.0,1
316005___633307,cloudbeds,2026-12-23T00:00:00.000000,1,0,0,0,1,312.0,1
316005___633307,cloudbeds,2026-12-24T00:00:00.000000,1,0,0,0,1,706.0,1
316005___633307,cloudbeds,2026-12-25T00:00:00.000000,1,0,0,0,1,706.0,1
316005___633307,cloudbeds,2026-12-26T00:00:00.000000,1,0,0,0,1,706.0,1
316005___633307,cloudbeds,2026-12-27T00:00:00.000000,1,0,0,0,1,383.0,1
316005___633307,cloudbeds,2026-12-28T00:00:00.000000,1,0,0,0,1,341.0,1
316005___633307,cloudbeds,2026-12-29T00:00:00.000000,1,0,0,0,1,341.0,1
316005___633307,cloudbeds,2026-12-30T00:00:00.000000,1,0,0,0,1,709.0,1
316005___633307,cloudbeds,2026-12-31T00:00:00.000000,1,0,0,0,1,879.0,1
316005___633307,cloudbeds,2027-01-01T00:00:00.000000,1,0,0,0,1,629.0,1
316005___633307,cloudbeds,2027-01-02T00:00:00.000000,1,0,0,0,1,629.0,1
316005___633307,cloudbeds,2027-01-03T00:00:00.000000,1,0,0,0,1,368.0,1
316005___633307,cloudbeds,2027-01-04T00:00:00.000000,1,0,0,0,1,316.0,1
316005___633307,cloudbeds,2027-01-05T00:00:00.000000,1,0,0,0,1,316.0,1
316005___633307,cloudbeds,2027-01-06T00:00:00.000000,1,0,0,0,1,316.0,1
316005___633307,cloudbeds,2027-01-07T00:00:00.000000,1,0,0,0,1,443.0,1
316005___633307,cloudbeds,2027-01-08T00:00:00.000000,1,0,0,0,1,646.0,1
316005___633307,cloudbeds,2027-01-09T00:00:00.000000,1,0,0,0,1,646.0,1
316005___633307,cloudbeds,2027-01-10T00:00:00.000000,1,0,0,0,1,443.0,1
316005___633307,cloudbeds,2027-01-11T00:00:00.000000,1,0,0,0,1,316.0,1
316005___633307,cloudbeds,2027-01-12T00:00:00.000000,1,0,0,0,1,316.0,1
316005___633307,cloudbeds,2027-01-13T00:00:00.000000,1,0,0,0,1,316.0,1
316005___633307,cloudbeds,2027-01-14T00:00:00.000000,1,0,0,0,1,581.0,1
316005___633307,cloudbeds,2027-01-15T00:00:00.000000,1,0,0,0,1,842.0,1
316005___633307,cloudbeds,2027-01-16T00:00:00.000000,1,0,0,0,1,842.0,1
316005___633307,cloudbeds,2027-01-17T00:00:00.000000,1,0,0,0,1,650.0,1
316005___633307,cloudbeds,2027-01-18T00:00:00.000000,1,0,0,0,1,416.0,1
316005___633307,cloudbeds,2027-01-19T00:00:00.000000,1,0,0,0,1,316.0,1
316005___633307,cloudbeds,2027-01-20T00:00:00.000000,1,0,0,0,1,316.0,1
316005___633307,cloudbeds,2027-01-21T00:00:00.000000,1,0,0,0,1,443.0,1
316005___633307,cloudbeds,2027-01-22T00:00:00.000000,1,0,0,0,1,646.0,1
316005___633307,cloudbeds,2027-01-23T00:00:00.000000,1,0,0,0,1,646.0,1
316005___633307,cloudbeds,2027-01-24T00:00:00.000000,1,0,0,0,1,443.0,1
316005___633307,cloudbeds,2027-01-25T00:00:00.000000,1,0,0,0,1,316.0,1
316005___633307,cloudbeds,2027-01-26T00:00:00.000000,1,0,0,0,1,316.0,1
316005___633307,cloudbeds,2027-01-27T00:00:00.000000,1,0,0,0,1,316.0,1
316005___633307,cloudbeds,2027-01-28T00:00:00.000000,1,0,0,0,1,443.0,1
316005___633307,cloudbeds,2027-01-29T00:00:00.000000,1,0,0,0,1,646.0,1
316005___633307,cloudbeds,2027-01-30T00:00:00.000000,1,0,0,0,1,646.0,1
316005___633307,cloudbeds,2027-01-31T00:00:00.000000,1,0,0,0,1,443.0,1
316005___633307,cloudbeds,2027-02-01T00:00:00.000000,1,0,0,0,1,374.0,1
316005___633307,cloudbeds,2027-02-02T00:00:00.000000,1,0,0,0,1,374.0,1
316005___633307,cloudbeds,2027-02-03T00:00:00.000000,1,0,0,0,1,374.0,1
316005___633307,cloudbeds,2027-02-04T00:00:00.000000,1,0,0,0,1,525.0,1
316005___633307,cloudbeds,2027-02-05T00:00:00.000000,1,0,0,0,1,760.0,1
316005___633307,cloudbeds,2027-02-06T00:00:00.000000,1,0,0,0,1,760.0,1
316005___633307,cloudbeds,2027-02-07T00:00:00.000000,1,0,0,0,1,525.0,1
316005___633307,cloudbeds,2027-02-08T00:00:00.000000,1,0,0,0,1,374.0,1
316005___633307,cloudbeds,2027-02-09T00:00:00.000000,1,0,0,0,1,374.0,1
316005___633307,cloudbeds,2027-02-10T00:00:00.000000,1,0,0,0,1,374.0,1
316005___633307,cloudbeds,2027-02-11T00:00:00.000000,1,0,0,0,1,525.0,1
316005___633307,cloudbeds,2027-02-12T00:00:00.000000,1,0,0,0,1,1380.0,1
316005___633307,cloudbeds,2027-02-13T00:00:00.000000,1,0,0,0,1,1380.0,1
316005___633307,cloudbeds,2027-02-14T00:00:00.000000,1,0,0,0,1,687.0,1
316005___633307,cloudbeds,2027-02-15T00:00:00.000000,1,0,0,0,1,608.0,1
316005___633307,cloudbeds,2027-02-16T00:00:00.000000,1,0,0,0,1,374.0,1
316005___633307,cloudbeds,2027-02-17T00:00:00.000000,1,0,0,0,1,374.0,1
316005___633307,cloudbeds,2027-02-18T00:00:00.000000,1,0,0,0,1,525.0,1
316005___633307,cloudbeds,2027-02-19T00:00:00.000000,1,0,0,0,1,760.0,1
316005___633307,cloudbeds,2027-02-20T00:00:00.000000,1,0,0,0,1,760.0,1
316005___633307,cloudbeds,2027-02-21T00:00:00.000000,1,0,0,0,1,525.0,1
316005___633307,cloudbeds,2027-02-22T00:00:00.000000,1,0,0,0,1,374.0,1
316005___633307,cloudbeds,2027-02-23T00:00:00.000000,1,0,0,0,1,374.0,1
316005___633307,cloudbeds,2027-02-24T00:00:00.000000,1,0,0,0,1,374.0,1
316005___633307,cloudbeds,2027-02-25T00:00:00.000000,1,0,0,0,1,525.0,1
316005___633307,cloudbeds,2027-02-26T00:00:00.000000,1,0,0,0,1,760.0,1
316005___633307,cloudbeds,2027-02-27T00:00:00.000000,1,0,0,0,1,760.0,1
316005___633307,cloudbeds,2027-02-28T00:00:00.000000,1,0,0,0,1,525.0,1
316005___633307,cloudbeds,2027-03-01T00:00:00.000000,1,0,0,0,1,433.0,1
316005___633307,cloudbeds,2027-03-02T00:00:00.000000,1,0,0,0,1,433.0,1
316005___633307,cloudbeds,2027-03-03T00:00:00.000000,1,0,0,0,1,433.0,1
316005___633307,cloudbeds,2027-03-04T00:00:00.000000,1,0,0,0,1,604.0,1
316005___633307,cloudbeds,2027-03-05T00:00:00.000000,1,0,0,0,1,879.0,1
316005___633307,cloudbeds,2027-03-06T00:00:00.000000,1,0,0,0,1,879.0,1
316005___633307,cloudbeds,2027-03-07T00:00:00.000000,1,0,0,0,1,604.0,1
316005___633307,cloudbeds,2027-03-08T00:00:00.000000,1,0,0,0,1,433.0,1
316005___633307,cloudbeds,2027-03-09T00:00:00.000000,1,0,0,0,1,433.0,1
316005___633307,cloudbeds,2027-03-10T00:00:00.000000,1,0,0,0,1,433.0,1
316005___633307,cloudbeds,2027-03-11T00:00:00.000000,1,0,0,0,1,604.0,1
316005___633307,cloudbeds,2027-03-12T00:00:00.000000,1,0,0,0,1,1146.0,1
316005___633307,cloudbeds,2027-03-13T00:00:00.000000,1,0,0,0,1,1146.0,1
316005___633307,cloudbeds,2027-03-14T00:00:00.000000,1,0,0,0,1,728.0,1
316005___633307,cloudbeds,2027-03-15T00:00:00.000000,1,0,0,0,1,568.0,1
316005___633307,cloudbeds,2027-03-16T00:00:00.000000,1,0,0,0,1,568.0,1
316005___633307,cloudbeds,2027-03-17T00:00:00.000000,1,0,0,0,1,568.0,1
316005___633307,cloudbeds,2027-03-18T00:00:00.000000,1,0,0,0,1,728.0,1
316005___633307,cloudbeds,2027-03-19T00:00:00.000000,1,0,0,0,1,1146.0,1
316005___633307,cloudbeds,2027-03-20T00:00:00.000000,1,0,0,0,1,1146.0,1
316005___633307,cloudbeds,2027-03-21T00:00:00.000000,1,0,0,0,1,728.0,1
316005___633307,cloudbeds,2027-03-22T00:00:00.000000,1,0,0,0,1,433.0,1
316005___633307,cloudbeds,2027-03-23T00:00:00.000000,1,0,0,0,1,433.0,1
316005___633307,cloudbeds,2027-03-24T00:00:00.000000,1,0,0,0,1,433.0,1
316005___633307,cloudbeds,2027-03-25T00:00:00.000000,1,0,0,0,1,604.0,1
316005___633307,cloudbeds,2027-03-26T00:00:00.000000,1,0,0,0,1,879.0,1
316005___633307,cloudbeds,2027-03-27T00:00:00.000000,1,0,0,0,1,879.0,1
316005___633307,cloudbeds,2027-03-28T00:00:00.000000,1,0,0,0,1,604.0,1
316005___633307,cloudbeds,2027-03-29T00:00:00.000000,1,0,0,0,1,433.0,1
316005___633307,cloudbeds,2027-03-30T00:00:00.000000,1,0,0,0,1,433.0,1
316005___633307,cloudbeds,2027-03-31T00:00:00.000000,1,0,0,0,1,433.0,1
316005___633307,cloudbeds,2027-04-01T00:00:00.000000,1,0,0,0,1,604.0,1
316005___633307,cloudbeds,2027-04-02T00:00:00.000000,1,0,0,0,1,879.0,1
316005___633307,cloudbeds,2027-04-03T00:00:00.000000,1,0,0,0,1,879.0,1
316005___633307,cloudbeds,2027-04-04T00:00:00.000000,1,0,0,0,1,604.0,1
316005___633307,cloudbeds,2027-04-05T00:00:00.000000,1,0,0,0,1,433.0,1
316005___633307,cloudbeds,2027-04-06T00:00:00.000000,1,0,0,0,1,433.0,1
316005___633307,cloudbeds,2027-04-07T00:00:00.000000,1,0,0,0,1,433.0,1
316005___633307,cloudbeds,2027-04-08T00:00:00.000000,1,0,0,0,1,604.0,1
316005___633307,cloudbeds,2027-04-09T00:00:00.000000,1,0,0,0,1,879.0,1
316005___633307,cloudbeds,2027-04-10T00:00:00.000000,1,0,0,0,1,879.0,1
316005___633307,cloudbeds,2027-04-11T00:00:00.000000,1,0,0,0,1,604.0,1
316005___633307,cloudbeds,2027-04-12T00:00:00.000000,1,0,0,0,1,433.0,1
316005___633307,cloudbeds,2027-04-13T00:00:00.000000,1,0,0,0,1,433.0,1
316005___633307,cloudbeds,2027-04-14T00:00:00.000000,1,0,0,0,1,433.0,1
316005___633307,cloudbeds,2027-04-15T00:00:00.000000,1,0,0,0,1,604.0,1
316005___633307,cloudbeds,2027-04-16T00:00:00.000000,1,0,0,0,1,879.0,1
316005___633307,cloudbeds,2027-04-17T00:00:00.000000,1,0,0,0,1,879.0,1
316005___633307,cloudbeds,2027-04-18T00:00:00.000000,1,0,0,0,1,604.0,1
316005___633307,cloudbeds,2027-04-19T00:00:00.000000,1,0,0,0,1,433.0,1
316005___633307,cloudbeds,2027-04-20T00:00:00.000000,1,0,0,0,1,433.0,1
316005___633307,cloudbeds,2027-04-21T00:00:00.000000,1,0,0,0,1,433.0,1
316005___633307,cloudbeds,2027-04-22T00:00:00.000000,1,0,0,0,1,604.0,1
316005___633307,cloudbeds,2027-04-23T00:00:00.000000,1,0,0,0,1,879.0,1
316005___633307,cloudbeds,2027-04-24T00:00:00.000000,1,0,0,0,1,879.0,1
316005___633307,cloudbeds,2027-04-25T00:00:00.000000,1,0,0,0,1,604.0,1
316005___633307,cloudbeds,2027-04-26T00:00:00.000000,1,0,0,0,1,433.0,1
316005___633307,cloudbeds,2027-04-27T00:00:00.000000,1,0,0,0,1,433.0,1
316005___633307,cloudbeds,2027-04-28T00:00:00.000000,1,0,0,0,1,433.0,1
316005___633307,cloudbeds,2027-04-29T00:00:00.000000,1,0,0,0,1,686.0,1
316005___633307,cloudbeds,2027-04-30T00:00:00.000000,1,0,0,0,1,994.0,1
316005___633307,cloudbeds,2027-05-01T00:00:00.000000,1,0,0,0,1,994.0,1
316005___633307,cloudbeds,2027-05-02T00:00:00.000000,1,0,0,0,1,686.0,1
316005___633307,cloudbeds,2027-05-03T00:00:00.000000,1,0,0,0,1,492.0,1
316005___633307,cloudbeds,2027-05-04T00:00:00.000000,1,0,0,0,1,492.0,1
316005___633307,cloudbeds,2027-05-05T00:00:00.000000,1,0,0,0,1,492.0,1
316005___633307,cloudbeds,2027-05-06T00:00:00.000000,1,0,0,0,1,686.0,1
316005___633307,cloudbeds,2027-05-07T00:00:00.000000,1,0,0,0,1,994.0,1
316005___633307,cloudbeds,2027-05-08T00:00:00.000000,1,0,0,0,1,994.0,1
316005___633307,cloudbeds,2027-05-09T00:00:00.000000,1,0,0,0,1,686.0,1
316005___633307,cloudbeds,2027-05-10T00:00:00.000000,1,0,0,0,1,492.0,1
316005___633307,cloudbeds,2027-05-11T00:00:00.000000,1,0,0,0,1,492.0,1
316005___633307,cloudbeds,2027-05-12T00:00:00.000000,1,0,0,0,1,492.0,1
316005___633307,cloudbeds,2027-05-13T00:00:00.000000,1,0,0,0,1,686.0,1
316005___633307,cloudbeds,2027-05-14T00:00:00.000000,1,0,0,0,1,994.0,1
316005___633307,cloudbeds,2027-05-15T00:00:00.000000,1,0,0,0,1,994.0,1
316005___633307,cloudbeds,2027-05-16T00:00:00.000000,1,0,0,0,1,686.0,1
316005___633307,cloudbeds,2027-05-17T00:00:00.000000,1,0,0,0,1,492.0,1
316005___633307,cloudbeds,2027-05-18T00:00:00.000000,1,0,0,0,1,492.0,1
316005___633307,cloudbeds,2027-05-19T00:00:00.000000,1,0,0,0,1,492.0,1
316005___633307,cloudbeds,2027-05-20T00:00:00.000000,1,0,0,0,1,686.0,1
316005___633307,cloudbeds,2027-05-21T00:00:00.000000,1,0,0,0,1,994.0,1
316005___633307,cloudbeds,2027-05-22T00:00:00.000000,1,0,0,0,1,994.0,1
316005___633307,cloudbeds,2027-05-23T00:00:00.000000,1,0,0,0,1,686.0,1
316005___633307,cloudbeds,2027-05-24T00:00:00.000000,1,0,0,0,1,492.0,1
316005___633307,cloudbeds,2027-05-25T00:00:00.000000,1,0,0,0,1,492.0,1
316005___633307,cloudbeds,2027-05-26T00:00:00.000000,1,0,0,0,1,492.0,1
316005___633307,cloudbeds,2027-05-27T00:00:00.000000,1,0,0,0,1,686.0,1
316005___633307,cloudbeds,2027-05-28T00:00:00.000000,1,0,0,0,1,1246.0,1
316005___633307,cloudbeds,2027-05-29T00:00:00.000000,1,0,0,0,1,1246.0,1
316005___633307,cloudbeds,2027-05-30T00:00:00.000000,1,0,0,0,1,754.0,1
316005___633307,cloudbeds,2027-05-31T00:00:00.000000,1,0,0,0,1,623.0,1
316005___633307,cloudbeds,2027-06-01T00:00:00.000000,1,0,0,0,1,492.0,1
316005___633307,cloudbeds,2027-06-02T00:00:00.000000,1,0,0,0,1,492.0,1
316005___633307,cloudbeds,2027-06-03T00:00:00.000000,1,0,0,0,1,686.0,1
316005___633307,cloudbeds,2027-06-04T00:00:00.000000,1,0,0,0,1,994.0,1
316005___633307,cloudbeds,2027-06-05T00:00:00.000000,1,0,0,0,1,994.0,1
316005___633307,cloudbeds,2027-06-06T00:00:00.000000,1,0,0,0,1,686.0,1
316005___633307,cloudbeds,2027-06-07T00:00:00.000000,1,0,0,0,1,492.0,1
316005___633307,cloudbeds,2027-06-08T00:00:00.000000,1,0,0,0,1,492.0,1
316005___633307,cloudbeds,2027-06-09T00:00:00.000000,1,0,0,0,1,492.0,1
316005___633307,cloudbeds,2027-06-10T00:00:00.000000,1,0,0,0,1,686.0,1
316005___633307,cloudbeds,2027-06-11T00:00:00.000000,1,0,0,0,1,994.0,1
316005___633307,cloudbeds,2027-06-12T00:00:00.000000,1,0,0,0,1,994.0,1
316005___633307,cloudbeds,2027-06-13T00:00:00.000000,1,0,0,0,1,686.0,1
316005___633307,cloudbeds,2027-06-14T00:00:00.000000,1,0,0,0,1,492.0,1
316005___633307,cloudbeds,2027-06-15T00:00:00.000000,1,0,0,0,1,492.0,1
316005___633307,cloudbeds,2027-06-16T00:00:00.000000,1,0,0,0,1,492.0,1
316005___633307,cloudbeds,2027-06-17T00:00:00.000000,1,0,0,0,1,686.0,1
316005___633307,cloudbeds,2027-06-18T00:00:00.000000,1,0,0,0,1,994.0,1
316005___633307,cloudbeds,2027-06-19T00:00:00.000000,1,0,0,0,1,994.0,1
316005___633307,cloudbeds,2027-06-20T00:00:00.000000,1,0,0,0,1,686.0,1
316005___633307,cloudbeds,2027-06-21T00:00:00.000000,1,0,0,0,1,492.0,1
316005___633307,cloudbeds,2027-06-22T00:00:00.000000,1,0,0,0,1,492.0,1
316005___633307,cloudbeds,2027-06-23T00:00:00.000000,1,0,0,0,1,492.0,1
316005___633307,cloudbeds,2027-06-24T00:00:00.000000,1,0,0,0,1,686.0,1
316005___633307,cloudbeds,2027-06-25T00:00:00.000000,1,0,0,0,1,994.0,1
316005___633307,cloudbeds,2027-06-26T00:00:00.000000,1,0,0,0,1,994.0,1
316005___633307,cloudbeds,2027-06-27T00:00:00.000000,1,0,0,0,1,686.0,1
316005___633307,cloudbeds,2027-06-28T00:00:00.000000,1,0,0,0,1,492.0,1
316005___633307,cloudbeds,2027-06-29T00:00:00.000000,1,0,0,0,1,492.0,1
316005___633307,cloudbeds,2027-06-30T00:00:00.000000,1,0,0,0,1,520.0,1
316005___633307,cloudbeds,2027-07-01T00:00:00.000000,1,0,0,0,1,808.0,1
316005___633307,cloudbeds,2027-07-02T00:00:00.000000,1,0,0,0,1,1216.0,1
316005___633307,cloudbeds,2027-07-03T00:00:00.000000,1,0,0,0,1,1220.0,1
316005___633307,cloudbeds,2027-07-04T00:00:00.000000,1,0,0,0,1,817.0,1
316005___633307,cloudbeds,2027-07-05T00:00:00.000000,1,0,0,0,1,345.0,1
316005___633307,cloudbeds,2027-07-06T00:00:00.000000,1,0,0,0,1,347.0,1
316005___633307,cloudbeds,2027-07-07T00:00:00.000000,1,0,0,0,1,350.0,1
316005___633307,cloudbeds,2027-07-08T00:00:00.000000,1,0,0,0,1,485.0,1
316005___633307,cloudbeds,2027-07-09T00:00:00.000000,1,0,0,0,1,706.0,1
316005___633307,cloudbeds,2027-07-10T00:00:00.000000,1,0,0,0,1,708.0,1
316005___633307,cloudbeds,2027-07-11T00:00:00.000000,1,0,0,0,1,491.0,1
316005___633307,cloudbeds,2027-07-12T00:00:00.000000,1,0,0,0,1,356.0,1
316005___633307,cloudbeds,2027-07-13T00:00:00.000000,1,0,0,0,1,359.0,1
316005___633307,cloudbeds,2027-07-14T00:00:00.000000,1,0,0,0,1,379.0,1
316005___633307,cloudbeds,2027-07-15T00:00:00.000000,1,0,0,0,1,496.0,1
316005___633307,cloudbeds,2027-07-16T00:00:00.000000,1,0,0,0,1,718.0,1
316005___633307,cloudbeds,2027-07-17T00:00:00.000000,1,0,0,0,1,718.0,1
316005___633307,cloudbeds,2027-07-18T00:00:00.000000,1,0,0,0,1,496.0,1
316005___633307,cloudbeds,2027-07-19T00:00:00.000000,1,0,0,0,1,361.0,1
316005___633307,cloudbeds,2027-07-20T00:00:00.000000,1,0,0,0,1,361.0,1
316005___633307,cloudbeds,2027-07-21T00:00:00.000000,1,0,0,0,1,361.0,1
316005___633307,cloudbeds,2027-07-22T00:00:00.000000,1,0,0,0,1,496.0,1
316005___633307,cloudbeds,2027-07-23T00:00:00.000000,1,0,0,0,1,718.0,1
316005___633307,cloudbeds,2027-07-24T00:00:00.000000,1,0,0,0,1,718.0,1
316005___633307,cloudbeds,2027-07-25T00:00:00.000000,1,0,0,0,1,496.0,1
316005___633307,cloudbeds,2027-07-26T00:00:00.000000,1,0,0,0,1,361.0,1
316005___633307,cloudbeds,2027-07-27T00:00:00.000000,1,0,0,0,1,361.0,1
316005___633307,cloudbeds,2027-07-28T00:00:00.000000,1,0,0,0,1,361.0,1
316005___633307,cloudbeds,2027-07-29T00:00:00.000000,1,0,0,0,1,587.0,1
316005___633307,cloudbeds,2027-07-30T00:00:00.000000,1,0,0,0,1,718.0,1
316005___633307,cloudbeds,2027-07-31T00:00:00.000000,1,0,0,0,1,718.0,1
316005___633307,cloudbeds,2027-08-01T00:00:00.000000,1,0,0,0,1,587.0,1
316005___633307,cloudbeds,2027-08-02T00:00:00.000000,1,0,0,0,1,424.0,1
316005___633307,cloudbeds,2027-08-03T00:00:00.000000,1,0,0,0,1,424.0,1
316005___633307,cloudbeds,2027-08-04T00:00:00.000000,1,0,0,0,1,424.0,1
316005___633307,cloudbeds,2027-08-05T00:00:00.000000,1,0,0,0,1,587.0,1
316005___633307,cloudbeds,2027-08-06T00:00:00.000000,1,0,0,0,1,844.0,1
316005___633307,cloudbeds,2027-08-07T00:00:00.000000,1,0,0,0,1,844.0,1
316005___633307,cloudbeds,2027-08-08T00:00:00.000000,1,0,0,0,1,587.0,1
316005___633307,cloudbeds,2027-08-09T00:00:00.000000,1,0,0,0,1,385.0,1
316005___633307,cloudbeds,2027-08-10T00:00:00.000000,1,0,0,0,1,385.0,1
316005___633307,cloudbeds,2027-08-11T00:00:00.000000,1,0,0,0,1,385.0,1
316005___633307,cloudbeds,2027-08-12T00:00:00.000000,1,0,0,0,1,532.0,1
316005___633307,cloudbeds,2027-08-13T00:00:00.000000,1,0,0,0,1,766.0,1
316005___633307,cloudbeds,2027-08-14T00:00:00.000000,1,0,0,0,1,766.0,1
316005___633307,cloudbeds,2027-08-15T00:00:00.000000,1,0,0,0,1,532.0,1
316005___633307,cloudbeds,2027-08-16T00:00:00.000000,1,0,0,0,1,385.0,1
316005___633307,cloudbeds,2027-08-17T00:00:00.000000,1,0,0,0,1,385.0,1
316005___633307,cloudbeds,2027-08-18T00:00:00.000000,1,0,0,0,1,385.0,1
316005___633307,cloudbeds,2027-08-19T00:00:00.000000,1,0,0,0,1,532.0,1
316005___633307,cloudbeds,2027-08-20T00:00:00.000000,1,0,0,0,1,766.0,1
316005___633307,cloudbeds,2027-08-21T00:00:00.000000,1,0,0,0,1,766.0,1
316005___633307,cloudbeds,2027-08-22T00:00:00.000000,1,0,0,0,1,532.0,1
316005___633307,cloudbeds,2027-08-23T00:00:00.000000,1,0,0,0,1,385.0,1
316005___633307,cloudbeds,2027-08-24T00:00:00.000000,1,0,0,0,1,385.0,1
316005___633307,cloudbeds,2027-08-25T00:00:00.000000,1,0,0,0,1,385.0,1
316005___633307,cloudbeds,2027-08-26T00:00:00.000000,1,0,0,0,1,561.0,1
316005___633307,cloudbeds,2027-08-27T00:00:00.000000,1,0,0,0,1,807.0,1
316005___633307,cloudbeds,2027-08-28T00:00:00.000000,1,0,0,0,1,807.0,1
316005___633307,cloudbeds,2027-08-29T00:00:00.000000,1,0,0,0,1,561.0,1
316005___633307,cloudbeds,2027-08-30T00:00:00.000000,1,0,0,0,1,406.0,1
316005___633307,cloudbeds,2027-08-31T00:00:00.000000,1,0,0,0,1,406.0,1
316005___633307,cloudbeds,2027-09-01T00:00:00.000000,1,0,0,0,1,406.0,1
316005___633307,cloudbeds,2027-09-02T00:00:00.000000,1,0,0,0,1,645.0,1
316005___633307,cloudbeds,2027-09-03T00:00:00.000000,1,0,0,0,1,928.0,1
316005___633307,cloudbeds,2027-09-04T00:00:00.000000,1,0,0,0,1,928.0,1
316005___633307,cloudbeds,2027-09-05T00:00:00.000000,1,0,0,0,1,710.0,1
316005___633307,cloudbeds,2027-09-06T00:00:00.000000,1,0,0,0,1,487.0,1
316005___633307,cloudbeds,2027-09-07T00:00:00.000000,1,0,0,0,1,406.0,1
316005___633307,cloudbeds,2027-09-08T00:00:00.000000,1,0,0,0,1,406.0,1
316005___633307,cloudbeds,2027-09-09T00:00:00.000000,1,0,0,0,1,561.0,1
316005___633307,cloudbeds,2027-09-10T00:00:00.000000,1,0,0,0,1,807.0,1
316005___633307,cloudbeds,2027-09-11T00:00:00.000000,1,0,0,0,1,807.0,1
316005___633307,cloudbeds,2027-09-12T00:00:00.000000,1,0,0,0,1,561.0,1
316005___633307,cloudbeds,2027-09-13T00:00:00.000000,1,0,0,0,1,406.0,1
316005___633307,cloudbeds,2027-09-14T00:00:00.000000,1,0,0,0,1,406.0,1
316005___633307,cloudbeds,2027-09-15T00:00:00.000000,1,0,0,0,1,406.0,1
316005___633307,cloudbeds,2027-09-16T00:00:00.000000,1,0,0,0,1,561.0,1
316005___633307,cloudbeds,2027-09-17T00:00:00.000000,1,0,0,0,1,807.0,1
316005___633307,cloudbeds,2027-09-18T00:00:00.000000,1,0,0,0,1,807.0,1
316005___633307,cloudbeds,2027-09-19T00:00:00.000000,1,0,0,0,1,561.0,1
316005___633307,cloudbeds,2027-09-20T00:00:00.000000,1,0,0,0,1,406.0,1
316005___633307,cloudbeds,2027-09-21T00:00:00.000000,1,0,0,0,1,406.0,1
316005___633307,cloudbeds,2027-09-22T00:00:00.000000,1,0,0,0,1,406.0,1
316005___633307,cloudbeds,2027-09-23T00:00:00.000000,1,0,0,0,1,561.0,1
316005___633307,cloudbeds,2027-09-24T00:00:00.000000,1,0,0,0,1,807.0,1
316005___633307,cloudbeds,2027-09-25T00:00:00.000000,1,0,0,0,1,807.0,1
316005___633307,cloudbeds,2027-09-26T00:00:00.000000,1,0,0,0,1,561.0,1
316005___633307,cloudbeds,2027-09-27T00:00:00.000000,1,0,0,0,1,406.0,1
316005___633307,cloudbeds,2027-09-28T00:00:00.000000,1,0,0,0,1,406.0,1
316005___633307,cloudbeds,2027-09-29T00:00:00.000000,1,0,0,0,1,406.0,1
316005___633307,cloudbeds,2027-09-30T00:00:00.000000,1,0,0,0,1,644.0,1
316005___633307,cloudbeds,2027-10-01T00:00:00.000000,1,0,0,0,1,930.0,1
316005___633307,cloudbeds,2027-10-02T00:00:00.000000,1,0,0,0,1,930.0,1
316005___633307,cloudbeds,2027-10-03T00:00:00.000000,1,0,0,0,1,644.0,1
316005___633307,cloudbeds,2027-10-04T00:00:00.000000,1,0,0,0,1,467.0,1
316005___633307,cloudbeds,2027-10-05T00:00:00.000000,1,0,0,0,1,467.0,1
316005___633307,cloudbeds,2027-10-06T00:00:00.000000,1,0,0,0,1,467.0,1
316005___633307,cloudbeds,2027-10-07T00:00:00.000000,1,0,0,0,1,644.0,1
316005___633307,cloudbeds,2027-10-08T00:00:00.000000,1,0,0,0,1,1069.0,1
316005___633307,cloudbeds,2027-10-09T00:00:00.000000,1,0,0,0,1,1069.0,1
316005___633307,cloudbeds,2027-10-10T00:00:00.000000,1,0,0,0,1,709.0,1
316005___633307,cloudbeds,2027-10-11T00:00:00.000000,1,0,0,0,1,496.0,1
316005___633307,cloudbeds,2027-10-12T00:00:00.000000,1,0,0,0,1,467.0,1
316005___633307,cloudbeds,2027-10-13T00:00:00.000000,1,0,0,0,1,467.0,1
316005___633307,cloudbeds,2027-10-14T00:00:00.000000,1,0,0,0,1,644.0,1
316005___633307,cloudbeds,2027-10-15T00:00:00.000000,1,0,0,0,1,930.0,1
316005___633307,cloudbeds,2027-10-16T00:00:00.000000,1,0,0,0,1,930.0,1
316005___633307,cloudbeds,2027-10-17T00:00:00.000000,1,0,0,0,1,644.0,1
316005___633307,cloudbeds,2027-10-18T00:00:00.000000,1,0,0,0,1,467.0,1
316005___633307,cloudbeds,2027-10-19T00:00:00.000000,1,0,0,0,1,467.0,1
316005___633307,cloudbeds,2027-10-20T00:00:00.000000,1,0,0,0,1,467.0,1
316005___633307,cloudbeds,2027-10-21T00:00:00.000000,1,0,0,0,1,644.0,1
316005___633307,cloudbeds,2027-10-22T00:00:00.000000,1,0,0,0,1,930.0,1
316005___633307,cloudbeds,2027-10-23T00:00:00.000000,1,0,0,0,1,930.0,1
316005___633307,cloudbeds,2027-10-24T00:00:00.000000,1,0,0,0,1,644.0,1
316005___633307,cloudbeds,2027-10-25T00:00:00.000000,1,0,0,0,1,467.0,1
316005___633307,cloudbeds,2027-10-26T00:00:00.000000,1,0,0,0,1,467.0,1
316005___633307,cloudbeds,2027-10-27T00:00:00.000000,1,0,0,0,1,467.0,1
316005___633307,cloudbeds,2027-10-28T00:00:00.000000,1,0,0,0,1,644.0,1
316005___633307,cloudbeds,2027-10-29T00:00:00.000000,1,0,0,0,1,930.0,1
316005___633307,cloudbeds,2027-10-30T00:00:00.000000,1,0,0,0,1,930.0,1
316005___633307,cloudbeds,2027-10-31T00:00:00.000000,1,0,0,0,1,644.0,1
316005___633307,cloudbeds,2027-11-01T00:00:00.000000,1,0,0,0,1,406.0,1
316005___633307,cloudbeds,2027-11-02T00:00:00.000000,1,0,0,0,1,406.0,1
316005___633307,cloudbeds,2027-11-03T00:00:00.000000,1,0,0,0,1,406.0,1
316005___633307,cloudbeds,2027-11-04T00:00:00.000000,1,0,0,0,1,561.0,1
316005___633307,cloudbeds,2027-11-05T00:00:00.000000,1,0,0,0,1,807.0,1
316005___633307,cloudbeds,2027-11-06T00:00:00.000000,1,0,0,0,1,807.0,1
316005___633307,cloudbeds,2027-11-07T00:00:00.000000,1,0,0,0,1,561.0,1
316005___633307,cloudbeds,2027-11-08T00:00:00.000000,1,0,0,0,1,406.0,1
316005___633307,cloudbeds,2027-11-09T00:00:00.000000,1,0,0,0,1,406.0,1
316005___633307,cloudbeds,2027-11-10T00:00:00.000000,1,0,0,0,1,406.0,1
316005___633307,cloudbeds,2027-11-11T00:00:00.000000,1,0,0,0,1,561.0,1
316005___633307,cloudbeds,2027-11-12T00:00:00.000000,1,0,0,0,1,807.0,1
316005___633307,cloudbeds,2027-11-13T00:00:00.000000,1,0,0,0,1,807.0,1
316005___633307,cloudbeds,2027-11-14T00:00:00.000000,1,0,0,0,1,561.0,1
316005___633307,cloudbeds,2027-11-15T00:00:00.000000,1,0,0,0,1,406.0,1
316005___633307,cloudbeds,2027-11-16T00:00:00.000000,1,0,0,0,1,406.0,1
316005___633307,cloudbeds,2027-11-17T00:00:00.000000,1,0,0,0,1,406.0,1
316005___633307,cloudbeds,2027-11-18T00:00:00.000000,1,0,0,0,1,561.0,1
316005___633307,cloudbeds,2027-11-19T00:00:00.000000,1,0,0,0,1,807.0,1
316005___633307,cloudbeds,2027-11-20T00:00:00.000000,1,0,0,0,1,807.0,1
316005___633307,cloudbeds,2027-11-21T00:00:00.000000,1,0,0,0,1,561.0,1
316005___633307,cloudbeds,2027-11-22T00:00:00.000000,1,0,0,0,1,406.0,1
316005___633307,cloudbeds,2027-11-23T00:00:00.000000,1,0,0,0,1,406.0,1
316005___633307,cloudbeds,2027-11-24T00:00:00.000000,1,0,0,0,1,406.0,1
316005___633307,cloudbeds,2027-11-25T00:00:00.000000,1,0,0,0,1,928.0,1
316005___633307,cloudbeds,2027-11-26T00:00:00.000000,1,0,0,0,1,807.0,1
316005___633307,cloudbeds,2027-11-27T00:00:00.000000,1,0,0,0,1,807.0,1
316005___633307,cloudbeds,2027-11-28T00:00:00.000000,1,0,0,0,1,561.0,1
316005___633307,cloudbeds,2027-11-29T00:00:00.000000,1,0,0,0,1,406.0,1
316005___633307,cloudbeds,2027-11-30T00:00:00.000000,1,0,0,0,1,406.0,1
316005___633307,cloudbeds,2027-12-01T00:00:00.000000,1,0,0,0,1,467.0,1
316005___633307,cloudbeds,2027-12-02T00:00:00.000000,1,0,0,0,1,644.0,1
316005___633307,cloudbeds,2027-12-03T00:00:00.000000,1,0,0,0,1,930.0,1
316005___633307,cloudbeds,2027-12-04T00:00:00.000000,1,0,0,0,1,930.0,1
316005___633307,cloudbeds,2027-12-05T00:00:00.000000,1,0,0,0,1,644.0,1
316005___633307,cloudbeds,2027-12-06T00:00:00.000000,1,0,0,0,1,467.0,1
316005___633307,cloudbeds,2027-12-07T00:00:00.000000,1,0,0,0,1,467.0,1
316005___633307,cloudbeds,2027-12-08T00:00:00.000000,1,0,0,0,1,467.0,1
316005___633307,cloudbeds,2027-12-09T00:00:00.000000,1,0,0,0,1,644.0,1
316005___633307,cloudbeds,2027-12-10T00:00:00.000000,1,0,0,0,1,930.0,1
316005___633307,cloudbeds,2027-12-11T00:00:00.000000,1,0,0,0,1,930.0,1
316005___633307,cloudbeds,2027-12-12T00:00:00.000000,1,0,0,0,1,644.0,1
316005___633307,cloudbeds,2027-12-13T00:00:00.000000,1,0,0,0,1,467.0,1
316005___633307,cloudbeds,2027-12-14T00:00:00.000000,1,0,0,0,1,467.0,1
316005___633307,cloudbeds,2027-12-15T00:00:00.000000,1,0,0,0,1,467.0,1
316005___633307,cloudbeds,2027-12-16T00:00:00.000000,1,0,0,0,1,644.0,1
316005___633307,cloudbeds,2027-12-17T00:00:00.000000,1,0,0,0,1,1115.0,1
316005___633307,cloudbeds,2027-12-18T00:00:00.000000,1,0,0,0,1,1115.0,1
316005___633307,cloudbeds,2027-12-19T00:00:00.000000,1,0,0,0,1,741.0,1
316005___633307,cloudbeds,2027-12-20T00:00:00.000000,1,0,0,0,1,560.0,1
316005___633307,cloudbeds,2027-12-21T00:00:00.000000,1,0,0,0,1,560.0,1
316005___633307,cloudbeds,2027-12-22T00:00:00.000000,1,0,0,0,1,560.0,1
316005___633307,cloudbeds,2027-12-23T00:00:00.000000,1,0,0,0,1,741.0,1
316005___633307,cloudbeds,2027-12-24T00:00:00.000000,1,0,0,0,1,1255.0,1
316005___633307,cloudbeds,2027-12-25T00:00:00.000000,1,0,0,0,1,1255.0,1
316005___633307,cloudbeds,2027-12-26T00:00:00.000000,1,0,0,0,1,1255.0,1
316005___633307,cloudbeds,2027-12-27T00:00:00.000000,1,0,0,0,1,467.0,1
316005___633307,cloudbeds,2027-12-28T00:00:00.000000,1,0,0,0,1,467.0,1
316005___633307,cloudbeds,2027-12-29T00:00:00.000000,1,0,0,0,1,467.0,1
316005___633307,cloudbeds,2027-12-30T00:00:00.000000,1,0,0,0,1,1569.0,1
316005___633307,cloudbeds,2027-12-31T00:00:00.000000,1,0,0,0,1,1569.0,1
316005___633307,cloudbeds,2028-01-01T00:00:00.000000,1,0,0,0,1,1569.0,1
316005___633307,cloudbeds,2028-01-02T00:00:00.000000,1,0,0,0,1,784.0,1
316005___633307,cloudbeds,2028-01-03T00:00:00.000000,1,0,0,0,1,345.0,1
316005___633307,cloudbeds,2028-01-04T00:00:00.000000,1,0,0,0,1,345.0,1
316005___633307,cloudbeds,2028-01-05T00:00:00.000000,1,0,0,0,1,345.0,1
316005___633307,cloudbeds,2028-01-06T00:00:00.000000,1,0,0,0,1,476.0,1
316005___633307,cloudbeds,2028-01-07T00:00:00.000000,1,0,0,0,1,686.0,1
316005___633307,cloudbeds,2028-01-08T00:00:00.000000,1,0,0,0,1,686.0,1
316005___633307,cloudbeds,2028-01-09T00:00:00.000000,1,0,0,0,1,476.0,1
316005___633306,cloudbeds,2026-08-25T00:00:00.000000,9,3,0,0,9,0.0,6
316005___633306,cloudbeds,2026-08-26T00:00:00.000000,9,5,0,0,9,0.0,4
316005___633306,cloudbeds,2026-08-27T00:00:00.000000,9,7,0,0,9,0.0,2
316005___633306,cloudbeds,2026-08-28T00:00:00.000000,9,9,0,0,9,0.0,0
316005___633306,cloudbeds,2026-08-29T00:00:00.000000,9,8,0,0,9,0.0,1
316005___633306,cloudbeds,2026-08-30T00:00:00.000000,9,7,0,0,9,0.0,2
316005___633306,cloudbeds,2026-08-31T00:00:00.000000,9,9,0,0,9,0.0,0
316005___633306,cloudbeds,2026-09-01T00:00:00.000000,9,8,0,0,9,0.0,1
316005___633306,cloudbeds,2026-09-02T00:00:00.000000,9,9,0,0,9,0.0,0
316005___633306,cloudbeds,2026-09-03T00:00:00.000000,9,6,0,0,9,0.0,3
316005___633306,cloudbeds,2026-09-04T00:00:00.000000,9,9,0,0,9,0.0,0
316005___633306,cloudbeds,2026-09-05T00:00:00.000000,9,9,0,0,9,0.0,0
316005___633306,cloudbeds,2026-09-06T00:00:00.000000,9,9,0,0,9,0.0,0
316005___633306,cloudbeds,2026-09-07T00:00:00.000000,9,6,0,0,9,0.0,3
316005___633306,cloudbeds,2026-09-08T00:00:00.000000,9,6,0,0,9,0.0,3
316005___633306,cloudbeds,2026-09-09T00:00:00.000000,9,6,0,0,9,0.0,3
316005___633306,cloudbeds,2026-09-10T00:00:00.000000,9,5,0,0,9,0.0,4
316005___633306,cloudbeds,2026-09-11T00:00:00.000000,9,9,0,0,9,0.0,0
316005___633306,cloudbeds,2026-09-12T00:00:00.000000,9,9,0,0,9,0.0,0
316005___633306,cloudbeds,2026-09-13T00:00:00.000000,9,6,0,0,9,0.0,3
316005___633306,cloudbeds,2026-09-14T00:00:00.000000,9,9,0,0,9,0.0,0
316005___633306,cloudbeds,2026-09-15T00:00:00.000000,9,9,0,0,9,0.0,0
316005___633306,cloudbeds,2026-09-16T00:00:00.000000,9,9,0,0,9,0.0,0
316005___633306,cloudbeds,2026-09-17T00:00:00.000000,9,9,0,0,9,0.0,0
316005___633306,cloudbeds,2026-09-18T00:00:00.000000,9,9,0,0,9,0.0,0
316005___633306,cloudbeds,2026-09-19T00:00:00.000000,9,8,0,0,9,0.0,1
316005___633306,cloudbeds,2026-09-20T00:00:00.000000,9,9,0,0,9,0.0,0
316005___633306,cloudbeds,2026-09-21T00:00:00.000000,9,9,0,0,9,0.0,0
316005___633306,cloudbeds,2026-09-22T00:00:00.000000,9,9,0,0,9,0.0,0
316005___633306,cloudbeds,2026-09-23T00:00:00.000000,9,7,0,0,9,0.0,2
316005___633306,cloudbeds,2026-09-24T00:00:00.000000,9,9,0,0,9,217.0,0
316005___633306,cloudbeds,2026-09-25T00:00:00.000000,9,9,0,0,9,771.0,0
316005___633306,cloudbeds,2026-09-26T00:00:00.000000,9,9,0,0,9,855.0,0
316005___633306,cloudbeds,2026-09-27T00:00:00.000000,9,8,0,0,9,246.0,1
316005___633306,cloudbeds,2026-09-28T00:00:00.000000,9,9,0,0,9,240.0,0
316005___633306,cloudbeds,2026-09-29T00:00:00.000000,9,9,0,0,9,229.0,0
316005___633306,cloudbeds,2026-09-30T00:00:00.000000,9,9,0,0,9,229.0,0
316005___633306,cloudbeds,2026-10-01T00:00:00.000000,9,5,0,0,9,294.0,4
316005___633306,cloudbeds,2026-10-02T00:00:00.000000,9,8,0,0,9,729.0,1
316005___633306,cloudbeds,2026-10-03T00:00:00.000000,9,9,0,0,9,859.0,0
316005___633306,cloudbeds,2026-10-04T00:00:00.000000,9,8,0,0,9,294.0,1
316005___633306,cloudbeds,2026-10-05T00:00:00.000000,9,6,0,0,9,259.0,3
316005___633306,cloudbeds,2026-10-06T00:00:00.000000,9,5,0,0,9,259.0,4
316005___633306,cloudbeds,2026-10-07T00:00:00.000000,9,4,0,0,9,259.0,5
316005___633306,cloudbeds,2026-10-08T00:00:00.000000,9,1,0,0,9,507.0,8
316005___633306,cloudbeds,2026-10-09T00:00:00.000000,9,5,0,0,9,812.0,4
316005___633306,cloudbeds,2026-10-10T00:00:00.000000,9,5,0,0,9,983.0,4
316005___633306,cloudbeds,2026-10-11T00:00:00.000000,9,5,0,0,9,642.0,4
316005___633306,cloudbeds,2026-10-12T00:00:00.000000,9,4,0,0,9,470.0,5
316005___633306,cloudbeds,2026-10-13T00:00:00.000000,9,3,0,0,9,409.0,6
316005___633306,cloudbeds,2026-10-14T00:00:00.000000,9,4,0,0,9,409.0,5
316005___633306,cloudbeds,2026-10-15T00:00:00.000000,9,4,0,0,9,507.0,5
316005___633306,cloudbeds,2026-10-16T00:00:00.000000,9,8,0,0,9,728.0,1
316005___633306,cloudbeds,2026-10-17T00:00:00.000000,9,7,0,0,9,728.0,2
316005___633306,cloudbeds,2026-10-18T00:00:00.000000,9,2,0,0,9,507.0,7
316005___633306,cloudbeds,2026-10-19T00:00:00.000000,9,2,0,0,9,353.0,7
316005___633306,cloudbeds,2026-10-20T00:00:00.000000,9,4,0,0,9,353.0,5
316005___633306,cloudbeds,2026-10-21T00:00:00.000000,9,2,0,0,9,353.0,7
316005___633306,cloudbeds,2026-10-22T00:00:00.000000,9,3,0,0,9,692.0,6
316005___633306,cloudbeds,2026-10-23T00:00:00.000000,9,6,0,0,9,1083.0,3
316005___633306,cloudbeds,2026-10-24T00:00:00.000000,9,4,0,0,9,1083.0,5
316005___633306,cloudbeds,2026-10-25T00:00:00.000000,9,2,0,0,9,692.0,7
316005___633306,cloudbeds,2026-10-26T00:00:00.000000,9,4,0,0,9,353.0,5
316005___633306,cloudbeds,2026-10-27T00:00:00.000000,9,2,0,0,9,353.0,7
316005___633306,cloudbeds,2026-10-28T00:00:00.000000,9,1,0,0,9,353.0,8
316005___633306,cloudbeds,2026-10-29T00:00:00.000000,9,1,0,0,9,507.0,8
316005___633306,cloudbeds,2026-10-30T00:00:00.000000,9,2,0,0,9,686.0,7
316005___633306,cloudbeds,2026-10-31T00:00:00.000000,9,2,0,0,9,686.0,7
316005___633306,cloudbeds,2026-11-01T00:00:00.000000,9,1,0,0,9,468.0,8
316005___633306,cloudbeds,2026-11-02T00:00:00.000000,9,3,0,0,9,353.0,6
316005___633306,cloudbeds,2026-11-03T00:00:00.000000,9,4,0,0,9,353.0,5
316005___633306,cloudbeds,2026-11-04T00:00:00.000000,9,3,0,0,9,353.0,6
316005___633306,cloudbeds,2026-11-05T00:00:00.000000,9,4,0,0,9,523.0,5
316005___633306,cloudbeds,2026-11-06T00:00:00.000000,9,7,0,0,9,863.0,2
316005___633306,cloudbeds,2026-11-07T00:00:00.000000,9,6,0,0,9,949.0,3
316005___633306,cloudbeds,2026-11-08T00:00:00.000000,9,1,0,0,9,523.0,8
316005___633306,cloudbeds,2026-11-09T00:00:00.000000,9,9,0,0,9,349.0,0
316005___633306,cloudbeds,2026-11-10T00:00:00.000000,9,9,0,0,9,349.0,0
316005___633306,cloudbeds,2026-11-11T00:00:00.000000,9,9,0,0,9,502.0,0
316005___633306,cloudbeds,2026-11-12T00:00:00.000000,9,2,0,0,9,523.0,7
316005___633306,cloudbeds,2026-11-13T00:00:00.000000,9,2,0,0,9,749.0,7
316005___633306,cloudbeds,2026-11-14T00:00:00.000000,9,2,0,0,9,749.0,7
316005___633306,cloudbeds,2026-11-15T00:00:00.000000,9,0,0,0,9,523.0,9
316005___633306,cloudbeds,2026-11-16T00:00:00.000000,9,0,0,0,9,353.0,9
316005___633306,cloudbeds,2026-11-17T00:00:00.000000,9,0,0,0,9,353.0,9
316005___633306,cloudbeds,2026-11-18T00:00:00.000000,9,0,0,0,9,353.0,9
316005___633306,cloudbeds,2026-11-19T00:00:00.000000,9,0,0,0,9,523.0,9
316005___633306,cloudbeds,2026-11-20T00:00:00.000000,9,1,0,0,9,681.0,8
316005___633306,cloudbeds,2026-11-21T00:00:00.000000,9,1,0,0,9,681.0,8
316005___633306,cloudbeds,2026-11-22T00:00:00.000000,9,4,0,0,9,523.0,5
316005___633306,cloudbeds,2026-11-23T00:00:00.000000,9,8,0,0,9,424.0,1
316005___633306,cloudbeds,2026-11-24T00:00:00.000000,9,8,0,0,9,424.0,1
316005___633306,cloudbeds,2026-11-25T00:00:00.000000,9,1,0,0,9,424.0,8
316005___633306,cloudbeds,2026-11-26T00:00:00.000000,9,1,0,0,9,845.0,8
316005___633306,cloudbeds,2026-11-27T00:00:00.000000,9,1,0,0,9,671.0,8
316005___633306,cloudbeds,2026-11-28T00:00:00.000000,9,2,0,0,9,604.0,7
316005___633306,cloudbeds,2026-11-29T00:00:00.000000,9,3,0,0,9,433.0,6
316005___633306,cloudbeds,2026-11-30T00:00:00.000000,9,3,0,0,9,286.0,6
316005___633306,cloudbeds,2026-12-01T00:00:00.000000,9,2,0,0,9,271.0,7
316005___633306,cloudbeds,2026-12-02T00:00:00.000000,9,1,0,0,9,271.0,8
316005___633306,cloudbeds,2026-12-03T00:00:00.000000,9,0,0,0,9,353.0,9
316005___633306,cloudbeds,2026-12-04T00:00:00.000000,9,1,0,0,9,567.0,8
316005___633306,cloudbeds,2026-12-05T00:00:00.000000,9,3,0,0,9,597.0,6
316005___633306,cloudbeds,2026-12-06T00:00:00.000000,9,2,0,0,9,353.0,7
316005___633306,cloudbeds,2026-12-07T00:00:00.000000,9,0,0,0,9,271.0,9
316005___633306,cloudbeds,2026-12-08T00:00:00.000000,9,1,0,0,9,271.0,8
316005___633306,cloudbeds,2026-12-09T00:00:00.000000,9,1,0,0,9,271.0,8
316005___633306,cloudbeds,2026-12-10T00:00:00.000000,9,1,0,0,9,353.0,8
316005___633306,cloudbeds,2026-12-11T00:00:00.000000,9,0,0,0,9,567.0,9
316005___633306,cloudbeds,2026-12-12T00:00:00.000000,9,0,0,0,9,567.0,9
316005___633306,cloudbeds,2026-12-13T00:00:00.000000,9,1,0,0,9,353.0,8
316005___633306,cloudbeds,2026-12-14T00:00:00.000000,9,1,0,0,9,271.0,8
316005___633306,cloudbeds,2026-12-15T00:00:00.000000,9,0,0,0,9,271.0,9
316005___633306,cloudbeds,2026-12-16T00:00:00.000000,9,0,0,0,9,271.0,9
316005___633306,cloudbeds,2026-12-17T00:00:00.000000,9,1,0,0,9,414.0,8
316005___633306,cloudbeds,2026-12-18T00:00:00.000000,9,1,0,0,9,616.0,8
316005___633306,cloudbeds,2026-12-19T00:00:00.000000,9,1,0,0,9,616.0,8
316005___633306,cloudbeds,2026-12-20T00:00:00.000000,9,2,0,0,9,414.0,7
316005___633306,cloudbeds,2026-12-21T00:00:00.000000,9,5,0,0,9,312.0,4
316005___633306,cloudbeds,2026-12-22T00:00:00.000000,9,4,0,0,9,312.0,5
316005___633306,cloudbeds,2026-12-23T00:00:00.000000,9,1,0,0,9,312.0,8
316005___633306,cloudbeds,2026-12-24T00:00:00.000000,9,0,0,0,9,706.0,9
316005___633306,cloudbeds,2026-12-25T00:00:00.000000,9,1,0,0,9,706.0,8
316005___633306,cloudbeds,2026-12-26T00:00:00.000000,9,2,0,0,9,706.0,7
316005___633306,cloudbeds,2026-12-27T00:00:00.000000,9,2,0,0,9,383.0,7
316005___633306,cloudbeds,2026-12-28T00:00:00.000000,9,0,0,0,9,341.0,9
316005___633306,cloudbeds,2026-12-29T00:00:00.000000,9,0,0,0,9,341.0,9
316005___633306,cloudbeds,2026-12-30T00:00:00.000000,9,0,0,0,9,709.0,9
316005___633306,cloudbeds,2026-12-31T00:00:00.000000,9,0,0,0,9,879.0,9
316005___633306,cloudbeds,2027-01-01T00:00:00.000000,9,0,0,0,9,629.0,9
316005___633306,cloudbeds,2027-01-02T00:00:00.000000,9,1,0,0,9,629.0,8
316005___633306,cloudbeds,2027-01-03T00:00:00.000000,9,1,0,0,9,368.0,8
316005___633306,cloudbeds,2027-01-04T00:00:00.000000,9,1,0,0,9,316.0,8
316005___633306,cloudbeds,2027-01-05T00:00:00.000000,9,1,0,0,9,316.0,8
316005___633306,cloudbeds,2027-01-06T00:00:00.000000,9,0,0,0,9,316.0,9
316005___633306,cloudbeds,2027-01-07T00:00:00.000000,9,0,0,0,9,443.0,9
316005___633306,cloudbeds,2027-01-08T00:00:00.000000,9,0,0,0,9,646.0,9
316005___633306,cloudbeds,2027-01-09T00:00:00.000000,9,0,0,0,9,646.0,9
316005___633306,cloudbeds,2027-01-10T00:00:00.000000,9,0,0,0,9,443.0,9
316005___633306,cloudbeds,2027-01-11T00:00:00.000000,9,0,0,0,9,316.0,9
316005___633306,cloudbeds,2027-01-12T00:00:00.000000,9,0,0,0,9,316.0,9
316005___633306,cloudbeds,2027-01-13T00:00:00.000000,9,0,0,0,9,316.0,9
316005___633306,cloudbeds,2027-01-14T00:00:00.000000,9,0,0,0,9,581.0,9
316005___633306,cloudbeds,2027-01-15T00:00:00.000000,9,0,0,0,9,842.0,9
316005___633306,cloudbeds,2027-01-16T00:00:00.000000,9,0,0,0,9,842.0,9
316005___633306,cloudbeds,2027-01-17T00:00:00.000000,9,0,0,0,9,650.0,9
316005___633306,cloudbeds,2027-01-18T00:00:00.000000,9,0,0,0,9,416.0,9
316005___633306,cloudbeds,2027-01-19T00:00:00.000000,9,0,0,0,9,316.0,9
316005___633306,cloudbeds,2027-01-20T00:00:00.000000,9,0,0,0,9,316.0,9
316005___633306,cloudbeds,2027-01-21T00:00:00.000000,9,0,0,0,9,443.0,9
316005___633306,cloudbeds,2027-01-22T00:00:00.000000,9,0,0,0,9,646.0,9
316005___633306,cloudbeds,2027-01-23T00:00:00.000000,9,0,0,0,9,646.0,9
316005___633306,cloudbeds,2027-01-24T00:00:00.000000,9,2,0,0,9,443.0,7
316005___633306,cloudbeds,2027-01-25T00:00:00.000000,9,2,0,0,9,316.0,7
316005___633306,cloudbeds,2027-01-26T00:00:00.000000,9,1,0,0,9,316.0,8
316005___633306,cloudbeds,2027-01-27T00:00:00.000000,9,1,0,0,9,316.0,8
316005___633306,cloudbeds,2027-01-28T00:00:00.000000,9,0,0,0,9,443.0,9
316005___633306,cloudbeds,2027-01-29T00:00:00.000000,9,0,0,0,9,646.0,9
316005___633306,cloudbeds,2027-01-30T00:00:00.000000,9,0,0,0,9,646.0,9
316005___633306,cloudbeds,2027-01-31T00:00:00.000000,9,0,0,0,9,443.0,9
316005___633306,cloudbeds,2027-02-01T00:00:00.000000,9,0,0,0,9,374.0,9
316005___633306,cloudbeds,2027-02-02T00:00:00.000000,9,0,0,0,9,374.0,9
316005___633306,cloudbeds,2027-02-03T00:00:00.000000,9,0,0,0,9,374.0,9
316005___633306,cloudbeds,2027-02-04T00:00:00.000000,9,0,0,0,9,525.0,9
316005___633306,cloudbeds,2027-02-05T00:00:00.000000,9,0,0,0,9,760.0,9
316005___633306,cloudbeds,2027-02-06T00:00:00.000000,9,0,0,0,9,760.0,9
316005___633306,cloudbeds,2027-02-07T00:00:00.000000,9,0,0,0,9,525.0,9
316005___633306,cloudbeds,2027-02-08T00:00:00.000000,9,0,0,0,9,374.0,9
316005___633306,cloudbeds,2027-02-09T00:00:00.000000,9,0,0,0,9,374.0,9
316005___633306,cloudbeds,2027-02-10T00:00:00.000000,9,0,0,0,9,374.0,9
316005___633306,cloudbeds,2027-02-11T00:00:00.000000,9,0,0,0,9,525.0,9
316005___633306,cloudbeds,2027-02-12T00:00:00.000000,9,0,0,0,9,1380.0,9
316005___633306,cloudbeds,2027-02-13T00:00:00.000000,9,0,0,0,9,1380.0,9
316005___633306,cloudbeds,2027-02-14T00:00:00.000000,9,0,0,0,9,687.0,9
316005___633306,cloudbeds,2027-02-15T00:00:00.000000,9,0,0,0,9,608.0,9
316005___633306,cloudbeds,2027-02-16T00:00:00.000000,9,0,0,0,9,374.0,9
316005___633306,cloudbeds,2027-02-17T00:00:00.000000,9,0,0,0,9,374.0,9
316005___633306,cloudbeds,2027-02-18T00:00:00.000000,9,0,0,0,9,525.0,9
316005___633306,cloudbeds,2027-02-19T00:00:00.000000,9,0,0,0,9,760.0,9
316005___633306,cloudbeds,2027-02-20T00:00:00.000000,9,0,0,0,9,760.0,9
316005___633306,cloudbeds,2027-02-21T00:00:00.000000,9,0,0,0,9,525.0,9
316005___633306,cloudbeds,2027-02-22T00:00:00.000000,9,0,0,0,9,374.0,9
316005___633306,cloudbeds,2027-02-23T00:00:00.000000,9,0,0,0,9,374.0,9
316005___633306,cloudbeds,2027-02-24T00:00:00.000000,9,1,0,0,9,374.0,8
316005___633306,cloudbeds,2027-02-25T00:00:00.000000,9,1,0,0,9,525.0,8
316005___633306,cloudbeds,2027-02-26T00:00:00.000000,9,0,0,0,9,760.0,9
316005___633306,cloudbeds,2027-02-27T00:00:00.000000,9,0,0,0,9,760.0,9
316005___633306,cloudbeds,2027-02-28T00:00:00.000000,9,0,0,0,9,525.0,9
316005___633306,cloudbeds,2027-03-01T00:00:00.000000,9,0,0,0,9,433.0,9
316005___633306,cloudbeds,2027-03-02T00:00:00.000000,9,0,0,0,9,433.0,9
316005___633306,cloudbeds,2027-03-03T00:00:00.000000,9,0,0,0,9,433.0,9
316005___633306,cloudbeds,2027-03-04T00:00:00.000000,9,0,0,0,9,604.0,9
316005___633306,cloudbeds,2027-03-05T00:00:00.000000,9,0,0,0,9,879.0,9
316005___633306,cloudbeds,2027-03-06T00:00:00.000000,9,0,0,0,9,879.0,9
316005___633306,cloudbeds,2027-03-07T00:00:00.000000,9,0,0,0,9,604.0,9
316005___633306,cloudbeds,2027-03-08T00:00:00.000000,9,0,0,0,9,433.0,9
316005___633306,cloudbeds,2027-03-09T00:00:00.000000,9,0,0,0,9,433.0,9
316005___633306,cloudbeds,2027-03-10T00:00:00.000000,9,0,0,0,9,433.0,9
316005___633306,cloudbeds,2027-03-11T00:00:00.000000,9,0,0,0,9,604.0,9
316005___633306,cloudbeds,2027-03-12T00:00:00.000000,9,0,0,0,9,1146.0,9
316005___633306,cloudbeds,2027-03-13T00:00:00.000000,9,0,0,0,9,1146.0,9
316005___633306,cloudbeds,2027-03-14T00:00:00.000000,9,0,0,0,9,728.0,9
316005___633306,cloudbeds,2027-03-15T00:00:00.000000,9,0,0,0,9,568.0,9
316005___633306,cloudbeds,2027-03-16T00:00:00.000000,9,0,0,0,9,568.0,9
316005___633306,cloudbeds,2027-03-17T00:00:00.000000,9,0,0,0,9,568.0,9
316005___633306,cloudbeds,2027-03-18T00:00:00.000000,9,0,0,0,9,728.0,9
316005___633306,cloudbeds,2027-03-19T00:00:00.000000,9,3,0,0,9,1146.0,6
316005___633306,cloudbeds,2027-03-20T00:00:00.000000,9,3,0,0,9,1146.0,6
316005___633306,cloudbeds,2027-03-21T00:00:00.000000,9,0,0,0,9,728.0,9
316005___633306,cloudbeds,2027-03-22T00:00:00.000000,9,0,0,0,9,433.0,9
316005___633306,cloudbeds,2027-03-23T00:00:00.000000,9,0,0,0,9,433.0,9
316005___633306,cloudbeds,2027-03-24T00:00:00.000000,9,0,0,0,9,433.0,9
316005___633306,cloudbeds,2027-03-25T00:00:00.000000,9,0,0,0,9,604.0,9
316005___633306,cloudbeds,2027-03-26T00:00:00.000000,9,0,0,0,9,879.0,9
316005___633306,cloudbeds,2027-03-27T00:00:00.000000,9,0,0,0,9,879.0,9
316005___633306,cloudbeds,2027-03-28T00:00:00.000000,9,0,0,0,9,604.0,9
316005___633306,cloudbeds,2027-03-29T00:00:00.000000,9,0,0,0,9,433.0,9
316005___633306,cloudbeds,2027-03-30T00:00:00.000000,9,0,0,0,9,433.0,9
316005___633306,cloudbeds,2027-03-31T00:00:00.000000,9,0,0,0,9,433.0,9
316005___633306,cloudbeds,2027-04-01T00:00:00.000000,9,0,0,0,9,604.0,9
316005___633306,cloudbeds,2027-04-02T00:00:00.000000,9,0,0,0,9,879.0,9
316005___633306,cloudbeds,2027-04-03T00:00:00.000000,9,0,0,0,9,879.0,9
316005___633306,cloudbeds,2027-04-04T00:00:00.000000,9,0,0,0,9,604.0,9
316005___633306,cloudbeds,2027-04-05T00:00:00.000000,9,0,0,0,9,433.0,9
316005___633306,cloudbeds,2027-04-06T00:00:00.000000,9,0,0,0,9,433.0,9
316005___633306,cloudbeds,2027-04-07T00:00:00.000000,9,1,0,0,9,433.0,8
316005___633306,cloudbeds,2027-04-08T00:00:00.000000,9,1,0,0,9,604.0,8
316005___633306,cloudbeds,2027-04-09T00:00:00.000000,9,0,0,0,9,879.0,9
316005___633306,cloudbeds,2027-04-10T00:00:00.000000,9,1,0,0,9,879.0,8
316005___633306,cloudbeds,2027-04-11T00:00:00.000000,9,1,0,0,9,604.0,8
316005___633306,cloudbeds,2027-04-12T00:00:00.000000,9,0,0,0,9,433.0,9
316005___633306,cloudbeds,2027-04-13T00:00:00.000000,9,0,0,0,9,433.0,9
316005___633306,cloudbeds,2027-04-14T00:00:00.000000,9,0,0,0,9,433.0,9
316005___633306,cloudbeds,2027-04-15T00:00:00.000000,9,0,0,0,9,604.0,9
316005___633306,cloudbeds,2027-04-16T00:00:00.000000,9,0,0,0,9,879.0,9
316005___633306,cloudbeds,2027-04-17T00:00:00.000000,9,0,0,0,9,879.0,9
316005___633306,cloudbeds,2027-04-18T00:00:00.000000,9,0,0,0,9,604.0,9
316005___633306,cloudbeds,2027-04-19T00:00:00.000000,9,0,0,0,9,433.0,9
316005___633306,cloudbeds,2027-04-20T00:00:00.000000,9,0,0,0,9,433.0,9
316005___633306,cloudbeds,2027-04-21T00:00:00.000000,9,0,0,0,9,433.0,9
316005___633306,cloudbeds,2027-04-22T00:00:00.000000,9,0,0,0,9,604.0,9
316005___633306,cloudbeds,2027-04-23T00:00:00.000000,9,0,0,0,9,879.0,9
316005___633306,cloudbeds,2027-04-24T00:00:00.000000,9,0,0,0,9,879.0,9
316005___633306,cloudbeds,2027-04-25T00:00:00.000000,9,0,0,0,9,604.0,9
316005___633306,cloudbeds,2027-04-26T00:00:00.000000,9,0,0,0,9,433.0,9
316005___633306,cloudbeds,2027-04-27T00:00:00.000000,9,0,0,0,9,433.0,9
316005___633306,cloudbeds,2027-04-28T00:00:00.000000,9,0,0,0,9,433.0,9
316005___633306,cloudbeds,2027-04-29T00:00:00.000000,9,0,0,0,9,686.0,9
316005___633306,cloudbeds,2027-04-30T00:00:00.000000,9,0,0,0,9,994.0,9
316005___633306,cloudbeds,2027-05-01T00:00:00.000000,9,0,0,0,9,994.0,9
316005___633306,cloudbeds,2027-05-02T00:00:00.000000,9,0,0,0,9,686.0,9
316005___633306,cloudbeds,2027-05-03T00:00:00.000000,9,0,0,0,9,492.0,9
316005___633306,cloudbeds,2027-05-04T00:00:00.000000,9,0,0,0,9,492.0,9
316005___633306,cloudbeds,2027-05-05T00:00:00.000000,9,0,0,0,9,492.0,9
316005___633306,cloudbeds,2027-05-06T00:00:00.000000,9,0,0,0,9,686.0,9
316005___633306,cloudbeds,2027-05-07T00:00:00.000000,9,0,0,0,9,994.0,9
316005___633306,cloudbeds,2027-05-08T00:00:00.000000,9,0,0,0,9,994.0,9
316005___633306,cloudbeds,2027-05-09T00:00:00.000000,9,0,0,0,9,686.0,9
316005___633306,cloudbeds,2027-05-10T00:00:00.000000,9,0,0,0,9,492.0,9
316005___633306,cloudbeds,2027-05-11T00:00:00.000000,9,0,0,0,9,492.0,9
316005___633306,cloudbeds,2027-05-12T00:00:00.000000,9,0,0,0,9,492.0,9
316005___633306,cloudbeds,2027-05-13T00:00:00.000000,9,0,0,0,9,686.0,9
316005___633306,cloudbeds,2027-05-14T00:00:00.000000,9,0,0,0,9,994.0,9
316005___633306,cloudbeds,2027-05-15T00:00:00.000000,9,0,0,0,9,994.0,9
316005___633306,cloudbeds,2027-05-16T00:00:00.000000,9,0,0,0,9,686.0,9
316005___633306,cloudbeds,2027-05-17T00:00:00.000000,9,0,0,0,9,492.0,9
316005___633306,cloudbeds,2027-05-18T00:00:00.000000,9,0,0,0,9,492.0,9
316005___633306,cloudbeds,2027-05-19T00:00:00.000000,9,0,0,0,9,492.0,9
316005___633306,cloudbeds,2027-05-20T00:00:00.000000,9,0,0,0,9,686.0,9
316005___633306,cloudbeds,2027-05-21T00:00:00.000000,9,0,0,0,9,994.0,9
316005___633306,cloudbeds,2027-05-22T00:00:00.000000,9,0,0,0,9,994.0,9
316005___633306,cloudbeds,2027-05-23T00:00:00.000000,9,0,0,0,9,686.0,9
316005___633306,cloudbeds,2027-05-24T00:00:00.000000,9,0,0,0,9,492.0,9
316005___633306,cloudbeds,2027-05-25T00:00:00.000000,9,0,0,0,9,492.0,9
316005___633306,cloudbeds,2027-05-26T00:00:00.000000,9,0,0,0,9,492.0,9
316005___633306,cloudbeds,2027-05-27T00:00:00.000000,9,0,0,0,9,686.0,9
316005___633306,cloudbeds,2027-05-28T00:00:00.000000,9,0,0,0,9,1246.0,9
316005___633306,cloudbeds,2027-05-29T00:00:00.000000,9,0,0,0,9,1246.0,9
316005___633306,cloudbeds,2027-05-30T00:00:00.000000,9,0,0,0,9,754.0,9
316005___633306,cloudbeds,2027-05-31T00:00:00.000000,9,0,0,0,9,623.0,9
316005___633306,cloudbeds,2027-06-01T00:00:00.000000,9,0,0,0,9,492.0,9
316005___633306,cloudbeds,2027-06-02T00:00:00.000000,9,0,0,0,9,492.0,9
316005___633306,cloudbeds,2027-06-03T00:00:00.000000,9,0,0,0,9,686.0,9
316005___633306,cloudbeds,2027-06-04T00:00:00.000000,9,0,0,0,9,994.0,9
316005___633306,cloudbeds,2027-06-05T00:00:00.000000,9,0,0,0,9,994.0,9
316005___633306,cloudbeds,2027-06-06T00:00:00.000000,9,0,0,0,9,686.0,9
316005___633306,cloudbeds,2027-06-07T00:00:00.000000,9,0,0,0,9,492.0,9
316005___633306,cloudbeds,2027-06-08T00:00:00.000000,9,0,0,0,9,492.0,9
316005___633306,cloudbeds,2027-06-09T00:00:00.000000,9,0,0,0,9,492.0,9
316005___633306,cloudbeds,2027-06-10T00:00:00.000000,9,0,0,0,9,686.0,9
316005___633306,cloudbeds,2027-06-11T00:00:00.000000,9,0,0,0,9,994.0,9
316005___633306,cloudbeds,2027-06-12T00:00:00.000000,9,0,0,0,9,994.0,9
316005___633306,cloudbeds,2027-06-13T00:00:00.000000,9,0,0,0,9,686.0,9
316005___633306,cloudbeds,2027-06-14T00:00:00.000000,9,0,0,0,9,492.0,9
316005___633306,cloudbeds,2027-06-15T00:00:00.000000,9,0,0,0,9,492.0,9
316005___633306,cloudbeds,2027-06-16T00:00:00.000000,9,0,0,0,9,492.0,9
316005___633306,cloudbeds,2027-06-17T00:00:00.000000,9,0,0,0,9,686.0,9
316005___633306,cloudbeds,2027-06-18T00:00:00.000000,9,0,0,0,9,994.0,9
316005___633306,cloudbeds,2027-06-19T00:00:00.000000,9,0,0,0,9,994.0,9
316005___633306,cloudbeds,2027-06-20T00:00:00.000000,9,0,0,0,9,686.0,9
316005___633306,cloudbeds,2027-06-21T00:00:00.000000,9,0,0,0,9,492.0,9
316005___633306,cloudbeds,2027-06-22T00:00:00.000000,9,0,0,0,9,492.0,9
316005___633306,cloudbeds,2027-06-23T00:00:00.000000,9,0,0,0,9,492.0,9
316005___633306,cloudbeds,2027-06-24T00:00:00.000000,9,0,0,0,9,686.0,9
316005___633306,cloudbeds,2027-06-25T00:00:00.000000,9,0,0,0,9,994.0,9
316005___633306,cloudbeds,2027-06-26T00:00:00.000000,9,0,0,0,9,994.0,9
316005___633306,cloudbeds,2027-06-27T00:00:00.000000,9,0,0,0,9,686.0,9
316005___633306,cloudbeds,2027-06-28T00:00:00.000000,9,0,0,0,9,492.0,9
316005___633306,cloudbeds,2027-06-29T00:00:00.000000,9,0,0,0,9,492.0,9
316005___633306,cloudbeds,2027-06-30T00:00:00.000000,9,0,0,0,9,520.0,9
316005___633306,cloudbeds,2027-07-01T00:00:00.000000,9,0,0,0,9,808.0,9
316005___633306,cloudbeds,2027-07-02T00:00:00.000000,9,0,0,0,9,1216.0,9
316005___633306,cloudbeds,2027-07-03T00:00:00.000000,9,0,0,0,9,1220.0,9
316005___633306,cloudbeds,2027-07-04T00:00:00.000000,9,0,0,0,9,817.0,9
316005___633306,cloudbeds,2027-07-05T00:00:00.000000,9,0,0,0,9,345.0,9
316005___633306,cloudbeds,2027-07-06T00:00:00.000000,9,0,0,0,9,347.0,9
316005___633306,cloudbeds,2027-07-07T00:00:00.000000,9,0,0,0,9,350.0,9
316005___633306,cloudbeds,2027-07-08T00:00:00.000000,9,0,0,0,9,485.0,9
316005___633306,cloudbeds,2027-07-09T00:00:00.000000,9,0,0,0,9,706.0,9
316005___633306,cloudbeds,2027-07-10T00:00:00.000000,9,0,0,0,9,708.0,9
316005___633306,cloudbeds,2027-07-11T00:00:00.000000,9,0,0,0,9,491.0,9
316005___633306,cloudbeds,2027-07-12T00:00:00.000000,9,0,0,0,9,356.0,9
316005___633306,cloudbeds,2027-07-13T00:00:00.000000,9,0,0,0,9,359.0,9
316005___633306,cloudbeds,2027-07-14T00:00:00.000000,9,0,0,0,9,379.0,9
316005___633306,cloudbeds,2027-07-15T00:00:00.000000,9,0,0,0,9,496.0,9
316005___633306,cloudbeds,2027-07-16T00:00:00.000000,9,0,0,0,9,718.0,9
316005___633306,cloudbeds,2027-07-17T00:00:00.000000,9,0,0,0,9,718.0,9
316005___633306,cloudbeds,2027-07-18T00:00:00.000000,9,0,0,0,9,496.0,9
316005___633306,cloudbeds,2027-07-19T00:00:00.000000,9,0,0,0,9,361.0,9
316005___633306,cloudbeds,2027-07-20T00:00:00.000000,9,0,0,0,9,361.0,9
316005___633306,cloudbeds,2027-07-21T00:00:00.000000,9,0,0,0,9,361.0,9
316005___633306,cloudbeds,2027-07-22T00:00:00.000000,9,0,0,0,9,496.0,9
316005___633306,cloudbeds,2027-07-23T00:00:00.000000,9,0,0,0,9,718.0,9
316005___633306,cloudbeds,2027-07-24T00:00:00.000000,9,0,0,0,9,718.0,9
316005___633306,cloudbeds,2027-07-25T00:00:00.000000,9,0,0,0,9,496.0,9
316005___633306,cloudbeds,2027-07-26T00:00:00.000000,9,0,0,0,9,361.0,9
316005___633306,cloudbeds,2027-07-27T00:00:00.000000,9,0,0,0,9,361.0,9
316005___633306,cloudbeds,2027-07-28T00:00:00.000000,9,0,0,0,9,361.0,9
316005___633306,cloudbeds,2027-07-29T00:00:00.000000,9,0,0,0,9,587.0,9
316005___633306,cloudbeds,2027-07-30T00:00:00.000000,9,0,0,0,9,718.0,9
316005___633306,cloudbeds,2027-07-31T00:00:00.000000,9,0,0,0,9,718.0,9
316005___633306,cloudbeds,2027-08-01T00:00:00.000000,9,0,0,0,9,587.0,9
316005___633306,cloudbeds,2027-08-02T00:00:00.000000,9,0,0,0,9,424.0,9
316005___633306,cloudbeds,2027-08-03T00:00:00.000000,9,0,0,0,9,424.0,9
316005___633306,cloudbeds,2027-08-04T00:00:00.000000,9,0,0,0,9,424.0,9
316005___633306,cloudbeds,2027-08-05T00:00:00.000000,9,0,0,0,9,587.0,9
316005___633306,cloudbeds,2027-08-06T00:00:00.000000,9,0,0,0,9,844.0,9
316005___633306,cloudbeds,2027-08-07T00:00:00.000000,9,0,0,0,9,844.0,9
316005___633306,cloudbeds,2027-08-08T00:00:00.000000,9,0,0,0,9,587.0,9
316005___633306,cloudbeds,2027-08-09T00:00:00.000000,9,0,0,0,9,385.0,9
316005___633306,cloudbeds,2027-08-10T00:00:00.000000,9,0,0,0,9,385.0,9
316005___633306,cloudbeds,2027-08-11T00:00:00.000000,9,0,0,0,9,385.0,9
316005___633306,cloudbeds,2027-08-12T00:00:00.000000,9,0,0,0,9,532.0,9
316005___633306,cloudbeds,2027-08-13T00:00:00.000000,9,0,0,0,9,766.0,9
316005___633306,cloudbeds,2027-08-14T00:00:00.000000,9,0,0,0,9,766.0,9
316005___633306,cloudbeds,2027-08-15T00:00:00.000000,9,0,0,0,9,532.0,9
316005___633306,cloudbeds,2027-08-16T00:00:00.000000,9,0,0,0,9,385.0,9
316005___633306,cloudbeds,2027-08-17T00:00:00.000000,9,0,0,0,9,385.0,9
316005___633306,cloudbeds,2027-08-18T00:00:00.000000,9,0,0,0,9,385.0,9
316005___633306,cloudbeds,2027-08-19T00:00:00.000000,9,0,0,0,9,532.0,9
316005___633306,cloudbeds,2027-08-20T00:00:00.000000,9,0,0,0,9,766.0,9
316005___633306,cloudbeds,2027-08-21T00:00:00.000000,9,0,0,0,9,766.0,9
316005___633306,cloudbeds,2027-08-22T00:00:00.000000,9,0,0,0,9,532.0,9
316005___633306,cloudbeds,2027-08-23T00:00:00.000000,9,0,0,0,9,385.0,9
316005___633306,cloudbeds,2027-08-24T00:00:00.000000,9,0,0,0,9,385.0,9
316005___633306,cloudbeds,2027-08-25T00:00:00.000000,9,0,0,0,9,385.0,9
316005___633306,cloudbeds,2027-08-26T00:00:00.000000,9,0,0,0,9,561.0,9
316005___633306,cloudbeds,2027-08-27T00:00:00.000000,9,0,0,0,9,807.0,9
316005___633306,cloudbeds,2027-08-28T00:00:00.000000,9,0,0,0,9,807.0,9
316005___633306,cloudbeds,2027-08-29T00:00:00.000000,9,0,0,0,9,561.0,9
316005___633306,cloudbeds,2027-08-30T00:00:00.000000,9,0,0,0,9,406.0,9
316005___633306,cloudbeds,2027-08-31T00:00:00.000000,9,0,0,0,9,406.0,9
316005___633306,cloudbeds,2027-09-01T00:00:00.000000,9,0,0,0,9,406.0,9
316005___633306,cloudbeds,2027-09-02T00:00:00.000000,9,0,0,0,9,645.0,9
316005___633306,cloudbeds,2027-09-03T00:00:00.000000,9,0,0,0,9,928.0,9
316005___633306,cloudbeds,2027-09-04T00:00:00.000000,9,0,0,0,9,928.0,9
316005___633306,cloudbeds,2027-09-05T00:00:00.000000,9,0,0,0,9,710.0,9
316005___633306,cloudbeds,2027-09-06T00:00:00.000000,9,0,0,0,9,487.0,9
316005___633306,cloudbeds,2027-09-07T00:00:00.000000,9,0,0,0,9,406.0,9
316005___633306,cloudbeds,2027-09-08T00:00:00.000000,9,0,0,0,9,406.0,9
316005___633306,cloudbeds,2027-09-09T00:00:00.000000,9,0,0,0,9,561.0,9
316005___633306,cloudbeds,2027-09-10T00:00:00.000000,9,0,0,0,9,807.0,9
316005___633306,cloudbeds,2027-09-11T00:00:00.000000,9,0,0,0,9,807.0,9
316005___633306,cloudbeds,2027-09-12T00:00:00.000000,9,0,0,0,9,561.0,9
316005___633306,cloudbeds,2027-09-13T00:00:00.000000,9,0,0,0,9,406.0,9
316005___633306,cloudbeds,2027-09-14T00:00:00.000000,9,0,0,0,9,406.0,9
316005___633306,cloudbeds,2027-09-15T00:00:00.000000,9,0,0,0,9,406.0,9
316005___633306,cloudbeds,2027-09-16T00:00:00.000000,9,0,0,0,9,561.0,9
316005___633306,cloudbeds,2027-09-17T00:00:00.000000,9,0,0,0,9,807.0,9
316005___633306,cloudbeds,2027-09-18T00:00:00.000000,9,0,0,0,9,807.0,9
316005___633306,cloudbeds,2027-09-19T00:00:00.000000,9,0,0,0,9,561.0,9
316005___633306,cloudbeds,2027-09-20T00:00:00.000000,9,0,0,0,9,406.0,9
316005___633306,cloudbeds,2027-09-21T00:00:00.000000,9,0,0,0,9,406.0,9
316005___633306,cloudbeds,2027-09-22T00:00:00.000000,9,0,0,0,9,406.0,9
316005___633306,cloudbeds,2027-09-23T00:00:00.000000,9,0,0,0,9,561.0,9
316005___633306,cloudbeds,2027-09-24T00:00:00.000000,9,0,0,0,9,807.0,9
316005___633306,cloudbeds,2027-09-25T00:00:00.000000,9,0,0,0,9,807.0,9
316005___633306,cloudbeds,2027-09-26T00:00:00.000000,9,0,0,0,9,561.0,9
316005___633306,cloudbeds,2027-09-27T00:00:00.000000,9,0,0,0,9,406.0,9
316005___633306,cloudbeds,2027-09-28T00:00:00.000000,9,0,0,0,9,406.0,9
316005___633306,cloudbeds,2027-09-29T00:00:00.000000,9,0,0,0,9,406.0,9
316005___633306,cloudbeds,2027-09-30T00:00:00.000000,9,0,0,0,9,644.0,9
316005___633306,cloudbeds,2027-10-01T00:00:00.000000,9,0,0,0,9,930.0,9
316005___633306,cloudbeds,2027-10-02T00:00:00.000000,9,0,0,0,9,930.0,9
316005___633306,cloudbeds,2027-10-03T00:00:00.000000,9,0,0,0,9,644.0,9
316005___633306,cloudbeds,2027-10-04T00:00:00.000000,9,0,0,0,9,467.0,9
316005___633306,cloudbeds,2027-10-05T00:00:00.000000,9,0,0,0,9,467.0,9
316005___633306,cloudbeds,2027-10-06T00:00:00.000000,9,0,0,0,9,467.0,9
316005___633306,cloudbeds,2027-10-07T00:00:00.000000,9,0,0,0,9,644.0,9
316005___633306,cloudbeds,2027-10-08T00:00:00.000000,9,0,0,0,9,1069.0,9
316005___633306,cloudbeds,2027-10-09T00:00:00.000000,9,0,0,0,9,1069.0,9
316005___633306,cloudbeds,2027-10-10T00:00:00.000000,9,0,0,0,9,709.0,9
316005___633306,cloudbeds,2027-10-11T00:00:00.000000,9,0,0,0,9,496.0,9
316005___633306,cloudbeds,2027-10-12T00:00:00.000000,9,0,0,0,9,467.0,9
316005___633306,cloudbeds,2027-10-13T00:00:00.000000,9,0,0,0,9,467.0,9
316005___633306,cloudbeds,2027-10-14T00:00:00.000000,9,0,0,0,9,644.0,9
316005___633306,cloudbeds,2027-10-15T00:00:00.000000,9,0,0,0,9,930.0,9
316005___633306,cloudbeds,2027-10-16T00:00:00.000000,9,0,0,0,9,930.0,9
316005___633306,cloudbeds,2027-10-17T00:00:00.000000,9,0,0,0,9,644.0,9
316005___633306,cloudbeds,2027-10-18T00:00:00.000000,9,0,0,0,9,467.0,9
316005___633306,cloudbeds,2027-10-19T00:00:00.000000,9,0,0,0,9,467.0,9
316005___633306,cloudbeds,2027-10-20T00:00:00.000000,9,0,0,0,9,467.0,9
316005___633306,cloudbeds,2027-10-21T00:00:00.000000,9,0,0,0,9,644.0,9
316005___633306,cloudbeds,2027-10-22T00:00:00.000000,9,0,0,0,9,930.0,9
316005___633306,cloudbeds,2027-10-23T00:00:00.000000,9,0,0,0,9,930.0,9
316005___633306,cloudbeds,2027-10-24T00:00:00.000000,9,0,0,0,9,644.0,9
316005___633306,cloudbeds,2027-10-25T00:00:00.000000,9,0,0,0,9,467.0,9
316005___633306,cloudbeds,2027-10-26T00:00:00.000000,9,0,0,0,9,467.0,9
316005___633306,cloudbeds,2027-10-27T00:00:00.000000,9,0,0,0,9,467.0,9
316005___633306,cloudbeds,2027-10-28T00:00:00.000000,9,0,0,0,9,644.0,9
316005___633306,cloudbeds,2027-10-29T00:00:00.000000,9,0,0,0,9,930.0,9
316005___633306,cloudbeds,2027-10-30T00:00:00.000000,9,0,0,0,9,930.0,9
316005___633306,cloudbeds,2027-10-31T00:00:00.000000,9,0,0,0,9,644.0,9
316005___633306,cloudbeds,2027-11-01T00:00:00.000000,9,0,0,0,9,406.0,9
316005___633306,cloudbeds,2027-11-02T00:00:00.000000,9,0,0,0,9,406.0,9
316005___633306,cloudbeds,2027-11-03T00:00:00.000000,9,0,0,0,9,406.0,9
316005___633306,cloudbeds,2027-11-04T00:00:00.000000,9,0,0,0,9,561.0,9
316005___633306,cloudbeds,2027-11-05T00:00:00.000000,9,0,0,0,9,807.0,9
316005___633306,cloudbeds,2027-11-06T00:00:00.000000,9,0,0,0,9,807.0,9
316005___633306,cloudbeds,2027-11-07T00:00:00.000000,9,0,0,0,9,561.0,9
316005___633306,cloudbeds,2027-11-08T00:00:00.000000,9,0,0,0,9,406.0,9
316005___633306,cloudbeds,2027-11-09T00:00:00.000000,9,0,0,0,9,406.0,9
316005___633306,cloudbeds,2027-11-10T00:00:00.000000,9,0,0,0,9,406.0,9
316005___633306,cloudbeds,2027-11-11T00:00:00.000000,9,0,0,0,9,561.0,9
316005___633306,cloudbeds,2027-11-12T00:00:00.000000,9,0,0,0,9,807.0,9
316005___633306,cloudbeds,2027-11-13T00:00:00.000000,9,0,0,0,9,807.0,9
316005___633306,cloudbeds,2027-11-14T00:00:00.000000,9,0,0,0,9,561.0,9
316005___633306,cloudbeds,2027-11-15T00:00:00.000000,9,0,0,0,9,406.0,9
316005___633306,cloudbeds,2027-11-16T00:00:00.000000,9,0,0,0,9,406.0,9
316005___633306,cloudbeds,2027-11-17T00:00:00.000000,9,0,0,0,9,406.0,9
316005___633306,cloudbeds,2027-11-18T00:00:00.000000,9,0,0,0,9,561.0,9
316005___633306,cloudbeds,2027-11-19T00:00:00.000000,9,0,0,0,9,807.0,9
316005___633306,cloudbeds,2027-11-20T00:00:00.000000,9,0,0,0,9,807.0,9
316005___633306,cloudbeds,2027-11-21T00:00:00.000000,9,0,0,0,9,561.0,9
316005___633306,cloudbeds,2027-11-22T00:00:00.000000,9,0,0,0,9,406.0,9
316005___633306,cloudbeds,2027-11-23T00:00:00.000000,9,0,0,0,9,406.0,9
316005___633306,cloudbeds,2027-11-24T00:00:00.000000,9,0,0,0,9,406.0,9
316005___633306,cloudbeds,2027-11-25T00:00:00.000000,9,0,0,0,9,928.0,9
316005___633306,cloudbeds,2027-11-26T00:00:00.000000,9,0,0,0,9,807.0,9
316005___633306,cloudbeds,2027-11-27T00:00:00.000000,9,0,0,0,9,807.0,9
316005___633306,cloudbeds,2027-11-28T00:00:00.000000,9,0,0,0,9,561.0,9
316005___633306,cloudbeds,2027-11-29T00:00:00.000000,9,0,0,0,9,406.0,9
316005___633306,cloudbeds,2027-11-30T00:00:00.000000,9,0,0,0,9,406.0,9
316005___633306,cloudbeds,2027-12-01T00:00:00.000000,9,0,0,0,9,467.0,9
316005___633306,cloudbeds,2027-12-02T00:00:00.000000,9,0,0,0,9,644.0,9
316005___633306,cloudbeds,2027-12-03T00:00:00.000000,9,0,0,0,9,930.0,9
316005___633306,cloudbeds,2027-12-04T00:00:00.000000,9,0,0,0,9,930.0,9
316005___633306,cloudbeds,2027-12-05T00:00:00.000000,9,0,0,0,9,644.0,9
316005___633306,cloudbeds,2027-12-06T00:00:00.000000,9,0,0,0,9,467.0,9
316005___633306,cloudbeds,2027-12-07T00:00:00.000000,9,0,0,0,9,467.0,9
316005___633306,cloudbeds,2027-12-08T00:00:00.000000,9,0,0,0,9,467.0,9
316005___633306,cloudbeds,2027-12-09T00:00:00.000000,9,0,0,0,9,644.0,9
316005___633306,cloudbeds,2027-12-10T00:00:00.000000,9,0,0,0,9,930.0,9
316005___633306,cloudbeds,2027-12-11T00:00:00.000000,9,0,0,0,9,930.0,9
316005___633306,cloudbeds,2027-12-12T00:00:00.000000,9,0,0,0,9,644.0,9
316005___633306,cloudbeds,2027-12-13T00:00:00.000000,9,0,0,0,9,467.0,9
316005___633306,cloudbeds,2027-12-14T00:00:00.000000,9,0,0,0,9,467.0,9
316005___633306,cloudbeds,2027-12-15T00:00:00.000000,9,0,0,0,9,467.0,9
316005___633306,cloudbeds,2027-12-16T00:00:00.000000,9,0,0,0,9,644.0,9
316005___633306,cloudbeds,2027-12-17T00:00:00.000000,9,0,0,0,9,1115.0,9
316005___633306,cloudbeds,2027-12-18T00:00:00.000000,9,0,0,0,9,1115.0,9
316005___633306,cloudbeds,2027-12-19T00:00:00.000000,9,0,0,0,9,741.0,9
316005___633306,cloudbeds,2027-12-20T00:00:00.000000,9,0,0,0,9,560.0,9
316005___633306,cloudbeds,2027-12-21T00:00:00.000000,9,0,0,0,9,560.0,9
316005___633306,cloudbeds,2027-12-22T00:00:00.000000,9,0,0,0,9,560.0,9
316005___633306,cloudbeds,2027-12-23T00:00:00.000000,9,0,0,0,9,741.0,9
316005___633306,cloudbeds,2027-12-24T00:00:00.000000,9,0,0,0,9,1255.0,9
316005___633306,cloudbeds,2027-12-25T00:00:00.000000,9,0,0,0,9,1255.0,9
316005___633306,cloudbeds,2027-12-26T00:00:00.000000,9,0,0,0,9,1255.0,9
316005___633306,cloudbeds,2027-12-27T00:00:00.000000,9,0,0,0,9,467.0,9
316005___633306,cloudbeds,2027-12-28T00:00:00.000000,9,0,0,0,9,467.0,9
316005___633306,cloudbeds,2027-12-29T00:00:00.000000,9,0,0,0,9,467.0,9
316005___633306,cloudbeds,2027-12-30T00:00:00.000000,9,0,0,0,9,1569.0,9
316005___633306,cloudbeds,2027-12-31T00:00:00.000000,9,0,0,0,9,1569.0,9
316005___633306,cloudbeds,2028-01-01T00:00:00.000000,9,0,0,0,9,1569.0,9
316005___633306,cloudbeds,2028-01-02T00:00:00.000000,9,0,0,0,9,784.0,9
316005___633306,cloudbeds,2028-01-03T00:00:00.000000,9,0,0,0,9,345.0,9
316005___633306,cloudbeds,2028-01-04T00:00:00.000000,9,0,0,0,9,345.0,9
316005___633306,cloudbeds,2028-01-05T00:00:00.000000,9,0,0,0,9,345.0,9
316005___633306,cloudbeds,2028-01-06T00:00:00.000000,9,0,0,0,9,476.0,9
316005___633306,cloudbeds,2028-01-07T00:00:00.000000,9,0,0,0,9,686.0,9
316005___633306,cloudbeds,2028-01-08T00:00:00.000000,9,0,0,0,9,686.0,9
316005___633306,cloudbeds,2028-01-09T00:00:00.000000,9,0,0,0,9,476.0,9
316005___633310,cloudbeds,2026-08-25T00:00:00.000000,5,2,0,0,5,0.0,3
316005___633310,cloudbeds,2026-08-26T00:00:00.000000,5,4,0,0,5,0.0,1
316005___633310,cloudbeds,2026-08-27T00:00:00.000000,5,4,0,0,5,0.0,1
316005___633310,cloudbeds,2026-08-28T00:00:00.000000,5,4,0,0,5,0.0,1
316005___633310,cloudbeds,2026-08-29T00:00:00.000000,5,5,0,0,5,0.0,0
316005___633310,cloudbeds,2026-08-30T00:00:00.000000,5,4,0,0,5,0.0,1
316005___633310,cloudbeds,2026-08-31T00:00:00.000000,5,4,0,0,5,0.0,1
316005___633310,cloudbeds,2026-09-01T00:00:00.000000,5,5,0,0,5,0.0,0
316005___633310,cloudbeds,2026-09-02T00:00:00.000000,5,5,0,0,5,0.0,0
316005___633310,cloudbeds,2026-09-03T00:00:00.000000,5,4,0,0,5,0.0,1
316005___633310,cloudbeds,2026-09-04T00:00:00.000000,5,5,0,0,5,0.0,0
316005___633310,cloudbeds,2026-09-05T00:00:00.000000,5,5,0,0,5,0.0,0
316005___633310,cloudbeds,2026-09-06T00:00:00.000000,5,5,0,0,5,0.0,0
316005___633310,cloudbeds,2026-09-07T00:00:00.000000,5,5,0,0,5,0.0,0
316005___633310,cloudbeds,2026-09-08T00:00:00.000000,5,4,0,0,5,0.0,1
316005___633310,cloudbeds,2026-09-09T00:00:00.000000,5,4,0,0,5,0.0,1
316005___633310,cloudbeds,2026-09-10T00:00:00.000000,5,4,0,0,5,0.0,1
316005___633310,cloudbeds,2026-09-11T00:00:00.000000,5,4,0,0,5,0.0,1
316005___633310,cloudbeds,2026-09-12T00:00:00.000000,5,5,0,0,5,0.0,0
316005___633310,cloudbeds,2026-09-13T00:00:00.000000,5,4,0,0,5,0.0,1
316005___633310,cloudbeds,2026-09-14T00:00:00.000000,5,5,0,0,5,0.0,0
316005___633310,cloudbeds,2026-09-15T00:00:00.000000,5,4,0,0,5,0.0,1
316005___633310,cloudbeds,2026-09-16T00:00:00.000000,5,4,0,0,5,0.0,1
316005___633310,cloudbeds,2026-09-17T00:00:00.000000,5,4,0,0,5,0.0,1
316005___633310,cloudbeds,2026-09-18T00:00:00.000000,5,5,0,0,5,0.0,0
316005___633310,cloudbeds,2026-09-19T00:00:00.000000,5,5,0,0,5,0.0,0
316005___633310,cloudbeds,2026-09-20T00:00:00.000000,5,5,0,0,5,0.0,0
316005___633310,cloudbeds,2026-09-21T00:00:00.000000,5,4,0,0,5,0.0,1
316005___633310,cloudbeds,2026-09-22T00:00:00.000000,5,5,0,0,5,0.0,0
316005___633310,cloudbeds,2026-09-23T00:00:00.000000,5,5,0,0,5,0.0,0
316005___633310,cloudbeds,2026-09-24T00:00:00.000000,5,5,0,0,5,366.0,0
316005___633310,cloudbeds,2026-09-25T00:00:00.000000,5,5,0,0,5,725.0,0
316005___633310,cloudbeds,2026-09-26T00:00:00.000000,5,5,0,0,5,975.0,0
316005___633310,cloudbeds,2026-09-27T00:00:00.000000,5,4,0,0,5,279.0,1
316005___633310,cloudbeds,2026-09-28T00:00:00.000000,5,5,0,0,5,303.0,0
316005___633310,cloudbeds,2026-09-29T00:00:00.000000,5,5,0,0,5,303.0,0
316005___633310,cloudbeds,2026-09-30T00:00:00.000000,5,5,0,0,5,303.0,0
316005___633310,cloudbeds,2026-10-01T00:00:00.000000,5,2,0,0,5,349.0,3
316005___633310,cloudbeds,2026-10-02T00:00:00.000000,5,5,0,0,5,1101.0,0
316005___633310,cloudbeds,2026-10-03T00:00:00.000000,5,5,0,0,5,1101.0,0
316005___633310,cloudbeds,2026-10-04T00:00:00.000000,5,1,0,0,5,349.0,4
316005___633310,cloudbeds,2026-10-05T00:00:00.000000,5,3,0,0,5,324.0,2
316005___633310,cloudbeds,2026-10-06T00:00:00.000000,5,4,0,0,5,324.0,1
316005___633310,cloudbeds,2026-10-07T00:00:00.000000,5,2,0,0,5,324.0,3
316005___633310,cloudbeds,2026-10-08T00:00:00.000000,5,2,0,0,5,455.0,3
316005___633310,cloudbeds,2026-10-09T00:00:00.000000,5,5,0,0,5,1054.0,0
316005___633310,cloudbeds,2026-10-10T00:00:00.000000,5,5,0,0,5,1208.0,0
316005___633310,cloudbeds,2026-10-11T00:00:00.000000,5,4,0,0,5,496.0,1
316005___633310,cloudbeds,2026-10-12T00:00:00.000000,5,2,0,0,5,436.0,3
316005___633310,cloudbeds,2026-10-13T00:00:00.000000,5,2,0,0,5,436.0,3
316005___633310,cloudbeds,2026-10-14T00:00:00.000000,5,1,0,0,5,476.0,4
316005___633310,cloudbeds,2026-10-15T00:00:00.000000,5,2,0,0,5,707.0,3
316005___633310,cloudbeds,2026-10-16T00:00:00.000000,5,3,0,0,5,906.0,2
316005___633310,cloudbeds,2026-10-17T00:00:00.000000,5,3,0,0,5,906.0,2
316005___633310,cloudbeds,2026-10-18T00:00:00.000000,5,0,0,0,5,707.0,5
316005___633310,cloudbeds,2026-10-19T00:00:00.000000,5,0,0,0,5,414.0,5
316005___633310,cloudbeds,2026-10-20T00:00:00.000000,5,0,0,0,5,414.0,5
316005___633310,cloudbeds,2026-10-21T00:00:00.000000,5,0,0,0,5,414.0,5
316005___633310,cloudbeds,2026-10-22T00:00:00.000000,5,0,0,0,5,1142.0,5
316005___633310,cloudbeds,2026-10-23T00:00:00.000000,5,0,0,0,5,1344.0,5
316005___633310,cloudbeds,2026-10-24T00:00:00.000000,5,0,0,0,5,1344.0,5
316005___633310,cloudbeds,2026-10-25T00:00:00.000000,5,0,0,0,5,754.0,5
316005___633310,cloudbeds,2026-10-26T00:00:00.000000,5,0,0,0,5,414.0,5
316005___633310,cloudbeds,2026-10-27T00:00:00.000000,5,1,0,0,5,414.0,4
316005___633310,cloudbeds,2026-10-28T00:00:00.000000,5,1,0,0,5,414.0,4
316005___633310,cloudbeds,2026-10-29T00:00:00.000000,5,0,0,0,5,707.0,5
316005___633310,cloudbeds,2026-10-30T00:00:00.000000,5,1,0,0,5,931.0,4
316005___633310,cloudbeds,2026-10-31T00:00:00.000000,5,1,0,0,5,931.0,4
316005___633310,cloudbeds,2026-11-01T00:00:00.000000,5,1,0,0,5,660.0,4
316005___633310,cloudbeds,2026-11-02T00:00:00.000000,5,1,0,0,5,414.0,4
316005___633310,cloudbeds,2026-11-03T00:00:00.000000,5,1,0,0,5,414.0,4
316005___633310,cloudbeds,2026-11-04T00:00:00.000000,5,2,0,0,5,414.0,3
316005___633310,cloudbeds,2026-11-05T00:00:00.000000,5,2,0,0,5,751.0,3
316005___633310,cloudbeds,2026-11-06T00:00:00.000000,5,2,0,0,5,1115.0,3
316005___633310,cloudbeds,2026-11-07T00:00:00.000000,5,2,0,0,5,1229.0,3
316005___633310,cloudbeds,2026-11-08T00:00:00.000000,5,0,0,0,5,751.0,5
316005___633310,cloudbeds,2026-11-09T00:00:00.000000,5,4,0,0,5,521.0,1
316005___633310,cloudbeds,2026-11-10T00:00:00.000000,5,4,0,0,5,521.0,1
316005___633310,cloudbeds,2026-11-11T00:00:00.000000,5,2,0,0,5,521.0,3
316005___633310,cloudbeds,2026-11-12T00:00:00.000000,5,2,0,0,5,751.0,3
316005___633310,cloudbeds,2026-11-13T00:00:00.000000,5,4,0,0,5,1009.0,1
316005___633310,cloudbeds,2026-11-14T00:00:00.000000,5,3,0,0,5,1009.0,2
316005___633310,cloudbeds,2026-11-15T00:00:00.000000,5,0,0,0,5,751.0,5
316005___633310,cloudbeds,2026-11-16T00:00:00.000000,5,0,0,0,5,414.0,5
316005___633310,cloudbeds,2026-11-17T00:00:00.000000,5,0,0,0,5,414.0,5
316005___633310,cloudbeds,2026-11-18T00:00:00.000000,5,1,0,0,5,414.0,4
316005___633310,cloudbeds,2026-11-19T00:00:00.000000,5,1,0,0,5,751.0,4
316005___633310,cloudbeds,2026-11-20T00:00:00.000000,5,0,0,0,5,917.0,5
316005___633310,cloudbeds,2026-11-21T00:00:00.000000,5,1,0,0,5,917.0,4
316005___633310,cloudbeds,2026-11-22T00:00:00.000000,5,1,0,0,5,751.0,4
316005___633310,cloudbeds,2026-11-23T00:00:00.000000,5,4,0,0,5,497.0,1
316005___633310,cloudbeds,2026-11-24T00:00:00.000000,5,4,0,0,5,497.0,1
316005___633310,cloudbeds,2026-11-25T00:00:00.000000,5,3,0,0,5,497.0,2
316005___633310,cloudbeds,2026-11-26T00:00:00.000000,5,3,0,0,5,1146.0,2
316005___633310,cloudbeds,2026-11-27T00:00:00.000000,5,3,0,0,5,911.0,2
316005___633310,cloudbeds,2026-11-28T00:00:00.000000,5,1,0,0,5,823.0,4
316005___633310,cloudbeds,2026-11-29T00:00:00.000000,5,0,0,0,5,558.0,5
316005___633310,cloudbeds,2026-11-30T00:00:00.000000,5,0,0,0,5,319.0,5
316005___633310,cloudbeds,2026-12-01T00:00:00.000000,5,0,0,0,5,319.0,5
316005___633310,cloudbeds,2026-12-02T00:00:00.000000,5,0,0,0,5,319.0,5
316005___633310,cloudbeds,2026-12-03T00:00:00.000000,5,0,0,0,5,515.0,5
316005___633310,cloudbeds,2026-12-04T00:00:00.000000,5,0,0,0,5,742.0,5
316005___633310,cloudbeds,2026-12-05T00:00:00.000000,5,1,0,0,5,782.0,4
316005___633310,cloudbeds,2026-12-06T00:00:00.000000,5,1,0,0,5,543.0,4
316005___633310,cloudbeds,2026-12-07T00:00:00.000000,5,1,0,0,5,336.0,4
316005___633310,cloudbeds,2026-12-08T00:00:00.000000,5,1,0,0,5,336.0,4
316005___633310,cloudbeds,2026-12-09T00:00:00.000000,5,1,0,0,5,336.0,4
316005___633310,cloudbeds,2026-12-10T00:00:00.000000,5,0,0,0,5,515.0,5
316005___633310,cloudbeds,2026-12-11T00:00:00.000000,5,0,0,0,5,742.0,5
316005___633310,cloudbeds,2026-12-12T00:00:00.000000,5,0,0,0,5,742.0,5
316005___633310,cloudbeds,2026-12-13T00:00:00.000000,5,0,0,0,5,515.0,5
316005___633310,cloudbeds,2026-12-14T00:00:00.000000,5,0,0,0,5,319.0,5
316005___633310,cloudbeds,2026-12-15T00:00:00.000000,5,0,0,0,5,319.0,5
316005___633310,cloudbeds,2026-12-16T00:00:00.000000,5,0,0,0,5,319.0,5
316005___633310,cloudbeds,2026-12-17T00:00:00.000000,5,0,0,0,5,596.0,5
316005___633310,cloudbeds,2026-12-18T00:00:00.000000,5,0,0,0,5,825.0,5
316005___633310,cloudbeds,2026-12-19T00:00:00.000000,5,0,0,0,5,825.0,5
316005___633310,cloudbeds,2026-12-20T00:00:00.000000,5,0,0,0,5,596.0,5
316005___633310,cloudbeds,2026-12-21T00:00:00.000000,5,0,0,0,5,370.0,5
316005___633310,cloudbeds,2026-12-22T00:00:00.000000,5,0,0,0,5,370.0,5
316005___633310,cloudbeds,2026-12-23T00:00:00.000000,5,0,0,0,5,370.0,5
316005___633310,cloudbeds,2026-12-24T00:00:00.000000,5,0,0,0,5,941.0,5
316005___633310,cloudbeds,2026-12-25T00:00:00.000000,5,0,0,0,5,941.0,5
316005___633310,cloudbeds,2026-12-26T00:00:00.000000,5,0,0,0,5,941.0,5
316005___633310,cloudbeds,2026-12-27T00:00:00.000000,5,1,0,0,5,525.0,4
316005___633310,cloudbeds,2026-12-28T00:00:00.000000,5,2,0,0,5,474.0,3
316005___633310,cloudbeds,2026-12-29T00:00:00.000000,5,1,0,0,5,474.0,4
316005___633310,cloudbeds,2026-12-30T00:00:00.000000,5,0,0,0,5,944.0,5
316005___633310,cloudbeds,2026-12-31T00:00:00.000000,5,0,0,0,5,1178.0,5
316005___633310,cloudbeds,2027-01-01T00:00:00.000000,5,1,0,0,5,744.0,4
316005___633310,cloudbeds,2027-01-02T00:00:00.000000,5,1,0,0,5,744.0,4
316005___633310,cloudbeds,2027-01-03T00:00:00.000000,5,0,0,0,5,506.0,5
316005___633310,cloudbeds,2027-01-04T00:00:00.000000,5,0,0,0,5,383.0,5
316005___633310,cloudbeds,2027-01-05T00:00:00.000000,5,0,0,0,5,383.0,5
316005___633310,cloudbeds,2027-01-06T00:00:00.000000,5,0,0,0,5,383.0,5
316005___633310,cloudbeds,2027-01-07T00:00:00.000000,5,0,0,0,5,533.0,5
316005___633310,cloudbeds,2027-01-08T00:00:00.000000,5,0,0,0,5,775.0,5
316005___633310,cloudbeds,2027-01-09T00:00:00.000000,5,0,0,0,5,775.0,5
316005___633310,cloudbeds,2027-01-10T00:00:00.000000,5,0,0,0,5,533.0,5
316005___633310,cloudbeds,2027-01-11T00:00:00.000000,5,0,0,0,5,383.0,5
316005___633310,cloudbeds,2027-01-12T00:00:00.000000,5,0,0,0,5,383.0,5
316005___633310,cloudbeds,2027-01-13T00:00:00.000000,5,0,0,0,5,383.0,5
316005___633310,cloudbeds,2027-01-14T00:00:00.000000,5,0,0,0,5,700.0,5
316005___633310,cloudbeds,2027-01-15T00:00:00.000000,5,0,0,0,5,1014.0,5
316005___633310,cloudbeds,2027-01-16T00:00:00.000000,5,0,0,0,5,1014.0,5
316005___633310,cloudbeds,2027-01-17T00:00:00.000000,5,0,0,0,5,783.0,5
316005___633310,cloudbeds,2027-01-18T00:00:00.000000,5,0,0,0,5,503.0,5
316005___633310,cloudbeds,2027-01-19T00:00:00.000000,5,0,0,0,5,383.0,5
316005___633310,cloudbeds,2027-01-20T00:00:00.000000,5,0,0,0,5,383.0,5
316005___633310,cloudbeds,2027-01-21T00:00:00.000000,5,0,0,0,5,533.0,5
316005___633310,cloudbeds,2027-01-22T00:00:00.000000,5,0,0,0,5,775.0,5
316005___633310,cloudbeds,2027-01-23T00:00:00.000000,5,0,0,0,5,775.0,5
316005___633310,cloudbeds,2027-01-24T00:00:00.000000,5,0,0,0,5,533.0,5
316005___633310,cloudbeds,2027-01-25T00:00:00.000000,5,0,0,0,5,383.0,5
316005___633310,cloudbeds,2027-01-26T00:00:00.000000,5,0,0,0,5,383.0,5
316005___633310,cloudbeds,2027-01-27T00:00:00.000000,5,0,0,0,5,383.0,5
316005___633310,cloudbeds,2027-01-28T00:00:00.000000,5,0,0,0,5,533.0,5
316005___633310,cloudbeds,2027-01-29T00:00:00.000000,5,0,0,0,5,775.0,5
316005___633310,cloudbeds,2027-01-30T00:00:00.000000,5,0,0,0,5,775.0,5
316005___633310,cloudbeds,2027-01-31T00:00:00.000000,5,0,0,0,5,533.0,5
316005___633310,cloudbeds,2027-02-01T00:00:00.000000,5,0,0,0,5,453.0,5
316005___633310,cloudbeds,2027-02-02T00:00:00.000000,5,0,0,0,5,453.0,5
316005___633310,cloudbeds,2027-02-03T00:00:00.000000,5,0,0,0,5,453.0,5
316005___633310,cloudbeds,2027-02-04T00:00:00.000000,5,0,0,0,5,630.0,5
316005___633310,cloudbeds,2027-02-05T00:00:00.000000,5,0,0,0,5,915.0,5
316005___633310,cloudbeds,2027-02-06T00:00:00.000000,5,0,0,0,5,915.0,5
316005___633310,cloudbeds,2027-02-07T00:00:00.000000,5,0,0,0,5,630.0,5
316005___633310,cloudbeds,2027-02-08T00:00:00.000000,5,0,0,0,5,453.0,5
316005___633310,cloudbeds,2027-02-09T00:00:00.000000,5,0,0,0,5,453.0,5
316005___633310,cloudbeds,2027-02-10T00:00:00.000000,5,0,0,0,5,453.0,5
316005___633310,cloudbeds,2027-02-11T00:00:00.000000,5,0,0,0,5,630.0,5
316005___633310,cloudbeds,2027-02-12T00:00:00.000000,5,0,0,0,5,1660.0,5
316005___633310,cloudbeds,2027-02-13T00:00:00.000000,5,0,0,0,5,1660.0,5
316005___633310,cloudbeds,2027-02-14T00:00:00.000000,5,0,0,0,5,825.0,5
316005___633310,cloudbeds,2027-02-15T00:00:00.000000,5,0,0,0,5,733.0,5
316005___633310,cloudbeds,2027-02-16T00:00:00.000000,5,0,0,0,5,453.0,5
316005___633310,cloudbeds,2027-02-17T00:00:00.000000,5,0,0,0,5,453.0,5
316005___633310,cloudbeds,2027-02-18T00:00:00.000000,5,0,0,0,5,630.0,5
316005___633310,cloudbeds,2027-02-19T00:00:00.000000,5,0,0,0,5,915.0,5
316005___633310,cloudbeds,2027-02-20T00:00:00.000000,5,0,0,0,5,915.0,5
316005___633310,cloudbeds,2027-02-21T00:00:00.000000,5,0,0,0,5,630.0,5
316005___633310,cloudbeds,2027-02-22T00:00:00.000000,5,0,0,0,5,453.0,5
316005___633310,cloudbeds,2027-02-23T00:00:00.000000,5,0,0,0,5,453.0,5
316005___633310,cloudbeds,2027-02-24T00:00:00.000000,5,0,0,0,5,453.0,5
316005___633310,cloudbeds,2027-02-25T00:00:00.000000,5,0,0,0,5,630.0,5
316005___633310,cloudbeds,2027-02-26T00:00:00.000000,5,0,0,0,5,915.0,5
316005___633310,cloudbeds,2027-02-27T00:00:00.000000,5,0,0,0,5,915.0,5
316005___633310,cloudbeds,2027-02-28T00:00:00.000000,5,0,0,0,5,630.0,5
316005___633310,cloudbeds,2027-03-01T00:00:00.000000,5,0,0,0,5,525.0,5
316005___633310,cloudbeds,2027-03-02T00:00:00.000000,5,0,0,0,5,525.0,5
316005___633310,cloudbeds,2027-03-03T00:00:00.000000,5,0,0,0,5,525.0,5
316005___633310,cloudbeds,2027-03-04T00:00:00.000000,5,0,0,0,5,728.0,5
316005___633310,cloudbeds,2027-03-05T00:00:00.000000,5,0,0,0,5,1057.0,5
316005___633310,cloudbeds,2027-03-06T00:00:00.000000,5,0,0,0,5,1057.0,5
316005___633310,cloudbeds,2027-03-07T00:00:00.000000,5,0,0,0,5,728.0,5
316005___633310,cloudbeds,2027-03-08T00:00:00.000000,5,0,0,0,5,525.0,5
316005___633310,cloudbeds,2027-03-09T00:00:00.000000,5,0,0,0,5,525.0,5
316005___633310,cloudbeds,2027-03-10T00:00:00.000000,5,0,0,0,5,525.0,5
316005___633310,cloudbeds,2027-03-11T00:00:00.000000,5,0,0,0,5,728.0,5
316005___633310,cloudbeds,2027-03-12T00:00:00.000000,5,0,0,0,5,1378.0,5
316005___633310,cloudbeds,2027-03-13T00:00:00.000000,5,0,0,0,5,1378.0,5
316005___633310,cloudbeds,2027-03-14T00:00:00.000000,5,0,0,0,5,874.0,5
316005___633310,cloudbeds,2027-03-15T00:00:00.000000,5,0,0,0,5,686.0,5
316005___633310,cloudbeds,2027-03-16T00:00:00.000000,5,0,0,0,5,686.0,5
316005___633310,cloudbeds,2027-03-17T00:00:00.000000,5,0,0,0,5,686.0,5
316005___633310,cloudbeds,2027-03-18T00:00:00.000000,5,0,0,0,5,874.0,5
316005___633310,cloudbeds,2027-03-19T00:00:00.000000,5,2,0,0,5,1378.0,3
316005___633310,cloudbeds,2027-03-20T00:00:00.000000,5,1,0,0,5,1378.0,4
316005___633310,cloudbeds,2027-03-21T00:00:00.000000,5,0,0,0,5,874.0,5
316005___633310,cloudbeds,2027-03-22T00:00:00.000000,5,0,0,0,5,525.0,5
316005___633310,cloudbeds,2027-03-23T00:00:00.000000,5,0,0,0,5,525.0,5
316005___633310,cloudbeds,2027-03-24T00:00:00.000000,5,0,0,0,5,525.0,5
316005___633310,cloudbeds,2027-03-25T00:00:00.000000,5,0,0,0,5,728.0,5
316005___633310,cloudbeds,2027-03-26T00:00:00.000000,5,0,0,0,5,1057.0,5
316005___633310,cloudbeds,2027-03-27T00:00:00.000000,5,0,0,0,5,1057.0,5
316005___633310,cloudbeds,2027-03-28T00:00:00.000000,5,0,0,0,5,728.0,5
316005___633310,cloudbeds,2027-03-29T00:00:00.000000,5,0,0,0,5,525.0,5
316005___633310,cloudbeds,2027-03-30T00:00:00.000000,5,0,0,0,5,525.0,5
316005___633310,cloudbeds,2027-03-31T00:00:00.000000,5,0,0,0,5,525.0,5
316005___633310,cloudbeds,2027-04-01T00:00:00.000000,5,0,0,0,5,728.0,5
316005___633310,cloudbeds,2027-04-02T00:00:00.000000,5,0,0,0,5,1057.0,5
316005___633310,cloudbeds,2027-04-03T00:00:00.000000,5,0,0,0,5,1057.0,5
316005___633310,cloudbeds,2027-04-04T00:00:00.000000,5,0,0,0,5,728.0,5
316005___633310,cloudbeds,2027-04-05T00:00:00.000000,5,0,0,0,5,525.0,5
316005___633310,cloudbeds,2027-04-06T00:00:00.000000,5,0,0,0,5,525.0,5
316005___633310,cloudbeds,2027-04-07T00:00:00.000000,5,0,0,0,5,525.0,5
316005___633310,cloudbeds,2027-04-08T00:00:00.000000,5,0,0,0,5,728.0,5
316005___633310,cloudbeds,2027-04-09T00:00:00.000000,5,0,0,0,5,1057.0,5
316005___633310,cloudbeds,2027-04-10T00:00:00.000000,5,0,0,0,5,1057.0,5
316005___633310,cloudbeds,2027-04-11T00:00:00.000000,5,0,0,0,5,728.0,5
316005___633310,cloudbeds,2027-04-12T00:00:00.000000,5,0,0,0,5,525.0,5
316005___633310,cloudbeds,2027-04-13T00:00:00.000000,5,0,0,0,5,525.0,5
316005___633310,cloudbeds,2027-04-14T00:00:00.000000,5,0,0,0,5,525.0,5
316005___633310,cloudbeds,2027-04-15T00:00:00.000000,5,0,0,0,5,728.0,5
316005___633310,cloudbeds,2027-04-16T00:00:00.000000,5,0,0,0,5,1057.0,5
316005___633310,cloudbeds,2027-04-17T00:00:00.000000,5,0,0,0,5,1057.0,5
316005___633310,cloudbeds,2027-04-18T00:00:00.000000,5,0,0,0,5,728.0,5
316005___633310,cloudbeds,2027-04-19T00:00:00.000000,5,0,0,0,5,525.0,5
316005___633310,cloudbeds,2027-04-20T00:00:00.000000,5,0,0,0,5,525.0,5
316005___633310,cloudbeds,2027-04-21T00:00:00.000000,5,0,0,0,5,525.0,5
316005___633310,cloudbeds,2027-04-22T00:00:00.000000,5,0,0,0,5,728.0,5
316005___633310,cloudbeds,2027-04-23T00:00:00.000000,5,0,0,0,5,1057.0,5
316005___633310,cloudbeds,2027-04-24T00:00:00.000000,5,0,0,0,5,1057.0,5
316005___633310,cloudbeds,2027-04-25T00:00:00.000000,5,0,0,0,5,728.0,5
316005___633310,cloudbeds,2027-04-26T00:00:00.000000,5,0,0,0,5,525.0,5
316005___633310,cloudbeds,2027-04-27T00:00:00.000000,5,0,0,0,5,525.0,5
316005___633310,cloudbeds,2027-04-28T00:00:00.000000,5,0,0,0,5,525.0,5
316005___633310,cloudbeds,2027-04-29T00:00:00.000000,5,0,0,0,5,825.0,5
316005___633310,cloudbeds,2027-04-30T00:00:00.000000,5,0,0,0,5,1197.0,5
316005___633310,cloudbeds,2027-05-01T00:00:00.000000,5,0,0,0,5,1197.0,5
316005___633310,cloudbeds,2027-05-02T00:00:00.000000,5,0,0,0,5,825.0,5
316005___633310,cloudbeds,2027-05-03T00:00:00.000000,5,0,0,0,5,593.0,5
316005___633310,cloudbeds,2027-05-04T00:00:00.000000,5,0,0,0,5,593.0,5
316005___633310,cloudbeds,2027-05-05T00:00:00.000000,5,0,0,0,5,593.0,5
316005___633310,cloudbeds,2027-05-06T00:00:00.000000,5,0,0,0,5,825.0,5
316005___633310,cloudbeds,2027-05-07T00:00:00.000000,5,0,0,0,5,1197.0,5
316005___633310,cloudbeds,2027-05-08T00:00:00.000000,5,0,0,0,5,1197.0,5
316005___633310,cloudbeds,2027-05-09T00:00:00.000000,5,0,0,0,5,825.0,5
316005___633310,cloudbeds,2027-05-10T00:00:00.000000,5,0,0,0,5,593.0,5
316005___633310,cloudbeds,2027-05-11T00:00:00.000000,5,0,0,0,5,593.0,5
316005___633310,cloudbeds,2027-05-12T00:00:00.000000,5,0,0,0,5,593.0,5
316005___633310,cloudbeds,2027-05-13T00:00:00.000000,5,0,0,0,5,825.0,5
316005___633310,cloudbeds,2027-05-14T00:00:00.000000,5,0,0,0,5,1197.0,5
316005___633310,cloudbeds,2027-05-15T00:00:00.000000,5,0,0,0,5,1197.0,5
316005___633310,cloudbeds,2027-05-16T00:00:00.000000,5,0,0,0,5,825.0,5
316005___633310,cloudbeds,2027-05-17T00:00:00.000000,5,0,0,0,5,593.0,5
316005___633310,cloudbeds,2027-05-18T00:00:00.000000,5,0,0,0,5,593.0,5
316005___633310,cloudbeds,2027-05-19T00:00:00.000000,5,0,0,0,5,593.0,5
316005___633310,cloudbeds,2027-05-20T00:00:00.000000,5,0,0,0,5,825.0,5
316005___633310,cloudbeds,2027-05-21T00:00:00.000000,5,0,0,0,5,1197.0,5
316005___633310,cloudbeds,2027-05-22T00:00:00.000000,5,0,0,0,5,1197.0,5
316005___633310,cloudbeds,2027-05-23T00:00:00.000000,5,0,0,0,5,825.0,5
316005___633310,cloudbeds,2027-05-24T00:00:00.000000,5,0,0,0,5,593.0,5
316005___633310,cloudbeds,2027-05-25T00:00:00.000000,5,0,0,0,5,593.0,5
316005___633310,cloudbeds,2027-05-26T00:00:00.000000,5,0,0,0,5,593.0,5
316005___633310,cloudbeds,2027-05-27T00:00:00.000000,5,0,0,0,5,825.0,5
316005___633310,cloudbeds,2027-05-28T00:00:00.000000,5,0,0,0,5,1499.0,5
316005___633310,cloudbeds,2027-05-29T00:00:00.000000,5,0,0,0,5,1499.0,5
316005___633310,cloudbeds,2027-05-30T00:00:00.000000,5,0,0,0,5,908.0,5
316005___633310,cloudbeds,2027-05-31T00:00:00.000000,5,0,0,0,5,746.0,5
316005___633310,cloudbeds,2027-06-01T00:00:00.000000,5,0,0,0,5,593.0,5
316005___633310,cloudbeds,2027-06-02T00:00:00.000000,5,0,0,0,5,593.0,5
316005___633310,cloudbeds,2027-06-03T00:00:00.000000,5,0,0,0,5,825.0,5
316005___633310,cloudbeds,2027-06-04T00:00:00.000000,5,0,0,0,5,1197.0,5
316005___633310,cloudbeds,2027-06-05T00:00:00.000000,5,0,0,0,5,1197.0,5
316005___633310,cloudbeds,2027-06-06T00:00:00.000000,5,0,0,0,5,825.0,5
316005___633310,cloudbeds,2027-06-07T00:00:00.000000,5,0,0,0,5,593.0,5
316005___633310,cloudbeds,2027-06-08T00:00:00.000000,5,0,0,0,5,593.0,5
316005___633310,cloudbeds,2027-06-09T00:00:00.000000,5,0,0,0,5,593.0,5
316005___633310,cloudbeds,2027-06-10T00:00:00.000000,5,0,0,0,5,825.0,5
316005___633310,cloudbeds,2027-06-11T00:00:00.000000,5,0,0,0,5,1197.0,5
316005___633310,cloudbeds,2027-06-12T00:00:00.000000,5,0,0,0,5,1197.0,5
316005___633310,cloudbeds,2027-06-13T00:00:00.000000,5,0,0,0,5,825.0,5
316005___633310,cloudbeds,2027-06-14T00:00:00.000000,5,0,0,0,5,593.0,5
316005___633310,cloudbeds,2027-06-15T00:00:00.000000,5,0,0,0,5,593.0,5
316005___633310,cloudbeds,2027-06-16T00:00:00.000000,5,0,0,0,5,593.0,5
316005___633310,cloudbeds,2027-06-17T00:00:00.000000,5,0,0,0,5,825.0,5
316005___633310,cloudbeds,2027-06-18T00:00:00.000000,5,0,0,0,5,1197.0,5
316005___633310,cloudbeds,2027-06-19T00:00:00.000000,5,0,0,0,5,1197.0,5
316005___633310,cloudbeds,2027-06-20T00:00:00.000000,5,0,0,0,5,825.0,5
316005___633310,cloudbeds,2027-06-21T00:00:00.000000,5,0,0,0,5,593.0,5
316005___633310,cloudbeds,2027-06-22T00:00:00.000000,5,0,0,0,5,593.0,5
316005___633310,cloudbeds,2027-06-23T00:00:00.000000,5,0,0,0,5,593.0,5
316005___633310,cloudbeds,2027-06-24T00:00:00.000000,5,0,0,0,5,825.0,5
316005___633310,cloudbeds,2027-06-25T00:00:00.000000,5,0,0,0,5,1197.0,5
316005___633310,cloudbeds,2027-06-26T00:00:00.000000,5,0,0,0,5,1197.0,5
316005___633310,cloudbeds,2027-06-27T00:00:00.000000,5,0,0,0,5,825.0,5
316005___633310,cloudbeds,2027-06-28T00:00:00.000000,5,0,0,0,5,593.0,5
316005___633310,cloudbeds,2027-06-29T00:00:00.000000,5,0,0,0,5,593.0,5
316005___633310,cloudbeds,2027-06-30T00:00:00.000000,5,0,0,0,5,626.0,5
316005___633310,cloudbeds,2027-07-01T00:00:00.000000,5,0,0,0,5,973.0,5
316005___633310,cloudbeds,2027-07-02T00:00:00.000000,5,0,0,0,5,1461.0,5
316005___633310,cloudbeds,2027-07-03T00:00:00.000000,5,0,0,0,5,1465.0,5
316005___633310,cloudbeds,2027-07-04T00:00:00.000000,5,0,0,0,5,984.0,5
316005___633310,cloudbeds,2027-07-05T00:00:00.000000,5,0,0,0,5,414.0,5
316005___633310,cloudbeds,2027-07-06T00:00:00.000000,5,0,0,0,5,416.0,5
316005___633310,cloudbeds,2027-07-07T00:00:00.000000,5,0,0,0,5,418.0,5
316005___633310,cloudbeds,2027-07-08T00:00:00.000000,5,0,0,0,5,583.0,5
316005___633310,cloudbeds,2027-07-09T00:00:00.000000,5,0,0,0,5,846.0,5
316005___633310,cloudbeds,2027-07-10T00:00:00.000000,5,0,0,0,5,849.0,5
316005___633310,cloudbeds,2027-07-11T00:00:00.000000,5,0,0,0,5,589.0,5
316005___633310,cloudbeds,2027-07-12T00:00:00.000000,5,0,0,0,5,428.0,5
316005___633310,cloudbeds,2027-07-13T00:00:00.000000,5,0,0,0,5,430.0,5
316005___633310,cloudbeds,2027-07-14T00:00:00.000000,5,0,0,0,5,453.0,5
316005___633310,cloudbeds,2027-07-15T00:00:00.000000,5,0,0,0,5,596.0,5
316005___633310,cloudbeds,2027-07-16T00:00:00.000000,5,0,0,0,5,862.0,5
316005___633310,cloudbeds,2027-07-17T00:00:00.000000,5,0,0,0,5,862.0,5
316005___633310,cloudbeds,2027-07-18T00:00:00.000000,5,0,0,0,5,596.0,5
316005___633310,cloudbeds,2027-07-19T00:00:00.000000,5,0,0,0,5,432.0,5
316005___633310,cloudbeds,2027-07-20T00:00:00.000000,5,0,0,0,5,432.0,5
316005___633310,cloudbeds,2027-07-21T00:00:00.000000,5,0,0,0,5,432.0,5
316005___633310,cloudbeds,2027-07-22T00:00:00.000000,5,0,0,0,5,596.0,5
316005___633310,cloudbeds,2027-07-23T00:00:00.000000,5,0,0,0,5,862.0,5
316005___633310,cloudbeds,2027-07-24T00:00:00.000000,5,0,0,0,5,862.0,5
316005___633310,cloudbeds,2027-07-25T00:00:00.000000,5,0,0,0,5,596.0,5
316005___633310,cloudbeds,2027-07-26T00:00:00.000000,5,0,0,0,5,432.0,5
316005___633310,cloudbeds,2027-07-27T00:00:00.000000,5,0,0,0,5,432.0,5
316005___633310,cloudbeds,2027-07-28T00:00:00.000000,5,0,0,0,5,432.0,5
316005___633310,cloudbeds,2027-07-29T00:00:00.000000,5,0,0,0,5,703.0,5
316005___633310,cloudbeds,2027-07-30T00:00:00.000000,5,0,0,0,5,862.0,5
316005___633310,cloudbeds,2027-07-31T00:00:00.000000,5,0,0,0,5,862.0,5
316005___633310,cloudbeds,2027-08-01T00:00:00.000000,5,0,0,0,5,703.0,5
316005___633310,cloudbeds,2027-08-02T00:00:00.000000,5,0,0,0,5,509.0,5
316005___633310,cloudbeds,2027-08-03T00:00:00.000000,5,0,0,0,5,509.0,5
316005___633310,cloudbeds,2027-08-04T00:00:00.000000,5,0,0,0,5,509.0,5
316005___633310,cloudbeds,2027-08-05T00:00:00.000000,5,0,0,0,5,703.0,5
316005___633310,cloudbeds,2027-08-06T00:00:00.000000,5,0,0,0,5,1013.0,5
316005___633310,cloudbeds,2027-08-07T00:00:00.000000,5,0,0,0,5,1013.0,5
316005___633310,cloudbeds,2027-08-08T00:00:00.000000,5,0,0,0,5,703.0,5
316005___633310,cloudbeds,2027-08-09T00:00:00.000000,5,0,0,0,5,462.0,5
316005___633310,cloudbeds,2027-08-10T00:00:00.000000,5,0,0,0,5,462.0,5
316005___633310,cloudbeds,2027-08-11T00:00:00.000000,5,0,0,0,5,462.0,5
316005___633310,cloudbeds,2027-08-12T00:00:00.000000,5,0,0,0,5,639.0,5
316005___633310,cloudbeds,2027-08-13T00:00:00.000000,5,0,0,0,5,920.0,5
316005___633310,cloudbeds,2027-08-14T00:00:00.000000,5,0,0,0,5,920.0,5
316005___633310,cloudbeds,2027-08-15T00:00:00.000000,5,0,0,0,5,639.0,5
316005___633310,cloudbeds,2027-08-16T00:00:00.000000,5,0,0,0,5,462.0,5
316005___633310,cloudbeds,2027-08-17T00:00:00.000000,5,0,0,0,5,462.0,5
316005___633310,cloudbeds,2027-08-18T00:00:00.000000,5,0,0,0,5,462.0,5
316005___633310,cloudbeds,2027-08-19T00:00:00.000000,5,0,0,0,5,639.0,5
316005___633310,cloudbeds,2027-08-20T00:00:00.000000,5,0,0,0,5,920.0,5
316005___633310,cloudbeds,2027-08-21T00:00:00.000000,5,0,0,0,5,920.0,5
316005___633310,cloudbeds,2027-08-22T00:00:00.000000,5,0,0,0,5,639.0,5
316005___633310,cloudbeds,2027-08-23T00:00:00.000000,5,0,0,0,5,462.0,5
316005___633310,cloudbeds,2027-08-24T00:00:00.000000,5,0,0,0,5,462.0,5
316005___633310,cloudbeds,2027-08-25T00:00:00.000000,5,0,0,0,5,462.0,5
316005___633310,cloudbeds,2027-08-26T00:00:00.000000,5,0,0,0,5,673.0,5
316005___633310,cloudbeds,2027-08-27T00:00:00.000000,5,0,0,0,5,969.0,5
316005___633310,cloudbeds,2027-08-28T00:00:00.000000,5,0,0,0,5,969.0,5
316005___633310,cloudbeds,2027-08-29T00:00:00.000000,5,0,0,0,5,673.0,5
316005___633310,cloudbeds,2027-08-30T00:00:00.000000,5,0,0,0,5,487.0,5
316005___633310,cloudbeds,2027-08-31T00:00:00.000000,5,0,0,0,5,487.0,5
316005___633310,cloudbeds,2027-09-01T00:00:00.000000,5,0,0,0,5,487.0,5
316005___633310,cloudbeds,2027-09-02T00:00:00.000000,5,0,0,0,5,773.0,5
316005___633310,cloudbeds,2027-09-03T00:00:00.000000,5,0,0,0,5,1114.0,5
316005___633310,cloudbeds,2027-09-04T00:00:00.000000,5,0,0,0,5,1114.0,5
316005___633310,cloudbeds,2027-09-05T00:00:00.000000,5,0,0,0,5,851.0,5
316005___633310,cloudbeds,2027-09-06T00:00:00.000000,5,0,0,0,5,584.0,5
316005___633310,cloudbeds,2027-09-07T00:00:00.000000,5,0,0,0,5,487.0,5
316005___633310,cloudbeds,2027-09-08T00:00:00.000000,5,0,0,0,5,487.0,5
316005___633310,cloudbeds,2027-09-09T00:00:00.000000,5,0,0,0,5,673.0,5
316005___633310,cloudbeds,2027-09-10T00:00:00.000000,5,0,0,0,5,969.0,5
316005___633310,cloudbeds,2027-09-11T00:00:00.000000,5,0,0,0,5,969.0,5
316005___633310,cloudbeds,2027-09-12T00:00:00.000000,5,0,0,0,5,673.0,5
316005___633310,cloudbeds,2027-09-13T00:00:00.000000,5,0,0,0,5,487.0,5
316005___633310,cloudbeds,2027-09-14T00:00:00.000000,5,0,0,0,5,487.0,5
316005___633310,cloudbeds,2027-09-15T00:00:00.000000,5,0,0,0,5,487.0,5
316005___633310,cloudbeds,2027-09-16T00:00:00.000000,5,0,0,0,5,673.0,5
316005___633310,cloudbeds,2027-09-17T00:00:00.000000,5,0,0,0,5,969.0,5
316005___633310,cloudbeds,2027-09-18T00:00:00.000000,5,0,0,0,5,969.0,5
316005___633310,cloudbeds,2027-09-19T00:00:00.000000,5,0,0,0,5,673.0,5
316005___633310,cloudbeds,2027-09-20T00:00:00.000000,5,0,0,0,5,487.0,5
316005___633310,cloudbeds,2027-09-21T00:00:00.000000,5,0,0,0,5,487.0,5
316005___633310,cloudbeds,2027-09-22T00:00:00.000000,5,0,0,0,5,487.0,5
316005___633310,cloudbeds,2027-09-23T00:00:00.000000,5,0,0,0,5,673.0,5
316005___633310,cloudbeds,2027-09-24T00:00:00.000000,5,0,0,0,5,969.0,5
316005___633310,cloudbeds,2027-09-25T00:00:00.000000,5,0,0,0,5,969.0,5
316005___633310,cloudbeds,2027-09-26T00:00:00.000000,5,0,0,0,5,673.0,5
316005___633310,cloudbeds,2027-09-27T00:00:00.000000,5,0,0,0,5,487.0,5
316005___633310,cloudbeds,2027-09-28T00:00:00.000000,5,0,0,0,5,487.0,5
316005___633310,cloudbeds,2027-09-29T00:00:00.000000,5,0,0,0,5,487.0,5
316005___633310,cloudbeds,2027-09-30T00:00:00.000000,5,0,0,0,5,773.0,5
316005___633310,cloudbeds,2027-10-01T00:00:00.000000,5,0,0,0,5,1115.0,5
316005___633310,cloudbeds,2027-10-02T00:00:00.000000,5,0,0,0,5,1115.0,5
316005___633310,cloudbeds,2027-10-03T00:00:00.000000,5,0,0,0,5,773.0,5
316005___633310,cloudbeds,2027-10-04T00:00:00.000000,5,0,0,0,5,560.0,5
316005___633310,cloudbeds,2027-10-05T00:00:00.000000,5,0,0,0,5,560.0,5
316005___633310,cloudbeds,2027-10-06T00:00:00.000000,5,0,0,0,5,560.0,5
316005___633310,cloudbeds,2027-10-07T00:00:00.000000,5,0,0,0,5,773.0,5
316005___633310,cloudbeds,2027-10-08T00:00:00.000000,5,0,0,0,5,1283.0,5
316005___633310,cloudbeds,2027-10-09T00:00:00.000000,5,0,0,0,5,1283.0,5
316005___633310,cloudbeds,2027-10-10T00:00:00.000000,5,0,0,0,5,851.0,5
316005___633310,cloudbeds,2027-10-11T00:00:00.000000,5,0,0,0,5,595.0,5
316005___633310,cloudbeds,2027-10-12T00:00:00.000000,5,0,0,0,5,560.0,5
316005___633310,cloudbeds,2027-10-13T00:00:00.000000,5,0,0,0,5,560.0,5
316005___633310,cloudbeds,2027-10-14T00:00:00.000000,5,0,0,0,5,773.0,5
316005___633310,cloudbeds,2027-10-15T00:00:00.000000,5,0,0,0,5,1115.0,5
316005___633310,cloudbeds,2027-10-16T00:00:00.000000,5,0,0,0,5,1115.0,5
316005___633310,cloudbeds,2027-10-17T00:00:00.000000,5,0,0,0,5,773.0,5
316005___633310,cloudbeds,2027-10-18T00:00:00.000000,5,0,0,0,5,560.0,5
316005___633310,cloudbeds,2027-10-19T00:00:00.000000,5,0,0,0,5,560.0,5
316005___633310,cloudbeds,2027-10-20T00:00:00.000000,5,0,0,0,5,560.0,5
316005___633310,cloudbeds,2027-10-21T00:00:00.000000,5,0,0,0,5,773.0,5
316005___633310,cloudbeds,2027-10-22T00:00:00.000000,5,0,0,0,5,1115.0,5
316005___633310,cloudbeds,2027-10-23T00:00:00.000000,5,0,0,0,5,1115.0,5
316005___633310,cloudbeds,2027-10-24T00:00:00.000000,5,0,0,0,5,773.0,5
316005___633310,cloudbeds,2027-10-25T00:00:00.000000,5,0,0,0,5,560.0,5
316005___633310,cloudbeds,2027-10-26T00:00:00.000000,5,0,0,0,5,560.0,5
316005___633310,cloudbeds,2027-10-27T00:00:00.000000,5,0,0,0,5,560.0,5
316005___633310,cloudbeds,2027-10-28T00:00:00.000000,5,0,0,0,5,773.0,5
316005___633310,cloudbeds,2027-10-29T00:00:00.000000,5,0,0,0,5,1115.0,5
316005___633310,cloudbeds,2027-10-30T00:00:00.000000,5,0,0,0,5,1115.0,5
316005___633310,cloudbeds,2027-10-31T00:00:00.000000,5,0,0,0,5,773.0,5
316005___633310,cloudbeds,2027-11-01T00:00:00.000000,5,0,0,0,5,487.0,5
316005___633310,cloudbeds,2027-11-02T00:00:00.000000,5,0,0,0,5,487.0,5
316005___633310,cloudbeds,2027-11-03T00:00:00.000000,5,0,0,0,5,487.0,5
316005___633310,cloudbeds,2027-11-04T00:00:00.000000,5,0,0,0,5,673.0,5
316005___633310,cloudbeds,2027-11-05T00:00:00.000000,5,0,0,0,5,969.0,5
316005___633310,cloudbeds,2027-11-06T00:00:00.000000,5,0,0,0,5,969.0,5
316005___633310,cloudbeds,2027-11-07T00:00:00.000000,5,0,0,0,5,673.0,5
316005___633310,cloudbeds,2027-11-08T00:00:00.000000,5,0,0,0,5,487.0,5
316005___633310,cloudbeds,2027-11-09T00:00:00.000000,5,0,0,0,5,487.0,5
316005___633310,cloudbeds,2027-11-10T00:00:00.000000,5,0,0,0,5,487.0,5
316005___633310,cloudbeds,2027-11-11T00:00:00.000000,5,0,0,0,5,673.0,5
316005___633310,cloudbeds,2027-11-12T00:00:00.000000,5,0,0,0,5,969.0,5
316005___633310,cloudbeds,2027-11-13T00:00:00.000000,5,0,0,0,5,969.0,5
316005___633310,cloudbeds,2027-11-14T00:00:00.000000,5,0,0,0,5,673.0,5
316005___633310,cloudbeds,2027-11-15T00:00:00.000000,5,0,0,0,5,487.0,5
316005___633310,cloudbeds,2027-11-16T00:00:00.000000,5,0,0,0,5,487.0,5
316005___633310,cloudbeds,2027-11-17T00:00:00.000000,5,0,0,0,5,487.0,5
316005___633310,cloudbeds,2027-11-18T00:00:00.000000,5,0,0,0,5,673.0,5
316005___633310,cloudbeds,2027-11-19T00:00:00.000000,5,0,0,0,5,969.0,5
316005___633310,cloudbeds,2027-11-20T00:00:00.000000,5,0,0,0,5,969.0,5
316005___633310,cloudbeds,2027-11-21T00:00:00.000000,5,0,0,0,5,673.0,5
316005___633310,cloudbeds,2027-11-22T00:00:00.000000,5,0,0,0,5,487.0,5
316005___633310,cloudbeds,2027-11-23T00:00:00.000000,5,0,0,0,5,487.0,5
316005___633310,cloudbeds,2027-11-24T00:00:00.000000,5,0,0,0,5,487.0,5
316005___633310,cloudbeds,2027-11-25T00:00:00.000000,5,0,0,0,5,1114.0,5
316005___633310,cloudbeds,2027-11-26T00:00:00.000000,5,0,0,0,5,969.0,5
316005___633310,cloudbeds,2027-11-27T00:00:00.000000,5,0,0,0,5,969.0,5
316005___633310,cloudbeds,2027-11-28T00:00:00.000000,5,0,0,0,5,673.0,5
316005___633310,cloudbeds,2027-11-29T00:00:00.000000,5,0,0,0,5,487.0,5
316005___633310,cloudbeds,2027-11-30T00:00:00.000000,5,0,0,0,5,487.0,5
316005___633310,cloudbeds,2027-12-01T00:00:00.000000,5,0,0,0,5,560.0,5
316005___633310,cloudbeds,2027-12-02T00:00:00.000000,5,0,0,0,5,773.0,5
316005___633310,cloudbeds,2027-12-03T00:00:00.000000,5,0,0,0,5,1115.0,5
316005___633310,cloudbeds,2027-12-04T00:00:00.000000,5,0,0,0,5,1115.0,5
316005___633310,cloudbeds,2027-12-05T00:00:00.000000,5,0,0,0,5,773.0,5
316005___633310,cloudbeds,2027-12-06T00:00:00.000000,5,0,0,0,5,560.0,5
316005___633310,cloudbeds,2027-12-07T00:00:00.000000,5,0,0,0,5,560.0,5
316005___633310,cloudbeds,2027-12-08T00:00:00.000000,5,0,0,0,5,560.0,5
316005___633310,cloudbeds,2027-12-09T00:00:00.000000,5,0,0,0,5,773.0,5
316005___633310,cloudbeds,2027-12-10T00:00:00.000000,5,0,0,0,5,1115.0,5
316005___633310,cloudbeds,2027-12-11T00:00:00.000000,5,0,0,0,5,1115.0,5
316005___633310,cloudbeds,2027-12-12T00:00:00.000000,5,0,0,0,5,773.0,5
316005___633310,cloudbeds,2027-12-13T00:00:00.000000,5,0,0,0,5,560.0,5
316005___633310,cloudbeds,2027-12-14T00:00:00.000000,5,0,0,0,5,560.0,5
316005___633310,cloudbeds,2027-12-15T00:00:00.000000,5,0,0,0,5,560.0,5
316005___633310,cloudbeds,2027-12-16T00:00:00.000000,5,0,0,0,5,773.0,5
316005___633310,cloudbeds,2027-12-17T00:00:00.000000,5,0,0,0,5,1339.0,5
316005___633310,cloudbeds,2027-12-18T00:00:00.000000,5,0,0,0,5,1339.0,5
316005___633310,cloudbeds,2027-12-19T00:00:00.000000,5,0,0,0,5,889.0,5
316005___633310,cloudbeds,2027-12-20T00:00:00.000000,5,0,0,0,5,672.0,5
316005___633310,cloudbeds,2027-12-21T00:00:00.000000,5,0,0,0,5,672.0,5
316005___633310,cloudbeds,2027-12-22T00:00:00.000000,5,0,0,0,5,672.0,5
316005___633310,cloudbeds,2027-12-23T00:00:00.000000,5,0,0,0,5,889.0,5
316005___633310,cloudbeds,2027-12-24T00:00:00.000000,5,0,0,0,5,1506.0,5
316005___633310,cloudbeds,2027-12-25T00:00:00.000000,5,0,0,0,5,1506.0,5
316005___633310,cloudbeds,2027-12-26T00:00:00.000000,5,0,0,0,5,1506.0,5
316005___633310,cloudbeds,2027-12-27T00:00:00.000000,5,0,0,0,5,560.0,5
316005___633310,cloudbeds,2027-12-28T00:00:00.000000,5,0,0,0,5,560.0,5
316005___633310,cloudbeds,2027-12-29T00:00:00.000000,5,0,0,0,5,560.0,5
316005___633310,cloudbeds,2027-12-30T00:00:00.000000,5,0,0,0,5,1882.0,5
316005___633310,cloudbeds,2027-12-31T00:00:00.000000,5,0,0,0,5,1882.0,5
316005___633310,cloudbeds,2028-01-01T00:00:00.000000,5,0,0,0,5,1882.0,5
316005___633310,cloudbeds,2028-01-02T00:00:00.000000,5,0,0,0,5,941.0,5
316005___633310,cloudbeds,2028-01-03T00:00:00.000000,5,0,0,0,5,414.0,5
316005___633310,cloudbeds,2028-01-04T00:00:00.000000,5,0,0,0,5,414.0,5
316005___633310,cloudbeds,2028-01-05T00:00:00.000000,5,0,0,0,5,414.0,5
316005___633310,cloudbeds,2028-01-06T00:00:00.000000,5,0,0,0,5,571.0,5
316005___633310,cloudbeds,2028-01-07T00:00:00.000000,5,0,0,0,5,824.0,5
316005___633310,cloudbeds,2028-01-08T00:00:00.000000,5,0,0,0,5,824.0,5
316005___633310,cloudbeds,2028-01-09T00:00:00.000000,5,0,0,0,5,571.0,5
316005___633311,cloudbeds,2026-08-25T00:00:00.000000,1,1,0,0,1,0.0,0
316005___633311,cloudbeds,2026-08-26T00:00:00.000000,1,1,0,0,1,0.0,0
316005___633311,cloudbeds,2026-08-27T00:00:00.000000,1,1,0,0,1,0.0,0
316005___633311,cloudbeds,2026-08-28T00:00:00.000000,1,1,0,0,1,0.0,0
316005___633311,cloudbeds,2026-08-29T00:00:00.000000,1,1,0,0,1,0.0,0
316005___633311,cloudbeds,2026-08-30T00:00:00.000000,1,1,0,0,1,0.0,0
316005___633311,cloudbeds,2026-08-31T00:00:00.000000,1,1,0,0,1,0.0,0
316005___633311,cloudbeds,2026-09-01T00:00:00.000000,1,1,0,0,1,0.0,0
316005___633311,cloudbeds,2026-09-02T00:00:00.000000,1,1,0,0,1,0.0,0
316005___633311,cloudbeds,2026-09-03T00:00:00.000000,1,1,0,0,1,0.0,0
316005___633311,cloudbeds,2026-09-04T00:00:00.000000,1,1,0,0,1,0.0,0
316005___633311,cloudbeds,2026-09-05T00:00:00.000000,1,1,0,0,1,0.0,0
316005___633311,cloudbeds,2026-09-06T00:00:00.000000,1,1,0,0,1,0.0,0
316005___633311,cloudbeds,2026-09-07T00:00:00.000000,1,1,0,0,1,0.0,0
316005___633311,cloudbeds,2026-09-08T00:00:00.000000,1,1,0,0,1,0.0,0
316005___633311,cloudbeds,2026-09-09T00:00:00.000000,1,1,0,0,1,0.0,0
316005___633311,cloudbeds,2026-09-10T00:00:00.000000,1,0,0,0,1,0.0,1
316005___633311,cloudbeds,2026-09-11T00:00:00.000000,1,1,0,0,1,0.0,0
316005___633311,cloudbeds,2026-09-12T00:00:00.000000,1,1,0,0,1,0.0,0
316005___633311,cloudbeds,2026-09-13T00:00:00.000000,1,0,0,0,1,0.0,1
316005___633311,cloudbeds,2026-09-14T00:00:00.000000,1,1,0,0,1,0.0,0
316005___633311,cloudbeds,2026-09-15T00:00:00.000000,1,1,0,0,1,0.0,0
316005___633311,cloudbeds,2026-09-16T00:00:00.000000,1,1,0,0,1,0.0,0
316005___633311,cloudbeds,2026-09-17T00:00:00.000000,1,0,0,0,1,0.0,1
316005___633311,cloudbeds,2026-09-18T00:00:00.000000,1,1,0,0,1,0.0,0
316005___633311,cloudbeds,2026-09-19T00:00:00.000000,1,1,0,0,1,0.0,0
316005___633311,cloudbeds,2026-09-20T00:00:00.000000,1,1,0,0,1,0.0,0
316005___633311,cloudbeds,2026-09-21T00:00:00.000000,1,1,0,0,1,0.0,0
316005___633311,cloudbeds,2026-09-22T00:00:00.000000,1,1,0,0,1,0.0,0
316005___633311,cloudbeds,2026-09-23T00:00:00.000000,1,0,0,0,1,0.0,1
316005___633311,cloudbeds,2026-09-24T00:00:00.000000,1,0,0,0,1,279.0,1
316005___633311,cloudbeds,2026-09-25T00:00:00.000000,1,0,0,0,1,494.0,1
316005___633311,cloudbeds,2026-09-26T00:00:00.000000,1,0,0,0,1,929.0,1
316005___633311,cloudbeds,2026-09-27T00:00:00.000000,1,0,0,0,1,279.0,1
316005___633311,cloudbeds,2026-09-28T00:00:00.000000,1,1,0,0,1,289.0,0
316005___633311,cloudbeds,2026-09-29T00:00:00.000000,1,1,0,0,1,289.0,0
316005___633311,cloudbeds,2026-09-30T00:00:00.000000,1,0,0,0,1,279.0,1
316005___633311,cloudbeds,2026-10-01T00:00:00.000000,1,0,0,0,1,349.0,1
316005___633311,cloudbeds,2026-10-02T00:00:00.000000,1,1,0,0,1,1101.0,0
316005___633311,cloudbeds,2026-10-03T00:00:00.000000,1,1,0,0,1,1101.0,0
316005___633311,cloudbeds,2026-10-04T00:00:00.000000,1,1,0,0,1,746.0,0
316005___633311,cloudbeds,2026-10-05T00:00:00.000000,1,1,0,0,1,397.0,0
316005___633311,cloudbeds,2026-10-06T00:00:00.000000,1,1,0,0,1,397.0,0
316005___633311,cloudbeds,2026-10-07T00:00:00.000000,1,1,0,0,1,397.0,0
316005___633311,cloudbeds,2026-10-08T00:00:00.000000,1,0,0,0,1,707.0,1
316005___633311,cloudbeds,2026-10-09T00:00:00.000000,1,0,0,0,1,1001.0,1
316005___633311,cloudbeds,2026-10-10T00:00:00.000000,1,0,0,0,1,1151.0,1
316005___633311,cloudbeds,2026-10-11T00:00:00.000000,1,0,0,0,1,721.0,1
316005___633311,cloudbeds,2026-10-12T00:00:00.000000,1,0,0,0,1,414.0,1
316005___633311,cloudbeds,2026-10-13T00:00:00.000000,1,0,0,0,1,414.0,1
316005___633311,cloudbeds,2026-10-14T00:00:00.000000,1,0,0,0,1,414.0,1
316005___633311,cloudbeds,2026-10-15T00:00:00.000000,1,0,0,0,1,707.0,1
316005___633311,cloudbeds,2026-10-16T00:00:00.000000,1,0,0,0,1,906.0,1
316005___633311,cloudbeds,2026-10-17T00:00:00.000000,1,0,0,0,1,906.0,1
316005___633311,cloudbeds,2026-10-18T00:00:00.000000,1,0,0,0,1,707.0,1
316005___633311,cloudbeds,2026-10-19T00:00:00.000000,1,0,0,0,1,414.0,1
316005___633311,cloudbeds,2026-10-20T00:00:00.000000,1,0,0,0,1,414.0,1
316005___633311,cloudbeds,2026-10-21T00:00:00.000000,1,0,0,0,1,414.0,1
316005___633311,cloudbeds,2026-10-22T00:00:00.000000,1,0,0,0,1,754.0,1
316005___633311,cloudbeds,2026-10-23T00:00:00.000000,1,0,0,0,1,1344.0,1
316005___633311,cloudbeds,2026-10-24T00:00:00.000000,1,0,0,0,1,1344.0,1
316005___633311,cloudbeds,2026-10-25T00:00:00.000000,1,0,0,0,1,754.0,1
316005___633311,cloudbeds,2026-10-26T00:00:00.000000,1,0,0,0,1,414.0,1
316005___633311,cloudbeds,2026-10-27T00:00:00.000000,1,0,0,0,1,414.0,1
316005___633311,cloudbeds,2026-10-28T00:00:00.000000,1,0,0,0,1,414.0,1
316005___633311,cloudbeds,2026-10-29T00:00:00.000000,1,0,0,0,1,707.0,1
316005___633311,cloudbeds,2026-10-30T00:00:00.000000,1,0,0,0,1,931.0,1
316005___633311,cloudbeds,2026-10-31T00:00:00.000000,1,0,0,0,1,931.0,1
316005___633311,cloudbeds,2026-11-01T00:00:00.000000,1,0,0,0,1,660.0,1
316005___633311,cloudbeds,2026-11-02T00:00:00.000000,1,0,0,0,1,414.0,1
316005___633311,cloudbeds,2026-11-03T00:00:00.000000,1,0,0,0,1,414.0,1
316005___633311,cloudbeds,2026-11-04T00:00:00.000000,1,0,0,0,1,414.0,1
316005___633311,cloudbeds,2026-11-05T00:00:00.000000,1,0,0,0,1,751.0,1
316005___633311,cloudbeds,2026-11-06T00:00:00.000000,1,0,0,0,1,1115.0,1
316005___633311,cloudbeds,2026-11-07T00:00:00.000000,1,0,0,0,1,1229.0,1
316005___633311,cloudbeds,2026-11-08T00:00:00.000000,1,0,0,0,1,751.0,1
316005___633311,cloudbeds,2026-11-09T00:00:00.000000,1,0,0,0,1,521.0,1
316005___633311,cloudbeds,2026-11-10T00:00:00.000000,1,0,0,0,1,521.0,1
316005___633311,cloudbeds,2026-11-11T00:00:00.000000,1,0,0,0,1,521.0,1
316005___633311,cloudbeds,2026-11-12T00:00:00.000000,1,0,0,0,1,572.0,1
316005___633311,cloudbeds,2026-11-13T00:00:00.000000,1,1,0,0,1,966.0,0
316005___633311,cloudbeds,2026-11-14T00:00:00.000000,1,1,0,0,1,966.0,0
316005___633311,cloudbeds,2026-11-15T00:00:00.000000,1,0,0,0,1,496.0,1
316005___633311,cloudbeds,2026-11-16T00:00:00.000000,1,0,0,0,1,414.0,1
316005___633311,cloudbeds,2026-11-17T00:00:00.000000,1,0,0,0,1,414.0,1
316005___633311,cloudbeds,2026-11-18T00:00:00.000000,1,0,0,0,1,414.0,1
316005___633311,cloudbeds,2026-11-19T00:00:00.000000,1,0,0,0,1,751.0,1
316005___633311,cloudbeds,2026-11-20T00:00:00.000000,1,0,0,0,1,917.0,1
316005___633311,cloudbeds,2026-11-21T00:00:00.000000,1,0,0,0,1,917.0,1
316005___633311,cloudbeds,2026-11-22T00:00:00.000000,1,0,0,0,1,683.0,1
316005___633311,cloudbeds,2026-11-23T00:00:00.000000,1,0,0,0,1,415.0,1
316005___633311,cloudbeds,2026-11-24T00:00:00.000000,1,0,0,0,1,415.0,1
316005___633311,cloudbeds,2026-11-25T00:00:00.000000,1,0,0,0,1,497.0,1
316005___633311,cloudbeds,2026-11-26T00:00:00.000000,1,0,0,0,1,1146.0,1
316005___633311,cloudbeds,2026-11-27T00:00:00.000000,1,0,0,0,1,911.0,1
316005___633311,cloudbeds,2026-11-28T00:00:00.000000,1,0,0,0,1,823.0,1
316005___633311,cloudbeds,2026-11-29T00:00:00.000000,1,0,0,0,1,558.0,1
316005___633311,cloudbeds,2026-11-30T00:00:00.000000,1,0,0,0,1,319.0,1
316005___633311,cloudbeds,2026-12-01T00:00:00.000000,1,0,0,0,1,319.0,1
316005___633311,cloudbeds,2026-12-02T00:00:00.000000,1,0,0,0,1,319.0,1
316005___633311,cloudbeds,2026-12-03T00:00:00.000000,1,0,0,0,1,515.0,1
316005___633311,cloudbeds,2026-12-04T00:00:00.000000,1,0,0,0,1,710.0,1
316005___633311,cloudbeds,2026-12-05T00:00:00.000000,1,0,0,0,1,710.0,1
316005___633311,cloudbeds,2026-12-06T00:00:00.000000,1,0,0,0,1,515.0,1
316005___633311,cloudbeds,2026-12-07T00:00:00.000000,1,0,0,0,1,319.0,1
316005___633311,cloudbeds,2026-12-08T00:00:00.000000,1,0,0,0,1,319.0,1
316005___633311,cloudbeds,2026-12-09T00:00:00.000000,1,0,0,0,1,319.0,1
316005___633311,cloudbeds,2026-12-10T00:00:00.000000,1,0,0,0,1,515.0,1
316005___633311,cloudbeds,2026-12-11T00:00:00.000000,1,0,0,0,1,742.0,1
316005___633311,cloudbeds,2026-12-12T00:00:00.000000,1,0,0,0,1,742.0,1
316005___633311,cloudbeds,2026-12-13T00:00:00.000000,1,0,0,0,1,515.0,1
316005___633311,cloudbeds,2026-12-14T00:00:00.000000,1,0,0,0,1,319.0,1
316005___633311,cloudbeds,2026-12-15T00:00:00.000000,1,1,0,0,1,336.0,0
316005___633311,cloudbeds,2026-12-16T00:00:00.000000,1,1,0,0,1,336.0,0
316005___633311,cloudbeds,2026-12-17T00:00:00.000000,1,0,0,0,1,596.0,1
316005___633311,cloudbeds,2026-12-18T00:00:00.000000,1,0,0,0,1,825.0,1
316005___633311,cloudbeds,2026-12-19T00:00:00.000000,1,0,0,0,1,825.0,1
316005___633311,cloudbeds,2026-12-20T00:00:00.000000,1,0,0,0,1,596.0,1
316005___633311,cloudbeds,2026-12-21T00:00:00.000000,1,0,0,0,1,370.0,1
316005___633311,cloudbeds,2026-12-22T00:00:00.000000,1,0,0,0,1,370.0,1
316005___633311,cloudbeds,2026-12-23T00:00:00.000000,1,0,0,0,1,370.0,1
316005___633311,cloudbeds,2026-12-24T00:00:00.000000,1,0,0,0,1,941.0,1
316005___633311,cloudbeds,2026-12-25T00:00:00.000000,1,0,0,0,1,941.0,1
316005___633311,cloudbeds,2026-12-26T00:00:00.000000,1,0,0,0,1,941.0,1
316005___633311,cloudbeds,2026-12-27T00:00:00.000000,1,0,0,0,1,525.0,1
316005___633311,cloudbeds,2026-12-28T00:00:00.000000,1,0,0,0,1,474.0,1
316005___633311,cloudbeds,2026-12-29T00:00:00.000000,1,0,0,0,1,474.0,1
316005___633311,cloudbeds,2026-12-30T00:00:00.000000,1,0,0,0,1,944.0,1
316005___633311,cloudbeds,2026-12-31T00:00:00.000000,1,0,0,0,1,1178.0,1
316005___633311,cloudbeds,2027-01-01T00:00:00.000000,1,0,0,0,1,744.0,1
316005___633311,cloudbeds,2027-01-02T00:00:00.000000,1,0,0,0,1,744.0,1
316005___633311,cloudbeds,2027-01-03T00:00:00.000000,1,0,0,0,1,506.0,1
316005___633311,cloudbeds,2027-01-04T00:00:00.000000,1,0,0,0,1,383.0,1
316005___633311,cloudbeds,2027-01-05T00:00:00.000000,1,0,0,0,1,383.0,1
316005___633311,cloudbeds,2027-01-06T00:00:00.000000,1,0,0,0,1,383.0,1
316005___633311,cloudbeds,2027-01-07T00:00:00.000000,1,0,0,0,1,533.0,1
316005___633311,cloudbeds,2027-01-08T00:00:00.000000,1,0,0,0,1,775.0,1
316005___633311,cloudbeds,2027-01-09T00:00:00.000000,1,0,0,0,1,775.0,1
316005___633311,cloudbeds,2027-01-10T00:00:00.000000,1,0,0,0,1,533.0,1
316005___633311,cloudbeds,2027-01-11T00:00:00.000000,1,0,0,0,1,383.0,1
316005___633311,cloudbeds,2027-01-12T00:00:00.000000,1,0,0,0,1,383.0,1
316005___633311,cloudbeds,2027-01-13T00:00:00.000000,1,0,0,0,1,383.0,1
316005___633311,cloudbeds,2027-01-14T00:00:00.000000,1,0,0,0,1,700.0,1
316005___633311,cloudbeds,2027-01-15T00:00:00.000000,1,0,0,0,1,1014.0,1
316005___633311,cloudbeds,2027-01-16T00:00:00.000000,1,0,0,0,1,1014.0,1
316005___633311,cloudbeds,2027-01-17T00:00:00.000000,1,0,0,0,1,783.0,1
316005___633311,cloudbeds,2027-01-18T00:00:00.000000,1,0,0,0,1,503.0,1
316005___633311,cloudbeds,2027-01-19T00:00:00.000000,1,0,0,0,1,383.0,1
316005___633311,cloudbeds,2027-01-20T00:00:00.000000,1,0,0,0,1,383.0,1
316005___633311,cloudbeds,2027-01-21T00:00:00.000000,1,0,0,0,1,533.0,1
316005___633311,cloudbeds,2027-01-22T00:00:00.000000,1,0,0,0,1,775.0,1
316005___633311,cloudbeds,2027-01-23T00:00:00.000000,1,0,0,0,1,775.0,1
316005___633311,cloudbeds,2027-01-24T00:00:00.000000,1,0,0,0,1,533.0,1
316005___633311,cloudbeds,2027-01-25T00:00:00.000000,1,0,0,0,1,383.0,1
316005___633311,cloudbeds,2027-01-26T00:00:00.000000,1,0,0,0,1,383.0,1
316005___633311,cloudbeds,2027-01-27T00:00:00.000000,1,0,0,0,1,383.0,1
316005___633311,cloudbeds,2027-01-28T00:00:00.000000,1,0,0,0,1,533.0,1
316005___633311,cloudbeds,2027-01-29T00:00:00.000000,1,0,0,0,1,775.0,1
316005___633311,cloudbeds,2027-01-30T00:00:00.000000,1,0,0,0,1,775.0,1
316005___633311,cloudbeds,2027-01-31T00:00:00.000000,1,0,0,0,1,533.0,1
316005___633311,cloudbeds,2027-02-01T00:00:00.000000,1,0,0,0,1,453.0,1
316005___633311,cloudbeds,2027-02-02T00:00:00.000000,1,0,0,0,1,453.0,1
316005___633311,cloudbeds,2027-02-03T00:00:00.000000,1,0,0,0,1,453.0,1
316005___633311,cloudbeds,2027-02-04T00:00:00.000000,1,0,0,0,1,630.0,1
316005___633311,cloudbeds,2027-02-05T00:00:00.000000,1,0,0,0,1,915.0,1
316005___633311,cloudbeds,2027-02-06T00:00:00.000000,1,0,0,0,1,915.0,1
316005___633311,cloudbeds,2027-02-07T00:00:00.000000,1,0,0,0,1,630.0,1
316005___633311,cloudbeds,2027-02-08T00:00:00.000000,1,0,0,0,1,453.0,1
316005___633311,cloudbeds,2027-02-09T00:00:00.000000,1,0,0,0,1,453.0,1
316005___633311,cloudbeds,2027-02-10T00:00:00.000000,1,0,0,0,1,453.0,1
316005___633311,cloudbeds,2027-02-11T00:00:00.000000,1,0,0,0,1,630.0,1
316005___633311,cloudbeds,2027-02-12T00:00:00.000000,1,0,0,0,1,1660.0,1
316005___633311,cloudbeds,2027-02-13T00:00:00.000000,1,0,0,0,1,1660.0,1
316005___633311,cloudbeds,2027-02-14T00:00:00.000000,1,0,0,0,1,825.0,1
316005___633311,cloudbeds,2027-02-15T00:00:00.000000,1,0,0,0,1,733.0,1
316005___633311,cloudbeds,2027-02-16T00:00:00.000000,1,0,0,0,1,453.0,1
316005___633311,cloudbeds,2027-02-17T00:00:00.000000,1,0,0,0,1,453.0,1
316005___633311,cloudbeds,2027-02-18T00:00:00.000000,1,0,0,0,1,630.0,1
316005___633311,cloudbeds,2027-02-19T00:00:00.000000,1,0,0,0,1,915.0,1
316005___633311,cloudbeds,2027-02-20T00:00:00.000000,1,0,0,0,1,915.0,1
316005___633311,cloudbeds,2027-02-21T00:00:00.000000,1,0,0,0,1,630.0,1
316005___633311,cloudbeds,2027-02-22T00:00:00.000000,1,0,0,0,1,453.0,1
316005___633311,cloudbeds,2027-02-23T00:00:00.000000,1,0,0,0,1,453.0,1
316005___633311,cloudbeds,2027-02-24T00:00:00.000000,1,0,0,0,1,453.0,1
316005___633311,cloudbeds,2027-02-25T00:00:00.000000,1,0,0,0,1,630.0,1
316005___633311,cloudbeds,2027-02-26T00:00:00.000000,1,0,0,0,1,915.0,1
316005___633311,cloudbeds,2027-02-27T00:00:00.000000,1,0,0,0,1,915.0,1
316005___633311,cloudbeds,2027-02-28T00:00:00.000000,1,0,0,0,1,630.0,1
316005___633311,cloudbeds,2027-03-01T00:00:00.000000,1,0,0,0,1,525.0,1
316005___633311,cloudbeds,2027-03-02T00:00:00.000000,1,0,0,0,1,525.0,1
316005___633311,cloudbeds,2027-03-03T00:00:00.000000,1,0,0,0,1,525.0,1
316005___633311,cloudbeds,2027-03-04T00:00:00.000000,1,0,0,0,1,728.0,1
316005___633311,cloudbeds,2027-03-05T00:00:00.000000,1,0,0,0,1,1057.0,1
316005___633311,cloudbeds,2027-03-06T00:00:00.000000,1,0,0,0,1,1057.0,1
316005___633311,cloudbeds,2027-03-07T00:00:00.000000,1,0,0,0,1,728.0,1
316005___633311,cloudbeds,2027-03-08T00:00:00.000000,1,0,0,0,1,525.0,1
316005___633311,cloudbeds,2027-03-09T00:00:00.000000,1,0,0,0,1,525.0,1
316005___633311,cloudbeds,2027-03-10T00:00:00.000000,1,0,0,0,1,525.0,1
316005___633311,cloudbeds,2027-03-11T00:00:00.000000,1,0,0,0,1,728.0,1
316005___633311,cloudbeds,2027-03-12T00:00:00.000000,1,0,0,0,1,1378.0,1
316005___633311,cloudbeds,2027-03-13T00:00:00.000000,1,0,0,0,1,1378.0,1
316005___633311,cloudbeds,2027-03-14T00:00:00.000000,1,0,0,0,1,874.0,1
316005___633311,cloudbeds,2027-03-15T00:00:00.000000,1,0,0,0,1,686.0,1
316005___633311,cloudbeds,2027-03-16T00:00:00.000000,1,0,0,0,1,686.0,1
316005___633311,cloudbeds,2027-03-17T00:00:00.000000,1,0,0,0,1,686.0,1
316005___633311,cloudbeds,2027-03-18T00:00:00.000000,1,0,0,0,1,874.0,1
316005___633311,cloudbeds,2027-03-19T00:00:00.000000,1,0,0,0,1,1378.0,1
316005___633311,cloudbeds,2027-03-20T00:00:00.000000,1,0,0,0,1,1378.0,1
316005___633311,cloudbeds,2027-03-21T00:00:00.000000,1,0,0,0,1,874.0,1
316005___633311,cloudbeds,2027-03-22T00:00:00.000000,1,0,0,0,1,525.0,1
316005___633311,cloudbeds,2027-03-23T00:00:00.000000,1,0,0,0,1,525.0,1
316005___633311,cloudbeds,2027-03-24T00:00:00.000000,1,0,0,0,1,525.0,1
316005___633311,cloudbeds,2027-03-25T00:00:00.000000,1,0,0,0,1,728.0,1
316005___633311,cloudbeds,2027-03-26T00:00:00.000000,1,0,0,0,1,1057.0,1
316005___633311,cloudbeds,2027-03-27T00:00:00.000000,1,0,0,0,1,1057.0,1
316005___633311,cloudbeds,2027-03-28T00:00:00.000000,1,0,0,0,1,728.0,1
316005___633311,cloudbeds,2027-03-29T00:00:00.000000,1,0,0,0,1,525.0,1
316005___633311,cloudbeds,2027-03-30T00:00:00.000000,1,0,0,0,1,525.0,1
316005___633311,cloudbeds,2027-03-31T00:00:00.000000,1,0,0,0,1,525.0,1
316005___633311,cloudbeds,2027-04-01T00:00:00.000000,1,0,0,0,1,728.0,1
316005___633311,cloudbeds,2027-04-02T00:00:00.000000,1,0,0,0,1,1057.0,1
316005___633311,cloudbeds,2027-04-03T00:00:00.000000,1,0,0,0,1,1057.0,1
316005___633311,cloudbeds,2027-04-04T00:00:00.000000,1,0,0,0,1,728.0,1
316005___633311,cloudbeds,2027-04-05T00:00:00.000000,1,0,0,0,1,525.0,1
316005___633311,cloudbeds,2027-04-06T00:00:00.000000,1,0,0,0,1,525.0,1
316005___633311,cloudbeds,2027-04-07T00:00:00.000000,1,0,0,0,1,525.0,1
316005___633311,cloudbeds,2027-04-08T00:00:00.000000,1,0,0,0,1,728.0,1
316005___633311,cloudbeds,2027-04-09T00:00:00.000000,1,0,0,0,1,1057.0,1
316005___633311,cloudbeds,2027-04-10T00:00:00.000000,1,0,0,0,1,1057.0,1
316005___633311,cloudbeds,2027-04-11T00:00:00.000000,1,0,0,0,1,728.0,1
316005___633311,cloudbeds,2027-04-12T00:00:00.000000,1,0,0,0,1,525.0,1
316005___633311,cloudbeds,2027-04-13T00:00:00.000000,1,0,0,0,1,525.0,1
316005___633311,cloudbeds,2027-04-14T00:00:00.000000,1,0,0,0,1,525.0,1
316005___633311,cloudbeds,2027-04-15T00:00:00.000000,1,0,0,0,1,728.0,1
316005___633311,cloudbeds,2027-04-16T00:00:00.000000,1,0,0,0,1,1057.0,1
316005___633311,cloudbeds,2027-04-17T00:00:00.000000,1,0,0,0,1,1057.0,1
316005___633311,cloudbeds,2027-04-18T00:00:00.000000,1,0,0,0,1,728.0,1
316005___633311,cloudbeds,2027-04-19T00:00:00.000000,1,0,0,0,1,525.0,1
316005___633311,cloudbeds,2027-04-20T00:00:00.000000,1,0,0,0,1,525.0,1
316005___633311,cloudbeds,2027-04-21T00:00:00.000000,1,0,0,0,1,525.0,1
316005___633311,cloudbeds,2027-04-22T00:00:00.000000,1,0,0,0,1,728.0,1
316005___633311,cloudbeds,2027-04-23T00:00:00.000000,1,0,0,0,1,1057.0,1
316005___633311,cloudbeds,2027-04-24T00:00:00.000000,1,0,0,0,1,1057.0,1
316005___633311,cloudbeds,2027-04-25T00:00:00.000000,1,0,0,0,1,728.0,1
316005___633311,cloudbeds,2027-04-26T00:00:00.000000,1,0,0,0,1,525.0,1
316005___633311,cloudbeds,2027-04-27T00:00:00.000000,1,0,0,0,1,525.0,1
316005___633311,cloudbeds,2027-04-28T00:00:00.000000,1,0,0,0,1,525.0,1
316005___633311,cloudbeds,2027-04-29T00:00:00.000000,1,0,0,0,1,825.0,1
316005___633311,cloudbeds,2027-04-30T00:00:00.000000,1,0,0,0,1,1197.0,1
316005___633311,cloudbeds,2027-05-01T00:00:00.000000,1,0,0,0,1,1197.0,1
316005___633311,cloudbeds,2027-05-02T00:00:00.000000,1,0,0,0,1,825.0,1
316005___633311,cloudbeds,2027-05-03T00:00:00.000000,1,0,0,0,1,593.0,1
316005___633311,cloudbeds,2027-05-04T00:00:00.000000,1,0,0,0,1,593.0,1
316005___633311,cloudbeds,2027-05-05T00:00:00.000000,1,0,0,0,1,593.0,1
316005___633311,cloudbeds,2027-05-06T00:00:00.000000,1,0,0,0,1,825.0,1
316005___633311,cloudbeds,2027-05-07T00:00:00.000000,1,0,0,0,1,1197.0,1
316005___633311,cloudbeds,2027-05-08T00:00:00.000000,1,0,0,0,1,1197.0,1
316005___633311,cloudbeds,2027-05-09T00:00:00.000000,1,0,0,0,1,825.0,1
316005___633311,cloudbeds,2027-05-10T00:00:00.000000,1,0,0,0,1,593.0,1
316005___633311,cloudbeds,2027-05-11T00:00:00.000000,1,0,0,0,1,593.0,1
316005___633311,cloudbeds,2027-05-12T00:00:00.000000,1,0,0,0,1,593.0,1
316005___633311,cloudbeds,2027-05-13T00:00:00.000000,1,0,0,0,1,825.0,1
316005___633311,cloudbeds,2027-05-14T00:00:00.000000,1,0,0,0,1,1197.0,1
316005___633311,cloudbeds,2027-05-15T00:00:00.000000,1,0,0,0,1,1197.0,1
316005___633311,cloudbeds,2027-05-16T00:00:00.000000,1,0,0,0,1,825.0,1
316005___633311,cloudbeds,2027-05-17T00:00:00.000000,1,0,0,0,1,593.0,1
316005___633311,cloudbeds,2027-05-18T00:00:00.000000,1,0,0,0,1,593.0,1
316005___633311,cloudbeds,2027-05-19T00:00:00.000000,1,0,0,0,1,593.0,1
316005___633311,cloudbeds,2027-05-20T00:00:00.000000,1,0,0,0,1,825.0,1
316005___633311,cloudbeds,2027-05-21T00:00:00.000000,1,0,0,0,1,1197.0,1
316005___633311,cloudbeds,2027-05-22T00:00:00.000000,1,0,0,0,1,1197.0,1
316005___633311,cloudbeds,2027-05-23T00:00:00.000000,1,0,0,0,1,825.0,1
316005___633311,cloudbeds,2027-05-24T00:00:00.000000,1,0,0,0,1,593.0,1
316005___633311,cloudbeds,2027-05-25T00:00:00.000000,1,0,0,0,1,593.0,1
316005___633311,cloudbeds,2027-05-26T00:00:00.000000,1,0,0,0,1,593.0,1
316005___633311,cloudbeds,2027-05-27T00:00:00.000000,1,0,0,0,1,825.0,1
316005___633311,cloudbeds,2027-05-28T00:00:00.000000,1,0,0,0,1,1499.0,1
316005___633311,cloudbeds,2027-05-29T00:00:00.000000,1,0,0,0,1,1499.0,1
316005___633311,cloudbeds,2027-05-30T00:00:00.000000,1,0,0,0,1,908.0,1
316005___633311,cloudbeds,2027-05-31T00:00:00.000000,1,0,0,0,1,746.0,1
316005___633311,cloudbeds,2027-06-01T00:00:00.000000,1,0,0,0,1,593.0,1
316005___633311,cloudbeds,2027-06-02T00:00:00.000000,1,0,0,0,1,593.0,1
316005___633311,cloudbeds,2027-06-03T00:00:00.000000,1,0,0,0,1,825.0,1
316005___633311,cloudbeds,2027-06-04T00:00:00.000000,1,0,0,0,1,1197.0,1
316005___633311,cloudbeds,2027-06-05T00:00:00.000000,1,0,0,0,1,1197.0,1
316005___633311,cloudbeds,2027-06-06T00:00:00.000000,1,0,0,0,1,825.0,1
316005___633311,cloudbeds,2027-06-07T00:00:00.000000,1,0,0,0,1,593.0,1
316005___633311,cloudbeds,2027-06-08T00:00:00.000000,1,0,0,0,1,593.0,1
316005___633311,cloudbeds,2027-06-09T00:00:00.000000,1,0,0,0,1,593.0,1
316005___633311,cloudbeds,2027-06-10T00:00:00.000000,1,0,0,0,1,825.0,1
316005___633311,cloudbeds,2027-06-11T00:00:00.000000,1,0,0,0,1,1197.0,1
316005___633311,cloudbeds,2027-06-12T00:00:00.000000,1,0,0,0,1,1197.0,1
316005___633311,cloudbeds,2027-06-13T00:00:00.000000,1,0,0,0,1,825.0,1
316005___633311,cloudbeds,2027-06-14T00:00:00.000000,1,0,0,0,1,593.0,1
316005___633311,cloudbeds,2027-06-15T00:00:00.000000,1,0,0,0,1,593.0,1
316005___633311,cloudbeds,2027-06-16T00:00:00.000000,1,0,0,0,1,593.0,1
316005___633311,cloudbeds,2027-06-17T00:00:00.000000,1,0,0,0,1,825.0,1
316005___633311,cloudbeds,2027-06-18T00:00:00.000000,1,0,0,0,1,1197.0,1
316005___633311,cloudbeds,2027-06-19T00:00:00.000000,1,0,0,0,1,1197.0,1
316005___633311,cloudbeds,2027-06-20T00:00:00.000000,1,0,0,0,1,825.0,1
316005___633311,cloudbeds,2027-06-21T00:00:00.000000,1,0,0,0,1,593.0,1
316005___633311,cloudbeds,2027-06-22T00:00:00.000000,1,0,0,0,1,593.0,1
316005___633311,cloudbeds,2027-06-23T00:00:00.000000,1,0,0,0,1,593.0,1
316005___633311,cloudbeds,2027-06-24T00:00:00.000000,1,0,0,0,1,825.0,1
316005___633311,cloudbeds,2027-06-25T00:00:00.000000,1,0,0,0,1,1197.0,1
316005___633311,cloudbeds,2027-06-26T00:00:00.000000,1,0,0,0,1,1197.0,1
316005___633311,cloudbeds,2027-06-27T00:00:00.000000,1,0,0,0,1,825.0,1
316005___633311,cloudbeds,2027-06-28T00:00:00.000000,1,0,0,0,1,593.0,1
316005___633311,cloudbeds,2027-06-29T00:00:00.000000,1,0,0,0,1,593.0,1
316005___633311,cloudbeds,2027-06-30T00:00:00.000000,1,0,0,0,1,626.0,1
316005___633311,cloudbeds,2027-07-01T00:00:00.000000,1,0,0,0,1,973.0,1
316005___633311,cloudbeds,2027-07-02T00:00:00.000000,1,0,0,0,1,1461.0,1
316005___633311,cloudbeds,2027-07-03T00:00:00.000000,1,0,0,0,1,1465.0,1
316005___633311,cloudbeds,2027-07-04T00:00:00.000000,1,0,0,0,1,984.0,1
316005___633311,cloudbeds,2027-07-05T00:00:00.000000,1,0,0,0,1,414.0,1
316005___633311,cloudbeds,2027-07-06T00:00:00.000000,1,0,0,0,1,416.0,1
316005___633311,cloudbeds,2027-07-07T00:00:00.000000,1,0,0,0,1,418.0,1
316005___633311,cloudbeds,2027-07-08T00:00:00.000000,1,0,0,0,1,583.0,1
316005___633311,cloudbeds,2027-07-09T00:00:00.000000,1,0,0,0,1,846.0,1
316005___633311,cloudbeds,2027-07-10T00:00:00.000000,1,0,0,0,1,849.0,1
316005___633311,cloudbeds,2027-07-11T00:00:00.000000,1,0,0,0,1,589.0,1
316005___633311,cloudbeds,2027-07-12T00:00:00.000000,1,0,0,0,1,428.0,1
316005___633311,cloudbeds,2027-07-13T00:00:00.000000,1,0,0,0,1,430.0,1
316005___633311,cloudbeds,2027-07-14T00:00:00.000000,1,0,0,0,1,453.0,1
316005___633311,cloudbeds,2027-07-15T00:00:00.000000,1,0,0,0,1,596.0,1
316005___633311,cloudbeds,2027-07-16T00:00:00.000000,1,0,0,0,1,862.0,1
316005___633311,cloudbeds,2027-07-17T00:00:00.000000,1,0,0,0,1,862.0,1
316005___633311,cloudbeds,2027-07-18T00:00:00.000000,1,0,0,0,1,596.0,1
316005___633311,cloudbeds,2027-07-19T00:00:00.000000,1,0,0,0,1,432.0,1
316005___633311,cloudbeds,2027-07-20T00:00:00.000000,1,0,0,0,1,432.0,1
316005___633311,cloudbeds,2027-07-21T00:00:00.000000,1,0,0,0,1,432.0,1
316005___633311,cloudbeds,2027-07-22T00:00:00.000000,1,0,0,0,1,596.0,1
316005___633311,cloudbeds,2027-07-23T00:00:00.000000,1,0,0,0,1,862.0,1
316005___633311,cloudbeds,2027-07-24T00:00:00.000000,1,0,0,0,1,862.0,1
316005___633311,cloudbeds,2027-07-25T00:00:00.000000,1,0,0,0,1,596.0,1
316005___633311,cloudbeds,2027-07-26T00:00:00.000000,1,0,0,0,1,432.0,1
316005___633311,cloudbeds,2027-07-27T00:00:00.000000,1,0,0,0,1,432.0,1
316005___633311,cloudbeds,2027-07-28T00:00:00.000000,1,0,0,0,1,432.0,1
316005___633311,cloudbeds,2027-07-29T00:00:00.000000,1,0,0,0,1,703.0,1
316005___633311,cloudbeds,2027-07-30T00:00:00.000000,1,0,0,0,1,862.0,1
316005___633311,cloudbeds,2027-07-31T00:00:00.000000,1,0,0,0,1,862.0,1
316005___633311,cloudbeds,2027-08-01T00:00:00.000000,1,0,0,0,1,703.0,1
316005___633311,cloudbeds,2027-08-02T00:00:00.000000,1,0,0,0,1,509.0,1
316005___633311,cloudbeds,2027-08-03T00:00:00.000000,1,0,0,0,1,509.0,1
316005___633311,cloudbeds,2027-08-04T00:00:00.000000,1,0,0,0,1,509.0,1
316005___633311,cloudbeds,2027-08-05T00:00:00.000000,1,0,0,0,1,703.0,1
316005___633311,cloudbeds,2027-08-06T00:00:00.000000,1,0,0,0,1,1013.0,1
316005___633311,cloudbeds,2027-08-07T00:00:00.000000,1,0,0,0,1,1013.0,1
316005___633311,cloudbeds,2027-08-08T00:00:00.000000,1,0,0,0,1,703.0,1
316005___633311,cloudbeds,2027-08-09T00:00:00.000000,1,0,0,0,1,462.0,1
316005___633311,cloudbeds,2027-08-10T00:00:00.000000,1,0,0,0,1,462.0,1
316005___633311,cloudbeds,2027-08-11T00:00:00.000000,1,0,0,0,1,462.0,1
316005___633311,cloudbeds,2027-08-12T00:00:00.000000,1,0,0,0,1,639.0,1
316005___633311,cloudbeds,2027-08-13T00:00:00.000000,1,0,0,0,1,920.0,1
316005___633311,cloudbeds,2027-08-14T00:00:00.000000,1,0,0,0,1,920.0,1
316005___633311,cloudbeds,2027-08-15T00:00:00.000000,1,0,0,0,1,639.0,1
316005___633311,cloudbeds,2027-08-16T00:00:00.000000,1,0,0,0,1,462.0,1
316005___633311,cloudbeds,2027-08-17T00:00:00.000000,1,0,0,0,1,462.0,1
316005___633311,cloudbeds,2027-08-18T00:00:00.000000,1,0,0,0,1,462.0,1
316005___633311,cloudbeds,2027-08-19T00:00:00.000000,1,0,0,0,1,639.0,1
316005___633311,cloudbeds,2027-08-20T00:00:00.000000,1,0,0,0,1,920.0,1
316005___633311,cloudbeds,2027-08-21T00:00:00.000000,1,0,0,0,1,920.0,1
316005___633311,cloudbeds,2027-08-22T00:00:00.000000,1,0,0,0,1,639.0,1
316005___633311,cloudbeds,2027-08-23T00:00:00.000000,1,0,0,0,1,462.0,1
316005___633311,cloudbeds,2027-08-24T00:00:00.000000,1,0,0,0,1,462.0,1
316005___633311,cloudbeds,2027-08-25T00:00:00.000000,1,0,0,0,1,462.0,1
316005___633311,cloudbeds,2027-08-26T00:00:00.000000,1,0,0,0,1,673.0,1
316005___633311,cloudbeds,2027-08-27T00:00:00.000000,1,0,0,0,1,969.0,1
316005___633311,cloudbeds,2027-08-28T00:00:00.000000,1,0,0,0,1,969.0,1
316005___633311,cloudbeds,2027-08-29T00:00:00.000000,1,0,0,0,1,673.0,1
316005___633311,cloudbeds,2027-08-30T00:00:00.000000,1,0,0,0,1,487.0,1
316005___633311,cloudbeds,2027-08-31T00:00:00.000000,1,0,0,0,1,487.0,1
316005___633311,cloudbeds,2027-09-01T00:00:00.000000,1,0,0,0,1,487.0,1
316005___633311,cloudbeds,2027-09-02T00:00:00.000000,1,0,0,0,1,773.0,1
316005___633311,cloudbeds,2027-09-03T00:00:00.000000,1,0,0,0,1,1114.0,1
316005___633311,cloudbeds,2027-09-04T00:00:00.000000,1,0,0,0,1,1114.0,1
316005___633311,cloudbeds,2027-09-05T00:00:00.000000,1,0,0,0,1,851.0,1
316005___633311,cloudbeds,2027-09-06T00:00:00.000000,1,0,0,0,1,584.0,1
316005___633311,cloudbeds,2027-09-07T00:00:00.000000,1,0,0,0,1,487.0,1
316005___633311,cloudbeds,2027-09-08T00:00:00.000000,1,0,0,0,1,487.0,1
316005___633311,cloudbeds,2027-09-09T00:00:00.000000,1,0,0,0,1,673.0,1
316005___633311,cloudbeds,2027-09-10T00:00:00.000000,1,0,0,0,1,969.0,1
316005___633311,cloudbeds,2027-09-11T00:00:00.000000,1,0,0,0,1,969.0,1
316005___633311,cloudbeds,2027-09-12T00:00:00.000000,1,0,0,0,1,673.0,1
316005___633311,cloudbeds,2027-09-13T00:00:00.000000,1,0,0,0,1,487.0,1
316005___633311,cloudbeds,2027-09-14T00:00:00.000000,1,0,0,0,1,487.0,1
316005___633311,cloudbeds,2027-09-15T00:00:00.000000,1,0,0,0,1,487.0,1
316005___633311,cloudbeds,2027-09-16T00:00:00.000000,1,0,0,0,1,673.0,1
316005___633311,cloudbeds,2027-09-17T00:00:00.000000,1,0,0,0,1,969.0,1
316005___633311,cloudbeds,2027-09-18T00:00:00.000000,1,0,0,0,1,969.0,1
316005___633311,cloudbeds,2027-09-19T00:00:00.000000,1,0,0,0,1,673.0,1
316005___633311,cloudbeds,2027-09-20T00:00:00.000000,1,0,0,0,1,487.0,1
316005___633311,cloudbeds,2027-09-21T00:00:00.000000,1,0,0,0,1,487.0,1
316005___633311,cloudbeds,2027-09-22T00:00:00.000000,1,0,0,0,1,487.0,1
316005___633311,cloudbeds,2027-09-23T00:00:00.000000,1,0,0,0,1,673.0,1
316005___633311,cloudbeds,2027-09-24T00:00:00.000000,1,0,0,0,1,969.0,1
316005___633311,cloudbeds,2027-09-25T00:00:00.000000,1,0,0,0,1,969.0,1
316005___633311,cloudbeds,2027-09-26T00:00:00.000000,1,0,0,0,1,673.0,1
316005___633311,cloudbeds,2027-09-27T00:00:00.000000,1,0,0,0,1,487.0,1
316005___633311,cloudbeds,2027-09-28T00:00:00.000000,1,0,0,0,1,487.0,1
316005___633311,cloudbeds,2027-09-29T00:00:00.000000,1,0,0,0,1,487.0,1
316005___633311,cloudbeds,2027-09-30T00:00:00.000000,1,0,0,0,1,773.0,1
316005___633311,cloudbeds,2027-10-01T00:00:00.000000,1,0,0,0,1,1115.0,1
316005___633311,cloudbeds,2027-10-02T00:00:00.000000,1,0,0,0,1,1115.0,1
316005___633311,cloudbeds,2027-10-03T00:00:00.000000,1,0,0,0,1,773.0,1
316005___633311,cloudbeds,2027-10-04T00:00:00.000000,1,0,0,0,1,560.0,1
316005___633311,cloudbeds,2027-10-05T00:00:00.000000,1,0,0,0,1,560.0,1
316005___633311,cloudbeds,2027-10-06T00:00:00.000000,1,0,0,0,1,560.0,1
316005___633311,cloudbeds,2027-10-07T00:00:00.000000,1,0,0,0,1,773.0,1
316005___633311,cloudbeds,2027-10-08T00:00:00.000000,1,0,0,0,1,1283.0,1
316005___633311,cloudbeds,2027-10-09T00:00:00.000000,1,0,0,0,1,1283.0,1
316005___633311,cloudbeds,2027-10-10T00:00:00.000000,1,0,0,0,1,851.0,1
316005___633311,cloudbeds,2027-10-11T00:00:00.000000,1,0,0,0,1,595.0,1
316005___633311,cloudbeds,2027-10-12T00:00:00.000000,1,0,0,0,1,560.0,1
316005___633311,cloudbeds,2027-10-13T00:00:00.000000,1,0,0,0,1,560.0,1
316005___633311,cloudbeds,2027-10-14T00:00:00.000000,1,0,0,0,1,773.0,1
316005___633311,cloudbeds,2027-10-15T00:00:00.000000,1,0,0,0,1,1115.0,1
316005___633311,cloudbeds,2027-10-16T00:00:00.000000,1,0,0,0,1,1115.0,1
316005___633311,cloudbeds,2027-10-17T00:00:00.000000,1,0,0,0,1,773.0,1
316005___633311,cloudbeds,2027-10-18T00:00:00.000000,1,0,0,0,1,560.0,1
316005___633311,cloudbeds,2027-10-19T00:00:00.000000,1,0,0,0,1,560.0,1
316005___633311,cloudbeds,2027-10-20T00:00:00.000000,1,0,0,0,1,560.0,1
316005___633311,cloudbeds,2027-10-21T00:00:00.000000,1,0,0,0,1,773.0,1
316005___633311,cloudbeds,2027-10-22T00:00:00.000000,1,0,0,0,1,1115.0,1
316005___633311,cloudbeds,2027-10-23T00:00:00.000000,1,0,0,0,1,1115.0,1
316005___633311,cloudbeds,2027-10-24T00:00:00.000000,1,0,0,0,1,773.0,1
316005___633311,cloudbeds,2027-10-25T00:00:00.000000,1,0,0,0,1,560.0,1
316005___633311,cloudbeds,2027-10-26T00:00:00.000000,1,0,0,0,1,560.0,1
316005___633311,cloudbeds,2027-10-27T00:00:00.000000,1,0,0,0,1,560.0,1
316005___633311,cloudbeds,2027-10-28T00:00:00.000000,1,0,0,0,1,773.0,1
316005___633311,cloudbeds,2027-10-29T00:00:00.000000,1,0,0,0,1,1115.0,1
316005___633311,cloudbeds,2027-10-30T00:00:00.000000,1,0,0,0,1,1115.0,1
316005___633311,cloudbeds,2027-10-31T00:00:00.000000,1,0,0,0,1,773.0,1
316005___633311,cloudbeds,2027-11-01T00:00:00.000000,1,0,0,0,1,487.0,1
316005___633311,cloudbeds,2027-11-02T00:00:00.000000,1,0,0,0,1,487.0,1
316005___633311,cloudbeds,2027-11-03T00:00:00.000000,1,0,0,0,1,487.0,1
316005___633311,cloudbeds,2027-11-04T00:00:00.000000,1,0,0,0,1,673.0,1
316005___633311,cloudbeds,2027-11-05T00:00:00.000000,1,0,0,0,1,969.0,1
316005___633311,cloudbeds,2027-11-06T00:00:00.000000,1,0,0,0,1,969.0,1
316005___633311,cloudbeds,2027-11-07T00:00:00.000000,1,0,0,0,1,673.0,1
316005___633311,cloudbeds,2027-11-08T00:00:00.000000,1,0,0,0,1,487.0,1
316005___633311,cloudbeds,2027-11-09T00:00:00.000000,1,0,0,0,1,487.0,1
316005___633311,cloudbeds,2027-11-10T00:00:00.000000,1,0,0,0,1,487.0,1
316005___633311,cloudbeds,2027-11-11T00:00:00.000000,1,0,0,0,1,673.0,1
316005___633311,cloudbeds,2027-11-12T00:00:00.000000,1,0,0,0,1,969.0,1
316005___633311,cloudbeds,2027-11-13T00:00:00.000000,1,0,0,0,1,969.0,1
316005___633311,cloudbeds,2027-11-14T00:00:00.000000,1,0,0,0,1,673.0,1
316005___633311,cloudbeds,2027-11-15T00:00:00.000000,1,0,0,0,1,487.0,1
316005___633311,cloudbeds,2027-11-16T00:00:00.000000,1,0,0,0,1,487.0,1
316005___633311,cloudbeds,2027-11-17T00:00:00.000000,1,0,0,0,1,487.0,1
316005___633311,cloudbeds,2027-11-18T00:00:00.000000,1,0,0,0,1,673.0,1
316005___633311,cloudbeds,2027-11-19T00:00:00.000000,1,0,0,0,1,969.0,1
316005___633311,cloudbeds,2027-11-20T00:00:00.000000,1,0,0,0,1,969.0,1
316005___633311,cloudbeds,2027-11-21T00:00:00.000000,1,0,0,0,1,673.0,1
316005___633311,cloudbeds,2027-11-22T00:00:00.000000,1,0,0,0,1,487.0,1
316005___633311,cloudbeds,2027-11-23T00:00:00.000000,1,0,0,0,1,487.0,1
316005___633311,cloudbeds,2027-11-24T00:00:00.000000,1,0,0,0,1,487.0,1
316005___633311,cloudbeds,2027-11-25T00:00:00.000000,1,0,0,0,1,1114.0,1
316005___633311,cloudbeds,2027-11-26T00:00:00.000000,1,0,0,0,1,969.0,1
316005___633311,cloudbeds,2027-11-27T00:00:00.000000,1,0,0,0,1,969.0,1
316005___633311,cloudbeds,2027-11-28T00:00:00.000000,1,0,0,0,1,673.0,1
316005___633311,cloudbeds,2027-11-29T00:00:00.000000,1,0,0,0,1,487.0,1
316005___633311,cloudbeds,2027-11-30T00:00:00.000000,1,0,0,0,1,487.0,1
316005___633311,cloudbeds,2027-12-01T00:00:00.000000,1,0,0,0,1,560.0,1
316005___633311,cloudbeds,2027-12-02T00:00:00.000000,1,0,0,0,1,773.0,1
316005___633311,cloudbeds,2027-12-03T00:00:00.000000,1,0,0,0,1,1115.0,1
316005___633311,cloudbeds,2027-12-04T00:00:00.000000,1,0,0,0,1,1115.0,1
316005___633311,cloudbeds,2027-12-05T00:00:00.000000,1,0,0,0,1,773.0,1
316005___633311,cloudbeds,2027-12-06T00:00:00.000000,1,0,0,0,1,560.0,1
316005___633311,cloudbeds,2027-12-07T00:00:00.000000,1,0,0,0,1,560.0,1
316005___633311,cloudbeds,2027-12-08T00:00:00.000000,1,0,0,0,1,560.0,1
316005___633311,cloudbeds,2027-12-09T00:00:00.000000,1,0,0,0,1,773.0,1
316005___633311,cloudbeds,2027-12-10T00:00:00.000000,1,0,0,0,1,1115.0,1
316005___633311,cloudbeds,2027-12-11T00:00:00.000000,1,0,0,0,1,1115.0,1
316005___633311,cloudbeds,2027-12-12T00:00:00.000000,1,0,0,0,1,773.0,1
316005___633311,cloudbeds,2027-12-13T00:00:00.000000,1,0,0,0,1,560.0,1
316005___633311,cloudbeds,2027-12-14T00:00:00.000000,1,0,0,0,1,560.0,1
316005___633311,cloudbeds,2027-12-15T00:00:00.000000,1,0,0,0,1,560.0,1
316005___633311,cloudbeds,2027-12-16T00:00:00.000000,1,0,0,0,1,773.0,1
316005___633311,cloudbeds,2027-12-17T00:00:00.000000,1,0,0,0,1,1339.0,1
316005___633311,cloudbeds,2027-12-18T00:00:00.000000,1,0,0,0,1,1339.0,1
316005___633311,cloudbeds,2027-12-19T00:00:00.000000,1,0,0,0,1,889.0,1
316005___633311,cloudbeds,2027-12-20T00:00:00.000000,1,0,0,0,1,672.0,1
316005___633311,cloudbeds,2027-12-21T00:00:00.000000,1,0,0,0,1,672.0,1
316005___633311,cloudbeds,2027-12-22T00:00:00.000000,1,0,0,0,1,672.0,1
316005___633311,cloudbeds,2027-12-23T00:00:00.000000,1,0,0,0,1,889.0,1
316005___633311,cloudbeds,2027-12-24T00:00:00.000000,1,0,0,0,1,1506.0,1
316005___633311,cloudbeds,2027-12-25T00:00:00.000000,1,0,0,0,1,1506.0,1
316005___633311,cloudbeds,2027-12-26T00:00:00.000000,1,0,0,0,1,1506.0,1
316005___633311,cloudbeds,2027-12-27T00:00:00.000000,1,0,0,0,1,560.0,1
316005___633311,cloudbeds,2027-12-28T00:00:00.000000,1,0,0,0,1,560.0,1
316005___633311,cloudbeds,2027-12-29T00:00:00.000000,1,0,0,0,1,560.0,1
316005___633311,cloudbeds,2027-12-30T00:00:00.000000,1,0,0,0,1,1882.0,1
316005___633311,cloudbeds,2027-12-31T00:00:00.000000,1,0,0,0,1,1882.0,1
316005___633311,cloudbeds,2028-01-01T00:00:00.000000,1,0,0,0,1,1882.0,1
316005___633311,cloudbeds,2028-01-02T00:00:00.000000,1,0,0,0,1,941.0,1
316005___633311,cloudbeds,2028-01-03T00:00:00.000000,1,0,0,0,1,414.0,1
316005___633311,cloudbeds,2028-01-04T00:00:00.000000,1,0,0,0,1,414.0,1
316005___633311,cloudbeds,2028-01-05T00:00:00.000000,1,0,0,0,1,414.0,1
316005___633311,cloudbeds,2028-01-06T00:00:00.000000,1,0,0,0,1,571.0,1
316005___633311,cloudbeds,2028-01-07T00:00:00.000000,1,0,0,0,1,824.0,1
316005___633311,cloudbeds,2028-01-08T00:00:00.000000,1,0,0,0,1,824.0,1
316005___633311,cloudbeds,2028-01-09T00:00:00.000000,1,0,0,0,1,571.0,1
316005___633312,cloudbeds,2026-08-25T00:00:00.000000,6,2,0,0,6,0.0,4
316005___633312,cloudbeds,2026-08-26T00:00:00.000000,6,4,0,0,6,0.0,2
316005___633312,cloudbeds,2026-08-27T00:00:00.000000,6,2,0,0,6,0.0,4
316005___633312,cloudbeds,2026-08-28T00:00:00.000000,6,3,0,0,6,0.0,3
316005___633312,cloudbeds,2026-08-29T00:00:00.000000,6,4,0,0,6,0.0,2
316005___633312,cloudbeds,2026-08-30T00:00:00.000000,6,0,0,0,6,0.0,6
316005___633312,cloudbeds,2026-08-31T00:00:00.000000,6,2,0,0,6,0.0,4
316005___633312,cloudbeds,2026-09-01T00:00:00.000000,6,5,0,0,6,0.0,1
316005___633312,cloudbeds,2026-09-02T00:00:00.000000,6,5,0,0,6,0.0,1
316005___633312,cloudbeds,2026-09-03T00:00:00.000000,6,2,0,0,6,0.0,4
316005___633312,cloudbeds,2026-09-04T00:00:00.000000,6,4,0,0,6,0.0,2
316005___633312,cloudbeds,2026-09-05T00:00:00.000000,6,5,0,0,6,0.0,1
316005___633312,cloudbeds,2026-09-06T00:00:00.000000,6,5,0,0,6,0.0,1
316005___633312,cloudbeds,2026-09-07T00:00:00.000000,6,5,0,0,6,0.0,1
316005___633312,cloudbeds,2026-09-08T00:00:00.000000,6,5,0,0,6,0.0,1
316005___633312,cloudbeds,2026-09-09T00:00:00.000000,6,5,0,0,6,0.0,1
316005___633312,cloudbeds,2026-09-10T00:00:00.000000,6,1,0,0,6,0.0,5
316005___633312,cloudbeds,2026-09-11T00:00:00.000000,6,3,0,0,6,0.0,3
316005___633312,cloudbeds,2026-09-12T00:00:00.000000,6,5,0,0,6,0.0,1
316005___633312,cloudbeds,2026-09-13T00:00:00.000000,6,5,0,0,6,0.0,1
316005___633312,cloudbeds,2026-09-14T00:00:00.000000,6,5,0,0,6,0.0,1
316005___633312,cloudbeds,2026-09-15T00:00:00.000000,6,5,0,0,6,0.0,1
316005___633312,cloudbeds,2026-09-16T00:00:00.000000,6,5,0,0,6,0.0,1
316005___633312,cloudbeds,2026-09-17T00:00:00.000000,6,5,0,0,6,0.0,1
316005___633312,cloudbeds,2026-09-18T00:00:00.000000,6,5,0,0,6,0.0,1
316005___633312,cloudbeds,2026-09-19T00:00:00.000000,6,6,0,0,6,0.0,0
316005___633312,cloudbeds,2026-09-20T00:00:00.000000,6,5,0,0,6,0.0,1
316005___633312,cloudbeds,2026-09-21T00:00:00.000000,6,3,0,0,6,0.0,3
316005___633312,cloudbeds,2026-09-22T00:00:00.000000,6,6,0,0,6,0.0,0
316005___633312,cloudbeds,2026-09-23T00:00:00.000000,6,5,0,0,6,0.0,1
316005___633312,cloudbeds,2026-09-24T00:00:00.000000,6,3,0,0,6,279.0,3
316005___633312,cloudbeds,2026-09-25T00:00:00.000000,6,3,0,0,6,494.0,3
316005___633312,cloudbeds,2026-09-26T00:00:00.000000,6,6,0,0,6,975.0,0
316005___633312,cloudbeds,2026-09-27T00:00:00.000000,6,5,0,0,6,279.0,1
316005___633312,cloudbeds,2026-09-28T00:00:00.000000,6,5,0,0,6,279.0,1
316005___633312,cloudbeds,2026-09-29T00:00:00.000000,6,6,0,0,6,349.0,0
316005___633312,cloudbeds,2026-09-30T00:00:00.000000,6,4,0,0,6,279.0,2
316005___633312,cloudbeds,2026-10-01T00:00:00.000000,6,0,0,0,6,464.0,6
316005___633312,cloudbeds,2026-10-02T00:00:00.000000,6,1,0,0,6,879.0,5
316005___633312,cloudbeds,2026-10-03T00:00:00.000000,6,1,0,0,6,1049.0,5
316005___633312,cloudbeds,2026-10-04T00:00:00.000000,6,2,0,0,6,464.0,4
316005___633312,cloudbeds,2026-10-05T00:00:00.000000,6,1,0,0,6,324.0,5
316005___633312,cloudbeds,2026-10-06T00:00:00.000000,6,1,0,0,6,324.0,5
316005___633312,cloudbeds,2026-10-07T00:00:00.000000,6,1,0,0,6,324.0,5
316005___633312,cloudbeds,2026-10-08T00:00:00.000000,6,1,0,0,6,707.0,5
316005___633312,cloudbeds,2026-10-09T00:00:00.000000,6,2,0,0,6,1001.0,4
316005___633312,cloudbeds,2026-10-10T00:00:00.000000,6,2,0,0,6,1151.0,4
316005___633312,cloudbeds,2026-10-11T00:00:00.000000,6,2,0,0,6,721.0,4
316005___633312,cloudbeds,2026-10-12T00:00:00.000000,6,1,0,0,6,549.0,5
316005___633312,cloudbeds,2026-10-13T00:00:00.000000,6,1,0,0,6,436.0,5
316005___633312,cloudbeds,2026-10-14T00:00:00.000000,6,1,0,0,6,436.0,5
316005___633312,cloudbeds,2026-10-15T00:00:00.000000,6,0,0,0,6,707.0,6
316005___633312,cloudbeds,2026-10-16T00:00:00.000000,6,0,0,0,6,906.0,6
316005___633312,cloudbeds,2026-10-17T00:00:00.000000,6,0,0,0,6,906.0,6
316005___633312,cloudbeds,2026-10-18T00:00:00.000000,6,0,0,0,6,707.0,6
316005___633312,cloudbeds,2026-10-19T00:00:00.000000,6,2,0,0,6,414.0,4
316005___633312,cloudbeds,2026-10-20T00:00:00.000000,6,2,0,0,6,414.0,4
316005___633312,cloudbeds,2026-10-21T00:00:00.000000,6,1,0,0,6,414.0,5
316005___633312,cloudbeds,2026-10-22T00:00:00.000000,6,0,0,0,6,1142.0,6
316005___633312,cloudbeds,2026-10-23T00:00:00.000000,6,0,0,0,6,1344.0,6
316005___633312,cloudbeds,2026-10-24T00:00:00.000000,6,0,0,0,6,1344.0,6
316005___633312,cloudbeds,2026-10-25T00:00:00.000000,6,1,0,0,6,754.0,5
316005___633312,cloudbeds,2026-10-26T00:00:00.000000,6,1,0,0,6,414.0,5
316005___633312,cloudbeds,2026-10-27T00:00:00.000000,6,2,0,0,6,414.0,4
316005___633312,cloudbeds,2026-10-28T00:00:00.000000,6,1,0,0,6,414.0,5
316005___633312,cloudbeds,2026-10-29T00:00:00.000000,6,1,0,0,6,707.0,5
316005___633312,cloudbeds,2026-10-30T00:00:00.000000,6,0,0,0,6,931.0,6
316005___633312,cloudbeds,2026-10-31T00:00:00.000000,6,0,0,0,6,931.0,6
316005___633312,cloudbeds,2026-11-01T00:00:00.000000,6,0,0,0,6,660.0,6
316005___633312,cloudbeds,2026-11-02T00:00:00.000000,6,0,0,0,6,414.0,6
316005___633312,cloudbeds,2026-11-03T00:00:00.000000,6,0,0,0,6,414.0,6
316005___633312,cloudbeds,2026-11-04T00:00:00.000000,6,0,0,0,6,414.0,6
316005___633312,cloudbeds,2026-11-05T00:00:00.000000,6,0,0,0,6,751.0,6
316005___633312,cloudbeds,2026-11-06T00:00:00.000000,6,0,0,0,6,1115.0,6
316005___633312,cloudbeds,2026-11-07T00:00:00.000000,6,0,0,0,6,1229.0,6
316005___633312,cloudbeds,2026-11-08T00:00:00.000000,6,0,0,0,6,751.0,6
316005___633312,cloudbeds,2026-11-09T00:00:00.000000,6,1,0,0,6,521.0,5
316005___633312,cloudbeds,2026-11-10T00:00:00.000000,6,1,0,0,6,521.0,5
316005___633312,cloudbeds,2026-11-11T00:00:00.000000,6,0,0,0,6,521.0,6
316005___633312,cloudbeds,2026-11-12T00:00:00.000000,6,0,0,0,6,751.0,6
316005___633312,cloudbeds,2026-11-13T00:00:00.000000,6,0,0,0,6,1009.0,6
316005___633312,cloudbeds,2026-11-14T00:00:00.000000,6,0,0,0,6,1009.0,6
316005___633312,cloudbeds,2026-11-15T00:00:00.000000,6,0,0,0,6,751.0,6
316005___633312,cloudbeds,2026-11-16T00:00:00.000000,6,0,0,0,6,414.0,6
316005___633312,cloudbeds,2026-11-17T00:00:00.000000,6,0,0,0,6,414.0,6
316005___633312,cloudbeds,2026-11-18T00:00:00.000000,6,0,0,0,6,414.0,6
316005___633312,cloudbeds,2026-11-19T00:00:00.000000,6,0,0,0,6,751.0,6
316005___633312,cloudbeds,2026-11-20T00:00:00.000000,6,0,0,0,6,917.0,6
316005___633312,cloudbeds,2026-11-21T00:00:00.000000,6,0,0,0,6,917.0,6
316005___633312,cloudbeds,2026-11-22T00:00:00.000000,6,0,0,0,6,751.0,6
316005___633312,cloudbeds,2026-11-23T00:00:00.000000,6,0,0,0,6,497.0,6
316005___633312,cloudbeds,2026-11-24T00:00:00.000000,6,0,0,0,6,497.0,6
316005___633312,cloudbeds,2026-11-25T00:00:00.000000,6,0,0,0,6,497.0,6
316005___633312,cloudbeds,2026-11-26T00:00:00.000000,6,0,0,0,6,1146.0,6
316005___633312,cloudbeds,2026-11-27T00:00:00.000000,6,0,0,0,6,911.0,6
316005___633312,cloudbeds,2026-11-28T00:00:00.000000,6,0,0,0,6,823.0,6
316005___633312,cloudbeds,2026-11-29T00:00:00.000000,6,0,0,0,6,558.0,6
316005___633312,cloudbeds,2026-11-30T00:00:00.000000,6,0,0,0,6,319.0,6
316005___633312,cloudbeds,2026-12-01T00:00:00.000000,6,0,0,0,6,319.0,6
316005___633312,cloudbeds,2026-12-02T00:00:00.000000,6,0,0,0,6,319.0,6
316005___633312,cloudbeds,2026-12-03T00:00:00.000000,6,0,0,0,6,515.0,6
316005___633312,cloudbeds,2026-12-04T00:00:00.000000,6,0,0,0,6,742.0,6
316005___633312,cloudbeds,2026-12-05T00:00:00.000000,6,0,0,0,6,742.0,6
316005___633312,cloudbeds,2026-12-06T00:00:00.000000,6,0,0,0,6,515.0,6
316005___633312,cloudbeds,2026-12-07T00:00:00.000000,6,0,0,0,6,319.0,6
316005___633312,cloudbeds,2026-12-08T00:00:00.000000,6,0,0,0,6,319.0,6
316005___633312,cloudbeds,2026-12-09T00:00:00.000000,6,0,0,0,6,319.0,6
316005___633312,cloudbeds,2026-12-10T00:00:00.000000,6,0,0,0,6,515.0,6
316005___633312,cloudbeds,2026-12-11T00:00:00.000000,6,0,0,0,6,742.0,6
316005___633312,cloudbeds,2026-12-12T00:00:00.000000,6,0,0,0,6,742.0,6
316005___633312,cloudbeds,2026-12-13T00:00:00.000000,6,0,0,0,6,515.0,6
316005___633312,cloudbeds,2026-12-14T00:00:00.000000,6,0,0,0,6,319.0,6
316005___633312,cloudbeds,2026-12-15T00:00:00.000000,6,0,0,0,6,319.0,6
316005___633312,cloudbeds,2026-12-16T00:00:00.000000,6,0,0,0,6,319.0,6
316005___633312,cloudbeds,2026-12-17T00:00:00.000000,6,0,0,0,6,596.0,6
316005___633312,cloudbeds,2026-12-18T00:00:00.000000,6,0,0,0,6,825.0,6
316005___633312,cloudbeds,2026-12-19T00:00:00.000000,6,0,0,0,6,825.0,6
316005___633312,cloudbeds,2026-12-20T00:00:00.000000,6,0,0,0,6,596.0,6
316005___633312,cloudbeds,2026-12-21T00:00:00.000000,6,0,0,0,6,370.0,6
316005___633312,cloudbeds,2026-12-22T00:00:00.000000,6,0,0,0,6,370.0,6
316005___633312,cloudbeds,2026-12-23T00:00:00.000000,6,0,0,0,6,370.0,6
316005___633312,cloudbeds,2026-12-24T00:00:00.000000,6,0,0,0,6,941.0,6
316005___633312,cloudbeds,2026-12-25T00:00:00.000000,6,0,0,0,6,941.0,6
316005___633312,cloudbeds,2026-12-26T00:00:00.000000,6,0,0,0,6,941.0,6
316005___633312,cloudbeds,2026-12-27T00:00:00.000000,6,1,0,0,6,525.0,5
316005___633312,cloudbeds,2026-12-28T00:00:00.000000,6,1,0,0,6,474.0,5
316005___633312,cloudbeds,2026-12-29T00:00:00.000000,6,0,0,0,6,474.0,6
316005___633312,cloudbeds,2026-12-30T00:00:00.000000,6,0,0,0,6,944.0,6
316005___633312,cloudbeds,2026-12-31T00:00:00.000000,6,0,0,0,6,1178.0,6
316005___633312,cloudbeds,2027-01-01T00:00:00.000000,6,0,0,0,6,744.0,6
316005___633312,cloudbeds,2027-01-02T00:00:00.000000,6,0,0,0,6,744.0,6
316005___633312,cloudbeds,2027-01-03T00:00:00.000000,6,0,0,0,6,506.0,6
316005___633312,cloudbeds,2027-01-04T00:00:00.000000,6,0,0,0,6,383.0,6
316005___633312,cloudbeds,2027-01-05T00:00:00.000000,6,0,0,0,6,383.0,6
316005___633312,cloudbeds,2027-01-06T00:00:00.000000,6,0,0,0,6,383.0,6
316005___633312,cloudbeds,2027-01-07T00:00:00.000000,6,0,0,0,6,533.0,6
316005___633312,cloudbeds,2027-01-08T00:00:00.000000,6,0,0,0,6,775.0,6
316005___633312,cloudbeds,2027-01-09T00:00:00.000000,6,0,0,0,6,775.0,6
316005___633312,cloudbeds,2027-01-10T00:00:00.000000,6,0,0,0,6,533.0,6
316005___633312,cloudbeds,2027-01-11T00:00:00.000000,6,0,0,0,6,383.0,6
316005___633312,cloudbeds,2027-01-12T00:00:00.000000,6,0,0,0,6,383.0,6
316005___633312,cloudbeds,2027-01-13T00:00:00.000000,6,0,0,0,6,383.0,6
316005___633312,cloudbeds,2027-01-14T00:00:00.000000,6,0,0,0,6,700.0,6
316005___633312,cloudbeds,2027-01-15T00:00:00.000000,6,0,0,0,6,1014.0,6
316005___633312,cloudbeds,2027-01-16T00:00:00.000000,6,0,0,0,6,1014.0,6
316005___633312,cloudbeds,2027-01-17T00:00:00.000000,6,0,0,0,6,783.0,6
316005___633312,cloudbeds,2027-01-18T00:00:00.000000,6,0,0,0,6,503.0,6
316005___633312,cloudbeds,2027-01-19T00:00:00.000000,6,1,0,0,6,383.0,5
316005___633312,cloudbeds,2027-01-20T00:00:00.000000,6,1,0,0,6,383.0,5
316005___633312,cloudbeds,2027-01-21T00:00:00.000000,6,0,0,0,6,533.0,6
316005___633312,cloudbeds,2027-01-22T00:00:00.000000,6,0,0,0,6,775.0,6
316005___633312,cloudbeds,2027-01-23T00:00:00.000000,6,0,0,0,6,775.0,6
316005___633312,cloudbeds,2027-01-24T00:00:00.000000,6,0,0,0,6,533.0,6
316005___633312,cloudbeds,2027-01-25T00:00:00.000000,6,0,0,0,6,383.0,6
316005___633312,cloudbeds,2027-01-26T00:00:00.000000,6,0,0,0,6,383.0,6
316005___633312,cloudbeds,2027-01-27T00:00:00.000000,6,0,0,0,6,383.0,6
316005___633312,cloudbeds,2027-01-28T00:00:00.000000,6,0,0,0,6,533.0,6
316005___633312,cloudbeds,2027-01-29T00:00:00.000000,6,0,0,0,6,775.0,6
316005___633312,cloudbeds,2027-01-30T00:00:00.000000,6,0,0,0,6,775.0,6
316005___633312,cloudbeds,2027-01-31T00:00:00.000000,6,0,0,0,6,533.0,6
316005___633312,cloudbeds,2027-02-01T00:00:00.000000,6,0,0,0,6,453.0,6
316005___633312,cloudbeds,2027-02-02T00:00:00.000000,6,0,0,0,6,453.0,6
316005___633312,cloudbeds,2027-02-03T00:00:00.000000,6,0,0,0,6,453.0,6
316005___633312,cloudbeds,2027-02-04T00:00:00.000000,6,0,0,0,6,630.0,6
316005___633312,cloudbeds,2027-02-05T00:00:00.000000,6,0,0,0,6,915.0,6
316005___633312,cloudbeds,2027-02-06T00:00:00.000000,6,0,0,0,6,915.0,6
316005___633312,cloudbeds,2027-02-07T00:00:00.000000,6,0,0,0,6,630.0,6
316005___633312,cloudbeds,2027-02-08T00:00:00.000000,6,0,0,0,6,453.0,6
316005___633312,cloudbeds,2027-02-09T00:00:00.000000,6,0,0,0,6,453.0,6
316005___633312,cloudbeds,2027-02-10T00:00:00.000000,6,0,0,0,6,453.0,6
316005___633312,cloudbeds,2027-02-11T00:00:00.000000,6,0,0,0,6,630.0,6
316005___633312,cloudbeds,2027-02-12T00:00:00.000000,6,0,0,0,6,1660.0,6
316005___633312,cloudbeds,2027-02-13T00:00:00.000000,6,0,0,0,6,1660.0,6
316005___633312,cloudbeds,2027-02-14T00:00:00.000000,6,0,0,0,6,825.0,6
316005___633312,cloudbeds,2027-02-15T00:00:00.000000,6,0,0,0,6,733.0,6
316005___633312,cloudbeds,2027-02-16T00:00:00.000000,6,0,0,0,6,453.0,6
316005___633312,cloudbeds,2027-02-17T00:00:00.000000,6,0,0,0,6,453.0,6
316005___633312,cloudbeds,2027-02-18T00:00:00.000000,6,0,0,0,6,630.0,6
316005___633312,cloudbeds,2027-02-19T00:00:00.000000,6,0,0,0,6,915.0,6
316005___633312,cloudbeds,2027-02-20T00:00:00.000000,6,0,0,0,6,915.0,6
316005___633312,cloudbeds,2027-02-21T00:00:00.000000,6,0,0,0,6,630.0,6
316005___633312,cloudbeds,2027-02-22T00:00:00.000000,6,0,0,0,6,453.0,6
316005___633312,cloudbeds,2027-02-23T00:00:00.000000,6,0,0,0,6,453.0,6
316005___633312,cloudbeds,2027-02-24T00:00:00.000000,6,0,0,0,6,453.0,6
316005___633312,cloudbeds,2027-02-25T00:00:00.000000,6,0,0,0,6,630.0,6
316005___633312,cloudbeds,2027-02-26T00:00:00.000000,6,0,0,0,6,915.0,6
316005___633312,cloudbeds,2027-02-27T00:00:00.000000,6,0,0,0,6,915.0,6
316005___633312,cloudbeds,2027-02-28T00:00:00.000000,6,0,0,0,6,630.0,6
316005___633312,cloudbeds,2027-03-01T00:00:00.000000,6,0,0,0,6,525.0,6
316005___633312,cloudbeds,2027-03-02T00:00:00.000000,6,0,0,0,6,525.0,6
316005___633312,cloudbeds,2027-03-03T00:00:00.000000,6,0,0,0,6,525.0,6
316005___633312,cloudbeds,2027-03-04T00:00:00.000000,6,0,0,0,6,728.0,6
316005___633312,cloudbeds,2027-03-05T00:00:00.000000,6,0,0,0,6,1057.0,6
316005___633312,cloudbeds,2027-03-06T00:00:00.000000,6,0,0,0,6,1057.0,6
316005___633312,cloudbeds,2027-03-07T00:00:00.000000,6,0,0,0,6,728.0,6
316005___633312,cloudbeds,2027-03-08T00:00:00.000000,6,0,0,0,6,525.0,6
316005___633312,cloudbeds,2027-03-09T00:00:00.000000,6,0,0,0,6,525.0,6
316005___633312,cloudbeds,2027-03-10T00:00:00.000000,6,0,0,0,6,525.0,6
316005___633312,cloudbeds,2027-03-11T00:00:00.000000,6,0,0,0,6,728.0,6
316005___633312,cloudbeds,2027-03-12T00:00:00.000000,6,0,0,0,6,1378.0,6
316005___633312,cloudbeds,2027-03-13T00:00:00.000000,6,0,0,0,6,1378.0,6
316005___633312,cloudbeds,2027-03-14T00:00:00.000000,6,0,0,0,6,874.0,6
316005___633312,cloudbeds,2027-03-15T00:00:00.000000,6,0,0,0,6,686.0,6
316005___633312,cloudbeds,2027-03-16T00:00:00.000000,6,0,0,0,6,686.0,6
316005___633312,cloudbeds,2027-03-17T00:00:00.000000,6,0,0,0,6,686.0,6
316005___633312,cloudbeds,2027-03-18T00:00:00.000000,6,0,0,0,6,874.0,6
316005___633312,cloudbeds,2027-03-19T00:00:00.000000,6,0,0,0,6,1378.0,6
316005___633312,cloudbeds,2027-03-20T00:00:00.000000,6,0,0,0,6,1378.0,6
316005___633312,cloudbeds,2027-03-21T00:00:00.000000,6,0,0,0,6,874.0,6
316005___633312,cloudbeds,2027-03-22T00:00:00.000000,6,0,0,0,6,525.0,6
316005___633312,cloudbeds,2027-03-23T00:00:00.000000,6,0,0,0,6,525.0,6
316005___633312,cloudbeds,2027-03-24T00:00:00.000000,6,0,0,0,6,525.0,6
316005___633312,cloudbeds,2027-03-25T00:00:00.000000,6,0,0,0,6,728.0,6
316005___633312,cloudbeds,2027-03-26T00:00:00.000000,6,0,0,0,6,1057.0,6
316005___633312,cloudbeds,2027-03-27T00:00:00.000000,6,0,0,0,6,1057.0,6
316005___633312,cloudbeds,2027-03-28T00:00:00.000000,6,0,0,0,6,728.0,6
316005___633312,cloudbeds,2027-03-29T00:00:00.000000,6,0,0,0,6,525.0,6
316005___633312,cloudbeds,2027-03-30T00:00:00.000000,6,0,0,0,6,525.0,6
316005___633312,cloudbeds,2027-03-31T00:00:00.000000,6,0,0,0,6,525.0,6
316005___633312,cloudbeds,2027-04-01T00:00:00.000000,6,0,0,0,6,728.0,6
316005___633312,cloudbeds,2027-04-02T00:00:00.000000,6,0,0,0,6,1057.0,6
316005___633312,cloudbeds,2027-04-03T00:00:00.000000,6,0,0,0,6,1057.0,6
316005___633312,cloudbeds,2027-04-04T00:00:00.000000,6,0,0,0,6,728.0,6
316005___633312,cloudbeds,2027-04-05T00:00:00.000000,6,0,0,0,6,525.0,6
316005___633312,cloudbeds,2027-04-06T00:00:00.000000,6,0,0,0,6,525.0,6
316005___633312,cloudbeds,2027-04-07T00:00:00.000000,6,0,0,0,6,525.0,6
316005___633312,cloudbeds,2027-04-08T00:00:00.000000,6,0,0,0,6,728.0,6
316005___633312,cloudbeds,2027-04-09T00:00:00.000000,6,0,0,0,6,1057.0,6
316005___633312,cloudbeds,2027-04-10T00:00:00.000000,6,0,0,0,6,1057.0,6
316005___633312,cloudbeds,2027-04-11T00:00:00.000000,6,0,0,0,6,728.0,6
316005___633312,cloudbeds,2027-04-12T00:00:00.000000,6,0,0,0,6,525.0,6
316005___633312,cloudbeds,2027-04-13T00:00:00.000000,6,0,0,0,6,525.0,6
316005___633312,cloudbeds,2027-04-14T00:00:00.000000,6,0,0,0,6,525.0,6
316005___633312,cloudbeds,2027-04-15T00:00:00.000000,6,0,0,0,6,728.0,6
316005___633312,cloudbeds,2027-04-16T00:00:00.000000,6,0,0,0,6,1057.0,6
316005___633312,cloudbeds,2027-04-17T00:00:00.000000,6,0,0,0,6,1057.0,6
316005___633312,cloudbeds,2027-04-18T00:00:00.000000,6,0,0,0,6,728.0,6
316005___633312,cloudbeds,2027-04-19T00:00:00.000000,6,0,0,0,6,525.0,6
316005___633312,cloudbeds,2027-04-20T00:00:00.000000,6,0,0,0,6,525.0,6
316005___633312,cloudbeds,2027-04-21T00:00:00.000000,6,0,0,0,6,525.0,6
316005___633312,cloudbeds,2027-04-22T00:00:00.000000,6,0,0,0,6,728.0,6
316005___633312,cloudbeds,2027-04-23T00:00:00.000000,6,0,0,0,6,1057.0,6
316005___633312,cloudbeds,2027-04-24T00:00:00.000000,6,0,0,0,6,1057.0,6
316005___633312,cloudbeds,2027-04-25T00:00:00.000000,6,0,0,0,6,728.0,6
316005___633312,cloudbeds,2027-04-26T00:00:00.000000,6,0,0,0,6,525.0,6
316005___633312,cloudbeds,2027-04-27T00:00:00.000000,6,1,0,0,6,525.0,5
316005___633312,cloudbeds,2027-04-28T00:00:00.000000,6,1,0,0,6,525.0,5
316005___633312,cloudbeds,2027-04-29T00:00:00.000000,6,1,0,0,6,825.0,5
316005___633312,cloudbeds,2027-04-30T00:00:00.000000,6,0,0,0,6,1197.0,6
316005___633312,cloudbeds,2027-05-01T00:00:00.000000,6,0,0,0,6,1197.0,6
316005___633312,cloudbeds,2027-05-02T00:00:00.000000,6,0,0,0,6,825.0,6
316005___633312,cloudbeds,2027-05-03T00:00:00.000000,6,0,0,0,6,593.0,6
316005___633312,cloudbeds,2027-05-04T00:00:00.000000,6,0,0,0,6,593.0,6
316005___633312,cloudbeds,2027-05-05T00:00:00.000000,6,0,0,0,6,593.0,6
316005___633312,cloudbeds,2027-05-06T00:00:00.000000,6,0,0,0,6,825.0,6
316005___633312,cloudbeds,2027-05-07T00:00:00.000000,6,0,0,0,6,1197.0,6
316005___633312,cloudbeds,2027-05-08T00:00:00.000000,6,0,0,0,6,1197.0,6
316005___633312,cloudbeds,2027-05-09T00:00:00.000000,6,0,0,0,6,825.0,6
316005___633312,cloudbeds,2027-05-10T00:00:00.000000,6,0,0,0,6,593.0,6
316005___633312,cloudbeds,2027-05-11T00:00:00.000000,6,0,0,0,6,593.0,6
316005___633312,cloudbeds,2027-05-12T00:00:00.000000,6,0,0,0,6,593.0,6
316005___633312,cloudbeds,2027-05-13T00:00:00.000000,6,0,0,0,6,825.0,6
316005___633312,cloudbeds,2027-05-14T00:00:00.000000,6,0,0,0,6,1197.0,6
316005___633312,cloudbeds,2027-05-15T00:00:00.000000,6,0,0,0,6,1197.0,6
316005___633312,cloudbeds,2027-05-16T00:00:00.000000,6,0,0,0,6,825.0,6
316005___633312,cloudbeds,2027-05-17T00:00:00.000000,6,0,0,0,6,593.0,6
316005___633312,cloudbeds,2027-05-18T00:00:00.000000,6,0,0,0,6,593.0,6
316005___633312,cloudbeds,2027-05-19T00:00:00.000000,6,0,0,0,6,593.0,6
316005___633312,cloudbeds,2027-05-20T00:00:00.000000,6,0,0,0,6,825.0,6
316005___633312,cloudbeds,2027-05-21T00:00:00.000000,6,0,0,0,6,1197.0,6
316005___633312,cloudbeds,2027-05-22T00:00:00.000000,6,0,0,0,6,1197.0,6
316005___633312,cloudbeds,2027-05-23T00:00:00.000000,6,0,0,0,6,825.0,6
316005___633312,cloudbeds,2027-05-24T00:00:00.000000,6,0,0,0,6,593.0,6
316005___633312,cloudbeds,2027-05-25T00:00:00.000000,6,0,0,0,6,593.0,6
316005___633312,cloudbeds,2027-05-26T00:00:00.000000,6,0,0,0,6,593.0,6
316005___633312,cloudbeds,2027-05-27T00:00:00.000000,6,0,0,0,6,825.0,6
316005___633312,cloudbeds,2027-05-28T00:00:00.000000,6,0,0,0,6,1499.0,6
316005___633312,cloudbeds,2027-05-29T00:00:00.000000,6,0,0,0,6,1499.0,6
316005___633312,cloudbeds,2027-05-30T00:00:00.000000,6,0,0,0,6,908.0,6
316005___633312,cloudbeds,2027-05-31T00:00:00.000000,6,0,0,0,6,746.0,6
316005___633312,cloudbeds,2027-06-01T00:00:00.000000,6,0,0,0,6,593.0,6
316005___633312,cloudbeds,2027-06-02T00:00:00.000000,6,0,0,0,6,593.0,6
316005___633312,cloudbeds,2027-06-03T00:00:00.000000,6,0,0,0,6,825.0,6
316005___633312,cloudbeds,2027-06-04T00:00:00.000000,6,0,0,0,6,1197.0,6
316005___633312,cloudbeds,2027-06-05T00:00:00.000000,6,0,0,0,6,1197.0,6
316005___633312,cloudbeds,2027-06-06T00:00:00.000000,6,0,0,0,6,825.0,6
316005___633312,cloudbeds,2027-06-07T00:00:00.000000,6,0,0,0,6,593.0,6
316005___633312,cloudbeds,2027-06-08T00:00:00.000000,6,0,0,0,6,593.0,6
316005___633312,cloudbeds,2027-06-09T00:00:00.000000,6,0,0,0,6,593.0,6
316005___633312,cloudbeds,2027-06-10T00:00:00.000000,6,0,0,0,6,825.0,6
316005___633312,cloudbeds,2027-06-11T00:00:00.000000,6,0,0,0,6,1197.0,6
316005___633312,cloudbeds,2027-06-12T00:00:00.000000,6,0,0,0,6,1197.0,6
316005___633312,cloudbeds,2027-06-13T00:00:00.000000,6,0,0,0,6,825.0,6
316005___633312,cloudbeds,2027-06-14T00:00:00.000000,6,0,0,0,6,593.0,6
316005___633312,cloudbeds,2027-06-15T00:00:00.000000,6,0,0,0,6,593.0,6
316005___633312,cloudbeds,2027-06-16T00:00:00.000000,6,0,0,0,6,593.0,6
316005___633312,cloudbeds,2027-06-17T00:00:00.000000,6,0,0,0,6,825.0,6
316005___633312,cloudbeds,2027-06-18T00:00:00.000000,6,0,0,0,6,1197.0,6
316005___633312,cloudbeds,2027-06-19T00:00:00.000000,6,0,0,0,6,1197.0,6
316005___633312,cloudbeds,2027-06-20T00:00:00.000000,6,0,0,0,6,825.0,6
316005___633312,cloudbeds,2027-06-21T00:00:00.000000,6,0,0,0,6,593.0,6
316005___633312,cloudbeds,2027-06-22T00:00:00.000000,6,0,0,0,6,593.0,6
316005___633312,cloudbeds,2027-06-23T00:00:00.000000,6,0,0,0,6,593.0,6
316005___633312,cloudbeds,2027-06-24T00:00:00.000000,6,0,0,0,6,825.0,6
316005___633312,cloudbeds,2027-06-25T00:00:00.000000,6,0,0,0,6,1197.0,6
316005___633312,cloudbeds,2027-06-26T00:00:00.000000,6,0,0,0,6,1197.0,6
316005___633312,cloudbeds,2027-06-27T00:00:00.000000,6,0,0,0,6,825.0,6
316005___633312,cloudbeds,2027-06-28T00:00:00.000000,6,0,0,0,6,593.0,6
316005___633312,cloudbeds,2027-06-29T00:00:00.000000,6,0,0,0,6,593.0,6
316005___633312,cloudbeds,2027-06-30T00:00:00.000000,6,0,0,0,6,626.0,6
316005___633312,cloudbeds,2027-07-01T00:00:00.000000,6,0,0,0,6,973.0,6
316005___633312,cloudbeds,2027-07-02T00:00:00.000000,6,0,0,0,6,1461.0,6
316005___633312,cloudbeds,2027-07-03T00:00:00.000000,6,0,0,0,6,1465.0,6
316005___633312,cloudbeds,2027-07-04T00:00:00.000000,6,0,0,0,6,984.0,6
316005___633312,cloudbeds,2027-07-05T00:00:00.000000,6,0,0,0,6,414.0,6
316005___633312,cloudbeds,2027-07-06T00:00:00.000000,6,0,0,0,6,416.0,6
316005___633312,cloudbeds,2027-07-07T00:00:00.000000,6,0,0,0,6,418.0,6
316005___633312,cloudbeds,2027-07-08T00:00:00.000000,6,0,0,0,6,583.0,6
316005___633312,cloudbeds,2027-07-09T00:00:00.000000,6,0,0,0,6,846.0,6
316005___633312,cloudbeds,2027-07-10T00:00:00.000000,6,0,0,0,6,849.0,6
316005___633312,cloudbeds,2027-07-11T00:00:00.000000,6,0,0,0,6,589.0,6
316005___633312,cloudbeds,2027-07-12T00:00:00.000000,6,0,0,0,6,428.0,6
316005___633312,cloudbeds,2027-07-13T00:00:00.000000,6,0,0,0,6,430.0,6
316005___633312,cloudbeds,2027-07-14T00:00:00.000000,6,0,0,0,6,453.0,6
316005___633312,cloudbeds,2027-07-15T00:00:00.000000,6,0,0,0,6,596.0,6
316005___633312,cloudbeds,2027-07-16T00:00:00.000000,6,0,0,0,6,862.0,6
316005___633312,cloudbeds,2027-07-17T00:00:00.000000,6,0,0,0,6,862.0,6
316005___633312,cloudbeds,2027-07-18T00:00:00.000000,6,0,0,0,6,596.0,6
316005___633312,cloudbeds,2027-07-19T00:00:00.000000,6,0,0,0,6,432.0,6
316005___633312,cloudbeds,2027-07-20T00:00:00.000000,6,0,0,0,6,432.0,6
316005___633312,cloudbeds,2027-07-21T00:00:00.000000,6,0,0,0,6,432.0,6
316005___633312,cloudbeds,2027-07-22T00:00:00.000000,6,0,0,0,6,596.0,6
316005___633312,cloudbeds,2027-07-23T00:00:00.000000,6,0,0,0,6,862.0,6
316005___633312,cloudbeds,2027-07-24T00:00:00.000000,6,0,0,0,6,862.0,6
316005___633312,cloudbeds,2027-07-25T00:00:00.000000,6,0,0,0,6,596.0,6
316005___633312,cloudbeds,2027-07-26T00:00:00.000000,6,0,0,0,6,432.0,6
316005___633312,cloudbeds,2027-07-27T00:00:00.000000,6,0,0,0,6,432.0,6
316005___633312,cloudbeds,2027-07-28T00:00:00.000000,6,0,0,0,6,432.0,6
316005___633312,cloudbeds,2027-07-29T00:00:00.000000,6,0,0,0,6,703.0,6
316005___633312,cloudbeds,2027-07-30T00:00:00.000000,6,0,0,0,6,862.0,6
316005___633312,cloudbeds,2027-07-31T00:00:00.000000,6,0,0,0,6,862.0,6
316005___633312,cloudbeds,2027-08-01T00:00:00.000000,6,0,0,0,6,703.0,6
316005___633312,cloudbeds,2027-08-02T00:00:00.000000,6,0,0,0,6,509.0,6
316005___633312,cloudbeds,2027-08-03T00:00:00.000000,6,0,0,0,6,509.0,6
316005___633312,cloudbeds,2027-08-04T00:00:00.000000,6,0,0,0,6,509.0,6
316005___633312,cloudbeds,2027-08-05T00:00:00.000000,6,0,0,0,6,703.0,6
316005___633312,cloudbeds,2027-08-06T00:00:00.000000,6,0,0,0,6,1013.0,6
316005___633312,cloudbeds,2027-08-07T00:00:00.000000,6,0,0,0,6,1013.0,6
316005___633312,cloudbeds,2027-08-08T00:00:00.000000,6,0,0,0,6,703.0,6
316005___633312,cloudbeds,2027-08-09T00:00:00.000000,6,0,0,0,6,462.0,6
316005___633312,cloudbeds,2027-08-10T00:00:00.000000,6,0,0,0,6,462.0,6
316005___633312,cloudbeds,2027-08-11T00:00:00.000000,6,0,0,0,6,462.0,6
316005___633312,cloudbeds,2027-08-12T00:00:00.000000,6,0,0,0,6,639.0,6
316005___633312,cloudbeds,2027-08-13T00:00:00.000000,6,0,0,0,6,920.0,6
316005___633312,cloudbeds,2027-08-14T00:00:00.000000,6,0,0,0,6,920.0,6
316005___633312,cloudbeds,2027-08-15T00:00:00.000000,6,0,0,0,6,639.0,6
316005___633312,cloudbeds,2027-08-16T00:00:00.000000,6,0,0,0,6,462.0,6
316005___633312,cloudbeds,2027-08-17T00:00:00.000000,6,0,0,0,6,462.0,6
316005___633312,cloudbeds,2027-08-18T00:00:00.000000,6,0,0,0,6,462.0,6
316005___633312,cloudbeds,2027-08-19T00:00:00.000000,6,0,0,0,6,639.0,6
316005___633312,cloudbeds,2027-08-20T00:00:00.000000,6,0,0,0,6,920.0,6
316005___633312,cloudbeds,2027-08-21T00:00:00.000000,6,0,0,0,6,920.0,6
316005___633312,cloudbeds,2027-08-22T00:00:00.000000,6,0,0,0,6,639.0,6
316005___633312,cloudbeds,2027-08-23T00:00:00.000000,6,0,0,0,6,462.0,6
316005___633312,cloudbeds,2027-08-24T00:00:00.000000,6,0,0,0,6,462.0,6
316005___633312,cloudbeds,2027-08-25T00:00:00.000000,6,0,0,0,6,462.0,6
316005___633312,cloudbeds,2027-08-26T00:00:00.000000,6,0,0,0,6,673.0,6
316005___633312,cloudbeds,2027-08-27T00:00:00.000000,6,0,0,0,6,969.0,6
316005___633312,cloudbeds,2027-08-28T00:00:00.000000,6,0,0,0,6,969.0,6
316005___633312,cloudbeds,2027-08-29T00:00:00.000000,6,0,0,0,6,673.0,6
316005___633312,cloudbeds,2027-08-30T00:00:00.000000,6,0,0,0,6,487.0,6
316005___633312,cloudbeds,2027-08-31T00:00:00.000000,6,0,0,0,6,487.0,6
316005___633312,cloudbeds,2027-09-01T00:00:00.000000,6,0,0,0,6,487.0,6
316005___633312,cloudbeds,2027-09-02T00:00:00.000000,6,0,0,0,6,773.0,6
316005___633312,cloudbeds,2027-09-03T00:00:00.000000,6,0,0,0,6,1114.0,6
316005___633312,cloudbeds,2027-09-04T00:00:00.000000,6,0,0,0,6,1114.0,6
316005___633312,cloudbeds,2027-09-05T00:00:00.000000,6,0,0,0,6,851.0,6
316005___633312,cloudbeds,2027-09-06T00:00:00.000000,6,0,0,0,6,584.0,6
316005___633312,cloudbeds,2027-09-07T00:00:00.000000,6,0,0,0,6,487.0,6
316005___633312,cloudbeds,2027-09-08T00:00:00.000000,6,0,0,0,6,487.0,6
316005___633312,cloudbeds,2027-09-09T00:00:00.000000,6,0,0,0,6,673.0,6
316005___633312,cloudbeds,2027-09-10T00:00:00.000000,6,0,0,0,6,969.0,6
316005___633312,cloudbeds,2027-09-11T00:00:00.000000,6,0,0,0,6,969.0,6
316005___633312,cloudbeds,2027-09-12T00:00:00.000000,6,0,0,0,6,673.0,6
316005___633312,cloudbeds,2027-09-13T00:00:00.000000,6,0,0,0,6,487.0,6
316005___633312,cloudbeds,2027-09-14T00:00:00.000000,6,0,0,0,6,487.0,6
316005___633312,cloudbeds,2027-09-15T00:00:00.000000,6,0,0,0,6,487.0,6
316005___633312,cloudbeds,2027-09-16T00:00:00.000000,6,0,0,0,6,673.0,6
316005___633312,cloudbeds,2027-09-17T00:00:00.000000,6,0,0,0,6,969.0,6
316005___633312,cloudbeds,2027-09-18T00:00:00.000000,6,0,0,0,6,969.0,6
316005___633312,cloudbeds,2027-09-19T00:00:00.000000,6,0,0,0,6,673.0,6
316005___633312,cloudbeds,2027-09-20T00:00:00.000000,6,0,0,0,6,487.0,6
316005___633312,cloudbeds,2027-09-21T00:00:00.000000,6,0,0,0,6,487.0,6
316005___633312,cloudbeds,2027-09-22T00:00:00.000000,6,0,0,0,6,487.0,6
316005___633312,cloudbeds,2027-09-23T00:00:00.000000,6,0,0,0,6,673.0,6
316005___633312,cloudbeds,2027-09-24T00:00:00.000000,6,0,0,0,6,969.0,6
316005___633312,cloudbeds,2027-09-25T00:00:00.000000,6,0,0,0,6,969.0,6
316005___633312,cloudbeds,2027-09-26T00:00:00.000000,6,0,0,0,6,673.0,6
316005___633312,cloudbeds,2027-09-27T00:00:00.000000,6,0,0,0,6,487.0,6
316005___633312,cloudbeds,2027-09-28T00:00:00.000000,6,0,0,0,6,487.0,6
316005___633312,cloudbeds,2027-09-29T00:00:00.000000,6,0,0,0,6,487.0,6
316005___633312,cloudbeds,2027-09-30T00:00:00.000000,6,0,0,0,6,773.0,6
316005___633312,cloudbeds,2027-10-01T00:00:00.000000,6,0,0,0,6,1115.0,6
316005___633312,cloudbeds,2027-10-02T00:00:00.000000,6,0,0,0,6,1115.0,6
316005___633312,cloudbeds,2027-10-03T00:00:00.000000,6,0,0,0,6,773.0,6
316005___633312,cloudbeds,2027-10-04T00:00:00.000000,6,0,0,0,6,560.0,6
316005___633312,cloudbeds,2027-10-05T00:00:00.000000,6,0,0,0,6,560.0,6
316005___633312,cloudbeds,2027-10-06T00:00:00.000000,6,0,0,0,6,560.0,6
316005___633312,cloudbeds,2027-10-07T00:00:00.000000,6,0,0,0,6,773.0,6
316005___633312,cloudbeds,2027-10-08T00:00:00.000000,6,0,0,0,6,1283.0,6
316005___633312,cloudbeds,2027-10-09T00:00:00.000000,6,0,0,0,6,1283.0,6
316005___633312,cloudbeds,2027-10-10T00:00:00.000000,6,0,0,0,6,851.0,6
316005___633312,cloudbeds,2027-10-11T00:00:00.000000,6,0,0,0,6,595.0,6
316005___633312,cloudbeds,2027-10-12T00:00:00.000000,6,0,0,0,6,560.0,6
316005___633312,cloudbeds,2027-10-13T00:00:00.000000,6,0,0,0,6,560.0,6
316005___633312,cloudbeds,2027-10-14T00:00:00.000000,6,0,0,0,6,773.0,6
316005___633312,cloudbeds,2027-10-15T00:00:00.000000,6,0,0,0,6,1115.0,6
316005___633312,cloudbeds,2027-10-16T00:00:00.000000,6,0,0,0,6,1115.0,6
316005___633312,cloudbeds,2027-10-17T00:00:00.000000,6,0,0,0,6,773.0,6
316005___633312,cloudbeds,2027-10-18T00:00:00.000000,6,0,0,0,6,560.0,6
316005___633312,cloudbeds,2027-10-19T00:00:00.000000,6,0,0,0,6,560.0,6
316005___633312,cloudbeds,2027-10-20T00:00:00.000000,6,0,0,0,6,560.0,6
316005___633312,cloudbeds,2027-10-21T00:00:00.000000,6,0,0,0,6,773.0,6
316005___633312,cloudbeds,2027-10-22T00:00:00.000000,6,0,0,0,6,1115.0,6
316005___633312,cloudbeds,2027-10-23T00:00:00.000000,6,0,0,0,6,1115.0,6
316005___633312,cloudbeds,2027-10-24T00:00:00.000000,6,0,0,0,6,773.0,6
316005___633312,cloudbeds,2027-10-25T00:00:00.000000,6,0,0,0,6,560.0,6
316005___633312,cloudbeds,2027-10-26T00:00:00.000000,6,0,0,0,6,560.0,6
316005___633312,cloudbeds,2027-10-27T00:00:00.000000,6,0,0,0,6,560.0,6
316005___633312,cloudbeds,2027-10-28T00:00:00.000000,6,0,0,0,6,773.0,6
316005___633312,cloudbeds,2027-10-29T00:00:00.000000,6,0,0,0,6,1115.0,6
316005___633312,cloudbeds,2027-10-30T00:00:00.000000,6,0,0,0,6,1115.0,6
316005___633312,cloudbeds,2027-10-31T00:00:00.000000,6,0,0,0,6,773.0,6
316005___633312,cloudbeds,2027-11-01T00:00:00.000000,6,0,0,0,6,487.0,6
316005___633312,cloudbeds,2027-11-02T00:00:00.000000,6,0,0,0,6,487.0,6
316005___633312,cloudbeds,2027-11-03T00:00:00.000000,6,0,0,0,6,487.0,6
316005___633312,cloudbeds,2027-11-04T00:00:00.000000,6,0,0,0,6,673.0,6
316005___633312,cloudbeds,2027-11-05T00:00:00.000000,6,0,0,0,6,969.0,6
316005___633312,cloudbeds,2027-11-06T00:00:00.000000,6,0,0,0,6,969.0,6
316005___633312,cloudbeds,2027-11-07T00:00:00.000000,6,0,0,0,6,673.0,6
316005___633312,cloudbeds,2027-11-08T00:00:00.000000,6,0,0,0,6,487.0,6
316005___633312,cloudbeds,2027-11-09T00:00:00.000000,6,0,0,0,6,487.0,6
316005___633312,cloudbeds,2027-11-10T00:00:00.000000,6,0,0,0,6,487.0,6
316005___633312,cloudbeds,2027-11-11T00:00:00.000000,6,0,0,0,6,673.0,6
316005___633312,cloudbeds,2027-11-12T00:00:00.000000,6,0,0,0,6,969.0,6
316005___633312,cloudbeds,2027-11-13T00:00:00.000000,6,0,0,0,6,969.0,6
316005___633312,cloudbeds,2027-11-14T00:00:00.000000,6,0,0,0,6,673.0,6
316005___633312,cloudbeds,2027-11-15T00:00:00.000000,6,0,0,0,6,487.0,6
316005___633312,cloudbeds,2027-11-16T00:00:00.000000,6,0,0,0,6,487.0,6
316005___633312,cloudbeds,2027-11-17T00:00:00.000000,6,0,0,0,6,487.0,6
316005___633312,cloudbeds,2027-11-18T00:00:00.000000,6,0,0,0,6,673.0,6
316005___633312,cloudbeds,2027-11-19T00:00:00.000000,6,0,0,0,6,969.0,6
316005___633312,cloudbeds,2027-11-20T00:00:00.000000,6,0,0,0,6,969.0,6
316005___633312,cloudbeds,2027-11-21T00:00:00.000000,6,0,0,0,6,673.0,6
316005___633312,cloudbeds,2027-11-22T00:00:00.000000,6,0,0,0,6,487.0,6
316005___633312,cloudbeds,2027-11-23T00:00:00.000000,6,0,0,0,6,487.0,6
316005___633312,cloudbeds,2027-11-24T00:00:00.000000,6,0,0,0,6,487.0,6
316005___633312,cloudbeds,2027-11-25T00:00:00.000000,6,0,0,0,6,1114.0,6
316005___633312,cloudbeds,2027-11-26T00:00:00.000000,6,0,0,0,6,969.0,6
316005___633312,cloudbeds,2027-11-27T00:00:00.000000,6,0,0,0,6,969.0,6
316005___633312,cloudbeds,2027-11-28T00:00:00.000000,6,0,0,0,6,673.0,6
316005___633312,cloudbeds,2027-11-29T00:00:00.000000,6,0,0,0,6,487.0,6
316005___633312,cloudbeds,2027-11-30T00:00:00.000000,6,0,0,0,6,487.0,6
316005___633312,cloudbeds,2027-12-01T00:00:00.000000,6,0,0,0,6,560.0,6
316005___633312,cloudbeds,2027-12-02T00:00:00.000000,6,0,0,0,6,773.0,6
316005___633312,cloudbeds,2027-12-03T00:00:00.000000,6,0,0,0,6,1115.0,6
316005___633312,cloudbeds,2027-12-04T00:00:00.000000,6,0,0,0,6,1115.0,6
316005___633312,cloudbeds,2027-12-05T00:00:00.000000,6,0,0,0,6,773.0,6
316005___633312,cloudbeds,2027-12-06T00:00:00.000000,6,0,0,0,6,560.0,6
316005___633312,cloudbeds,2027-12-07T00:00:00.000000,6,0,0,0,6,560.0,6
316005___633312,cloudbeds,2027-12-08T00:00:00.000000,6,0,0,0,6,560.0,6
316005___633312,cloudbeds,2027-12-09T00:00:00.000000,6,0,0,0,6,773.0,6
316005___633312,cloudbeds,2027-12-10T00:00:00.000000,6,0,0,0,6,1115.0,6
316005___633312,cloudbeds,2027-12-11T00:00:00.000000,6,0,0,0,6,1115.0,6
316005___633312,cloudbeds,2027-12-12T00:00:00.000000,6,0,0,0,6,773.0,6
316005___633312,cloudbeds,2027-12-13T00:00:00.000000,6,0,0,0,6,560.0,6
316005___633312,cloudbeds,2027-12-14T00:00:00.000000,6,0,0,0,6,560.0,6
316005___633312,cloudbeds,2027-12-15T00:00:00.000000,6,0,0,0,6,560.0,6
316005___633312,cloudbeds,2027-12-16T00:00:00.000000,6,0,0,0,6,773.0,6
316005___633312,cloudbeds,2027-12-17T00:00:00.000000,6,0,0,0,6,1339.0,6
316005___633312,cloudbeds,2027-12-18T00:00:00.000000,6,0,0,0,6,1339.0,6
316005___633312,cloudbeds,2027-12-19T00:00:00.000000,6,0,0,0,6,889.0,6
316005___633312,cloudbeds,2027-12-20T00:00:00.000000,6,0,0,0,6,672.0,6
316005___633312,cloudbeds,2027-12-21T00:00:00.000000,6,0,0,0,6,672.0,6
316005___633312,cloudbeds,2027-12-22T00:00:00.000000,6,0,0,0,6,672.0,6
316005___633312,cloudbeds,2027-12-23T00:00:00.000000,6,0,0,0,6,889.0,6
316005___633312,cloudbeds,2027-12-24T00:00:00.000000,6,0,0,0,6,1506.0,6
316005___633312,cloudbeds,2027-12-25T00:00:00.000000,6,0,0,0,6,1506.0,6
316005___633312,cloudbeds,2027-12-26T00:00:00.000000,6,0,0,0,6,1506.0,6
316005___633312,cloudbeds,2027-12-27T00:00:00.000000,6,0,0,0,6,560.0,6
316005___633312,cloudbeds,2027-12-28T00:00:00.000000,6,0,0,0,6,560.0,6
316005___633312,cloudbeds,2027-12-29T00:00:00.000000,6,0,0,0,6,560.0,6
316005___633312,cloudbeds,2027-12-30T00:00:00.000000,6,0,0,0,6,1882.0,6
316005___633312,cloudbeds,2027-12-31T00:00:00.000000,6,0,0,0,6,1882.0,6
316005___633312,cloudbeds,2028-01-01T00:00:00.000000,6,0,0,0,6,1882.0,6
316005___633312,cloudbeds,2028-01-02T00:00:00.000000,6,0,0,0,6,941.0,6
316005___633312,cloudbeds,2028-01-03T00:00:00.000000,6,0,0,0,6,414.0,6
316005___633312,cloudbeds,2028-01-04T00:00:00.000000,6,0,0,0,6,414.0,6
316005___633312,cloudbeds,2028-01-05T00:00:00.000000,6,0,0,0,6,414.0,6
316005___633312,cloudbeds,2028-01-06T00:00:00.000000,6,0,0,0,6,571.0,6
316005___633312,cloudbeds,2028-01-07T00:00:00.000000,6,0,0,0,6,824.0,6
316005___633312,cloudbeds,2028-01-08T00:00:00.000000,6,0,0,0,6,824.0,6
316005___633312,cloudbeds,2028-01-09T00:00:00.000000,6,0,0,0,6,571.0,6
316005___633308,cloudbeds,2026-08-25T00:00:00.000000,6,1,0,0,6,0.0,5
316005___633308,cloudbeds,2026-08-26T00:00:00.000000,6,4,0,0,6,0.0,2
316005___633308,cloudbeds,2026-08-27T00:00:00.000000,6,3,0,0,6,0.0,3
316005___633308,cloudbeds,2026-08-28T00:00:00.000000,6,6,0,0,6,0.0,0
316005___633308,cloudbeds,2026-08-29T00:00:00.000000,6,6,0,0,6,0.0,0
316005___633308,cloudbeds,2026-08-30T00:00:00.000000,6,3,0,0,6,0.0,3
316005___633308,cloudbeds,2026-08-31T00:00:00.000000,6,5,0,0,6,0.0,1
316005___633308,cloudbeds,2026-09-01T00:00:00.000000,6,4,0,0,6,0.0,2
316005___633308,cloudbeds,2026-09-02T00:00:00.000000,6,5,0,0,6,0.0,1
316005___633308,cloudbeds,2026-09-03T00:00:00.000000,6,4,0,0,6,0.0,2
316005___633308,cloudbeds,2026-09-04T00:00:00.000000,6,5,0,0,6,0.0,1
316005___633308,cloudbeds,2026-09-05T00:00:00.000000,6,5,0,0,6,0.0,1
316005___633308,cloudbeds,2026-09-06T00:00:00.000000,6,5,0,0,6,0.0,1
316005___633308,cloudbeds,2026-09-07T00:00:00.000000,6,5,0,0,6,0.0,1
316005___633308,cloudbeds,2026-09-08T00:00:00.000000,6,6,0,0,6,0.0,0
316005___633308,cloudbeds,2026-09-09T00:00:00.000000,6,5,0,0,6,0.0,1
316005___633308,cloudbeds,2026-09-10T00:00:00.000000,6,1,0,0,6,0.0,5
316005___633308,cloudbeds,2026-09-11T00:00:00.000000,6,4,0,0,6,0.0,2
316005___633308,cloudbeds,2026-09-12T00:00:00.000000,6,6,0,0,6,0.0,0
316005___633308,cloudbeds,2026-09-13T00:00:00.000000,6,4,0,0,6,0.0,2
316005___633308,cloudbeds,2026-09-14T00:00:00.000000,6,5,0,0,6,0.0,1
316005___633308,cloudbeds,2026-09-15T00:00:00.000000,6,5,0,0,6,0.0,1
316005___633308,cloudbeds,2026-09-16T00:00:00.000000,6,5,0,0,6,0.0,1
316005___633308,cloudbeds,2026-09-17T00:00:00.000000,6,4,0,0,6,0.0,2
316005___633308,cloudbeds,2026-09-18T00:00:00.000000,6,4,0,0,6,0.0,2
316005___633308,cloudbeds,2026-09-19T00:00:00.000000,6,5,0,0,6,0.0,1
316005___633308,cloudbeds,2026-09-20T00:00:00.000000,6,5,0,0,6,0.0,1
316005___633308,cloudbeds,2026-09-21T00:00:00.000000,6,4,0,0,6,0.0,2
316005___633308,cloudbeds,2026-09-22T00:00:00.000000,6,5,0,0,6,0.0,1
316005___633308,cloudbeds,2026-09-23T00:00:00.000000,6,3,0,0,6,0.0,3
316005___633308,cloudbeds,2026-09-24T00:00:00.000000,6,3,0,0,6,198.0,3
316005___633308,cloudbeds,2026-09-25T00:00:00.000000,6,5,0,0,6,735.0,1
316005___633308,cloudbeds,2026-09-26T00:00:00.000000,6,5,0,0,6,891.0,1
316005___633308,cloudbeds,2026-09-27T00:00:00.000000,6,4,0,0,6,246.0,2
316005___633308,cloudbeds,2026-09-28T00:00:00.000000,6,4,0,0,6,209.0,2
316005___633308,cloudbeds,2026-09-29T00:00:00.000000,6,2,0,0,6,209.0,4
316005___633308,cloudbeds,2026-09-30T00:00:00.000000,6,0,0,0,6,209.0,6
316005___633308,cloudbeds,2026-10-01T00:00:00.000000,6,1,0,0,6,294.0,5
316005___633308,cloudbeds,2026-10-02T00:00:00.000000,6,4,0,0,6,729.0,2
316005___633308,cloudbeds,2026-10-03T00:00:00.000000,6,4,0,0,6,859.0,2
316005___633308,cloudbeds,2026-10-04T00:00:00.000000,6,1,0,0,6,294.0,5
316005___633308,cloudbeds,2026-10-05T00:00:00.000000,6,0,0,0,6,259.0,6
316005___633308,cloudbeds,2026-10-06T00:00:00.000000,6,1,0,0,6,259.0,5
316005___633308,cloudbeds,2026-10-07T00:00:00.000000,6,2,0,0,6,259.0,4
316005___633308,cloudbeds,2026-10-08T00:00:00.000000,6,1,0,0,6,507.0,5
316005___633308,cloudbeds,2026-10-09T00:00:00.000000,6,0,0,0,6,812.0,6
316005___633308,cloudbeds,2026-10-10T00:00:00.000000,6,2,0,0,6,983.0,4
316005___633308,cloudbeds,2026-10-11T00:00:00.000000,6,4,0,0,6,642.0,2
316005___633308,cloudbeds,2026-10-12T00:00:00.000000,6,3,0,0,6,470.0,3
316005___633308,cloudbeds,2026-10-13T00:00:00.000000,6,3,0,0,6,409.0,3
316005___633308,cloudbeds,2026-10-14T00:00:00.000000,6,3,0,0,6,409.0,3
316005___633308,cloudbeds,2026-10-15T00:00:00.000000,6,1,0,0,6,507.0,5
316005___633308,cloudbeds,2026-10-16T00:00:00.000000,6,1,0,0,6,728.0,5
316005___633308,cloudbeds,2026-10-17T00:00:00.000000,6,1,0,0,6,728.0,5
316005___633308,cloudbeds,2026-10-18T00:00:00.000000,6,1,0,0,6,507.0,5
316005___633308,cloudbeds,2026-10-19T00:00:00.000000,6,1,0,0,6,353.0,5
316005___633308,cloudbeds,2026-10-20T00:00:00.000000,6,2,0,0,6,353.0,4
316005___633308,cloudbeds,2026-10-21T00:00:00.000000,6,1,0,0,6,353.0,5
316005___633308,cloudbeds,2026-10-22T00:00:00.000000,6,2,0,0,6,692.0,4
316005___633308,cloudbeds,2026-10-23T00:00:00.000000,6,2,0,0,6,1083.0,4
316005___633308,cloudbeds,2026-10-24T00:00:00.000000,6,1,0,0,6,1083.0,5
316005___633308,cloudbeds,2026-10-25T00:00:00.000000,6,1,0,0,6,692.0,5
316005___633308,cloudbeds,2026-10-26T00:00:00.000000,6,1,0,0,6,353.0,5
316005___633308,cloudbeds,2026-10-27T00:00:00.000000,6,1,0,0,6,353.0,5
316005___633308,cloudbeds,2026-10-28T00:00:00.000000,6,0,0,0,6,353.0,6
316005___633308,cloudbeds,2026-10-29T00:00:00.000000,6,0,0,0,6,507.0,6
316005___633308,cloudbeds,2026-10-30T00:00:00.000000,6,1,0,0,6,686.0,5
316005___633308,cloudbeds,2026-10-31T00:00:00.000000,6,1,0,0,6,686.0,5
316005___633308,cloudbeds,2026-11-01T00:00:00.000000,6,1,0,0,6,468.0,5
316005___633308,cloudbeds,2026-11-02T00:00:00.000000,6,1,0,0,6,353.0,5
316005___633308,cloudbeds,2026-11-03T00:00:00.000000,6,0,0,0,6,353.0,6
316005___633308,cloudbeds,2026-11-04T00:00:00.000000,6,0,0,0,6,353.0,6
316005___633308,cloudbeds,2026-11-05T00:00:00.000000,6,0,0,0,6,523.0,6
316005___633308,cloudbeds,2026-11-06T00:00:00.000000,6,1,0,0,6,863.0,5
316005___633308,cloudbeds,2026-11-07T00:00:00.000000,6,2,0,0,6,949.0,4
316005___633308,cloudbeds,2026-11-08T00:00:00.000000,6,3,0,0,6,523.0,3
316005___633308,cloudbeds,2026-11-09T00:00:00.000000,6,2,0,0,6,476.0,4
316005___633308,cloudbeds,2026-11-10T00:00:00.000000,6,2,0,0,6,476.0,4
316005___633308,cloudbeds,2026-11-11T00:00:00.000000,6,2,0,0,6,476.0,4
316005___633308,cloudbeds,2026-11-12T00:00:00.000000,6,1,0,0,6,523.0,5
316005___633308,cloudbeds,2026-11-13T00:00:00.000000,6,1,0,0,6,749.0,5
316005___633308,cloudbeds,2026-11-14T00:00:00.000000,6,0,0,0,6,749.0,6
316005___633308,cloudbeds,2026-11-15T00:00:00.000000,6,0,0,0,6,523.0,6
316005___633308,cloudbeds,2026-11-16T00:00:00.000000,6,0,0,0,6,353.0,6
316005___633308,cloudbeds,2026-11-17T00:00:00.000000,6,0,0,0,6,353.0,6
316005___633308,cloudbeds,2026-11-18T00:00:00.000000,6,0,0,0,6,353.0,6
316005___633308,cloudbeds,2026-11-19T00:00:00.000000,6,0,0,0,6,523.0,6
316005___633308,cloudbeds,2026-11-20T00:00:00.000000,6,0,0,0,6,681.0,6
316005___633308,cloudbeds,2026-11-21T00:00:00.000000,6,0,0,0,6,681.0,6
316005___633308,cloudbeds,2026-11-22T00:00:00.000000,6,0,0,0,6,523.0,6
316005___633308,cloudbeds,2026-11-23T00:00:00.000000,6,1,0,0,6,424.0,5
316005___633308,cloudbeds,2026-11-24T00:00:00.000000,6,1,0,0,6,424.0,5
316005___633308,cloudbeds,2026-11-25T00:00:00.000000,6,0,0,0,6,424.0,6
316005___633308,cloudbeds,2026-11-26T00:00:00.000000,6,0,0,0,6,845.0,6
316005___633308,cloudbeds,2026-11-27T00:00:00.000000,6,0,0,0,6,671.0,6
316005___633308,cloudbeds,2026-11-28T00:00:00.000000,6,0,0,0,6,604.0,6
316005___633308,cloudbeds,2026-11-29T00:00:00.000000,6,3,0,0,6,433.0,3
316005___633308,cloudbeds,2026-11-30T00:00:00.000000,6,3,0,0,6,286.0,3
316005___633308,cloudbeds,2026-12-01T00:00:00.000000,6,0,0,0,6,271.0,6
316005___633308,cloudbeds,2026-12-02T00:00:00.000000,6,0,0,0,6,271.0,6
316005___633308,cloudbeds,2026-12-03T00:00:00.000000,6,0,0,0,6,353.0,6
316005___633308,cloudbeds,2026-12-04T00:00:00.000000,6,0,0,0,6,567.0,6
316005___633308,cloudbeds,2026-12-05T00:00:00.000000,6,0,0,0,6,567.0,6
316005___633308,cloudbeds,2026-12-06T00:00:00.000000,6,0,0,0,6,353.0,6
316005___633308,cloudbeds,2026-12-07T00:00:00.000000,6,0,0,0,6,271.0,6
316005___633308,cloudbeds,2026-12-08T00:00:00.000000,6,0,0,0,6,271.0,6
316005___633308,cloudbeds,2026-12-09T00:00:00.000000,6,0,0,0,6,271.0,6
316005___633308,cloudbeds,2026-12-10T00:00:00.000000,6,0,0,0,6,353.0,6
316005___633308,cloudbeds,2026-12-11T00:00:00.000000,6,0,0,0,6,567.0,6
316005___633308,cloudbeds,2026-12-12T00:00:00.000000,6,0,0,0,6,567.0,6
316005___633308,cloudbeds,2026-12-13T00:00:00.000000,6,0,0,0,6,353.0,6
316005___633308,cloudbeds,2026-12-14T00:00:00.000000,6,0,0,0,6,271.0,6
316005___633308,cloudbeds,2026-12-15T00:00:00.000000,6,0,0,0,6,271.0,6
316005___633308,cloudbeds,2026-12-16T00:00:00.000000,6,0,0,0,6,271.0,6
316005___633308,cloudbeds,2026-12-17T00:00:00.000000,6,0,0,0,6,414.0,6
316005___633308,cloudbeds,2026-12-18T00:00:00.000000,6,0,0,0,6,616.0,6
316005___633308,cloudbeds,2026-12-19T00:00:00.000000,6,0,0,0,6,616.0,6
316005___633308,cloudbeds,2026-12-20T00:00:00.000000,6,0,0,0,6,414.0,6
316005___633308,cloudbeds,2026-12-21T00:00:00.000000,6,0,0,0,6,312.0,6
316005___633308,cloudbeds,2026-12-22T00:00:00.000000,6,0,0,0,6,312.0,6
316005___633308,cloudbeds,2026-12-23T00:00:00.000000,6,0,0,0,6,312.0,6
316005___633308,cloudbeds,2026-12-24T00:00:00.000000,6,0,0,0,6,706.0,6
316005___633308,cloudbeds,2026-12-25T00:00:00.000000,6,0,0,0,6,706.0,6
316005___633308,cloudbeds,2026-12-26T00:00:00.000000,6,0,0,0,6,706.0,6
316005___633308,cloudbeds,2026-12-27T00:00:00.000000,6,0,0,0,6,383.0,6
316005___633308,cloudbeds,2026-12-28T00:00:00.000000,6,0,0,0,6,341.0,6
316005___633308,cloudbeds,2026-12-29T00:00:00.000000,6,0,0,0,6,341.0,6
316005___633308,cloudbeds,2026-12-30T00:00:00.000000,6,0,0,0,6,709.0,6
316005___633308,cloudbeds,2026-12-31T00:00:00.000000,6,1,0,0,6,879.0,5
316005___633308,cloudbeds,2027-01-01T00:00:00.000000,6,1,0,0,6,629.0,5
316005___633308,cloudbeds,2027-01-02T00:00:00.000000,6,1,0,0,6,629.0,5
316005___633308,cloudbeds,2027-01-03T00:00:00.000000,6,0,0,0,6,368.0,6
316005___633308,cloudbeds,2027-01-04T00:00:00.000000,6,0,0,0,6,316.0,6
316005___633308,cloudbeds,2027-01-05T00:00:00.000000,6,0,0,0,6,316.0,6
316005___633308,cloudbeds,2027-01-06T00:00:00.000000,6,1,0,0,6,316.0,5
316005___633308,cloudbeds,2027-01-07T00:00:00.000000,6,1,0,0,6,443.0,5
316005___633308,cloudbeds,2027-01-08T00:00:00.000000,6,0,0,0,6,646.0,6
316005___633308,cloudbeds,2027-01-09T00:00:00.000000,6,0,0,0,6,646.0,6
316005___633308,cloudbeds,2027-01-10T00:00:00.000000,6,0,0,0,6,443.0,6
316005___633308,cloudbeds,2027-01-11T00:00:00.000000,6,0,0,0,6,316.0,6
316005___633308,cloudbeds,2027-01-12T00:00:00.000000,6,0,0,0,6,316.0,6
316005___633308,cloudbeds,2027-01-13T00:00:00.000000,6,0,0,0,6,316.0,6
316005___633308,cloudbeds,2027-01-14T00:00:00.000000,6,0,0,0,6,581.0,6
316005___633308,cloudbeds,2027-01-15T00:00:00.000000,6,0,0,0,6,842.0,6
316005___633308,cloudbeds,2027-01-16T00:00:00.000000,6,0,0,0,6,842.0,6
316005___633308,cloudbeds,2027-01-17T00:00:00.000000,6,0,0,0,6,650.0,6
316005___633308,cloudbeds,2027-01-18T00:00:00.000000,6,0,0,0,6,416.0,6
316005___633308,cloudbeds,2027-01-19T00:00:00.000000,6,0,0,0,6,316.0,6
316005___633308,cloudbeds,2027-01-20T00:00:00.000000,6,0,0,0,6,316.0,6
316005___633308,cloudbeds,2027-01-21T00:00:00.000000,6,0,0,0,6,443.0,6
316005___633308,cloudbeds,2027-01-22T00:00:00.000000,6,0,0,0,6,646.0,6
316005___633308,cloudbeds,2027-01-23T00:00:00.000000,6,0,0,0,6,646.0,6
316005___633308,cloudbeds,2027-01-24T00:00:00.000000,6,0,0,0,6,443.0,6
316005___633308,cloudbeds,2027-01-25T00:00:00.000000,6,0,0,0,6,316.0,6
316005___633308,cloudbeds,2027-01-26T00:00:00.000000,6,0,0,0,6,316.0,6
316005___633308,cloudbeds,2027-01-27T00:00:00.000000,6,0,0,0,6,316.0,6
316005___633308,cloudbeds,2027-01-28T00:00:00.000000,6,1,0,0,6,443.0,5
316005___633308,cloudbeds,2027-01-29T00:00:00.000000,6,1,0,0,6,646.0,5
316005___633308,cloudbeds,2027-01-30T00:00:00.000000,6,1,0,0,6,646.0,5
316005___633308,cloudbeds,2027-01-31T00:00:00.000000,6,0,0,0,6,443.0,6
316005___633308,cloudbeds,2027-02-01T00:00:00.000000,6,0,0,0,6,374.0,6
316005___633308,cloudbeds,2027-02-02T00:00:00.000000,6,0,0,0,6,374.0,6
316005___633308,cloudbeds,2027-02-03T00:00:00.000000,6,0,0,0,6,374.0,6
316005___633308,cloudbeds,2027-02-04T00:00:00.000000,6,0,0,0,6,525.0,6
316005___633308,cloudbeds,2027-02-05T00:00:00.000000,6,0,0,0,6,760.0,6
316005___633308,cloudbeds,2027-02-06T00:00:00.000000,6,0,0,0,6,760.0,6
316005___633308,cloudbeds,2027-02-07T00:00:00.000000,6,0,0,0,6,525.0,6
316005___633308,cloudbeds,2027-02-08T00:00:00.000000,6,0,0,0,6,374.0,6
316005___633308,cloudbeds,2027-02-09T00:00:00.000000,6,0,0,0,6,374.0,6
316005___633308,cloudbeds,2027-02-10T00:00:00.000000,6,0,0,0,6,374.0,6
316005___633308,cloudbeds,2027-02-11T00:00:00.000000,6,0,0,0,6,525.0,6
316005___633308,cloudbeds,2027-02-12T00:00:00.000000,6,0,0,0,6,1380.0,6
316005___633308,cloudbeds,2027-02-13T00:00:00.000000,6,0,0,0,6,1380.0,6
316005___633308,cloudbeds,2027-02-14T00:00:00.000000,6,0,0,0,6,687.0,6
316005___633308,cloudbeds,2027-02-15T00:00:00.000000,6,0,0,0,6,608.0,6
316005___633308,cloudbeds,2027-02-16T00:00:00.000000,6,0,0,0,6,374.0,6
316005___633308,cloudbeds,2027-02-17T00:00:00.000000,6,0,0,0,6,374.0,6
316005___633308,cloudbeds,2027-02-18T00:00:00.000000,6,0,0,0,6,525.0,6
316005___633308,cloudbeds,2027-02-19T00:00:00.000000,6,0,0,0,6,760.0,6
316005___633308,cloudbeds,2027-02-20T00:00:00.000000,6,0,0,0,6,760.0,6
316005___633308,cloudbeds,2027-02-21T00:00:00.000000,6,0,0,0,6,525.0,6
316005___633308,cloudbeds,2027-02-22T00:00:00.000000,6,0,0,0,6,374.0,6
316005___633308,cloudbeds,2027-02-23T00:00:00.000000,6,0,0,0,6,374.0,6
316005___633308,cloudbeds,2027-02-24T00:00:00.000000,6,0,0,0,6,374.0,6
316005___633308,cloudbeds,2027-02-25T00:00:00.000000,6,0,0,0,6,525.0,6
316005___633308,cloudbeds,2027-02-26T00:00:00.000000,6,0,0,0,6,760.0,6
316005___633308,cloudbeds,2027-02-27T00:00:00.000000,6,0,0,0,6,760.0,6
316005___633308,cloudbeds,2027-02-28T00:00:00.000000,6,0,0,0,6,525.0,6
316005___633308,cloudbeds,2027-03-01T00:00:00.000000,6,0,0,0,6,433.0,6
316005___633308,cloudbeds,2027-03-02T00:00:00.000000,6,0,0,0,6,433.0,6
316005___633308,cloudbeds,2027-03-03T00:00:00.000000,6,0,0,0,6,433.0,6
316005___633308,cloudbeds,2027-03-04T00:00:00.000000,6,0,0,0,6,604.0,6
316005___633308,cloudbeds,2027-03-05T00:00:00.000000,6,0,0,0,6,879.0,6
316005___633308,cloudbeds,2027-03-06T00:00:00.000000,6,0,0,0,6,879.0,6
316005___633308,cloudbeds,2027-03-07T00:00:00.000000,6,0,0,0,6,604.0,6
316005___633308,cloudbeds,2027-03-08T00:00:00.000000,6,0,0,0,6,433.0,6
316005___633308,cloudbeds,2027-03-09T00:00:00.000000,6,0,0,0,6,433.0,6
316005___633308,cloudbeds,2027-03-10T00:00:00.000000,6,0,0,0,6,433.0,6
316005___633308,cloudbeds,2027-03-11T00:00:00.000000,6,0,0,0,6,604.0,6
316005___633308,cloudbeds,2027-03-12T00:00:00.000000,6,0,0,0,6,1146.0,6
316005___633308,cloudbeds,2027-03-13T00:00:00.000000,6,0,0,0,6,1146.0,6
316005___633308,cloudbeds,2027-03-14T00:00:00.000000,6,0,0,0,6,728.0,6
316005___633308,cloudbeds,2027-03-15T00:00:00.000000,6,0,0,0,6,568.0,6
316005___633308,cloudbeds,2027-03-16T00:00:00.000000,6,0,0,0,6,568.0,6
316005___633308,cloudbeds,2027-03-17T00:00:00.000000,6,0,0,0,6,568.0,6
316005___633308,cloudbeds,2027-03-18T00:00:00.000000,6,0,0,0,6,728.0,6
316005___633308,cloudbeds,2027-03-19T00:00:00.000000,6,0,0,0,6,1146.0,6
316005___633308,cloudbeds,2027-03-20T00:00:00.000000,6,0,0,0,6,1146.0,6
316005___633308,cloudbeds,2027-03-21T00:00:00.000000,6,0,0,0,6,728.0,6
316005___633308,cloudbeds,2027-03-22T00:00:00.000000,6,0,0,0,6,433.0,6
316005___633308,cloudbeds,2027-03-23T00:00:00.000000,6,0,0,0,6,433.0,6
316005___633308,cloudbeds,2027-03-24T00:00:00.000000,6,0,0,0,6,433.0,6
316005___633308,cloudbeds,2027-03-25T00:00:00.000000,6,0,0,0,6,604.0,6
316005___633308,cloudbeds,2027-03-26T00:00:00.000000,6,0,0,0,6,879.0,6
316005___633308,cloudbeds,2027-03-27T00:00:00.000000,6,0,0,0,6,879.0,6
316005___633308,cloudbeds,2027-03-28T00:00:00.000000,6,0,0,0,6,604.0,6
316005___633308,cloudbeds,2027-03-29T00:00:00.000000,6,0,0,0,6,433.0,6
316005___633308,cloudbeds,2027-03-30T00:00:00.000000,6,0,0,0,6,433.0,6
316005___633308,cloudbeds,2027-03-31T00:00:00.000000,6,0,0,0,6,433.0,6
316005___633308,cloudbeds,2027-04-01T00:00:00.000000,6,0,0,0,6,604.0,6
316005___633308,cloudbeds,2027-04-02T00:00:00.000000,6,1,0,0,6,879.0,5
316005___633308,cloudbeds,2027-04-03T00:00:00.000000,6,1,0,0,6,879.0,5
316005___633308,cloudbeds,2027-04-04T00:00:00.000000,6,1,0,0,6,604.0,5
316005___633308,cloudbeds,2027-04-05T00:00:00.000000,6,0,0,0,6,433.0,6
316005___633308,cloudbeds,2027-04-06T00:00:00.000000,6,0,0,0,6,433.0,6
316005___633308,cloudbeds,2027-04-07T00:00:00.000000,6,0,0,0,6,433.0,6
316005___633308,cloudbeds,2027-04-08T00:00:00.000000,6,0,0,0,6,604.0,6
316005___633308,cloudbeds,2027-04-09T00:00:00.000000,6,0,0,0,6,879.0,6
316005___633308,cloudbeds,2027-04-10T00:00:00.000000,6,0,0,0,6,879.0,6
316005___633308,cloudbeds,2027-04-11T00:00:00.000000,6,0,0,0,6,604.0,6
316005___633308,cloudbeds,2027-04-12T00:00:00.000000,6,0,0,0,6,433.0,6
316005___633308,cloudbeds,2027-04-13T00:00:00.000000,6,0,0,0,6,433.0,6
316005___633308,cloudbeds,2027-04-14T00:00:00.000000,6,0,0,0,6,433.0,6
316005___633308,cloudbeds,2027-04-15T00:00:00.000000,6,0,0,0,6,604.0,6
316005___633308,cloudbeds,2027-04-16T00:00:00.000000,6,0,0,0,6,879.0,6
316005___633308,cloudbeds,2027-04-17T00:00:00.000000,6,0,0,0,6,879.0,6
316005___633308,cloudbeds,2027-04-18T00:00:00.000000,6,0,0,0,6,604.0,6
316005___633308,cloudbeds,2027-04-19T00:00:00.000000,6,0,0,0,6,433.0,6
316005___633308,cloudbeds,2027-04-20T00:00:00.000000,6,0,0,0,6,433.0,6
316005___633308,cloudbeds,2027-04-21T00:00:00.000000,6,0,0,0,6,433.0,6
316005___633308,cloudbeds,2027-04-22T00:00:00.000000,6,0,0,0,6,604.0,6
316005___633308,cloudbeds,2027-04-23T00:00:00.000000,6,0,0,0,6,879.0,6
316005___633308,cloudbeds,2027-04-24T00:00:00.000000,6,0,0,0,6,879.0,6
316005___633308,cloudbeds,2027-04-25T00:00:00.000000,6,0,0,0,6,604.0,6
316005___633308,cloudbeds,2027-04-26T00:00:00.000000,6,0,0,0,6,433.0,6
316005___633308,cloudbeds,2027-04-27T00:00:00.000000,6,0,0,0,6,433.0,6
316005___633308,cloudbeds,2027-04-28T00:00:00.000000,6,0,0,0,6,433.0,6
316005___633308,cloudbeds,2027-04-29T00:00:00.000000,6,0,0,0,6,686.0,6
316005___633308,cloudbeds,2027-04-30T00:00:00.000000,6,0,0,0,6,994.0,6
316005___633308,cloudbeds,2027-05-01T00:00:00.000000,6,0,0,0,6,994.0,6
316005___633308,cloudbeds,2027-05-02T00:00:00.000000,6,0,0,0,6,686.0,6
316005___633308,cloudbeds,2027-05-03T00:00:00.000000,6,0,0,0,6,492.0,6
316005___633308,cloudbeds,2027-05-04T00:00:00.000000,6,0,0,0,6,492.0,6
316005___633308,cloudbeds,2027-05-05T00:00:00.000000,6,0,0,0,6,492.0,6
316005___633308,cloudbeds,2027-05-06T00:00:00.000000,6,0,0,0,6,686.0,6
316005___633308,cloudbeds,2027-05-07T00:00:00.000000,6,0,0,0,6,994.0,6
316005___633308,cloudbeds,2027-05-08T00:00:00.000000,6,0,0,0,6,994.0,6
316005___633308,cloudbeds,2027-05-09T00:00:00.000000,6,0,0,0,6,686.0,6
316005___633308,cloudbeds,2027-05-10T00:00:00.000000,6,0,0,0,6,492.0,6
316005___633308,cloudbeds,2027-05-11T00:00:00.000000,6,0,0,0,6,492.0,6
316005___633308,cloudbeds,2027-05-12T00:00:00.000000,6,0,0,0,6,492.0,6
316005___633308,cloudbeds,2027-05-13T00:00:00.000000,6,0,0,0,6,686.0,6
316005___633308,cloudbeds,2027-05-14T00:00:00.000000,6,0,0,0,6,994.0,6
316005___633308,cloudbeds,2027-05-15T00:00:00.000000,6,0,0,0,6,994.0,6
316005___633308,cloudbeds,2027-05-16T00:00:00.000000,6,0,0,0,6,686.0,6
316005___633308,cloudbeds,2027-05-17T00:00:00.000000,6,0,0,0,6,492.0,6
316005___633308,cloudbeds,2027-05-18T00:00:00.000000,6,0,0,0,6,492.0,6
316005___633308,cloudbeds,2027-05-19T00:00:00.000000,6,0,0,0,6,492.0,6
316005___633308,cloudbeds,2027-05-20T00:00:00.000000,6,0,0,0,6,686.0,6
316005___633308,cloudbeds,2027-05-21T00:00:00.000000,6,0,0,0,6,994.0,6
316005___633308,cloudbeds,2027-05-22T00:00:00.000000,6,0,0,0,6,994.0,6
316005___633308,cloudbeds,2027-05-23T00:00:00.000000,6,0,0,0,6,686.0,6
316005___633308,cloudbeds,2027-05-24T00:00:00.000000,6,0,0,0,6,492.0,6
316005___633308,cloudbeds,2027-05-25T00:00:00.000000,6,0,0,0,6,492.0,6
316005___633308,cloudbeds,2027-05-26T00:00:00.000000,6,0,0,0,6,492.0,6
316005___633308,cloudbeds,2027-05-27T00:00:00.000000,6,0,0,0,6,686.0,6
316005___633308,cloudbeds,2027-05-28T00:00:00.000000,6,0,0,0,6,1246.0,6
316005___633308,cloudbeds,2027-05-29T00:00:00.000000,6,0,0,0,6,1246.0,6
316005___633308,cloudbeds,2027-05-30T00:00:00.000000,6,0,0,0,6,754.0,6
316005___633308,cloudbeds,2027-05-31T00:00:00.000000,6,0,0,0,6,623.0,6
316005___633308,cloudbeds,2027-06-01T00:00:00.000000,6,0,0,0,6,492.0,6
316005___633308,cloudbeds,2027-06-02T00:00:00.000000,6,0,0,0,6,492.0,6
316005___633308,cloudbeds,2027-06-03T00:00:00.000000,6,0,0,0,6,686.0,6
316005___633308,cloudbeds,2027-06-04T00:00:00.000000,6,0,0,0,6,994.0,6
316005___633308,cloudbeds,2027-06-05T00:00:00.000000,6,0,0,0,6,994.0,6
316005___633308,cloudbeds,2027-06-06T00:00:00.000000,6,0,0,0,6,686.0,6
316005___633308,cloudbeds,2027-06-07T00:00:00.000000,6,0,0,0,6,492.0,6
316005___633308,cloudbeds,2027-06-08T00:00:00.000000,6,0,0,0,6,492.0,6
316005___633308,cloudbeds,2027-06-09T00:00:00.000000,6,0,0,0,6,492.0,6
316005___633308,cloudbeds,2027-06-10T00:00:00.000000,6,0,0,0,6,686.0,6
316005___633308,cloudbeds,2027-06-11T00:00:00.000000,6,0,0,0,6,994.0,6
316005___633308,cloudbeds,2027-06-12T00:00:00.000000,6,0,0,0,6,994.0,6
316005___633308,cloudbeds,2027-06-13T00:00:00.000000,6,0,0,0,6,686.0,6
316005___633308,cloudbeds,2027-06-14T00:00:00.000000,6,0,0,0,6,492.0,6
316005___633308,cloudbeds,2027-06-15T00:00:00.000000,6,0,0,0,6,492.0,6
316005___633308,cloudbeds,2027-06-16T00:00:00.000000,6,0,0,0,6,492.0,6
316005___633308,cloudbeds,2027-06-17T00:00:00.000000,6,0,0,0,6,686.0,6
316005___633308,cloudbeds,2027-06-18T00:00:00.000000,6,0,0,0,6,994.0,6
316005___633308,cloudbeds,2027-06-19T00:00:00.000000,6,0,0,0,6,994.0,6
316005___633308,cloudbeds,2027-06-20T00:00:00.000000,6,0,0,0,6,686.0,6
316005___633308,cloudbeds,2027-06-21T00:00:00.000000,6,0,0,0,6,492.0,6
316005___633308,cloudbeds,2027-06-22T00:00:00.000000,6,0,0,0,6,492.0,6
316005___633308,cloudbeds,2027-06-23T00:00:00.000000,6,0,0,0,6,492.0,6
316005___633308,cloudbeds,2027-06-24T00:00:00.000000,6,0,0,0,6,686.0,6
316005___633308,cloudbeds,2027-06-25T00:00:00.000000,6,0,0,0,6,994.0,6
316005___633308,cloudbeds,2027-06-26T00:00:00.000000,6,0,0,0,6,994.0,6
316005___633308,cloudbeds,2027-06-27T00:00:00.000000,6,0,0,0,6,686.0,6
316005___633308,cloudbeds,2027-06-28T00:00:00.000000,6,0,0,0,6,492.0,6
316005___633308,cloudbeds,2027-06-29T00:00:00.000000,6,0,0,0,6,492.0,6
316005___633308,cloudbeds,2027-06-30T00:00:00.000000,6,0,0,0,6,520.0,6
316005___633308,cloudbeds,2027-07-01T00:00:00.000000,6,0,0,0,6,808.0,6
316005___633308,cloudbeds,2027-07-02T00:00:00.000000,6,0,0,0,6,1216.0,6
316005___633308,cloudbeds,2027-07-03T00:00:00.000000,6,0,0,0,6,1220.0,6
316005___633308,cloudbeds,2027-07-04T00:00:00.000000,6,0,0,0,6,817.0,6
316005___633308,cloudbeds,2027-07-05T00:00:00.000000,6,0,0,0,6,345.0,6
316005___633308,cloudbeds,2027-07-06T00:00:00.000000,6,0,0,0,6,347.0,6
316005___633308,cloudbeds,2027-07-07T00:00:00.000000,6,0,0,0,6,350.0,6
316005___633308,cloudbeds,2027-07-08T00:00:00.000000,6,0,0,0,6,485.0,6
316005___633308,cloudbeds,2027-07-09T00:00:00.000000,6,0,0,0,6,706.0,6
316005___633308,cloudbeds,2027-07-10T00:00:00.000000,6,0,0,0,6,708.0,6
316005___633308,cloudbeds,2027-07-11T00:00:00.000000,6,0,0,0,6,491.0,6
316005___633308,cloudbeds,2027-07-12T00:00:00.000000,6,0,0,0,6,356.0,6
316005___633308,cloudbeds,2027-07-13T00:00:00.000000,6,0,0,0,6,359.0,6
316005___633308,cloudbeds,2027-07-14T00:00:00.000000,6,0,0,0,6,379.0,6
316005___633308,cloudbeds,2027-07-15T00:00:00.000000,6,0,0,0,6,496.0,6
316005___633308,cloudbeds,2027-07-16T00:00:00.000000,6,0,0,0,6,718.0,6
316005___633308,cloudbeds,2027-07-17T00:00:00.000000,6,0,0,0,6,718.0,6
316005___633308,cloudbeds,2027-07-18T00:00:00.000000,6,0,0,0,6,496.0,6
316005___633308,cloudbeds,2027-07-19T00:00:00.000000,6,0,0,0,6,361.0,6
316005___633308,cloudbeds,2027-07-20T00:00:00.000000,6,0,0,0,6,361.0,6
316005___633308,cloudbeds,2027-07-21T00:00:00.000000,6,0,0,0,6,361.0,6
316005___633308,cloudbeds,2027-07-22T00:00:00.000000,6,0,0,0,6,496.0,6
316005___633308,cloudbeds,2027-07-23T00:00:00.000000,6,0,0,0,6,718.0,6
316005___633308,cloudbeds,2027-07-24T00:00:00.000000,6,0,0,0,6,718.0,6
316005___633308,cloudbeds,2027-07-25T00:00:00.000000,6,0,0,0,6,496.0,6
316005___633308,cloudbeds,2027-07-26T00:00:00.000000,6,0,0,0,6,361.0,6
316005___633308,cloudbeds,2027-07-27T00:00:00.000000,6,0,0,0,6,361.0,6
316005___633308,cloudbeds,2027-07-28T00:00:00.000000,6,0,0,0,6,361.0,6
316005___633308,cloudbeds,2027-07-29T00:00:00.000000,6,0,0,0,6,587.0,6
316005___633308,cloudbeds,2027-07-30T00:00:00.000000,6,0,0,0,6,718.0,6
316005___633308,cloudbeds,2027-07-31T00:00:00.000000,6,0,0,0,6,718.0,6
316005___633308,cloudbeds,2027-08-01T00:00:00.000000,6,0,0,0,6,587.0,6
316005___633308,cloudbeds,2027-08-02T00:00:00.000000,6,0,0,0,6,424.0,6
316005___633308,cloudbeds,2027-08-03T00:00:00.000000,6,0,0,0,6,424.0,6
316005___633308,cloudbeds,2027-08-04T00:00:00.000000,6,0,0,0,6,424.0,6
316005___633308,cloudbeds,2027-08-05T00:00:00.000000,6,0,0,0,6,587.0,6
316005___633308,cloudbeds,2027-08-06T00:00:00.000000,6,0,0,0,6,844.0,6
316005___633308,cloudbeds,2027-08-07T00:00:00.000000,6,0,0,0,6,844.0,6
316005___633308,cloudbeds,2027-08-08T00:00:00.000000,6,0,0,0,6,587.0,6
316005___633308,cloudbeds,2027-08-09T00:00:00.000000,6,0,0,0,6,385.0,6
316005___633308,cloudbeds,2027-08-10T00:00:00.000000,6,0,0,0,6,385.0,6
316005___633308,cloudbeds,2027-08-11T00:00:00.000000,6,0,0,0,6,385.0,6
316005___633308,cloudbeds,2027-08-12T00:00:00.000000,6,0,0,0,6,532.0,6
316005___633308,cloudbeds,2027-08-13T00:00:00.000000,6,0,0,0,6,766.0,6
316005___633308,cloudbeds,2027-08-14T00:00:00.000000,6,0,0,0,6,766.0,6
316005___633308,cloudbeds,2027-08-15T00:00:00.000000,6,0,0,0,6,532.0,6
316005___633308,cloudbeds,2027-08-16T00:00:00.000000,6,0,0,0,6,385.0,6
316005___633308,cloudbeds,2027-08-17T00:00:00.000000,6,0,0,0,6,385.0,6
316005___633308,cloudbeds,2027-08-18T00:00:00.000000,6,0,0,0,6,385.0,6
316005___633308,cloudbeds,2027-08-19T00:00:00.000000,6,0,0,0,6,532.0,6
316005___633308,cloudbeds,2027-08-20T00:00:00.000000,6,0,0,0,6,766.0,6
316005___633308,cloudbeds,2027-08-21T00:00:00.000000,6,0,0,0,6,766.0,6
316005___633308,cloudbeds,2027-08-22T00:00:00.000000,6,0,0,0,6,532.0,6
316005___633308,cloudbeds,2027-08-23T00:00:00.000000,6,0,0,0,6,385.0,6
316005___633308,cloudbeds,2027-08-24T00:00:00.000000,6,0,0,0,6,385.0,6
316005___633308,cloudbeds,2027-08-25T00:00:00.000000,6,0,0,0,6,385.0,6
316005___633308,cloudbeds,2027-08-26T00:00:00.000000,6,0,0,0,6,561.0,6
316005___633308,cloudbeds,2027-08-27T00:00:00.000000,6,0,0,0,6,807.0,6
316005___633308,cloudbeds,2027-08-28T00:00:00.000000,6,0,0,0,6,807.0,6
316005___633308,cloudbeds,2027-08-29T00:00:00.000000,6,0,0,0,6,561.0,6
316005___633308,cloudbeds,2027-08-30T00:00:00.000000,6,0,0,0,6,406.0,6
316005___633308,cloudbeds,2027-08-31T00:00:00.000000,6,0,0,0,6,406.0,6
316005___633308,cloudbeds,2027-09-01T00:00:00.000000,6,0,0,0,6,406.0,6
316005___633308,cloudbeds,2027-09-02T00:00:00.000000,6,0,0,0,6,645.0,6
316005___633308,cloudbeds,2027-09-03T00:00:00.000000,6,0,0,0,6,928.0,6
316005___633308,cloudbeds,2027-09-04T00:00:00.000000,6,0,0,0,6,928.0,6
316005___633308,cloudbeds,2027-09-05T00:00:00.000000,6,0,0,0,6,710.0,6
316005___633308,cloudbeds,2027-09-06T00:00:00.000000,6,0,0,0,6,487.0,6
316005___633308,cloudbeds,2027-09-07T00:00:00.000000,6,0,0,0,6,406.0,6
316005___633308,cloudbeds,2027-09-08T00:00:00.000000,6,0,0,0,6,406.0,6
316005___633308,cloudbeds,2027-09-09T00:00:00.000000,6,0,0,0,6,561.0,6
316005___633308,cloudbeds,2027-09-10T00:00:00.000000,6,0,0,0,6,807.0,6
316005___633308,cloudbeds,2027-09-11T00:00:00.000000,6,0,0,0,6,807.0,6
316005___633308,cloudbeds,2027-09-12T00:00:00.000000,6,0,0,0,6,561.0,6
316005___633308,cloudbeds,2027-09-13T00:00:00.000000,6,0,0,0,6,406.0,6
316005___633308,cloudbeds,2027-09-14T00:00:00.000000,6,0,0,0,6,406.0,6
316005___633308,cloudbeds,2027-09-15T00:00:00.000000,6,0,0,0,6,406.0,6
316005___633308,cloudbeds,2027-09-16T00:00:00.000000,6,0,0,0,6,561.0,6
316005___633308,cloudbeds,2027-09-17T00:00:00.000000,6,0,0,0,6,807.0,6
316005___633308,cloudbeds,2027-09-18T00:00:00.000000,6,0,0,0,6,807.0,6
316005___633308,cloudbeds,2027-09-19T00:00:00.000000,6,0,0,0,6,561.0,6
316005___633308,cloudbeds,2027-09-20T00:00:00.000000,6,0,0,0,6,406.0,6
316005___633308,cloudbeds,2027-09-21T00:00:00.000000,6,0,0,0,6,406.0,6
316005___633308,cloudbeds,2027-09-22T00:00:00.000000,6,0,0,0,6,406.0,6
316005___633308,cloudbeds,2027-09-23T00:00:00.000000,6,0,0,0,6,561.0,6
316005___633308,cloudbeds,2027-09-24T00:00:00.000000,6,0,0,0,6,807.0,6
316005___633308,cloudbeds,2027-09-25T00:00:00.000000,6,0,0,0,6,807.0,6
316005___633308,cloudbeds,2027-09-26T00:00:00.000000,6,0,0,0,6,561.0,6
316005___633308,cloudbeds,2027-09-27T00:00:00.000000,6,0,0,0,6,406.0,6
316005___633308,cloudbeds,2027-09-28T00:00:00.000000,6,0,0,0,6,406.0,6
316005___633308,cloudbeds,2027-09-29T00:00:00.000000,6,0,0,0,6,406.0,6
316005___633308,cloudbeds,2027-09-30T00:00:00.000000,6,0,0,0,6,644.0,6
316005___633308,cloudbeds,2027-10-01T00:00:00.000000,6,0,0,0,6,930.0,6
316005___633308,cloudbeds,2027-10-02T00:00:00.000000,6,0,0,0,6,930.0,6
316005___633308,cloudbeds,2027-10-03T00:00:00.000000,6,0,0,0,6,644.0,6
316005___633308,cloudbeds,2027-10-04T00:00:00.000000,6,0,0,0,6,467.0,6
316005___633308,cloudbeds,2027-10-05T00:00:00.000000,6,0,0,0,6,467.0,6
316005___633308,cloudbeds,2027-10-06T00:00:00.000000,6,0,0,0,6,467.0,6
316005___633308,cloudbeds,2027-10-07T00:00:00.000000,6,0,0,0,6,644.0,6
316005___633308,cloudbeds,2027-10-08T00:00:00.000000,6,0,0,0,6,1069.0,6
316005___633308,cloudbeds,2027-10-09T00:00:00.000000,6,0,0,0,6,1069.0,6
316005___633308,cloudbeds,2027-10-10T00:00:00.000000,6,0,0,0,6,709.0,6
316005___633308,cloudbeds,2027-10-11T00:00:00.000000,6,0,0,0,6,496.0,6
316005___633308,cloudbeds,2027-10-12T00:00:00.000000,6,0,0,0,6,467.0,6
316005___633308,cloudbeds,2027-10-13T00:00:00.000000,6,0,0,0,6,467.0,6
316005___633308,cloudbeds,2027-10-14T00:00:00.000000,6,0,0,0,6,644.0,6
316005___633308,cloudbeds,2027-10-15T00:00:00.000000,6,0,0,0,6,930.0,6
316005___633308,cloudbeds,2027-10-16T00:00:00.000000,6,0,0,0,6,930.0,6
316005___633308,cloudbeds,2027-10-17T00:00:00.000000,6,0,0,0,6,644.0,6
316005___633308,cloudbeds,2027-10-18T00:00:00.000000,6,0,0,0,6,467.0,6
316005___633308,cloudbeds,2027-10-19T00:00:00.000000,6,0,0,0,6,467.0,6
316005___633308,cloudbeds,2027-10-20T00:00:00.000000,6,0,0,0,6,467.0,6
316005___633308,cloudbeds,2027-10-21T00:00:00.000000,6,0,0,0,6,644.0,6
316005___633308,cloudbeds,2027-10-22T00:00:00.000000,6,0,0,0,6,930.0,6
316005___633308,cloudbeds,2027-10-23T00:00:00.000000,6,0,0,0,6,930.0,6
316005___633308,cloudbeds,2027-10-24T00:00:00.000000,6,0,0,0,6,644.0,6
316005___633308,cloudbeds,2027-10-25T00:00:00.000000,6,0,0,0,6,467.0,6
316005___633308,cloudbeds,2027-10-26T00:00:00.000000,6,0,0,0,6,467.0,6
316005___633308,cloudbeds,2027-10-27T00:00:00.000000,6,0,0,0,6,467.0,6
316005___633308,cloudbeds,2027-10-28T00:00:00.000000,6,0,0,0,6,644.0,6
316005___633308,cloudbeds,2027-10-29T00:00:00.000000,6,0,0,0,6,930.0,6
316005___633308,cloudbeds,2027-10-30T00:00:00.000000,6,0,0,0,6,930.0,6
316005___633308,cloudbeds,2027-10-31T00:00:00.000000,6,0,0,0,6,644.0,6
316005___633308,cloudbeds,2027-11-01T00:00:00.000000,6,0,0,0,6,406.0,6
316005___633308,cloudbeds,2027-11-02T00:00:00.000000,6,0,0,0,6,406.0,6
316005___633308,cloudbeds,2027-11-03T00:00:00.000000,6,0,0,0,6,406.0,6
316005___633308,cloudbeds,2027-11-04T00:00:00.000000,6,0,0,0,6,561.0,6
316005___633308,cloudbeds,2027-11-05T00:00:00.000000,6,0,0,0,6,807.0,6
316005___633308,cloudbeds,2027-11-06T00:00:00.000000,6,0,0,0,6,807.0,6
316005___633308,cloudbeds,2027-11-07T00:00:00.000000,6,0,0,0,6,561.0,6
316005___633308,cloudbeds,2027-11-08T00:00:00.000000,6,0,0,0,6,406.0,6
316005___633308,cloudbeds,2027-11-09T00:00:00.000000,6,0,0,0,6,406.0,6
316005___633308,cloudbeds,2027-11-10T00:00:00.000000,6,0,0,0,6,406.0,6
316005___633308,cloudbeds,2027-11-11T00:00:00.000000,6,0,0,0,6,561.0,6
316005___633308,cloudbeds,2027-11-12T00:00:00.000000,6,0,0,0,6,807.0,6
316005___633308,cloudbeds,2027-11-13T00:00:00.000000,6,0,0,0,6,807.0,6
316005___633308,cloudbeds,2027-11-14T00:00:00.000000,6,0,0,0,6,561.0,6
316005___633308,cloudbeds,2027-11-15T00:00:00.000000,6,0,0,0,6,406.0,6
316005___633308,cloudbeds,2027-11-16T00:00:00.000000,6,0,0,0,6,406.0,6
316005___633308,cloudbeds,2027-11-17T00:00:00.000000,6,0,0,0,6,406.0,6
316005___633308,cloudbeds,2027-11-18T00:00:00.000000,6,0,0,0,6,561.0,6
316005___633308,cloudbeds,2027-11-19T00:00:00.000000,6,0,0,0,6,807.0,6
316005___633308,cloudbeds,2027-11-20T00:00:00.000000,6,0,0,0,6,807.0,6
316005___633308,cloudbeds,2027-11-21T00:00:00.000000,6,0,0,0,6,561.0,6
316005___633308,cloudbeds,2027-11-22T00:00:00.000000,6,0,0,0,6,406.0,6
316005___633308,cloudbeds,2027-11-23T00:00:00.000000,6,0,0,0,6,406.0,6
316005___633308,cloudbeds,2027-11-24T00:00:00.000000,6,0,0,0,6,406.0,6
316005___633308,cloudbeds,2027-11-25T00:00:00.000000,6,0,0,0,6,928.0,6
316005___633308,cloudbeds,2027-11-26T00:00:00.000000,6,0,0,0,6,807.0,6
316005___633308,cloudbeds,2027-11-27T00:00:00.000000,6,0,0,0,6,807.0,6
316005___633308,cloudbeds,2027-11-28T00:00:00.000000,6,0,0,0,6,561.0,6
316005___633308,cloudbeds,2027-11-29T00:00:00.000000,6,0,0,0,6,406.0,6
316005___633308,cloudbeds,2027-11-30T00:00:00.000000,6,0,0,0,6,406.0,6
316005___633308,cloudbeds,2027-12-01T00:00:00.000000,6,0,0,0,6,467.0,6
316005___633308,cloudbeds,2027-12-02T00:00:00.000000,6,0,0,0,6,644.0,6
316005___633308,cloudbeds,2027-12-03T00:00:00.000000,6,0,0,0,6,930.0,6
316005___633308,cloudbeds,2027-12-04T00:00:00.000000,6,0,0,0,6,930.0,6
316005___633308,cloudbeds,2027-12-05T00:00:00.000000,6,0,0,0,6,644.0,6
316005___633308,cloudbeds,2027-12-06T00:00:00.000000,6,0,0,0,6,467.0,6
316005___633308,cloudbeds,2027-12-07T00:00:00.000000,6,0,0,0,6,467.0,6
316005___633308,cloudbeds,2027-12-08T00:00:00.000000,6,0,0,0,6,467.0,6
316005___633308,cloudbeds,2027-12-09T00:00:00.000000,6,0,0,0,6,644.0,6
316005___633308,cloudbeds,2027-12-10T00:00:00.000000,6,0,0,0,6,930.0,6
316005___633308,cloudbeds,2027-12-11T00:00:00.000000,6,0,0,0,6,930.0,6
316005___633308,cloudbeds,2027-12-12T00:00:00.000000,6,0,0,0,6,644.0,6
316005___633308,cloudbeds,2027-12-13T00:00:00.000000,6,0,0,0,6,467.0,6
316005___633308,cloudbeds,2027-12-14T00:00:00.000000,6,0,0,0,6,467.0,6
316005___633308,cloudbeds,2027-12-15T00:00:00.000000,6,0,0,0,6,467.0,6
316005___633308,cloudbeds,2027-12-16T00:00:00.000000,6,0,0,0,6,644.0,6
316005___633308,cloudbeds,2027-12-17T00:00:00.000000,6,0,0,0,6,1115.0,6
316005___633308,cloudbeds,2027-12-18T00:00:00.000000,6,0,0,0,6,1115.0,6
316005___633308,cloudbeds,2027-12-19T00:00:00.000000,6,0,0,0,6,741.0,6
316005___633308,cloudbeds,2027-12-20T00:00:00.000000,6,0,0,0,6,560.0,6
316005___633308,cloudbeds,2027-12-21T00:00:00.000000,6,0,0,0,6,560.0,6
316005___633308,cloudbeds,2027-12-22T00:00:00.000000,6,0,0,0,6,560.0,6
316005___633308,cloudbeds,2027-12-23T00:00:00.000000,6,0,0,0,6,741.0,6
316005___633308,cloudbeds,2027-12-24T00:00:00.000000,6,0,0,0,6,1255.0,6
316005___633308,cloudbeds,2027-12-25T00:00:00.000000,6,0,0,0,6,1255.0,6
316005___633308,cloudbeds,2027-12-26T00:00:00.000000,6,0,0,0,6,1255.0,6
316005___633308,cloudbeds,2027-12-27T00:00:00.000000,6,0,0,0,6,467.0,6
316005___633308,cloudbeds,2027-12-28T00:00:00.000000,6,0,0,0,6,467.0,6
316005___633308,cloudbeds,2027-12-29T00:00:00.000000,6,0,0,0,6,467.0,6
316005___633308,cloudbeds,2027-12-30T00:00:00.000000,6,0,0,0,6,1569.0,6
316005___633308,cloudbeds,2027-12-31T00:00:00.000000,6,0,0,0,6,1569.0,6
316005___633308,cloudbeds,2028-01-01T00:00:00.000000,6,0,0,0,6,1569.0,6
316005___633308,cloudbeds,2028-01-02T00:00:00.000000,6,0,0,0,6,784.0,6
316005___633308,cloudbeds,2028-01-03T00:00:00.000000,6,0,0,0,6,345.0,6
316005___633308,cloudbeds,2028-01-04T00:00:00.000000,6,0,0,0,6,345.0,6
316005___633308,cloudbeds,2028-01-05T00:00:00.000000,6,0,0,0,6,345.0,6
316005___633308,cloudbeds,2028-01-06T00:00:00.000000,6,0,0,0,6,476.0,6
316005___633308,cloudbeds,2028-01-07T00:00:00.000000,6,0,0,0,6,686.0,6
316005___633308,cloudbeds,2028-01-08T00:00:00.000000,6,0,0,0,6,686.0,6
316005___633308,cloudbeds,2028-01-09T00:00:00.000000,6,0,0,0,6,476.0,6
