listing_id,date,price,currency,min_stay
316005___633306,2026-10-08,507,USD,1
316005___633306,2026-10-09,812,USD,2
316005___633306,2026-10-10,983,USD,2
316005___633306,2026-10-15,507,USD,1
316005___633306,2026-10-16,728,USD,2
316005___633306,2026-10-17,728,USD,2
316005___633306,2026-10-18,507,USD,1
316005___633306,2026-10-19,353,USD,1
316005___633306,2026-10-20,353,USD,1
316005___633306,2026-10-21,353,USD,1
316005___633306,2026-10-26,353,USD,1
316005___633306,2026-10-27,353,USD,1
316005___633306,2026-10-28,353,USD,1
316005___633306,2026-10-29,507,USD,2
316005___633306,2026-10-30,686,USD,2
316005___633306,2026-10-31,686,USD,2
316005___633306,2026-11-01,468,USD,2
316005___633306,2026-11-02,353,USD,2
316005___633306,2026-11-03,353,USD,2
316005___633306,2026-11-04,353,USD,2
316005___633306,2026-11-05,523,USD,2
316005___633306,2026-11-08,523,USD,2
316005___633306,2026-11-09,349,USD,2
316005___633306,2026-11-10,349,USD,2
316005___633306,2026-11-12,523,USD,2
316005___633306,2026-11-13,749,USD,2
316005___633306,2026-11-14,749,USD,2
316005___633306,2026-11-15,523,USD,2
316005___633306,2026-11-16,353,USD,2
316005___633306,2026-11-17,353,USD,2
316005___633306,2026-11-18,353,USD,2
316005___633306,2026-11-19,523,USD,2
316005___633306,2026-11-20,681,USD,2
316005___633306,2026-11-21,681,USD,2
316005___633306,2026-11-22,523,USD,2
316005___633306,2026-11-23,424,USD,2
316005___633306,2026-11-24,424,USD,2
316005___633306,2026-11-25,424,USD,2
316005___633306,2026-11-26,845,USD,2
316005___633306,2026-11-27,671,USD,2
316005___633306,2026-11-28,604,USD,2
316005___633306,2026-12-17,414,USD,2
316005___633306,2026-12-20,414,USD,2
316005___633306,2026-12-27,383,USD,2
316005___633306,2026-12-31,879,USD,2
316005___633306,2027-01-07,443,USD,2
316005___633306,2027-01-08,646,USD,2
316005___633306,2027-01-09,646,USD,2
316005___633306,2027-01-10,443,USD,2
316005___633306,2027-01-11,316,USD,2
316005___633306,2027-01-12,316,USD,2
316005___633306,2027-01-13,316,USD,2
316005___633306,2027-01-14,581,USD,2
316005___633306,2027-01-15,842,USD,2
316005___633306,2027-01-16,842,USD,2
316005___633306,2027-01-17,650,USD,2
316005___633306,2027-01-18,416,USD,2
316005___633306,2027-01-19,316,USD,2
316005___633306,2027-01-20,316,USD,2
316005___633306,2027-01-21,443,USD,2
316005___633306,2027-01-22,646,USD,2
316005___633306,2027-01-23,646,USD,2
316005___633306,2027-01-25,316,USD,2
316005___633306,2027-01-26,316,USD,2
316005___633306,2027-01-27,316,USD,2
316005___633306,2027-01-28,443,USD,2
316005___633306,2027-01-29,646,USD,2
316005___633306,2027-01-30,646,USD,2
316005___633306,2027-01-31,443,USD,2
316005___633306,2027-02-01,374,USD,2
316005___633306,2027-02-02,374,USD,2
316005___633306,2027-02-03,374,USD,2
316005___633306,2027-02-04,525,USD,2
316005___633306,2027-02-05,760,USD,2
316005___633306,2027-02-06,760,USD,2
316005___633306,2027-02-07,525,USD,2
316005___633306,2027-02-08,374,USD,2
316005___633306,2027-02-09,374,USD,2
316005___633306,2027-02-10,374,USD,2
316005___633306,2027-02-11,525,USD,2
316005___633306,2027-02-12,1380,USD,2
316005___633306,2027-02-13,1380,USD,2
316005___633306,2027-02-14,687,USD,2
316005___633306,2027-02-15,608,USD,2
316005___633306,2027-02-16,374,USD,2
316005___633306,2027-02-17,374,USD,2
316005___633306,2027-02-18,525,USD,2
316005___633306,2027-02-19,760,USD,2
316005___633306,2027-02-20,760,USD,2
316005___633306,2027-02-21,525,USD,2
316005___633306,2027-02-22,374,USD,2
316005___633306,2027-02-23,374,USD,2
316005___633306,2027-02-24,374,USD,2
316005___633306,2027-02-25,525,USD,2
316005___633306,2027-02-26,760,USD,2
316005___633306,2027-02-27,760,USD,2
316005___633306,2027-02-28,525,USD,2
316005___633306,2027-03-01,433,USD,2
316005___633306,2027-03-02,433,USD,2
316005___633306,2027-03-03,433,USD,2
316005___633306,2027-03-04,604,USD,2
316005___633306,2027-03-05,879,USD,2
316005___633306,2027-03-06,879,USD,2
316005___633306,2027-03-07,604,USD,2
316005___633306,2027-03-08,433,USD,2
316005___633306,2027-03-09,433,USD,2
316005___633306,2027-03-10,433,USD,2
316005___633306,2027-03-11,604,USD,2
316005___633306,2027-03-12,1146,USD,2
316005___633306,2027-03-13,1146,USD,2
316005___633306,2027-03-14,728,USD,2
316005___633306,2027-03-15,568,USD,2
316005___633306,2027-03-16,568,USD,2
316005___633306,2027-03-17,568,USD,2
316005___633306,2027-03-18,728,USD,2
316005___633306,2027-03-19,1146,USD,2
316005___633306,2027-03-20,1146,USD,2
316005___633306,2027-03-21,728,USD,2
316005___633306,2027-03-22,433,USD,2
316005___633306,2027-03-23,433,USD,2
316005___633306,2027-03-24,433,USD,2
316005___633306,2027-03-25,604,USD,2
316005___633306,2027-03-26,879,USD,2
316005___633306,2027-03-27,879,USD,2
316005___633306,2027-03-28,604,USD,2
316005___633306,2027-03-29,433,USD,2
316005___633306,2027-03-30,433,USD,2
316005___633306,2027-03-31,433,USD,2
316005___633306,2027-04-01,604,USD,2
316005___633306,2027-04-02,879,USD,2
316005___633306,2027-04-03,879,USD,2
316005___633306,2027-04-04,604,USD,2
316005___633306,2027-04-05,433,USD,2
316005___633306,2027-04-06,433,USD,2
316005___633306,2027-04-07,433,USD,2
316005___633306,2027-04-08,604,USD,2
316005___633306,2027-04-09,879,USD,2
316005___633306,2027-04-10,879,USD,2
316005___633306,2027-04-11,604,USD,2
316005___633306,2027-04-12,433,USD,2
316005___633306,2027-04-13,433,USD,2
316005___633306,2027-04-14,433,USD,2
316005___633306,2027-04-15,604,USD,2
316005___633306,2027-04-16,879,USD,2
316005___633306,2027-04-17,879,USD,2
316005___633306,2027-04-18,604,USD,2
316005___633306,2027-04-19,433,USD,2
316005___633306,2027-04-20,433,USD,2
316005___633306,2027-04-21,433,USD,2
316005___633306,2027-04-22,604,USD,2
316005___633306,2027-04-23,879,USD,2
316005___633306,2027-04-24,879,USD,2
316005___633306,2027-04-25,604,USD,2
316005___633306,2027-04-26,433,USD,2
316005___633306,2027-04-27,433,USD,2
316005___633306,2027-04-28,433,USD,2
316005___633306,2027-04-29,686,USD,2
316005___633306,2027-04-30,994,USD,2
316005___633306,2027-05-01,994,USD,2
316005___633306,2027-05-02,686,USD,2
316005___633306,2027-05-03,492,USD,2
316005___633306,2027-05-04,492,USD,2
316005___633306,2027-05-05,492,USD,2
316005___633306,2027-05-06,686,USD,2
316005___633306,2027-05-07,994,USD,2
316005___633306,2027-05-08,994,USD,2
316005___633306,2027-05-09,686,USD,2
316005___633306,2027-05-10,492,USD,2
316005___633306,2027-05-11,492,USD,2
316005___633306,2027-05-12,492,USD,2
316005___633306,2027-05-13,686,USD,2
316005___633306,2027-05-14,994,USD,2
316005___633306,2027-05-15,994,USD,2
316005___633306,2027-05-16,686,USD,2
316005___633306,2027-05-17,492,USD,2
316005___633306,2027-05-18,492,USD,2
316005___633306,2027-05-19,492,USD,2
316005___633306,2027-05-20,686,USD,2
316005___633306,2027-05-21,994,USD,2
316005___633306,2027-05-22,994,USD,2
316005___633306,2027-05-23,686,USD,2
316005___633306,2027-05-24,492,USD,2
316005___633306,2027-05-25,492,USD,2
316005___633306,2027-05-26,492,USD,2
316005___633306,2027-05-27,686,USD,2
316005___633306,2027-05-28,1246,USD,2
316005___633306,2027-05-29,1246,USD,2
316005___633306,2027-05-30,754,USD,2
316005___633306,2027-06-03,686,USD,2
316005___633306,2027-06-04,994,USD,2
316005___633306,2027-06-05,994,USD,2
316005___633306,2027-06-06,686,USD,2
316005___633306,2027-06-10,686,USD,2
316005___633306,2027-06-11,994,USD,2
316005___633306,2027-06-12,994,USD,2
316005___633306,2027-06-13,686,USD,2
316005___633306,2027-06-17,686,USD,2
316005___633306,2027-06-18,994,USD,2
316005___633306,2027-06-19,994,USD,2
316005___633306,2027-06-20,686,USD,2
316005___633306,2027-06-24,686,USD,2
316005___633306,2027-06-25,994,USD,2
316005___633306,2027-06-26,994,USD,2
316005___633306,2027-06-27,686,USD,2
316005___633306,2027-06-28,492,USD,2
316005___633306,2027-06-29,492,USD,2
316005___633306,2027-06-30,520,USD,2
316005___633306,2027-07-01,808,USD,2
316005___633306,2027-07-02,1216,USD,2
316005___633306,2027-07-03,1220,USD,2
316005___633306,2027-07-04,817,USD,2
316005___633306,2027-07-05,345,USD,2
316005___633306,2027-07-06,347,USD,2
316005___633306,2027-07-07,350,USD,2
316005___633306,2027-07-08,485,USD,2
316005___633306,2027-07-09,706,USD,2
316005___633306,2027-07-10,708,USD,2
316005___633306,2027-07-11,491,USD,2
316005___633306,2027-07-12,356,USD,2
316005___633306,2027-07-13,359,USD,2
316005___633306,2027-07-14,379,USD,2
316005___633306,2027-07-15,496,USD,2
316005___633306,2027-07-16,718,USD,2
316005___633306,2027-07-17,718,USD,2
316005___633306,2027-07-18,496,USD,2
316005___633306,2027-07-19,361,USD,2
316005___633306,2027-07-20,361,USD,2
316005___633306,2027-07-21,361,USD,2
316005___633306,2027-07-22,496,USD,2
316005___633306,2027-07-23,718,USD,2
316005___633306,2027-07-24,718,USD,2
316005___633306,2027-07-25,496,USD,2
316005___633306,2027-07-26,361,USD,2
316005___633306,2027-07-27,361,USD,2
316005___633306,2027-07-28,361,USD,2
316005___633306,2027-07-29,587,USD,2
316005___633306,2027-07-30,718,USD,2
316005___633306,2027-07-31,718,USD,2
316005___633306,2027-08-01,587,USD,2
316005___633306,2027-08-02,424,USD,2
316005___633306,2027-08-03,424,USD,2
316005___633306,2027-08-04,424,USD,2
316005___633306,2027-08-05,587,USD,2
316005___633306,2027-08-06,844,USD,2
316005___633306,2027-08-07,844,USD,2
316005___633306,2027-08-08,587,USD,2
316005___633306,2027-08-09,385,USD,2
316005___633306,2027-08-10,385,USD,2
316005___633306,2027-08-11,385,USD,2
316005___633306,2027-08-12,532,USD,2
316005___633306,2027-08-13,766,USD,2
316005___633306,2027-08-14,766,USD,2
316005___633306,2027-08-15,532,USD,2
316005___633306,2027-08-16,385,USD,2
316005___633306,2027-08-17,385,USD,2
316005___633306,2027-08-18,385,USD,2
316005___633306,2027-08-19,532,USD,2
316005___633306,2027-08-20,766,USD,2
316005___633306,2027-08-21,766,USD,2
316005___633306,2027-08-22,532,USD,2
316005___633306,2027-08-23,385,USD,2
316005___633306,2027-08-24,385,USD,2
316005___633306,2027-08-25,385,USD,2
316005___633306,2027-08-26,561,USD,2
316005___633306,2027-08-27,807,USD,2
316005___633306,2027-08-28,807,USD,2
316005___633306,2027-08-29,561,USD,2
316005___633306,2027-08-30,406,USD,2
316005___633306,2027-08-31,406,USD,2
316005___633306,2027-09-01,406,USD,2
316005___633306,2027-09-02,645,USD,2
316005___633306,2027-09-03,928,USD,2
316005___633306,2027-09-04,928,USD,2
316005___633306,2027-09-05,710,USD,2
316005___633306,2027-09-06,487,USD,2
316005___633306,2027-09-07,406,USD,2
316005___633306,2027-09-08,406,USD,2
316005___633306,2027-09-09,561,USD,2
316005___633306,2027-09-10,807,USD,2
316005___633306,2027-09-11,807,USD,2
316005___633306,2027-09-12,561,USD,2
316005___633306,2027-09-13,406,USD,2
316005___633306,2027-09-14,406,USD,2
316005___633306,2027-09-15,406,USD,2
316005___633306,2027-09-16,561,USD,2
316005___633306,2027-09-17,807,USD,2
316005___633306,2027-09-18,807,USD,2
316005___633306,2027-09-19,561,USD,2
316005___633306,2027-09-20,406,USD,2
316005___633306,2027-09-21,406,USD,2
316005___633306,2027-09-22,406,USD,2
316005___633306,2027-09-23,561,USD,2
316005___633306,2027-09-24,807,USD,2
316005___633306,2027-09-25,807,USD,2
316005___633306,2027-09-26,561,USD,2
316005___633306,2027-09-27,406,USD,2
316005___633306,2027-09-28,406,USD,2
316005___633306,2027-09-29,406,USD,2
316005___633306,2027-09-30,644,USD,2
316005___633306,2027-10-01,930,USD,2
316005___633306,2027-10-02,930,USD,2
316005___633306,2027-10-03,644,USD,2
316005___633306,2027-10-04,467,USD,2
316005___633306,2027-10-05,467,USD,2
316005___633306,2027-10-06,467,USD,2
316005___633306,2027-10-07,644,USD,2
316005___633306,2027-10-08,1069,USD,2
316005___633306,2027-10-09,1069,USD,2
316005___633306,2027-10-10,709,USD,2
316005___633306,2027-10-11,496,USD,2
316005___633306,2027-10-12,467,USD,2
316005___633306,2027-10-13,467,USD,2
316005___633306,2027-10-14,644,USD,2
316005___633306,2027-10-15,930,USD,2
316005___633306,2027-10-16,930,USD,2
316005___633306,2027-10-17,644,USD,2
316005___633306,2027-10-18,467,USD,2
316005___633306,2027-10-19,467,USD,2
316005___633306,2027-10-20,467,USD,2
316005___633306,2027-10-21,644,USD,2
316005___633306,2027-10-22,930,USD,2
316005___633306,2027-10-23,930,USD,2
316005___633306,2027-10-24,644,USD,2
316005___633306,2027-10-25,467,USD,2
316005___633306,2027-10-26,467,USD,2
316005___633306,2027-10-27,467,USD,2
316005___633306,2027-10-28,644,USD,2
316005___633306,2027-10-29,930,USD,2
316005___633306,2027-10-30,930,USD,2
316005___633306,2027-10-31,644,USD,2
316005___633306,2027-11-01,406,USD,2
316005___633306,2027-11-02,406,USD,2
316005___633306,2027-11-03,406,USD,2
316005___633306,2027-11-04,561,USD,2
316005___633306,2027-11-05,807,USD,2
316005___633306,2027-11-06,807,USD,2
316005___633306,2027-11-07,561,USD,2
316005___633306,2027-11-08,406,USD,2
316005___633306,2027-11-09,406,USD,2
316005___633306,2027-11-10,406,USD,2
316005___633306,2027-11-11,561,USD,2
316005___633306,2027-11-12,807,USD,2
316005___633306,2027-11-13,807,USD,2
316005___633306,2027-11-14,561,USD,2
316005___633306,2027-11-15,406,USD,2
316005___633306,2027-11-16,406,USD,2
316005___633306,2027-11-17,406,USD,2
316005___633306,2027-11-18,561,USD,2
316005___633306,2027-11-19,807,USD,2
316005___633306,2027-11-20,807,USD,2
316005___633306,2027-11-21,561,USD,2
316005___633306,2027-11-22,406,USD,2
316005___633306,2027-11-23,406,USD,2
316005___633306,2027-11-24,406,USD,2
316005___633306,2027-11-25,928,USD,2
316005___633306,2027-11-26,807,USD,2
316005___633306,2027-11-27,807,USD,2
316005___633306,2027-11-28,561,USD,2
316005___633306,2027-11-29,406,USD,2
316005___633306,2027-11-30,406,USD,2
316005___633306,2027-12-01,467,USD,2
316005___633306,2027-12-02,644,USD,2
316005___633306,2027-12-03,930,USD,2
316005___633306,2027-12-04,930,USD,2
316005___633306,2027-12-05,644,USD,2
316005___633306,2027-12-06,467,USD,2
316005___633306,2027-12-07,467,USD,2
316005___633306,2027-12-08,467,USD,2
316005___633306,2027-12-09,644,USD,2
316005___633306,2027-12-10,930,USD,2
316005___633306,2027-12-11,930,USD,2
316005___633306,2027-12-12,644,USD,2
316005___633306,2027-12-13,467,USD,2
316005___633306,2027-12-14,467,USD,2
316005___633306,2027-12-15,467,USD,2
316005___633306,2027-12-16,644,USD,2
316005___633306,2027-12-17,1115,USD,2
316005___633306,2027-12-18,1115,USD,2
316005___633306,2027-12-19,741,USD,2
316005___633306,2027-12-20,560,USD,2
316005___633306,2027-12-21,560,USD,2
316005___633306,2027-12-22,560,USD,2
316005___633306,2027-12-23,741,USD,2
316005___633306,2027-12-24,1255,USD,2
316005___633306,2027-12-25,1255,USD,2
316005___633306,2027-12-26,1255,USD,2
316005___633306,2027-12-27,467,USD,2
316005___633306,2027-12-28,467,USD,2
316005___633306,2027-12-29,467,USD,2
316005___633306,2027-12-30,1569,USD,2
316005___633306,2027-12-31,1569,USD,2
316005___633306,2028-01-01,1569,USD,2
316005___633306,2028-01-02,784,USD,2
316005___633306,2028-01-03,345,USD,2
316005___633306,2028-01-04,345,USD,2
316005___633306,2028-01-05,345,USD,2
316005___633306,2028-01-06,476,USD,2
316005___633306,2028-01-07,686,USD,2
316005___633306,2028-01-08,686,USD,2
316005___633306,2028-01-09,476,USD,2
316005___633306,2026-10-11,642,USD,1
316005___633306,2026-10-23,1083,USD,2
316005___633306,2026-10-24,1083,USD,2
316005___633306,2027-01-04,316,USD,2
316005___633306,2027-01-05,316,USD,2
316005___633306,2027-01-06,316,USD,2
316005___633306,2027-01-24,443,USD,2
316005___633306,2027-06-21,492,USD,2
316005___633306,2027-06-22,492,USD,2
316005___633306,2027-06-23,492,USD,2
316005___633306,2027-06-14,492,USD,2
316005___633306,2027-06-15,492,USD,2
316005___633306,2027-06-16,492,USD,2
316005___633306,2027-06-07,492,USD,2
316005___633306,2027-06-08,492,USD,2
316005___633306,2027-06-09,492,USD,2
316005___633306,2027-05-31,623,USD,2
316005___633306,2027-06-01,492,USD,2
316005___633306,2027-06-02,492,USD,2
316005___633306,2027-01-03,368,USD,2
316005___633306,2026-12-07,271,USD,2
316005___633306,2026-12-08,271,USD,2
316005___633306,2026-12-09,271,USD,2
316005___633306,2026-12-14,271,USD,2
316005___633306,2026-12-15,271,USD,2
316005___633306,2026-12-16,271,USD,2
316005___633306,2026-11-29,433,USD,2
316005___633306,2026-12-04,567,USD,2
316005___633306,2026-12-05,597,USD,2
316005___633306,2026-12-11,567,USD,2
316005___633306,2026-12-12,567,USD,2
316005___633306,2026-11-30,286,USD,2
316005___633306,2026-12-01,271,USD,2
316005___633306,2026-12-02,271,USD,2
316005___633306,2026-12-06,353,USD,2
316005___633306,2026-12-03,353,USD,2
316005___633306,2026-12-10,353,USD,2
316005___633306,2026-12-13,353,USD,2
316005___633306,2026-11-11,502,USD,2
316005___633306,2026-10-13,409,USD,1
316005___633306,2026-10-14,409,USD,1
316005___633306,2027-01-01,629,USD,2
316005___633306,2027-01-02,629,USD,2
316005___633306,2026-09-24,217,USD,1
316005___633306,2026-12-30,709,USD,2
316005___633306,2026-12-28,341,USD,2
316005___633306,2026-12-29,341,USD,2
316005___633306,2026-12-24,706,USD,2
316005___633306,2026-12-25,706,USD,2
316005___633306,2026-12-26,706,USD,2
316005___633306,2026-12-18,616,USD,2
316005___633306,2026-12-19,616,USD,2
316005___633306,2026-12-21,312,USD,2
316005___633306,2026-12-22,312,USD,2
316005___633306,2026-12-23,312,USD,2
316005___633306,2026-11-06,863,USD,2
316005___633306,2026-11-07,949,USD,2
316005___633306,2026-09-25,771,USD,2
316005___633306,2026-09-26,855,USD,2
316005___633306,2026-10-12,470,USD,1
316005___633306,2026-10-03,859,USD,2
316005___633306,2026-09-28,240,USD,1
316005___633306,2026-09-29,229,USD,1
316005___633306,2026-09-30,229,USD,1
316005___633306,2026-09-27,246,USD,1
316005___633306,2026-10-22,692,USD,1
316005___633306,2026-10-25,692,USD,1
316005___633306,2026-10-01,294,USD,1
316005___633306,2026-10-04,294,USD,1
316005___633306,2026-10-02,729,USD,2
316005___633306,2026-10-05,259,USD,1
316005___633306,2026-10-06,259,USD,1
316005___633306,2026-10-07,259,USD,1
316005___633307,2026-09-25,790,USD,2
316005___633307,2026-09-26,505,USD,2
316005___633307,2026-09-27,223,USD,1
316005___633307,2026-10-08,534,USD,1
316005___633307,2026-10-09,855,USD,2
316005___633307,2026-10-10,511,USD,2
316005___633307,2026-10-11,315,USD,2
316005___633307,2026-10-15,507,USD,1
316005___633307,2026-10-16,728,USD,2
316005___633307,2026-10-17,728,USD,2
316005___633307,2026-10-18,507,USD,1
316005___633307,2026-10-21,353,USD,1
316005___633307,2026-10-26,353,USD,1
316005___633307,2026-10-27,353,USD,1
316005___633307,2026-10-28,353,USD,1
316005___633307,2026-10-29,507,USD,2
316005___633307,2026-10-30,686,USD,2
316005___633307,2026-10-31,686,USD,2
316005___633307,2026-11-01,468,USD,2
316005___633307,2026-11-02,353,USD,2
316005___633307,2026-11-03,353,USD,2
316005___633307,2026-11-04,353,USD,2
316005___633307,2026-11-05,388,USD,2
316005___633307,2026-11-06,519,USD,2
316005___633307,2026-11-07,519,USD,2
316005___633307,2026-11-09,349,USD,2
316005___633307,2026-11-10,349,USD,2
316005___633307,2026-11-12,337,USD,2
316005___633307,2026-11-13,749,USD,2
316005___633307,2026-11-14,749,USD,2
316005___633307,2026-11-15,523,USD,2
316005___633307,2026-11-16,353,USD,2
316005___633307,2026-11-17,353,USD,2
316005___633307,2026-11-18,353,USD,2
316005___633307,2026-11-19,523,USD,2
316005___633307,2026-11-20,681,USD,2
316005___633307,2026-11-21,681,USD,2
316005___633307,2026-11-22,523,USD,2
316005___633307,2026-11-23,424,USD,2
316005___633307,2026-11-24,424,USD,2
316005___633307,2026-11-25,424,USD,2
316005___633307,2026-11-26,845,USD,2
316005___633307,2026-11-27,671,USD,2
316005___633307,2026-11-28,604,USD,2
316005___633307,2026-12-17,414,USD,2
316005___633307,2026-12-20,307,USD,2
316005___633307,2026-12-21,169,USD,2
316005___633307,2026-12-27,383,USD,2
316005___633307,2026-12-31,879,USD,2
316005___633307,2027-01-07,443,USD,2
316005___633307,2027-01-08,646,USD,2
316005___633307,2027-01-09,646,USD,2
316005___633307,2027-01-10,443,USD,2
316005___633307,2027-01-11,316,USD,2
316005___633307,2027-01-12,316,USD,2
316005___633307,2027-01-13,316,USD,2
316005___633307,2027-01-14,581,USD,2
316005___633307,2027-01-15,842,USD,2
316005___633307,2027-01-16,842,USD,2
316005___633307,2027-01-17,650,USD,2
316005___633307,2027-01-18,416,USD,2
316005___633307,2027-01-19,316,USD,2
316005___633307,2027-01-20,316,USD,2
316005___633307,2027-01-21,443,USD,2
316005___633307,2027-01-22,646,USD,2
316005___633307,2027-01-23,646,USD,2
316005___633307,2027-01-24,443,USD,2
316005___633307,2027-01-25,316,USD,2
316005___633307,2027-01-26,316,USD,2
316005___633307,2027-01-27,316,USD,2
316005___633307,2027-01-28,443,USD,2
316005___633307,2027-01-29,646,USD,2
316005___633307,2027-01-30,646,USD,2
316005___633307,2027-01-31,443,USD,2
316005___633307,2027-02-01,374,USD,2
316005___633307,2027-02-02,374,USD,2
316005___633307,2027-02-03,374,USD,2
316005___633307,2027-02-04,525,USD,2
316005___633307,2027-02-05,760,USD,2
316005___633307,2027-02-06,760,USD,2
316005___633307,2027-02-07,525,USD,2
316005___633307,2027-02-08,374,USD,2
316005___633307,2027-02-09,374,USD,2
316005___633307,2027-02-10,374,USD,2
316005___633307,2027-02-11,525,USD,2
316005___633307,2027-02-12,1380,USD,2
316005___633307,2027-02-13,1380,USD,2
316005___633307,2027-02-14,687,USD,2
316005___633307,2027-02-15,608,USD,2
316005___633307,2027-02-16,374,USD,2
316005___633307,2027-02-17,374,USD,2
316005___633307,2027-02-18,525,USD,2
316005___633307,2027-02-19,760,USD,2
316005___633307,2027-02-20,760,USD,2
316005___633307,2027-02-21,525,USD,2
316005___633307,2027-02-22,374,USD,2
316005___633307,2027-02-23,374,USD,2
316005___633307,2027-02-24,374,USD,2
316005___633307,2027-02-25,525,USD,2
316005___633307,2027-02-26,760,USD,2
316005___633307,2027-02-27,760,USD,2
316005___633307,2027-02-28,525,USD,2
316005___633307,2027-03-01,433,USD,2
316005___633307,2027-03-02,433,USD,2
316005___633307,2027-03-03,433,USD,2
316005___633307,2027-03-04,604,USD,2
316005___633307,2027-03-05,879,USD,2
316005___633307,2027-03-06,879,USD,2
316005___633307,2027-03-07,604,USD,2
316005___633307,2027-03-08,433,USD,2
316005___633307,2027-03-09,433,USD,2
316005___633307,2027-03-10,433,USD,2
316005___633307,2027-03-11,604,USD,2
316005___633307,2027-03-12,1146,USD,2
316005___633307,2027-03-13,1146,USD,2
316005___633307,2027-03-14,728,USD,2
316005___633307,2027-03-15,568,USD,2
316005___633307,2027-03-16,568,USD,2
316005___633307,2027-03-17,568,USD,2
316005___633307,2027-03-18,728,USD,2
316005___633307,2027-03-19,1146,USD,2
316005___633307,2027-03-20,1146,USD,2
316005___633307,2027-03-21,728,USD,2
316005___633307,2027-03-22,433,USD,2
316005___633307,2027-03-23,433,USD,2
316005___633307,2027-03-24,433,USD,2
316005___633307,2027-03-25,604,USD,2
316005___633307,2027-03-26,879,USD,2
316005___633307,2027-03-27,879,USD,2
316005___633307,2027-03-28,604,USD,2
316005___633307,2027-03-29,433,USD,2
316005___633307,2027-03-30,433,USD,2
316005___633307,2027-03-31,433,USD,2
316005___633307,2027-04-01,604,USD,2
316005___633307,2027-04-02,879,USD,2
316005___633307,2027-04-03,879,USD,2
316005___633307,2027-04-04,604,USD,2
316005___633307,2027-04-05,433,USD,2
316005___633307,2027-04-06,433,USD,2
316005___633307,2027-04-07,433,USD,2
316005___633307,2027-04-08,604,USD,2
316005___633307,2027-04-09,879,USD,2
316005___633307,2027-04-10,879,USD,2
316005___633307,2027-04-11,604,USD,2
316005___633307,2027-04-12,433,USD,2
316005___633307,2027-04-13,433,USD,2
316005___633307,2027-04-14,433,USD,2
316005___633307,2027-04-15,604,USD,2
316005___633307,2027-04-16,879,USD,2
316005___633307,2027-04-17,879,USD,2
316005___633307,2027-04-18,604,USD,2
316005___633307,2027-04-19,433,USD,2
316005___633307,2027-04-20,433,USD,2
316005___633307,2027-04-21,433,USD,2
316005___633307,2027-04-22,604,USD,2
316005___633307,2027-04-23,879,USD,2
316005___633307,2027-04-24,879,USD,2
316005___633307,2027-04-25,604,USD,2
316005___633307,2027-04-26,433,USD,2
316005___633307,2027-04-27,433,USD,2
316005___633307,2027-04-28,433,USD,2
316005___633307,2027-04-29,686,USD,2
316005___633307,2027-04-30,994,USD,2
316005___633307,2027-05-01,994,USD,2
316005___633307,2027-05-02,686,USD,2
316005___633307,2027-05-03,492,USD,2
316005___633307,2027-05-04,492,USD,2
316005___633307,2027-05-05,492,USD,2
316005___633307,2027-05-06,686,USD,2
316005___633307,2027-05-07,994,USD,2
316005___633307,2027-05-08,994,USD,2
316005___633307,2027-05-09,686,USD,2
316005___633307,2027-05-10,492,USD,2
316005___633307,2027-05-11,492,USD,2
316005___633307,2027-05-12,492,USD,2
316005___633307,2027-05-13,686,USD,2
316005___633307,2027-05-14,994,USD,2
316005___633307,2027-05-15,994,USD,2
316005___633307,2027-05-16,686,USD,2
316005___633307,2027-05-17,492,USD,2
316005___633307,2027-05-18,492,USD,2
316005___633307,2027-05-19,492,USD,2
316005___633307,2027-05-20,686,USD,2
316005___633307,2027-05-21,994,USD,2
316005___633307,2027-05-22,994,USD,2
316005___633307,2027-05-23,686,USD,2
316005___633307,2027-05-24,492,USD,2
316005___633307,2027-05-25,492,USD,2
316005___633307,2027-05-26,492,USD,2
316005___633307,2027-05-27,686,USD,2
316005___633307,2027-05-28,1246,USD,2
316005___633307,2027-05-29,1246,USD,2
316005___633307,2027-05-30,754,USD,2
316005___633307,2027-06-03,686,USD,2
316005___633307,2027-06-04,994,USD,2
316005___633307,2027-06-05,994,USD,2
316005___633307,2027-06-06,686,USD,2
316005___633307,2027-06-10,686,USD,2
316005___633307,2027-06-11,994,USD,2
316005___633307,2027-06-12,994,USD,2
316005___633307,2027-06-13,686,USD,2
316005___633307,2027-06-17,686,USD,2
316005___633307,2027-06-18,994,USD,2
316005___633307,2027-06-19,994,USD,2
316005___633307,2027-06-20,686,USD,2
316005___633307,2027-06-24,686,USD,2
316005___633307,2027-06-25,994,USD,2
316005___633307,2027-06-26,994,USD,2
316005___633307,2027-06-27,686,USD,2
316005___633307,2027-06-28,492,USD,2
316005___633307,2027-06-29,492,USD,2
316005___633307,2027-06-30,520,USD,2
316005___633307,2027-07-01,808,USD,2
316005___633307,2027-07-02,1216,USD,2
316005___633307,2027-07-03,1220,USD,2
316005___633307,2027-07-04,817,USD,2
316005___633307,2027-07-05,345,USD,2
316005___633307,2027-07-06,347,USD,2
316005___633307,2027-07-07,350,USD,2
316005___633307,2027-07-08,485,USD,2
316005___633307,2027-07-09,706,USD,2
316005___633307,2027-07-10,708,USD,2
316005___633307,2027-07-11,491,USD,2
316005___633307,2027-07-12,356,USD,2
316005___633307,2027-07-13,359,USD,2
316005___633307,2027-07-14,379,USD,2
316005___633307,2027-07-15,496,USD,2
316005___633307,2027-07-16,718,USD,2
316005___633307,2027-07-17,718,USD,2
316005___633307,2027-07-18,496,USD,2
316005___633307,2027-07-19,361,USD,2
316005___633307,2027-07-20,361,USD,2
316005___633307,2027-07-21,361,USD,2
316005___633307,2027-07-22,496,USD,2
316005___633307,2027-07-23,718,USD,2
316005___633307,2027-07-24,718,USD,2
316005___633307,2027-07-25,496,USD,2
316005___633307,2027-07-26,361,USD,2
316005___633307,2027-07-27,361,USD,2
316005___633307,2027-07-28,361,USD,2
316005___633307,2027-07-29,587,USD,2
316005___633307,2027-07-30,718,USD,2
316005___633307,2027-07-31,718,USD,2
316005___633307,2027-08-01,587,USD,2
316005___633307,2027-08-02,424,USD,2
316005___633307,2027-08-03,424,USD,2
316005___633307,2027-08-04,424,USD,2
316005___633307,2027-08-05,587,USD,2
316005___633307,2027-08-06,844,USD,2
316005___633307,2027-08-07,844,USD,2
316005___633307,2027-08-08,587,USD,2
316005___633307,2027-08-09,385,USD,2
316005___633307,2027-08-10,385,USD,2
316005___633307,2027-08-11,385,USD,2
316005___633307,2027-08-12,532,USD,2
316005___633307,2027-08-13,766,USD,2
316005___633307,2027-08-14,766,USD,2
316005___633307,2027-08-15,532,USD,2
316005___633307,2027-08-16,385,USD,2
316005___633307,2027-08-17,385,USD,2
316005___633307,2027-08-18,385,USD,2
316005___633307,2027-08-19,532,USD,2
316005___633307,2027-08-20,766,USD,2
316005___633307,2027-08-21,766,USD,2
316005___633307,2027-08-22,532,USD,2
316005___633307,2027-08-23,385,USD,2
316005___633307,2027-08-24,385,USD,2
316005___633307,2027-08-25,385,USD,2
316005___633307,2027-08-26,561,USD,2
316005___633307,2027-08-27,807,USD,2
316005___633307,2027-08-28,807,USD,2
316005___633307,2027-08-29,561,USD,2
316005___633307,2027-08-30,406,USD,2
316005___633307,2027-08-31,406,USD,2
316005___633307,2027-09-01,406,USD,2
316005___633307,2027-09-02,645,USD,2
316005___633307,2027-09-03,928,USD,2
316005___633307,2027-09-04,928,USD,2
316005___633307,2027-09-05,710,USD,2
316005___633307,2027-09-06,487,USD,2
316005___633307,2027-09-07,406,USD,2
316005___633307,2027-09-08,406,USD,2
316005___633307,2027-09-09,561,USD,2
316005___633307,2027-09-10,807,USD,2
316005___633307,2027-09-11,807,USD,2
316005___633307,2027-09-12,561,USD,2
316005___633307,2027-09-13,406,USD,2
316005___633307,2027-09-14,406,USD,2
316005___633307,2027-09-15,406,USD,2
316005___633307,2027-09-16,561,USD,2
316005___633307,2027-09-17,807,USD,2
316005___633307,2027-09-18,807,USD,2
316005___633307,2027-09-19,561,USD,2
316005___633307,2027-09-20,406,USD,2
316005___633307,2027-09-21,406,USD,2
316005___633307,2027-09-22,406,USD,2
316005___633307,2027-09-23,561,USD,2
316005___633307,2027-09-24,807,USD,2
316005___633307,2027-09-25,807,USD,2
316005___633307,2027-09-26,561,USD,2
316005___633307,2027-09-27,406,USD,2
316005___633307,2027-09-28,406,USD,2
316005___633307,2027-09-29,406,USD,2
316005___633307,2027-09-30,644,USD,2
316005___633307,2027-10-01,930,USD,2
316005___633307,2027-10-02,930,USD,2
316005___633307,2027-10-03,644,USD,2
316005___633307,2027-10-04,467,USD,2
316005___633307,2027-10-05,467,USD,2
316005___633307,2027-10-06,467,USD,2
316005___633307,2027-10-07,644,USD,2
316005___633307,2027-10-08,1069,USD,2
316005___633307,2027-10-09,1069,USD,2
316005___633307,2027-10-10,709,USD,2
316005___633307,2027-10-11,496,USD,2
316005___633307,2027-10-12,467,USD,2
316005___633307,2027-10-13,467,USD,2
316005___633307,2027-10-14,644,USD,2
316005___633307,2027-10-15,930,USD,2
316005___633307,2027-10-16,930,USD,2
316005___633307,2027-10-17,644,USD,2
316005___633307,2027-10-18,467,USD,2
316005___633307,2027-10-19,467,USD,2
316005___633307,2027-10-20,467,USD,2
316005___633307,2027-10-21,644,USD,2
316005___633307,2027-10-22,930,USD,2
316005___633307,2027-10-23,930,USD,2
316005___633307,2027-10-24,644,USD,2
316005___633307,2027-10-25,467,USD,2
316005___633307,2027-10-26,467,USD,2
316005___633307,2027-10-27,467,USD,2
316005___633307,2027-10-28,644,USD,2
316005___633307,2027-10-29,930,USD,2
316005___633307,2027-10-30,930,USD,2
316005___633307,2027-10-31,644,USD,2
316005___633307,2027-11-01,406,USD,2
316005___633307,2027-11-02,406,USD,2
316005___633307,2027-11-03,406,USD,2
316005___633307,2027-11-04,561,USD,2
316005___633307,2027-11-05,807,USD,2
316005___633307,2027-11-06,807,USD,2
316005___633307,2027-11-07,561,USD,2
316005___633307,2027-11-08,406,USD,2
316005___633307,2027-11-09,406,USD,2
316005___633307,2027-11-10,406,USD,2
316005___633307,2027-11-11,561,USD,2
316005___633307,2027-11-12,807,USD,2
316005___633307,2027-11-13,807,USD,2
316005___633307,2027-11-14,561,USD,2
316005___633307,2027-11-15,406,USD,2
316005___633307,2027-11-16,406,USD,2
316005___633307,2027-11-17,406,USD,2
316005___633307,2027-11-18,561,USD,2
316005___633307,2027-11-19,807,USD,2
316005___633307,2027-11-20,807,USD,2
316005___633307,2027-11-21,561,USD,2
316005___633307,2027-11-22,406,USD,2
316005___633307,2027-11-23,406,USD,2
316005___633307,2027-11-24,406,USD,2
316005___633307,2027-11-25,928,USD,2
316005___633307,2027-11-26,807,USD,2
316005___633307,2027-11-27,807,USD,2
316005___633307,2027-11-28,561,USD,2
316005___633307,2027-11-29,406,USD,2
316005___633307,2027-11-30,406,USD,2
316005___633307,2027-12-01,467,USD,2
316005___633307,2027-12-02,644,USD,2
316005___633307,2027-12-03,930,USD,2
316005___633307,2027-12-04,930,USD,2
316005___633307,2027-12-05,644,USD,2
316005___633307,2027-12-06,467,USD,2
316005___633307,2027-12-07,467,USD,2
316005___633307,2027-12-08,467,USD,2
316005___633307,2027-12-09,644,USD,2
316005___633307,2027-12-10,930,USD,2
316005___633307,2027-12-11,930,USD,2
316005___633307,2027-12-12,644,USD,2
316005___633307,2027-12-13,467,USD,2
316005___633307,2027-12-14,467,USD,2
316005___633307,2027-12-15,467,USD,2
316005___633307,2027-12-16,644,USD,2
316005___633307,2027-12-17,1115,USD,2
316005___633307,2027-12-18,1115,USD,2
316005___633307,2027-12-19,741,USD,2
316005___633307,2027-12-20,560,USD,2
316005___633307,2027-12-21,560,USD,2
316005___633307,2027-12-22,560,USD,2
316005___633307,2027-12-23,741,USD,2
316005___633307,2027-12-24,1255,USD,2
316005___633307,2027-12-25,1255,USD,2
316005___633307,2027-12-26,1255,USD,2
316005___633307,2027-12-27,467,USD,2
316005___633307,2027-12-28,467,USD,2
316005___633307,2027-12-29,467,USD,2
316005___633307,2027-12-30,1569,USD,2
316005___633307,2027-12-31,1569,USD,2
316005___633307,2028-01-01,1569,USD,2
316005___633307,2028-01-02,784,USD,2
316005___633307,2028-01-03,345,USD,2
316005___633307,2028-01-04,345,USD,2
316005___633307,2028-01-05,345,USD,2
316005___633307,2028-01-06,476,USD,2
316005___633307,2028-01-07,686,USD,2
316005___633307,2028-01-08,686,USD,2
316005___633307,2028-01-09,476,USD,2
316005___633307,2027-01-04,316,USD,2
316005___633307,2027-01-05,316,USD,2
316005___633307,2027-01-06,316,USD,2
316005___633307,2026-10-23,1083,USD,2
316005___633307,2026-10-24,1083,USD,2
316005___633307,2027-06-21,492,USD,2
316005___633307,2027-06-22,492,USD,2
316005___633307,2027-06-23,492,USD,2
316005___633307,2027-06-14,492,USD,2
316005___633307,2027-06-15,492,USD,2
316005___633307,2027-06-16,492,USD,2
316005___633307,2027-06-07,492,USD,2
316005___633307,2027-06-08,492,USD,2
316005___633307,2027-06-09,492,USD,2
316005___633307,2027-05-31,623,USD,2
316005___633307,2027-06-01,492,USD,2
316005___633307,2027-06-02,492,USD,2
316005___633307,2027-01-03,368,USD,2
316005___633307,2026-11-08,578,USD,1
316005___633307,2026-11-11,349,USD,2
316005___633307,2026-12-07,271,USD,2
316005___633307,2026-12-08,271,USD,2
316005___633307,2026-12-09,271,USD,2
316005___633307,2026-12-14,271,USD,2
316005___633307,2026-12-15,271,USD,2
316005___633307,2026-12-16,271,USD,2
316005___633307,2026-11-29,433,USD,2
316005___633307,2026-12-04,567,USD,2
316005___633307,2026-12-05,567,USD,2
316005___633307,2026-12-11,567,USD,2
316005___633307,2026-12-12,567,USD,2
316005___633307,2026-11-30,260,USD,2
316005___633307,2026-12-01,260,USD,2
316005___633307,2026-12-02,260,USD,2
316005___633307,2026-12-06,353,USD,2
316005___633307,2026-12-03,353,USD,2
316005___633307,2026-12-10,353,USD,2
316005___633307,2026-12-13,353,USD,2
316005___633307,2026-10-13,409,USD,1
316005___633307,2026-10-14,409,USD,1
316005___633307,2027-01-01,629,USD,2
316005___633307,2027-01-02,629,USD,2
316005___633307,2026-09-24,217,USD,1
316005___633307,2026-12-30,709,USD,2
316005___633307,2026-12-28,341,USD,2
316005___633307,2026-12-29,341,USD,2
316005___633307,2026-12-24,706,USD,2
316005___633307,2026-12-25,706,USD,2
316005___633307,2026-12-26,706,USD,2
316005___633307,2026-12-18,616,USD,2
316005___633307,2026-12-19,616,USD,2
316005___633307,2026-12-22,312,USD,2
316005___633307,2026-12-23,312,USD,2
316005___633307,2026-10-12,470,USD,1
316005___633307,2026-10-03,859,USD,2
316005___633307,2026-09-30,240,USD,1
316005___633307,2026-10-19,353,USD,1
316005___633307,2026-10-20,353,USD,1
316005___633307,2026-10-22,692,USD,1
316005___633307,2026-10-25,692,USD,1
316005___633307,2026-09-28,209,USD,1
316005___633307,2026-09-29,209,USD,1
316005___633307,2026-10-01,294,USD,1
316005___633307,2026-10-04,294,USD,1
316005___633307,2026-10-02,729,USD,2
316005___633307,2026-10-05,259,USD,1
316005___633307,2026-10-06,259,USD,1
316005___633307,2026-10-07,259,USD,1
316005___633310,2026-10-08,455,USD,1
316005___633310,2026-10-09,1054,USD,2
316005___633310,2026-10-12,436,USD,1
316005___633310,2026-10-13,436,USD,1
316005___633310,2026-10-15,707,USD,1
316005___633310,2026-10-16,906,USD,2
316005___633310,2026-10-17,906,USD,2
316005___633310,2026-10-18,707,USD,1
316005___633310,2026-10-19,414,USD,1
316005___633310,2026-10-20,414,USD,1
316005___633310,2026-10-21,414,USD,1
316005___633310,2026-10-26,414,USD,1
316005___633310,2026-10-27,414,USD,1
316005___633310,2026-10-28,414,USD,1
316005___633310,2026-10-29,707,USD,2
316005___633310,2026-10-30,931,USD,2
316005___633310,2026-10-31,931,USD,2
316005___633310,2026-11-01,660,USD,2
316005___633310,2026-11-02,414,USD,2
316005___633310,2026-11-03,414,USD,2
316005___633310,2026-11-04,414,USD,2
316005___633310,2026-11-05,751,USD,2
316005___633310,2026-11-08,751,USD,2
316005___633310,2026-11-12,751,USD,2
316005___633310,2026-11-15,751,USD,2
316005___633310,2026-11-16,414,USD,2
316005___633310,2026-11-17,414,USD,2
316005___633310,2026-11-18,414,USD,2
316005___633310,2026-11-19,751,USD,2
316005___633310,2026-11-20,917,USD,2
316005___633310,2026-11-21,917,USD,2
316005___633310,2026-11-22,751,USD,2
316005___633310,2026-11-23,497,USD,2
316005___633310,2026-11-24,497,USD,2
316005___633310,2026-11-25,497,USD,2
316005___633310,2026-11-26,1146,USD,2
316005___633310,2026-11-27,911,USD,2
316005___633310,2026-11-28,823,USD,2
316005___633310,2026-12-17,596,USD,2
316005___633310,2026-12-20,596,USD,2
316005___633310,2026-12-27,525,USD,2
316005___633310,2026-12-31,1178,USD,2
316005___633310,2026-10-23,1344,USD,2
316005___633310,2026-10-24,1344,USD,2
316005___633310,2026-10-22,1142,USD,1
316005___633310,2027-01-07,533,USD,2
316005___633310,2027-01-08,775,USD,2
316005___633310,2027-01-09,775,USD,2
316005___633310,2027-01-10,533,USD,2
316005___633310,2027-01-11,383,USD,2
316005___633310,2027-01-12,383,USD,2
316005___633310,2027-01-13,383,USD,2
316005___633310,2027-01-14,700,USD,2
316005___633310,2027-01-15,1014,USD,2
316005___633310,2027-01-16,1014,USD,2
316005___633310,2027-01-17,783,USD,2
316005___633310,2027-01-18,503,USD,2
316005___633310,2027-01-19,383,USD,2
316005___633310,2027-01-20,383,USD,2
316005___633310,2027-01-21,533,USD,2
316005___633310,2027-01-22,775,USD,2
316005___633310,2027-01-23,775,USD,2
316005___633310,2027-01-24,533,USD,2
316005___633310,2027-01-25,383,USD,2
316005___633310,2027-01-26,383,USD,2
316005___633310,2027-01-27,383,USD,2
316005___633310,2027-01-28,533,USD,2
316005___633310,2027-01-29,775,USD,2
316005___633310,2027-01-30,775,USD,2
316005___633310,2027-01-31,533,USD,2
316005___633310,2027-02-01,453,USD,2
316005___633310,2027-02-02,453,USD,2
316005___633310,2027-02-03,453,USD,2
316005___633310,2027-02-04,630,USD,2
316005___633310,2027-02-05,915,USD,2
316005___633310,2027-02-06,915,USD,2
316005___633310,2027-02-07,630,USD,2
316005___633310,2027-02-08,453,USD,2
316005___633310,2027-02-09,453,USD,2
316005___633310,2027-02-10,453,USD,2
316005___633310,2027-02-11,630,USD,2
316005___633310,2027-02-12,1660,USD,2
316005___633310,2027-02-13,1660,USD,2
316005___633310,2027-02-14,825,USD,2
316005___633310,2027-02-15,733,USD,2
316005___633310,2027-02-16,453,USD,2
316005___633310,2027-02-17,453,USD,2
316005___633310,2027-02-18,630,USD,2
316005___633310,2027-02-19,915,USD,2
316005___633310,2027-02-20,915,USD,2
316005___633310,2027-02-21,630,USD,2
316005___633310,2027-02-22,453,USD,2
316005___633310,2027-02-23,453,USD,2
316005___633310,2027-02-24,453,USD,2
316005___633310,2027-02-25,630,USD,2
316005___633310,2027-02-26,915,USD,2
316005___633310,2027-02-27,915,USD,2
316005___633310,2027-02-28,630,USD,2
316005___633310,2027-03-01,525,USD,2
316005___633310,2027-03-02,525,USD,2
316005___633310,2027-03-03,525,USD,2
316005___633310,2027-03-04,728,USD,2
316005___633310,2027-03-05,1057,USD,2
316005___633310,2027-03-06,1057,USD,2
316005___633310,2027-03-07,728,USD,2
316005___633310,2027-03-08,525,USD,2
316005___633310,2027-03-09,525,USD,2
316005___633310,2027-03-10,525,USD,2
316005___633310,2027-03-11,728,USD,2
316005___633310,2027-03-12,1378,USD,2
316005___633310,2027-03-13,1378,USD,2
316005___633310,2027-03-14,874,USD,2
316005___633310,2027-03-15,686,USD,2
316005___633310,2027-03-16,686,USD,2
316005___633310,2027-03-17,686,USD,2
316005___633310,2027-03-18,874,USD,2
316005___633310,2027-03-19,1378,USD,2
316005___633310,2027-03-20,1378,USD,2
316005___633310,2027-03-21,874,USD,2
316005___633310,2027-03-22,525,USD,2
316005___633310,2027-03-23,525,USD,2
316005___633310,2027-03-24,525,USD,2
316005___633310,2027-03-25,728,USD,2
316005___633310,2027-03-26,1057,USD,2
316005___633310,2027-03-27,1057,USD,2
316005___633310,2027-03-28,728,USD,2
316005___633310,2027-03-29,525,USD,2
316005___633310,2027-03-30,525,USD,2
316005___633310,2027-03-31,525,USD,2
316005___633310,2027-04-01,728,USD,2
316005___633310,2027-04-02,1057,USD,2
316005___633310,2027-04-03,1057,USD,2
316005___633310,2027-04-04,728,USD,2
316005___633310,2027-04-05,525,USD,2
316005___633310,2027-04-06,525,USD,2
316005___633310,2027-04-07,525,USD,2
316005___633310,2027-04-08,728,USD,2
316005___633310,2027-04-09,1057,USD,2
316005___633310,2027-04-10,1057,USD,2
316005___633310,2027-04-11,728,USD,2
316005___633310,2027-04-12,525,USD,2
316005___633310,2027-04-13,525,USD,2
316005___633310,2027-04-14,525,USD,2
316005___633310,2027-04-15,728,USD,2
316005___633310,2027-04-16,1057,USD,2
316005___633310,2027-04-17,1057,USD,2
316005___633310,2027-04-18,728,USD,2
316005___633310,2027-04-19,525,USD,2
316005___633310,2027-04-20,525,USD,2
316005___633310,2027-04-21,525,USD,2
316005___633310,2027-04-22,728,USD,2
316005___633310,2027-04-23,1057,USD,2
316005___633310,2027-04-24,1057,USD,2
316005___633310,2027-04-25,728,USD,2
316005___633310,2027-04-26,525,USD,2
316005___633310,2027-04-27,525,USD,2
316005___633310,2027-04-28,525,USD,2
316005___633310,2027-04-29,825,USD,2
316005___633310,2027-04-30,1197,USD,2
316005___633310,2027-05-01,1197,USD,2
316005___633310,2027-05-02,825,USD,2
316005___633310,2027-05-03,593,USD,2
316005___633310,2027-05-04,593,USD,2
316005___633310,2027-05-05,593,USD,2
316005___633310,2027-05-06,825,USD,2
316005___633310,2027-05-07,1197,USD,2
316005___633310,2027-05-08,1197,USD,2
316005___633310,2027-05-09,825,USD,2
316005___633310,2027-05-10,593,USD,2
316005___633310,2027-05-11,593,USD,2
316005___633310,2027-05-12,593,USD,2
316005___633310,2027-05-13,825,USD,2
316005___633310,2027-05-14,1197,USD,2
316005___633310,2027-05-15,1197,USD,2
316005___633310,2027-05-16,825,USD,2
316005___633310,2027-05-17,593,USD,2
316005___633310,2027-05-18,593,USD,2
316005___633310,2027-05-19,593,USD,2
316005___633310,2027-05-20,825,USD,2
316005___633310,2027-05-21,1197,USD,2
316005___633310,2027-05-22,1197,USD,2
316005___633310,2027-05-23,825,USD,2
316005___633310,2027-05-24,593,USD,2
316005___633310,2027-05-25,593,USD,2
316005___633310,2027-05-26,593,USD,2
316005___633310,2027-05-27,825,USD,2
316005___633310,2027-05-28,1499,USD,2
316005___633310,2027-05-29,1499,USD,2
316005___633310,2027-05-30,908,USD,2
316005___633310,2027-06-03,825,USD,2
316005___633310,2027-06-04,1197,USD,2
316005___633310,2027-06-05,1197,USD,2
316005___633310,2027-06-06,825,USD,2
316005___633310,2027-06-10,825,USD,2
316005___633310,2027-06-11,1197,USD,2
316005___633310,2027-06-12,1197,USD,2
316005___633310,2027-06-13,825,USD,2
316005___633310,2027-06-17,825,USD,2
316005___633310,2027-06-18,1197,USD,2
316005___633310,2027-06-19,1197,USD,2
316005___633310,2027-06-20,825,USD,2
316005___633310,2027-06-24,825,USD,2
316005___633310,2027-06-25,1197,USD,2
316005___633310,2027-06-26,1197,USD,2
316005___633310,2027-06-27,825,USD,2
316005___633310,2027-06-28,593,USD,2
316005___633310,2027-06-29,593,USD,2
316005___633310,2027-06-30,626,USD,2
316005___633310,2027-07-01,973,USD,2
316005___633310,2027-07-02,1461,USD,2
316005___633310,2027-07-03,1465,USD,2
316005___633310,2027-07-04,984,USD,2
316005___633310,2027-07-05,414,USD,2
316005___633310,2027-07-06,416,USD,2
316005___633310,2027-07-07,418,USD,2
316005___633310,2027-07-08,583,USD,2
316005___633310,2027-07-09,846,USD,2
316005___633310,2027-07-10,849,USD,2
316005___633310,2027-07-11,589,USD,2
316005___633310,2027-07-12,428,USD,2
316005___633310,2027-07-13,430,USD,2
316005___633310,2027-07-14,453,USD,2
316005___633310,2027-07-15,596,USD,2
316005___633310,2027-07-16,862,USD,2
316005___633310,2027-07-17,862,USD,2
316005___633310,2027-07-18,596,USD,2
316005___633310,2027-07-19,432,USD,2
316005___633310,2027-07-20,432,USD,2
316005___633310,2027-07-21,432,USD,2
316005___633310,2027-07-22,596,USD,2
316005___633310,2027-07-23,862,USD,2
316005___633310,2027-07-24,862,USD,2
316005___633310,2027-07-25,596,USD,2
316005___633310,2027-07-26,432,USD,2
316005___633310,2027-07-27,432,USD,2
316005___633310,2027-07-28,432,USD,2
316005___633310,2027-07-29,703,USD,2
316005___633310,2027-07-30,862,USD,2
316005___633310,2027-07-31,862,USD,2
316005___633310,2027-08-01,703,USD,2
316005___633310,2027-08-02,509,USD,2
316005___633310,2027-08-03,509,USD,2
316005___633310,2027-08-04,509,USD,2
316005___633310,2027-08-05,703,USD,2
316005___633310,2027-08-06,1013,USD,2
316005___633310,2027-08-07,1013,USD,2
316005___633310,2027-08-08,703,USD,2
316005___633310,2027-08-09,462,USD,2
316005___633310,2027-08-10,462,USD,2
316005___633310,2027-08-11,462,USD,2
316005___633310,2027-08-12,639,USD,2
316005___633310,2027-08-13,920,USD,2
316005___633310,2027-08-14,920,USD,2
316005___633310,2027-08-15,639,USD,2
316005___633310,2027-08-16,462,USD,2
316005___633310,2027-08-17,462,USD,2
316005___633310,2027-08-18,462,USD,2
316005___633310,2027-08-19,639,USD,2
316005___633310,2027-08-20,920,USD,2
316005___633310,2027-08-21,920,USD,2
316005___633310,2027-08-22,639,USD,2
316005___633310,2027-08-23,462,USD,2
316005___633310,2027-08-24,462,USD,2
316005___633310,2027-08-25,462,USD,2
316005___633310,2027-08-26,673,USD,2
316005___633310,2027-08-27,969,USD,2
316005___633310,2027-08-28,969,USD,2
316005___633310,2027-08-29,673,USD,2
316005___633310,2027-08-30,487,USD,2
316005___633310,2027-08-31,487,USD,2
316005___633310,2027-09-01,487,USD,2
316005___633310,2027-09-02,773,USD,2
316005___633310,2027-09-03,1114,USD,2
316005___633310,2027-09-04,1114,USD,2
316005___633310,2027-09-05,851,USD,2
316005___633310,2027-09-06,584,USD,2
316005___633310,2027-09-07,487,USD,2
316005___633310,2027-09-08,487,USD,2
316005___633310,2027-09-09,673,USD,2
316005___633310,2027-09-10,969,USD,2
316005___633310,2027-09-11,969,USD,2
316005___633310,2027-09-12,673,USD,2
316005___633310,2027-09-13,487,USD,2
316005___633310,2027-09-14,487,USD,2
316005___633310,2027-09-15,487,USD,2
316005___633310,2027-09-16,673,USD,2
316005___633310,2027-09-17,969,USD,2
316005___633310,2027-09-18,969,USD,2
316005___633310,2027-09-19,673,USD,2
316005___633310,2027-09-20,487,USD,2
316005___633310,2027-09-21,487,USD,2
316005___633310,2027-09-22,487,USD,2
316005___633310,2027-09-23,673,USD,2
316005___633310,2027-09-24,969,USD,2
316005___633310,2027-09-25,969,USD,2
316005___633310,2027-09-26,673,USD,2
316005___633310,2027-09-27,487,USD,2
316005___633310,2027-09-28,487,USD,2
316005___633310,2027-09-29,487,USD,2
316005___633310,2027-09-30,773,USD,2
316005___633310,2027-10-01,1115,USD,2
316005___633310,2027-10-02,1115,USD,2
316005___633310,2027-10-03,773,USD,2
316005___633310,2027-10-04,560,USD,2
316005___633310,2027-10-05,560,USD,2
316005___633310,2027-10-06,560,USD,2
316005___633310,2027-10-07,773,USD,2
316005___633310,2027-10-08,1283,USD,2
316005___633310,2027-10-09,1283,USD,2
316005___633310,2027-10-10,851,USD,2
316005___633310,2027-10-11,595,USD,2
316005___633310,2027-10-12,560,USD,2
316005___633310,2027-10-13,560,USD,2
316005___633310,2027-10-14,773,USD,2
316005___633310,2027-10-15,1115,USD,2
316005___633310,2027-10-16,1115,USD,2
316005___633310,2027-10-17,773,USD,2
316005___633310,2027-10-18,560,USD,2
316005___633310,2027-10-19,560,USD,2
316005___633310,2027-10-20,560,USD,2
316005___633310,2027-10-21,773,USD,2
316005___633310,2027-10-22,1115,USD,2
316005___633310,2027-10-23,1115,USD,2
316005___633310,2027-10-24,773,USD,2
316005___633310,2027-10-25,560,USD,2
316005___633310,2027-10-26,560,USD,2
316005___633310,2027-10-27,560,USD,2
316005___633310,2027-10-28,773,USD,2
316005___633310,2027-10-29,1115,USD,2
316005___633310,2027-10-30,1115,USD,2
316005___633310,2027-10-31,773,USD,2
316005___633310,2027-11-01,487,USD,2
316005___633310,2027-11-02,487,USD,2
316005___633310,2027-11-03,487,USD,2
316005___633310,2027-11-04,673,USD,2
316005___633310,2027-11-05,969,USD,2
316005___633310,2027-11-06,969,USD,2
316005___633310,2027-11-07,673,USD,2
316005___633310,2027-11-08,487,USD,2
316005___633310,2027-11-09,487,USD,2
316005___633310,2027-11-10,487,USD,2
316005___633310,2027-11-11,673,USD,2
316005___633310,2027-11-12,969,USD,2
316005___633310,2027-11-13,969,USD,2
316005___633310,2027-11-14,673,USD,2
316005___633310,2027-11-15,487,USD,2
316005___633310,2027-11-16,487,USD,2
316005___633310,2027-11-17,487,USD,2
316005___633310,2027-11-18,673,USD,2
316005___633310,2027-11-19,969,USD,2
316005___633310,2027-11-20,969,USD,2
316005___633310,2027-11-21,673,USD,2
316005___633310,2027-11-22,487,USD,2
316005___633310,2027-11-23,487,USD,2
316005___633310,2027-11-24,487,USD,2
316005___633310,2027-11-25,1114,USD,2
316005___633310,2027-11-26,969,USD,2
316005___633310,2027-11-27,969,USD,2
316005___633310,2027-11-28,673,USD,2
316005___633310,2027-11-29,487,USD,2
316005___633310,2027-11-30,487,USD,2
316005___633310,2027-12-01,560,USD,2
316005___633310,2027-12-02,773,USD,2
316005___633310,2027-12-03,1115,USD,2
316005___633310,2027-12-04,1115,USD,2
316005___633310,2027-12-05,773,USD,2
316005___633310,2027-12-06,560,USD,2
316005___633310,2027-12-07,560,USD,2
316005___633310,2027-12-08,560,USD,2
316005___633310,2027-12-09,773,USD,2
316005___633310,2027-12-10,1115,USD,2
316005___633310,2027-12-11,1115,USD,2
316005___633310,2027-12-12,773,USD,2
316005___633310,2027-12-13,560,USD,2
316005___633310,2027-12-14,560,USD,2
316005___633310,2027-12-15,560,USD,2
316005___633310,2027-12-16,773,USD,2
316005___633310,2027-12-17,1339,USD,2
316005___633310,2027-12-18,1339,USD,2
316005___633310,2027-12-19,889,USD,2
316005___633310,2027-12-20,672,USD,2
316005___633310,2027-12-21,672,USD,2
316005___633310,2027-12-22,672,USD,2
316005___633310,2027-12-23,889,USD,2
316005___633310,2027-12-24,1506,USD,2
316005___633310,2027-12-25,1506,USD,2
316005___633310,2027-12-26,1506,USD,2
316005___633310,2027-12-27,560,USD,2
316005___633310,2027-12-28,560,USD,2
316005___633310,2027-12-29,560,USD,2
316005___633310,2027-12-30,1882,USD,2
316005___633310,2027-12-31,1882,USD,2
316005___633310,2028-01-01,1882,USD,2
316005___633310,2028-01-02,941,USD,2
316005___633310,2028-01-03,414,USD,2
316005___633310,2028-01-04,414,USD,2
316005___633310,2028-01-05,414,USD,2
316005___633310,2028-01-06,571,USD,2
316005___633310,2028-01-07,824,USD,2
316005___633310,2028-01-08,824,USD,2
316005___633310,2028-01-09,571,USD,2
316005___633310,2027-01-04,383,USD,2
316005___633310,2027-01-05,383,USD,2
316005___633310,2027-01-06,383,USD,2
316005___633310,2027-06-21,593,USD,2
316005___633310,2027-06-22,593,USD,2
316005___633310,2027-06-23,593,USD,2
316005___633310,2027-06-14,593,USD,2
316005___633310,2027-06-15,593,USD,2
316005___633310,2027-06-16,593,USD,2
316005___633310,2027-06-07,593,USD,2
316005___633310,2027-06-08,593,USD,2
316005___633310,2027-06-09,593,USD,2
316005___633310,2027-05-31,746,USD,2
316005___633310,2027-06-01,593,USD,2
316005___633310,2027-06-02,593,USD,2
316005___633310,2026-10-10,1208,USD,2
316005___633310,2027-01-03,506,USD,2
316005___633310,2026-11-09,521,USD,2
316005___633310,2026-11-10,521,USD,2
316005___633310,2026-11-11,521,USD,2
316005___633310,2026-12-07,336,USD,2
316005___633310,2026-12-08,336,USD,2
316005___633310,2026-12-09,336,USD,2
316005___633310,2026-12-14,319,USD,2
316005___633310,2026-12-15,319,USD,2
316005___633310,2026-12-16,319,USD,2
316005___633310,2026-12-21,370,USD,2
316005___633310,2026-12-22,370,USD,2
316005___633310,2026-12-23,370,USD,2
316005___633310,2026-11-29,558,USD,2
316005___633310,2026-12-04,742,USD,2
316005___633310,2026-12-05,782,USD,2
316005___633310,2026-12-11,742,USD,2
316005___633310,2026-12-12,742,USD,2
316005___633310,2026-11-30,319,USD,2
316005___633310,2026-12-01,319,USD,2
316005___633310,2026-12-02,319,USD,2
316005___633310,2026-12-06,543,USD,2
316005___633310,2026-12-13,515,USD,2
316005___633310,2026-12-10,515,USD,2
316005___633310,2026-10-14,476,USD,1
316005___633310,2026-09-28,303,USD,1
316005___633310,2026-09-29,303,USD,1
316005___633310,2027-01-01,744,USD,2
316005___633310,2027-01-02,744,USD,2
316005___633310,2026-09-24,366,USD,1
316005___633310,2026-12-30,944,USD,2
316005___633310,2026-12-28,474,USD,2
316005___633310,2026-12-29,474,USD,2
316005___633310,2026-12-24,941,USD,2
316005___633310,2026-12-25,941,USD,2
316005___633310,2026-12-26,941,USD,2
316005___633310,2026-12-18,825,USD,2
316005___633310,2026-12-19,825,USD,2
316005___633310,2026-11-06,1115,USD,2
316005___633310,2026-11-07,1229,USD,2
316005___633310,2026-12-03,515,USD,2
316005___633310,2026-10-11,496,USD,1
316005___633310,2026-09-25,725,USD,1
316005___633310,2026-09-26,975,USD,1
316005___633310,2026-10-02,1101,USD,2
316005___633310,2026-10-03,1101,USD,2
316005___633310,2026-11-13,1009,USD,2
316005___633310,2026-11-14,1009,USD,2
316005___633310,2026-09-30,303,USD,1
316005___633310,2026-09-27,279,USD,1
316005___633310,2026-10-25,754,USD,1
316005___633310,2026-10-01,349,USD,1
316005___633310,2026-10-04,349,USD,1
316005___633310,2026-10-05,324,USD,1
316005___633310,2026-10-06,324,USD,1
316005___633310,2026-10-07,324,USD,1
316005___633311,2026-10-04,746,USD,1
316005___633311,2026-10-05,397,USD,2
316005___633311,2026-10-06,397,USD,2
316005___633311,2026-10-07,397,USD,2
316005___633311,2026-10-08,707,USD,1
316005___633311,2026-10-09,1001,USD,2
316005___633311,2026-10-10,1151,USD,2
316005___633311,2026-10-12,414,USD,1
316005___633311,2026-10-13,414,USD,1
316005___633311,2026-10-14,414,USD,1
316005___633311,2026-10-15,707,USD,1
316005___633311,2026-10-16,906,USD,2
316005___633311,2026-10-17,906,USD,2
316005___633311,2026-10-18,707,USD,1
316005___633311,2026-10-19,414,USD,1
316005___633311,2026-10-20,414,USD,1
316005___633311,2026-10-21,414,USD,1
316005___633311,2026-10-26,414,USD,1
316005___633311,2026-10-27,414,USD,1
316005___633311,2026-10-28,414,USD,1
316005___633311,2026-10-29,707,USD,2
316005___633311,2026-10-30,931,USD,2
316005___633311,2026-10-31,931,USD,2
316005___633311,2026-11-01,660,USD,2
316005___633311,2026-11-02,414,USD,2
316005___633311,2026-11-03,414,USD,2
316005___633311,2026-11-04,414,USD,2
316005___633311,2026-11-05,751,USD,2
316005___633311,2026-11-08,751,USD,2
316005___633311,2026-11-12,572,USD,2
316005___633311,2026-11-13,966,USD,2
316005___633311,2026-11-14,966,USD,2
316005___633311,2026-11-15,496,USD,2
316005___633311,2026-11-16,414,USD,2
316005___633311,2026-11-17,414,USD,2
316005___633311,2026-11-18,414,USD,2
316005___633311,2026-11-19,751,USD,2
316005___633311,2026-11-20,917,USD,2
316005___633311,2026-11-21,917,USD,2
316005___633311,2026-11-22,683,USD,2
316005___633311,2026-11-23,415,USD,2
316005___633311,2026-11-24,415,USD,2
316005___633311,2026-11-25,497,USD,2
316005___633311,2026-11-26,1146,USD,2
316005___633311,2026-11-27,911,USD,2
316005___633311,2026-11-28,823,USD,2
316005___633311,2026-12-17,596,USD,2
316005___633311,2026-12-20,596,USD,2
316005___633311,2026-12-27,525,USD,2
316005___633311,2026-12-31,1178,USD,2
316005___633311,2026-10-23,1344,USD,2
316005___633311,2026-10-24,1344,USD,2
316005___633311,2027-01-07,533,USD,2
316005___633311,2027-01-08,775,USD,2
316005___633311,2027-01-09,775,USD,2
316005___633311,2027-01-10,533,USD,2
316005___633311,2027-01-11,383,USD,2
316005___633311,2027-01-12,383,USD,2
316005___633311,2027-01-13,383,USD,2
316005___633311,2027-01-14,700,USD,2
316005___633311,2027-01-15,1014,USD,2
316005___633311,2027-01-16,1014,USD,2
316005___633311,2027-01-17,783,USD,2
316005___633311,2027-01-18,503,USD,2
316005___633311,2027-01-19,383,USD,2
316005___633311,2027-01-20,383,USD,2
316005___633311,2027-01-21,533,USD,2
316005___633311,2027-01-22,775,USD,2
316005___633311,2027-01-23,775,USD,2
316005___633311,2027-01-24,533,USD,2
316005___633311,2027-01-25,383,USD,2
316005___633311,2027-01-26,383,USD,2
316005___633311,2027-01-27,383,USD,2
316005___633311,2027-01-28,533,USD,2
316005___633311,2027-01-29,775,USD,2
316005___633311,2027-01-30,775,USD,2
316005___633311,2027-01-31,533,USD,2
316005___633311,2027-02-01,453,USD,2
316005___633311,2027-02-02,453,USD,2
316005___633311,2027-02-03,453,USD,2
316005___633311,2027-02-04,630,USD,2
316005___633311,2027-02-05,915,USD,2
316005___633311,2027-02-06,915,USD,2
316005___633311,2027-02-07,630,USD,2
316005___633311,2027-02-08,453,USD,2
316005___633311,2027-02-09,453,USD,2
316005___633311,2027-02-10,453,USD,2
316005___633311,2027-02-11,630,USD,2
316005___633311,2027-02-12,1660,USD,2
316005___633311,2027-02-13,1660,USD,2
316005___633311,2027-02-14,825,USD,2
316005___633311,2027-02-15,733,USD,2
316005___633311,2027-02-16,453,USD,2
316005___633311,2027-02-17,453,USD,2
316005___633311,2027-02-18,630,USD,2
316005___633311,2027-02-19,915,USD,2
316005___633311,2027-02-20,915,USD,2
316005___633311,2027-02-21,630,USD,2
316005___633311,2027-02-22,453,USD,2
316005___633311,2027-02-23,453,USD,2
316005___633311,2027-02-24,453,USD,2
316005___633311,2027-02-25,630,USD,2
316005___633311,2027-02-26,915,USD,2
316005___633311,2027-02-27,915,USD,2
316005___633311,2027-02-28,630,USD,2
316005___633311,2027-03-01,525,USD,2
316005___633311,2027-03-02,525,USD,2
316005___633311,2027-03-03,525,USD,2
316005___633311,2027-03-04,728,USD,2
316005___633311,2027-03-05,1057,USD,2
316005___633311,2027-03-06,1057,USD,2
316005___633311,2027-03-07,728,USD,2
316005___633311,2027-03-08,525,USD,2
316005___633311,2027-03-09,525,USD,2
316005___633311,2027-03-10,525,USD,2
316005___633311,2027-03-11,728,USD,2
316005___633311,2027-03-12,1378,USD,2
316005___633311,2027-03-13,1378,USD,2
316005___633311,2027-03-14,874,USD,2
316005___633311,2027-03-15,686,USD,2
316005___633311,2027-03-16,686,USD,2
316005___633311,2027-03-17,686,USD,2
316005___633311,2027-03-18,874,USD,2
316005___633311,2027-03-19,1378,USD,2
316005___633311,2027-03-20,1378,USD,2
316005___633311,2027-03-21,874,USD,2
316005___633311,2027-03-22,525,USD,2
316005___633311,2027-03-23,525,USD,2
316005___633311,2027-03-24,525,USD,2
316005___633311,2027-03-25,728,USD,2
316005___633311,2027-03-26,1057,USD,2
316005___633311,2027-03-27,1057,USD,2
316005___633311,2027-03-28,728,USD,2
316005___633311,2027-03-29,525,USD,2
316005___633311,2027-03-30,525,USD,2
316005___633311,2027-03-31,525,USD,2
316005___633311,2027-04-01,728,USD,2
316005___633311,2027-04-02,1057,USD,2
316005___633311,2027-04-03,1057,USD,2
316005___633311,2027-04-04,728,USD,2
316005___633311,2027-04-05,525,USD,2
316005___633311,2027-04-06,525,USD,2
316005___633311,2027-04-07,525,USD,2
316005___633311,2027-04-08,728,USD,2
316005___633311,2027-04-09,1057,USD,2
316005___633311,2027-04-10,1057,USD,2
316005___633311,2027-04-11,728,USD,2
316005___633311,2027-04-12,525,USD,2
316005___633311,2027-04-13,525,USD,2
316005___633311,2027-04-14,525,USD,2
316005___633311,2027-04-15,728,USD,2
316005___633311,2027-04-16,1057,USD,2
316005___633311,2027-04-17,1057,USD,2
316005___633311,2027-04-18,728,USD,2
316005___633311,2027-04-19,525,USD,2
316005___633311,2027-04-20,525,USD,2
316005___633311,2027-04-21,525,USD,2
316005___633311,2027-04-22,728,USD,2
316005___633311,2027-04-23,1057,USD,2
316005___633311,2027-04-24,1057,USD,2
316005___633311,2027-04-25,728,USD,2
316005___633311,2027-04-26,525,USD,2
316005___633311,2027-04-27,525,USD,2
316005___633311,2027-04-28,525,USD,2
316005___633311,2027-04-29,825,USD,2
316005___633311,2027-04-30,1197,USD,2
316005___633311,2027-05-01,1197,USD,2
316005___633311,2027-05-02,825,USD,2
316005___633311,2027-05-03,593,USD,2
316005___633311,2027-05-04,593,USD,2
316005___633311,2027-05-05,593,USD,2
316005___633311,2027-05-06,825,USD,2
316005___633311,2027-05-07,1197,USD,2
316005___633311,2027-05-08,1197,USD,2
316005___633311,2027-05-09,825,USD,2
316005___633311,2027-05-10,593,USD,2
316005___633311,2027-05-11,593,USD,2
316005___633311,2027-05-12,593,USD,2
316005___633311,2027-05-13,825,USD,2
316005___633311,2027-05-14,1197,USD,2
316005___633311,2027-05-15,1197,USD,2
316005___633311,2027-05-16,825,USD,2
316005___633311,2027-05-17,593,USD,2
316005___633311,2027-05-18,593,USD,2
316005___633311,2027-05-19,593,USD,2
316005___633311,2027-05-20,825,USD,2
316005___633311,2027-05-21,1197,USD,2
316005___633311,2027-05-22,1197,USD,2
316005___633311,2027-05-23,825,USD,2
316005___633311,2027-05-24,593,USD,2
316005___633311,2027-05-25,593,USD,2
316005___633311,2027-05-26,593,USD,2
316005___633311,2027-05-27,825,USD,2
316005___633311,2027-05-28,1499,USD,2
316005___633311,2027-05-29,1499,USD,2
316005___633311,2027-05-30,908,USD,2
316005___633311,2027-06-03,825,USD,2
316005___633311,2027-06-04,1197,USD,2
316005___633311,2027-06-05,1197,USD,2
316005___633311,2027-06-06,825,USD,2
316005___633311,2027-06-10,825,USD,2
316005___633311,2027-06-11,1197,USD,2
316005___633311,2027-06-12,1197,USD,2
316005___633311,2027-06-13,825,USD,2
316005___633311,2027-06-17,825,USD,2
316005___633311,2027-06-18,1197,USD,2
316005___633311,2027-06-19,1197,USD,2
316005___633311,2027-06-20,825,USD,2
316005___633311,2027-06-24,825,USD,2
316005___633311,2027-06-25,1197,USD,2
316005___633311,2027-06-26,1197,USD,2
316005___633311,2027-06-27,825,USD,2
316005___633311,2027-06-28,593,USD,2
316005___633311,2027-06-29,593,USD,2
316005___633311,2027-06-30,626,USD,2
316005___633311,2027-07-01,973,USD,2
316005___633311,2027-07-02,1461,USD,2
316005___633311,2027-07-03,1465,USD,2
316005___633311,2027-07-04,984,USD,2
316005___633311,2027-07-05,414,USD,2
316005___633311,2027-07-06,416,USD,2
316005___633311,2027-07-07,418,USD,2
316005___633311,2027-07-08,583,USD,2
316005___633311,2027-07-09,846,USD,2
316005___633311,2027-07-10,849,USD,2
316005___633311,2027-07-11,589,USD,2
316005___633311,2027-07-12,428,USD,2
316005___633311,2027-07-13,430,USD,2
316005___633311,2027-07-14,453,USD,2
316005___633311,2027-07-15,596,USD,2
316005___633311,2027-07-16,862,USD,2
316005___633311,2027-07-17,862,USD,2
316005___633311,2027-07-18,596,USD,2
316005___633311,2027-07-19,432,USD,2
316005___633311,2027-07-20,432,USD,2
316005___633311,2027-07-21,432,USD,2
316005___633311,2027-07-22,596,USD,2
316005___633311,2027-07-23,862,USD,2
316005___633311,2027-07-24,862,USD,2
316005___633311,2027-07-25,596,USD,2
316005___633311,2027-07-26,432,USD,2
316005___633311,2027-07-27,432,USD,2
316005___633311,2027-07-28,432,USD,2
316005___633311,2027-07-29,703,USD,2
316005___633311,2027-07-30,862,USD,2
316005___633311,2027-07-31,862,USD,2
316005___633311,2027-08-01,703,USD,2
316005___633311,2027-08-02,509,USD,2
316005___633311,2027-08-03,509,USD,2
316005___633311,2027-08-04,509,USD,2
316005___633311,2027-08-05,703,USD,2
316005___633311,2027-08-06,1013,USD,2
316005___633311,2027-08-07,1013,USD,2
316005___633311,2027-08-08,703,USD,2
316005___633311,2027-08-09,462,USD,2
316005___633311,2027-08-10,462,USD,2
316005___633311,2027-08-11,462,USD,2
316005___633311,2027-08-12,639,USD,2
316005___633311,2027-08-13,920,USD,2
316005___633311,2027-08-14,920,USD,2
316005___633311,2027-08-15,639,USD,2
316005___633311,2027-08-16,462,USD,2
316005___633311,2027-08-17,462,USD,2
316005___633311,2027-08-18,462,USD,2
316005___633311,2027-08-19,639,USD,2
316005___633311,2027-08-20,920,USD,2
316005___633311,2027-08-21,920,USD,2
316005___633311,2027-08-22,639,USD,2
316005___633311,2027-08-23,462,USD,2
316005___633311,2027-08-24,462,USD,2
316005___633311,2027-08-25,462,USD,2
316005___633311,2027-08-26,673,USD,2
316005___633311,2027-08-27,969,USD,2
316005___633311,2027-08-28,969,USD,2
316005___633311,2027-08-29,673,USD,2
316005___633311,2027-08-30,487,USD,2
316005___633311,2027-08-31,487,USD,2
316005___633311,2027-09-01,487,USD,2
316005___633311,2027-09-02,773,USD,2
316005___633311,2027-09-03,1114,USD,2
316005___633311,2027-09-04,1114,USD,2
316005___633311,2027-09-05,851,USD,2
316005___633311,2027-09-06,584,USD,2
316005___633311,2027-09-07,487,USD,2
316005___633311,2027-09-08,487,USD,2
316005___633311,2027-09-09,673,USD,2
316005___633311,2027-09-10,969,USD,2
316005___633311,2027-09-11,969,USD,2
316005___633311,2027-09-12,673,USD,2
316005___633311,2027-09-13,487,USD,2
316005___633311,2027-09-14,487,USD,2
316005___633311,2027-09-15,487,USD,2
316005___633311,2027-09-16,673,USD,2
316005___633311,2027-09-17,969,USD,2
316005___633311,2027-09-18,969,USD,2
316005___633311,2027-09-19,673,USD,2
316005___633311,2027-09-20,487,USD,2
316005___633311,2027-09-21,487,USD,2
316005___633311,2027-09-22,487,USD,2
316005___633311,2027-09-23,673,USD,2
316005___633311,2027-09-24,969,USD,2
316005___633311,2027-09-25,969,USD,2
316005___633311,2027-09-26,673,USD,2
316005___633311,2027-09-27,487,USD,2
316005___633311,2027-09-28,487,USD,2
316005___633311,2027-09-29,487,USD,2
316005___633311,2027-09-30,773,USD,2
316005___633311,2027-10-01,1115,USD,2
316005___633311,2027-10-02,1115,USD,2
316005___633311,2027-10-03,773,USD,2
316005___633311,2027-10-04,560,USD,2
316005___633311,2027-10-05,560,USD,2
316005___633311,2027-10-06,560,USD,2
316005___633311,2027-10-07,773,USD,2
316005___633311,2027-10-08,1283,USD,2
316005___633311,2027-10-09,1283,USD,2
316005___633311,2027-10-10,851,USD,2
316005___633311,2027-10-11,595,USD,2
316005___633311,2027-10-12,560,USD,2
316005___633311,2027-10-13,560,USD,2
316005___633311,2027-10-14,773,USD,2
316005___633311,2027-10-15,1115,USD,2
316005___633311,2027-10-16,1115,USD,2
316005___633311,2027-10-17,773,USD,2
316005___633311,2027-10-18,560,USD,2
316005___633311,2027-10-19,560,USD,2
316005___633311,2027-10-20,560,USD,2
316005___633311,2027-10-21,773,USD,2
316005___633311,2027-10-22,1115,USD,2
316005___633311,2027-10-23,1115,USD,2
316005___633311,2027-10-24,773,USD,2
316005___633311,2027-10-25,560,USD,2
316005___633311,2027-10-26,560,USD,2
316005___633311,2027-10-27,560,USD,2
316005___633311,2027-10-28,773,USD,2
316005___633311,2027-10-29,1115,USD,2
316005___633311,2027-10-30,1115,USD,2
316005___633311,2027-10-31,773,USD,2
316005___633311,2027-11-01,487,USD,2
316005___633311,2027-11-02,487,USD,2
316005___633311,2027-11-03,487,USD,2
316005___633311,2027-11-04,673,USD,2
316005___633311,2027-11-05,969,USD,2
316005___633311,2027-11-06,969,USD,2
316005___633311,2027-11-07,673,USD,2
316005___633311,2027-11-08,487,USD,2
316005___633311,2027-11-09,487,USD,2
316005___633311,2027-11-10,487,USD,2
316005___633311,2027-11-11,673,USD,2
316005___633311,2027-11-12,969,USD,2
316005___633311,2027-11-13,969,USD,2
316005___633311,2027-11-14,673,USD,2
316005___633311,2027-11-15,487,USD,2
316005___633311,2027-11-16,487,USD,2
316005___633311,2027-11-17,487,USD,2
316005___633311,2027-11-18,673,USD,2
316005___633311,2027-11-19,969,USD,2
316005___633311,2027-11-20,969,USD,2
316005___633311,2027-11-21,673,USD,2
316005___633311,2027-11-22,487,USD,2
316005___633311,2027-11-23,487,USD,2
316005___633311,2027-11-24,487,USD,2
316005___633311,2027-11-25,1114,USD,2
316005___633311,2027-11-26,969,USD,2
316005___633311,2027-11-27,969,USD,2
316005___633311,2027-11-28,673,USD,2
316005___633311,2027-11-29,487,USD,2
316005___633311,2027-11-30,487,USD,2
316005___633311,2027-12-01,560,USD,2
316005___633311,2027-12-02,773,USD,2
316005___633311,2027-12-03,1115,USD,2
316005___633311,2027-12-04,1115,USD,2
316005___633311,2027-12-05,773,USD,2
316005___633311,2027-12-06,560,USD,2
316005___633311,2027-12-07,560,USD,2
316005___633311,2027-12-08,560,USD,2
316005___633311,2027-12-09,773,USD,2
316005___633311,2027-12-10,1115,USD,2
316005___633311,2027-12-11,1115,USD,2
316005___633311,2027-12-12,773,USD,2
316005___633311,2027-12-13,560,USD,2
316005___633311,2027-12-14,560,USD,2
316005___633311,2027-12-15,560,USD,2
316005___633311,2027-12-16,773,USD,2
316005___633311,2027-12-17,1339,USD,2
316005___633311,2027-12-18,1339,USD,2
316005___633311,2027-12-19,889,USD,2
316005___633311,2027-12-20,672,USD,2
316005___633311,2027-12-21,672,USD,2
316005___633311,2027-12-22,672,USD,2
316005___633311,2027-12-23,889,USD,2
316005___633311,2027-12-24,1506,USD,2
316005___633311,2027-12-25,1506,USD,2
316005___633311,2027-12-26,1506,USD,2
316005___633311,2027-12-27,560,USD,2
316005___633311,2027-12-28,560,USD,2
316005___633311,2027-12-29,560,USD,2
316005___633311,2027-12-30,1882,USD,2
316005___633311,2027-12-31,1882,USD,2
316005___633311,2028-01-01,1882,USD,2
316005___633311,2028-01-02,941,USD,2
316005___633311,2028-01-03,414,USD,2
316005___633311,2028-01-04,414,USD,2
316005___633311,2028-01-05,414,USD,2
316005___633311,2028-01-06,571,USD,2
316005___633311,2028-01-07,824,USD,2
316005___633311,2028-01-08,824,USD,2
316005___633311,2028-01-09,571,USD,2
316005___633311,2027-01-04,383,USD,2
316005___633311,2027-01-05,383,USD,2
316005___633311,2027-01-06,383,USD,2
316005___633311,2027-06-21,593,USD,2
316005___633311,2027-06-22,593,USD,2
316005___633311,2027-06-23,593,USD,2
316005___633311,2027-06-14,593,USD,2
316005___633311,2027-06-15,593,USD,2
316005___633311,2027-06-16,593,USD,2
316005___633311,2027-06-07,593,USD,2
316005___633311,2027-06-08,593,USD,2
316005___633311,2027-06-09,593,USD,2
316005___633311,2027-05-31,746,USD,2
316005___633311,2027-06-01,593,USD,2
316005___633311,2027-06-02,593,USD,2
316005___633311,2027-01-03,506,USD,2
316005___633311,2026-11-09,521,USD,2
316005___633311,2026-11-10,521,USD,2
316005___633311,2026-11-11,521,USD,2
316005___633311,2026-12-07,319,USD,2
316005___633311,2026-12-08,319,USD,2
316005___633311,2026-12-09,319,USD,2
316005___633311,2026-12-14,319,USD,2
316005___633311,2026-12-15,336,USD,2
316005___633311,2026-12-16,336,USD,2
316005___633311,2026-12-21,370,USD,2
316005___633311,2026-12-22,370,USD,2
316005___633311,2026-12-23,370,USD,2
316005___633311,2026-11-29,558,USD,2
316005___633311,2026-12-04,710,USD,2
316005___633311,2026-12-05,710,USD,2
316005___633311,2026-12-11,742,USD,2
316005___633311,2026-12-12,742,USD,2
316005___633311,2026-11-30,319,USD,2
316005___633311,2026-12-01,319,USD,2
316005___633311,2026-12-02,319,USD,2
316005___633311,2026-12-06,515,USD,2
316005___633311,2026-12-03,515,USD,1
316005___633311,2026-12-13,515,USD,2
316005___633311,2026-12-10,515,USD,2
316005___633311,2026-09-28,289,USD,1
316005___633311,2026-09-29,289,USD,1
316005___633311,2027-01-01,744,USD,2
316005___633311,2027-01-02,744,USD,2
316005___633311,2026-12-30,944,USD,2
316005___633311,2026-12-28,474,USD,2
316005___633311,2026-12-29,474,USD,2
316005___633311,2026-12-24,941,USD,2
316005___633311,2026-12-25,941,USD,2
316005___633311,2026-12-26,941,USD,2
316005___633311,2026-12-18,825,USD,2
316005___633311,2026-12-19,825,USD,2
316005___633311,2026-11-06,1115,USD,2
316005___633311,2026-11-07,1229,USD,2
316005___633311,2026-09-26,929,USD,1
316005___633311,2026-10-02,1101,USD,2
316005___633311,2026-10-03,1101,USD,2
316005___633311,2026-09-24,279,USD,1
316005___633311,2026-09-25,494,USD,1
316005___633311,2026-09-27,279,USD,1
316005___633311,2026-10-11,721,USD,1
316005___633311,2026-10-22,754,USD,1
316005___633311,2026-10-25,754,USD,1
316005___633311,2026-09-30,279,USD,1
316005___633311,2026-10-01,349,USD,1
316005___633308,2026-10-08,507,USD,1
316005___633308,2026-10-09,812,USD,2
316005___633308,2026-10-15,507,USD,1
316005___633308,2026-10-16,728,USD,2
316005___633308,2026-10-17,728,USD,2
316005___633308,2026-10-18,507,USD,1
316005___633308,2026-10-19,353,USD,1
316005___633308,2026-10-20,353,USD,1
316005___633308,2026-10-21,353,USD,1
316005___633308,2026-10-26,353,USD,1
316005___633308,2026-10-27,353,USD,1
316005___633308,2026-10-28,353,USD,1
316005___633308,2026-10-29,507,USD,2
316005___633308,2026-10-30,686,USD,2
316005___633308,2026-10-31,686,USD,2
316005___633308,2026-11-01,468,USD,2
316005___633308,2026-11-02,353,USD,2
316005___633308,2026-11-03,353,USD,2
316005___633308,2026-11-04,353,USD,2
316005___633308,2026-11-05,523,USD,2
316005___633308,2026-11-08,523,USD,2
316005___633308,2026-11-12,523,USD,2
316005___633308,2026-11-13,749,USD,2
316005___633308,2026-11-14,749,USD,2
316005___633308,2026-11-15,523,USD,2
316005___633308,2026-11-16,353,USD,2
316005___633308,2026-11-17,353,USD,2
316005___633308,2026-11-18,353,USD,2
316005___633308,2026-11-19,523,USD,2
316005___633308,2026-11-20,681,USD,2
316005___633308,2026-11-21,681,USD,2
316005___633308,2026-11-22,523,USD,2
316005___633308,2026-11-23,424,USD,2
316005___633308,2026-11-24,424,USD,2
316005___633308,2026-11-25,424,USD,2
316005___633308,2026-11-26,845,USD,2
316005___633308,2026-11-27,671,USD,2
316005___633308,2026-11-28,604,USD,2
316005___633308,2026-12-17,414,USD,2
316005___633308,2026-12-20,414,USD,2
316005___633308,2026-12-27,383,USD,2
316005___633308,2026-12-31,879,USD,2
316005___633308,2027-01-07,443,USD,2
316005___633308,2027-01-08,646,USD,2
316005___633308,2027-01-09,646,USD,2
316005___633308,2027-01-10,443,USD,2
316005___633308,2027-01-11,316,USD,2
316005___633308,2027-01-12,316,USD,2
316005___633308,2027-01-13,316,USD,2
316005___633308,2027-01-14,581,USD,2
316005___633308,2027-01-15,842,USD,2
316005___633308,2027-01-16,842,USD,2
316005___633308,2027-01-17,650,USD,2
316005___633308,2027-01-18,416,USD,2
316005___633308,2027-01-19,316,USD,2
316005___633308,2027-01-20,316,USD,2
316005___633308,2027-01-21,443,USD,2
316005___633308,2027-01-22,646,USD,2
316005___633308,2027-01-23,646,USD,2
316005___633308,2027-01-24,443,USD,2
316005___633308,2027-01-25,316,USD,2
316005___633308,2027-01-26,316,USD,2
316005___633308,2027-01-27,316,USD,2
316005___633308,2027-01-28,443,USD,2
316005___633308,2027-01-29,646,USD,2
316005___633308,2027-01-30,646,USD,2
316005___633308,2027-01-31,443,USD,2
316005___633308,2027-02-01,374,USD,2
316005___633308,2027-02-02,374,USD,2
316005___633308,2027-02-03,374,USD,2
316005___633308,2027-02-04,525,USD,2
316005___633308,2027-02-05,760,USD,2
316005___633308,2027-02-06,760,USD,2
316005___633308,2027-02-07,525,USD,2
316005___633308,2027-02-08,374,USD,2
316005___633308,2027-02-09,374,USD,2
316005___633308,2027-02-10,374,USD,2
316005___633308,2027-02-11,525,USD,2
316005___633308,2027-02-12,1380,USD,2
316005___633308,2027-02-13,1380,USD,2
316005___633308,2027-02-14,687,USD,2
316005___633308,2027-02-15,608,USD,2
316005___633308,2027-02-16,374,USD,2
316005___633308,2027-02-17,374,USD,2
316005___633308,2027-02-18,525,USD,2
316005___633308,2027-02-19,760,USD,2
316005___633308,2027-02-20,760,USD,2
316005___633308,2027-02-21,525,USD,2
316005___633308,2027-02-22,374,USD,2
316005___633308,2027-02-23,374,USD,2
316005___633308,2027-02-24,374,USD,2
316005___633308,2027-02-25,525,USD,2
316005___633308,2027-02-26,760,USD,2
316005___633308,2027-02-27,760,USD,2
316005___633308,2027-02-28,525,USD,2
316005___633308,2027-03-01,433,USD,2
316005___633308,2027-03-02,433,USD,2
316005___633308,2027-03-03,433,USD,2
316005___633308,2027-03-04,604,USD,2
316005___633308,2027-03-05,879,USD,2
316005___633308,2027-03-06,879,USD,2
316005___633308,2027-03-07,604,USD,2
316005___633308,2027-03-08,433,USD,2
316005___633308,2027-03-09,433,USD,2
316005___633308,2027-03-10,433,USD,2
316005___633308,2027-03-11,604,USD,2
316005___633308,2027-03-12,1146,USD,2
316005___633308,2027-03-13,1146,USD,2
316005___633308,2027-03-14,728,USD,2
316005___633308,2027-03-15,568,USD,2
316005___633308,2027-03-16,568,USD,2
316005___633308,2027-03-17,568,USD,2
316005___633308,2027-03-18,728,USD,2
316005___633308,2027-03-19,1146,USD,2
316005___633308,2027-03-20,1146,USD,2
316005___633308,2027-03-21,728,USD,2
316005___633308,2027-03-22,433,USD,2
316005___633308,2027-03-23,433,USD,2
316005___633308,2027-03-24,433,USD,2
316005___633308,2027-03-25,604,USD,2
316005___633308,2027-03-26,879,USD,2
316005___633308,2027-03-27,879,USD,2
316005___633308,2027-03-28,604,USD,2
316005___633308,2027-03-29,433,USD,2
316005___633308,2027-03-30,433,USD,2
316005___633308,2027-03-31,433,USD,2
316005___633308,2027-04-01,604,USD,2
316005___633308,2027-04-02,879,USD,2
316005___633308,2027-04-03,879,USD,2
316005___633308,2027-04-04,604,USD,2
316005___633308,2027-04-05,433,USD,2
316005___633308,2027-04-06,433,USD,2
316005___633308,2027-04-07,433,USD,2
316005___633308,2027-04-08,604,USD,2
316005___633308,2027-04-09,879,USD,2
316005___633308,2027-04-10,879,USD,2
316005___633308,2027-04-11,604,USD,2
316005___633308,2027-04-12,433,USD,2
316005___633308,2027-04-13,433,USD,2
316005___633308,2027-04-14,433,USD,2
316005___633308,2027-04-15,604,USD,2
316005___633308,2027-04-16,879,USD,2
316005___633308,2027-04-17,879,USD,2
316005___633308,2027-04-18,604,USD,2
316005___633308,2027-04-19,433,USD,2
316005___633308,2027-04-20,433,USD,2
316005___633308,2027-04-21,433,USD,2
316005___633308,2027-04-22,604,USD,2
316005___633308,2027-04-23,879,USD,2
316005___633308,2027-04-24,879,USD,2
316005___633308,2027-04-25,604,USD,2
316005___633308,2027-04-26,433,USD,2
316005___633308,2027-04-27,433,USD,2
316005___633308,2027-04-28,433,USD,2
316005___633308,2027-04-29,686,USD,2
316005___633308,2027-04-30,994,USD,2
316005___633308,2027-05-01,994,USD,2
316005___633308,2027-05-02,686,USD,2
316005___633308,2027-05-03,492,USD,2
316005___633308,2027-05-04,492,USD,2
316005___633308,2027-05-05,492,USD,2
316005___633308,2027-05-06,686,USD,2
316005___633308,2027-05-07,994,USD,2
316005___633308,2027-05-08,994,USD,2
316005___633308,2027-05-09,686,USD,2
316005___633308,2027-05-10,492,USD,2
316005___633308,2027-05-11,492,USD,2
316005___633308,2027-05-12,492,USD,2
316005___633308,2027-05-13,686,USD,2
316005___633308,2027-05-14,994,USD,2
316005___633308,2027-05-15,994,USD,2
316005___633308,2027-05-16,686,USD,2
316005___633308,2027-05-17,492,USD,2
316005___633308,2027-05-18,492,USD,2
316005___633308,2027-05-19,492,USD,2
316005___633308,2027-05-20,686,USD,2
316005___633308,2027-05-21,994,USD,2
316005___633308,2027-05-22,994,USD,2
316005___633308,2027-05-23,686,USD,2
316005___633308,2027-05-24,492,USD,2
316005___633308,2027-05-25,492,USD,2
316005___633308,2027-05-26,492,USD,2
316005___633308,2027-05-27,686,USD,2
316005___633308,2027-05-28,1246,USD,2
316005___633308,2027-05-29,1246,USD,2
316005___633308,2027-05-30,754,USD,2
316005___633308,2027-06-03,686,USD,2
316005___633308,2027-06-04,994,USD,2
316005___633308,2027-06-05,994,USD,2
316005___633308,2027-06-06,686,USD,2
316005___633308,2027-06-10,686,USD,2
316005___633308,2027-06-11,994,USD,2
316005___633308,2027-06-12,994,USD,2
316005___633308,2027-06-13,686,USD,2
316005___633308,2027-06-17,686,USD,2
316005___633308,2027-06-18,994,USD,2
316005___633308,2027-06-19,994,USD,2
316005___633308,2027-06-20,686,USD,2
316005___633308,2027-06-24,686,USD,2
316005___633308,2027-06-25,994,USD,2
316005___633308,2027-06-26,994,USD,2
316005___633308,2027-06-27,686,USD,2
316005___633308,2027-06-28,492,USD,2
316005___633308,2027-06-29,492,USD,2
316005___633308,2027-06-30,520,USD,2
316005___633308,2027-07-01,808,USD,2
316005___633308,2027-07-02,1216,USD,2
316005___633308,2027-07-03,1220,USD,2
316005___633308,2027-07-04,817,USD,2
316005___633308,2027-07-05,345,USD,2
316005___633308,2027-07-06,347,USD,2
316005___633308,2027-07-07,350,USD,2
316005___633308,2027-07-08,485,USD,2
316005___633308,2027-07-09,706,USD,2
316005___633308,2027-07-10,708,USD,2
316005___633308,2027-07-11,491,USD,2
316005___633308,2027-07-12,356,USD,2
316005___633308,2027-07-13,359,USD,2
316005___633308,2027-07-14,379,USD,2
316005___633308,2027-07-15,496,USD,2
316005___633308,2027-07-16,718,USD,2
316005___633308,2027-07-17,718,USD,2
316005___633308,2027-07-18,496,USD,2
316005___633308,2027-07-19,361,USD,2
316005___633308,2027-07-20,361,USD,2
316005___633308,2027-07-21,361,USD,2
316005___633308,2027-07-22,496,USD,2
316005___633308,2027-07-23,718,USD,2
316005___633308,2027-07-24,718,USD,2
316005___633308,2027-07-25,496,USD,2
316005___633308,2027-07-26,361,USD,2
316005___633308,2027-07-27,361,USD,2
316005___633308,2027-07-28,361,USD,2
316005___633308,2027-07-29,587,USD,2
316005___633308,2027-07-30,718,USD,2
316005___633308,2027-07-31,718,USD,2
316005___633308,2027-08-01,587,USD,2
316005___633308,2027-08-02,424,USD,2
316005___633308,2027-08-03,424,USD,2
316005___633308,2027-08-04,424,USD,2
316005___633308,2027-08-05,587,USD,2
316005___633308,2027-08-06,844,USD,2
316005___633308,2027-08-07,844,USD,2
316005___633308,2027-08-08,587,USD,2
316005___633308,2027-08-09,385,USD,2
316005___633308,2027-08-10,385,USD,2
316005___633308,2027-08-11,385,USD,2
316005___633308,2027-08-12,532,USD,2
316005___633308,2027-08-13,766,USD,2
316005___633308,2027-08-14,766,USD,2
316005___633308,2027-08-15,532,USD,2
316005___633308,2027-08-16,385,USD,2
316005___633308,2027-08-17,385,USD,2
316005___633308,2027-08-18,385,USD,2
316005___633308,2027-08-19,532,USD,2
316005___633308,2027-08-20,766,USD,2
316005___633308,2027-08-21,766,USD,2
316005___633308,2027-08-22,532,USD,2
316005___633308,2027-08-23,385,USD,2
316005___633308,2027-08-24,385,USD,2
316005___633308,2027-08-25,385,USD,2
316005___633308,2027-08-26,561,USD,2
316005___633308,2027-08-27,807,USD,2
316005___633308,2027-08-28,807,USD,2
316005___633308,2027-08-29,561,USD,2
316005___633308,2027-08-30,406,USD,2
316005___633308,2027-08-31,406,USD,2
316005___633308,2027-09-01,406,USD,2
316005___633308,2027-09-02,645,USD,2
316005___633308,2027-09-03,928,USD,2
316005___633308,2027-09-04,928,USD,2
316005___633308,2027-09-05,710,USD,2
316005___633308,2027-09-06,487,USD,2
316005___633308,2027-09-07,406,USD,2
316005___633308,2027-09-08,406,USD,2
316005___633308,2027-09-09,561,USD,2
316005___633308,2027-09-10,807,USD,2
316005___633308,2027-09-11,807,USD,2
316005___633308,2027-09-12,561,USD,2
316005___633308,2027-09-13,406,USD,2
316005___633308,2027-09-14,406,USD,2
316005___633308,2027-09-15,406,USD,2
316005___633308,2027-09-16,561,USD,2
316005___633308,2027-09-17,807,USD,2
316005___633308,2027-09-18,807,USD,2
316005___633308,2027-09-19,561,USD,2
316005___633308,2027-09-20,406,USD,2
316005___633308,2027-09-21,406,USD,2
316005___633308,2027-09-22,406,USD,2
316005___633308,2027-09-23,561,USD,2
316005___633308,2027-09-24,807,USD,2
316005___633308,2027-09-25,807,USD,2
316005___633308,2027-09-26,561,USD,2
316005___633308,2027-09-27,406,USD,2
316005___633308,2027-09-28,406,USD,2
316005___633308,2027-09-29,406,USD,2
316005___633308,2027-09-30,644,USD,2
316005___633308,2027-10-01,930,USD,2
316005___633308,2027-10-02,930,USD,2
316005___633308,2027-10-03,644,USD,2
316005___633308,2027-10-04,467,USD,2
316005___633308,2027-10-05,467,USD,2
316005___633308,2027-10-06,467,USD,2
316005___633308,2027-10-07,644,USD,2
316005___633308,2027-10-08,1069,USD,2
316005___633308,2027-10-09,1069,USD,2
316005___633308,2027-10-10,709,USD,2
316005___633308,2027-10-11,496,USD,2
316005___633308,2027-10-12,467,USD,2
316005___633308,2027-10-13,467,USD,2
316005___633308,2027-10-14,644,USD,2
316005___633308,2027-10-15,930,USD,2
316005___633308,2027-10-16,930,USD,2
316005___633308,2027-10-17,644,USD,2
316005___633308,2027-10-18,467,USD,2
316005___633308,2027-10-19,467,USD,2
316005___633308,2027-10-20,467,USD,2
316005___633308,2027-10-21,644,USD,2
316005___633308,2027-10-22,930,USD,2
316005___633308,2027-10-23,930,USD,2
316005___633308,2027-10-24,644,USD,2
316005___633308,2027-10-25,467,USD,2
316005___633308,2027-10-26,467,USD,2
316005___633308,2027-10-27,467,USD,2
316005___633308,2027-10-28,644,USD,2
316005___633308,2027-10-29,930,USD,2
316005___633308,2027-10-30,930,USD,2
316005___633308,2027-10-31,644,USD,2
316005___633308,2027-11-01,406,USD,2
316005___633308,2027-11-02,406,USD,2
316005___633308,2027-11-03,406,USD,2
316005___633308,2027-11-04,561,USD,2
316005___633308,2027-11-05,807,USD,2
316005___633308,2027-11-06,807,USD,2
316005___633308,2027-11-07,561,USD,2
316005___633308,2027-11-08,406,USD,2
316005___633308,2027-11-09,406,USD,2
316005___633308,2027-11-10,406,USD,2
316005___633308,2027-11-11,561,USD,2
316005___633308,2027-11-12,807,USD,2
316005___633308,2027-11-13,807,USD,2
316005___633308,2027-11-14,561,USD,2
316005___633308,2027-11-15,406,USD,2
316005___633308,2027-11-16,406,USD,2
316005___633308,2027-11-17,406,USD,2
316005___633308,2027-11-18,561,USD,2
316005___633308,2027-11-19,807,USD,2
316005___633308,2027-11-20,807,USD,2
316005___633308,2027-11-21,561,USD,2
316005___633308,2027-11-22,406,USD,2
316005___633308,2027-11-23,406,USD,2
316005___633308,2027-11-24,406,USD,2
316005___633308,2027-11-25,928,USD,2
316005___633308,2027-11-26,807,USD,2
316005___633308,2027-11-27,807,USD,2
316005___633308,2027-11-28,561,USD,2
316005___633308,2027-11-29,406,USD,2
316005___633308,2027-11-30,406,USD,2
316005___633308,2027-12-01,467,USD,2
316005___633308,2027-12-02,644,USD,2
316005___633308,2027-12-03,930,USD,2
316005___633308,2027-12-04,930,USD,2
316005___633308,2027-12-05,644,USD,2
316005___633308,2027-12-06,467,USD,2
316005___633308,2027-12-07,467,USD,2
316005___633308,2027-12-08,467,USD,2
316005___633308,2027-12-09,644,USD,2
316005___633308,2027-12-10,930,USD,2
316005___633308,2027-12-11,930,USD,2
316005___633308,2027-12-12,644,USD,2
316005___633308,2027-12-13,467,USD,2
316005___633308,2027-12-14,467,USD,2
316005___633308,2027-12-15,467,USD,2
316005___633308,2027-12-16,644,USD,2
316005___633308,2027-12-17,1115,USD,2
316005___633308,2027-12-18,1115,USD,2
316005___633308,2027-12-19,741,USD,2
316005___633308,2027-12-20,560,USD,2
316005___633308,2027-12-21,560,USD,2
316005___633308,2027-12-22,560,USD,2
316005___633308,2027-12-23,741,USD,2
316005___633308,2027-12-24,1255,USD,2
316005___633308,2027-12-25,1255,USD,2
316005___633308,2027-12-26,1255,USD,2
316005___633308,2027-12-27,467,USD,2
316005___633308,2027-12-28,467,USD,2
316005___633308,2027-12-29,467,USD,2
316005___633308,2027-12-30,1569,USD,2
316005___633308,2027-12-31,1569,USD,2
316005___633308,2028-01-01,1569,USD,2
316005___633308,2028-01-02,784,USD,2
316005___633308,2028-01-03,345,USD,2
316005___633308,2028-01-04,345,USD,2
316005___633308,2028-01-05,345,USD,2
316005___633308,2028-01-06,476,USD,2
316005___633308,2028-01-07,686,USD,2
316005___633308,2028-01-08,686,USD,2
316005___633308,2028-01-09,476,USD,2
316005___633308,2027-01-04,316,USD,2
316005___633308,2027-01-05,316,USD,2
316005___633308,2027-01-06,316,USD,2
316005___633308,2026-10-11,642,USD,1
316005___633308,2026-10-23,1083,USD,2
316005___633308,2026-10-24,1083,USD,2
316005___633308,2027-06-21,492,USD,2
316005___633308,2027-06-22,492,USD,2
316005___633308,2027-06-23,492,USD,2
316005___633308,2027-06-14,492,USD,2
316005___633308,2027-06-15,492,USD,2
316005___633308,2027-06-16,492,USD,2
316005___633308,2027-06-07,492,USD,2
316005___633308,2027-06-08,492,USD,2
316005___633308,2027-06-09,492,USD,2
316005___633308,2027-05-31,623,USD,2
316005___633308,2027-06-01,492,USD,2
316005___633308,2027-06-02,492,USD,2
316005___633308,2027-01-03,368,USD,2
316005___633308,2026-11-09,476,USD,2
316005___633308,2026-11-10,476,USD,2
316005___633308,2026-11-11,476,USD,2
316005___633308,2026-12-07,271,USD,2
316005___633308,2026-12-08,271,USD,2
316005___633308,2026-12-09,271,USD,2
316005___633308,2026-12-14,271,USD,2
316005___633308,2026-12-15,271,USD,2
316005___633308,2026-12-16,271,USD,2
316005___633308,2026-11-29,433,USD,2
316005___633308,2026-12-04,567,USD,2
316005___633308,2026-12-05,567,USD,2
316005___633308,2026-12-11,567,USD,2
316005___633308,2026-12-12,567,USD,2
316005___633308,2026-11-30,286,USD,2
316005___633308,2026-12-01,271,USD,2
316005___633308,2026-12-02,271,USD,2
316005___633308,2026-12-06,353,USD,2
316005___633308,2026-12-03,353,USD,2
316005___633308,2026-12-10,353,USD,2
316005___633308,2026-12-13,353,USD,2
316005___633308,2026-10-13,409,USD,1
316005___633308,2026-10-14,409,USD,1
316005___633308,2026-10-10,983,USD,2
316005___633308,2027-01-01,629,USD,2
316005___633308,2027-01-02,629,USD,2
316005___633308,2026-09-25,735,USD,1
316005___633308,2026-12-30,709,USD,2
316005___633308,2026-12-28,341,USD,2
316005___633308,2026-12-29,341,USD,2
316005___633308,2026-12-24,706,USD,2
316005___633308,2026-12-25,706,USD,2
316005___633308,2026-12-26,706,USD,2
316005___633308,2026-12-18,616,USD,2
316005___633308,2026-12-19,616,USD,2
316005___633308,2026-12-21,312,USD,2
316005___633308,2026-12-22,312,USD,2
316005___633308,2026-12-23,312,USD,2
316005___633308,2026-11-06,863,USD,2
316005___633308,2026-11-07,949,USD,2
316005___633308,2026-10-12,470,USD,1
316005___633308,2026-09-26,891,USD,1
316005___633308,2026-10-03,859,USD,2
316005___633308,2026-09-24,198,USD,1
316005___633308,2026-09-27,246,USD,1
316005___633308,2026-10-22,692,USD,1
316005___633308,2026-10-25,692,USD,1
316005___633308,2026-09-28,209,USD,1
316005___633308,2026-09-29,209,USD,1
316005___633308,2026-09-30,209,USD,1
316005___633308,2026-10-01,294,USD,1
316005___633308,2026-10-04,294,USD,1
316005___633308,2026-10-02,729,USD,2
316005___633308,2026-10-05,259,USD,1
316005___633308,2026-10-06,259,USD,1
316005___633308,2026-10-07,259,USD,1
316005___633312,2026-10-08,707,USD,1
316005___633312,2026-10-09,1001,USD,2
316005___633312,2026-10-10,1151,USD,2
316005___633312,2026-10-13,436,USD,1
316005___633312,2026-10-14,436,USD,1
316005___633312,2026-10-15,707,USD,1
316005___633312,2026-10-16,906,USD,2
316005___633312,2026-10-17,906,USD,2
316005___633312,2026-10-18,707,USD,1
316005___633312,2026-10-19,414,USD,1
316005___633312,2026-10-20,414,USD,1
316005___633312,2026-10-21,414,USD,1
316005___633312,2026-10-26,414,USD,1
316005___633312,2026-10-27,414,USD,1
316005___633312,2026-10-28,414,USD,1
316005___633312,2026-10-29,707,USD,2
316005___633312,2026-10-30,931,USD,2
316005___633312,2026-10-31,931,USD,2
316005___633312,2026-11-01,660,USD,2
316005___633312,2026-11-02,414,USD,2
316005___633312,2026-11-03,414,USD,2
316005___633312,2026-11-04,414,USD,2
316005___633312,2026-11-05,751,USD,2
316005___633312,2026-11-08,751,USD,2
316005___633312,2026-11-12,751,USD,2
316005___633312,2026-11-15,751,USD,2
316005___633312,2026-11-16,414,USD,2
316005___633312,2026-11-17,414,USD,2
316005___633312,2026-11-18,414,USD,2
316005___633312,2026-11-19,751,USD,2
316005___633312,2026-11-20,917,USD,2
316005___633312,2026-11-21,917,USD,2
316005___633312,2026-11-22,751,USD,2
316005___633312,2026-11-23,497,USD,2
316005___633312,2026-11-24,497,USD,2
316005___633312,2026-11-25,497,USD,2
316005___633312,2026-11-26,1146,USD,2
316005___633312,2026-11-27,911,USD,2
316005___633312,2026-11-28,823,USD,2
316005___633312,2026-12-17,596,USD,2
316005___633312,2026-12-20,596,USD,2
316005___633312,2026-12-27,525,USD,2
316005___633312,2026-12-31,1178,USD,2
316005___633312,2026-10-23,1344,USD,2
316005___633312,2026-10-24,1344,USD,2
316005___633312,2026-10-22,1142,USD,1
316005___633312,2027-01-07,533,USD,2
316005___633312,2027-01-08,775,USD,2
316005___633312,2027-01-09,775,USD,2
316005___633312,2027-01-10,533,USD,2
316005___633312,2027-01-11,383,USD,2
316005___633312,2027-01-12,383,USD,2
316005___633312,2027-01-13,383,USD,2
316005___633312,2027-01-14,700,USD,2
316005___633312,2027-01-15,1014,USD,2
316005___633312,2027-01-16,1014,USD,2
316005___633312,2027-01-17,783,USD,2
316005___633312,2027-01-18,503,USD,2
316005___633312,2027-01-19,383,USD,2
316005___633312,2027-01-20,383,USD,2
316005___633312,2027-01-21,533,USD,2
316005___633312,2027-01-22,775,USD,2
316005___633312,2027-01-23,775,USD,2
316005___633312,2027-01-24,533,USD,2
316005___633312,2027-01-25,383,USD,2
316005___633312,2027-01-26,383,USD,2
316005___633312,2027-01-27,383,USD,2
316005___633312,2027-01-28,533,USD,2
316005___633312,2027-01-29,775,USD,2
316005___633312,2027-01-30,775,USD,2
316005___633312,2027-01-31,533,USD,2
316005___633312,2027-02-01,453,USD,2
316005___633312,2027-02-02,453,USD,2
316005___633312,2027-02-03,453,USD,2
316005___633312,2027-02-04,630,USD,2
316005___633312,2027-02-05,915,USD,2
316005___633312,2027-02-06,915,USD,2
316005___633312,2027-02-07,630,USD,2
316005___633312,2027-02-08,453,USD,2
316005___633312,2027-02-09,453,USD,2
316005___633312,2027-02-10,453,USD,2
316005___633312,2027-02-11,630,USD,2
316005___633312,2027-02-12,1660,USD,2
316005___633312,2027-02-13,1660,USD,2
316005___633312,2027-02-14,825,USD,2
316005___633312,2027-02-15,733,USD,2
316005___633312,2027-02-16,453,USD,2
316005___633312,2027-02-17,453,USD,2
316005___633312,2027-02-18,630,USD,2
316005___633312,2027-02-19,915,USD,2
316005___633312,2027-02-20,915,USD,2
316005___633312,2027-02-21,630,USD,2
316005___633312,2027-02-22,453,USD,2
316005___633312,2027-02-23,453,USD,2
316005___633312,2027-02-24,453,USD,2
316005___633312,2027-02-25,630,USD,2
316005___633312,2027-02-26,915,USD,2
316005___633312,2027-02-27,915,USD,2
316005___633312,2027-02-28,630,USD,2
316005___633312,2027-03-01,525,USD,2
316005___633312,2027-03-02,525,USD,2
316005___633312,2027-03-03,525,USD,2
316005___633312,2027-03-04,728,USD,2
316005___633312,2027-03-05,1057,USD,2
316005___633312,2027-03-06,1057,USD,2
316005___633312,2027-03-07,728,USD,2
316005___633312,2027-03-08,525,USD,2
316005___633312,2027-03-09,525,USD,2
316005___633312,2027-03-10,525,USD,2
316005___633312,2027-03-11,728,USD,2
316005___633312,2027-03-12,1378,USD,2
316005___633312,2027-03-13,1378,USD,2
316005___633312,2027-03-14,874,USD,2
316005___633312,2027-03-15,686,USD,2
316005___633312,2027-03-16,686,USD,2
316005___633312,2027-03-17,686,USD,2
316005___633312,2027-03-18,874,USD,2
316005___633312,2027-03-19,1378,USD,2
316005___633312,2027-03-20,1378,USD,2
316005___633312,2027-03-21,874,USD,2
316005___633312,2027-03-22,525,USD,2
316005___633312,2027-03-23,525,USD,2
316005___633312,2027-03-24,525,USD,2
316005___633312,2027-03-25,728,USD,2
316005___633312,2027-03-26,1057,USD,2
316005___633312,2027-03-27,1057,USD,2
316005___633312,2027-03-28,728,USD,2
316005___633312,2027-03-29,525,USD,2
316005___633312,2027-03-30,525,USD,2
316005___633312,2027-03-31,525,USD,2
316005___633312,2027-04-01,728,USD,2
316005___633312,2027-04-02,1057,USD,2
316005___633312,2027-04-03,1057,USD,2
316005___633312,2027-04-04,728,USD,2
316005___633312,2027-04-05,525,USD,2
316005___633312,2027-04-06,525,USD,2
316005___633312,2027-04-07,525,USD,2
316005___633312,2027-04-08,728,USD,2
316005___633312,2027-04-09,1057,USD,2
316005___633312,2027-04-10,1057,USD,2
316005___633312,2027-04-11,728,USD,2
316005___633312,2027-04-12,525,USD,2
316005___633312,2027-04-13,525,USD,2
316005___633312,2027-04-14,525,USD,2
316005___633312,2027-04-15,728,USD,2
316005___633312,2027-04-16,1057,USD,2
316005___633312,2027-04-17,1057,USD,2
316005___633312,2027-04-18,728,USD,2
316005___633312,2027-04-19,525,USD,2
316005___633312,2027-04-20,525,USD,2
316005___633312,2027-04-21,525,USD,2
316005___633312,2027-04-22,728,USD,2
316005___633312,2027-04-23,1057,USD,2
316005___633312,2027-04-24,1057,USD,2
316005___633312,2027-04-25,728,USD,2
316005___633312,2027-04-26,525,USD,2
316005___633312,2027-04-27,525,USD,2
316005___633312,2027-04-28,525,USD,2
316005___633312,2027-04-29,825,USD,2
316005___633312,2027-04-30,1197,USD,2
316005___633312,2027-05-01,1197,USD,2
316005___633312,2027-05-02,825,USD,2
316005___633312,2027-05-03,593,USD,2
316005___633312,2027-05-04,593,USD,2
316005___633312,2027-05-05,593,USD,2
316005___633312,2027-05-06,825,USD,2
316005___633312,2027-05-07,1197,USD,2
316005___633312,2027-05-08,1197,USD,2
316005___633312,2027-05-09,825,USD,2
316005___633312,2027-05-10,593,USD,2
316005___633312,2027-05-11,593,USD,2
316005___633312,2027-05-12,593,USD,2
316005___633312,2027-05-13,825,USD,2
316005___633312,2027-05-14,1197,USD,2
316005___633312,2027-05-15,1197,USD,2
316005___633312,2027-05-16,825,USD,2
316005___633312,2027-05-17,593,USD,2
316005___633312,2027-05-18,593,USD,2
316005___633312,2027-05-19,593,USD,2
316005___633312,2027-05-20,825,USD,2
316005___633312,2027-05-21,1197,USD,2
316005___633312,2027-05-22,1197,USD,2
316005___633312,2027-05-23,825,USD,2
316005___633312,2027-05-24,593,USD,2
316005___633312,2027-05-25,593,USD,2
316005___633312,2027-05-26,593,USD,2
316005___633312,2027-05-27,825,USD,2
316005___633312,2027-05-28,1499,USD,2
316005___633312,2027-05-29,1499,USD,2
316005___633312,2027-05-30,908,USD,2
316005___633312,2027-06-03,825,USD,2
316005___633312,2027-06-04,1197,USD,2
316005___633312,2027-06-05,1197,USD,2
316005___633312,2027-06-06,825,USD,2
316005___633312,2027-06-10,825,USD,2
316005___633312,2027-06-11,1197,USD,2
316005___633312,2027-06-12,1197,USD,2
316005___633312,2027-06-13,825,USD,2
316005___633312,2027-06-17,825,USD,2
316005___633312,2027-06-18,1197,USD,2
316005___633312,2027-06-19,1197,USD,2
316005___633312,2027-06-20,825,USD,2
316005___633312,2027-06-24,825,USD,2
316005___633312,2027-06-25,1197,USD,2
316005___633312,2027-06-26,1197,USD,2
316005___633312,2027-06-27,825,USD,2
316005___633312,2027-06-28,593,USD,2
316005___633312,2027-06-29,593,USD,2
316005___633312,2027-06-30,626,USD,2
316005___633312,2027-07-01,973,USD,2
316005___633312,2027-07-02,1461,USD,2
316005___633312,2027-07-03,1465,USD,2
316005___633312,2027-07-04,984,USD,2
316005___633312,2027-07-05,414,USD,2
316005___633312,2027-07-06,416,USD,2
316005___633312,2027-07-07,418,USD,2
316005___633312,2027-07-08,583,USD,2
316005___633312,2027-07-09,846,USD,2
316005___633312,2027-07-10,849,USD,2
316005___633312,2027-07-11,589,USD,2
316005___633312,2027-07-12,428,USD,2
316005___633312,2027-07-13,430,USD,2
316005___633312,2027-07-14,453,USD,2
316005___633312,2027-07-15,596,USD,2
316005___633312,2027-07-16,862,USD,2
316005___633312,2027-07-17,862,USD,2
316005___633312,2027-07-18,596,USD,2
316005___633312,2027-07-19,432,USD,2
316005___633312,2027-07-20,432,USD,2
316005___633312,2027-07-21,432,USD,2
316005___633312,2027-07-22,596,USD,2
316005___633312,2027-07-23,862,USD,2
316005___633312,2027-07-24,862,USD,2
316005___633312,2027-07-25,596,USD,2
316005___633312,2027-07-26,432,USD,2
316005___633312,2027-07-27,432,USD,2
316005___633312,2027-07-28,432,USD,2
316005___633312,2027-07-29,703,USD,2
316005___633312,2027-07-30,862,USD,2
316005___633312,2027-07-31,862,USD,2
316005___633312,2027-08-01,703,USD,2
316005___633312,2027-08-02,509,USD,2
316005___633312,2027-08-03,509,USD,2
316005___633312,2027-08-04,509,USD,2
316005___633312,2027-08-05,703,USD,2
316005___633312,2027-08-06,1013,USD,2
316005___633312,2027-08-07,1013,USD,2
316005___633312,2027-08-08,703,USD,2
316005___633312,2027-08-09,462,USD,2
316005___633312,2027-08-10,462,USD,2
316005___633312,2027-08-11,462,USD,2
316005___633312,2027-08-12,639,USD,2
316005___633312,2027-08-13,920,USD,2
316005___633312,2027-08-14,920,USD,2
316005___633312,2027-08-15,639,USD,2
316005___633312,2027-08-16,462,USD,2
316005___633312,2027-08-17,462,USD,2
316005___633312,2027-08-18,462,USD,2
316005___633312,2027-08-19,639,USD,2
316005___633312,2027-08-20,920,USD,2
316005___633312,2027-08-21,920,USD,2
316005___633312,2027-08-22,639,USD,2
316005___633312,2027-08-23,462,USD,2
316005___633312,2027-08-24,462,USD,2
316005___633312,2027-08-25,462,USD,2
316005___633312,2027-08-26,673,USD,2
316005___633312,2027-08-27,969,USD,2
316005___633312,2027-08-28,969,USD,2
316005___633312,2027-08-29,673,USD,2
316005___633312,2027-08-30,487,USD,2
316005___633312,2027-08-31,487,USD,2
316005___633312,2027-09-01,487,USD,2
316005___633312,2027-09-02,773,USD,2
316005___633312,2027-09-03,1114,USD,2
316005___633312,2027-09-04,1114,USD,2
316005___633312,2027-09-05,851,USD,2
316005___633312,2027-09-06,584,USD,2
316005___633312,2027-09-07,487,USD,2
316005___633312,2027-09-08,487,USD,2
316005___633312,2027-09-09,673,USD,2
316005___633312,2027-09-10,969,USD,2
316005___633312,2027-09-11,969,USD,2
316005___633312,2027-09-12,673,USD,2
316005___633312,2027-09-13,487,USD,2
316005___633312,2027-09-14,487,USD,2
316005___633312,2027-09-15,487,USD,2
316005___633312,2027-09-16,673,USD,2
316005___633312,2027-09-17,969,USD,2
316005___633312,2027-09-18,969,USD,2
316005___633312,2027-09-19,673,USD,2
316005___633312,2027-09-20,487,USD,2
316005___633312,2027-09-21,487,USD,2
316005___633312,2027-09-22,487,USD,2
316005___633312,2027-09-23,673,USD,2
316005___633312,2027-09-24,969,USD,2
316005___633312,2027-09-25,969,USD,2
316005___633312,2027-09-26,673,USD,2
316005___633312,2027-09-27,487,USD,2
316005___633312,2027-09-28,487,USD,2
316005___633312,2027-09-29,487,USD,2
316005___633312,2027-09-30,773,USD,2
316005___633312,2027-10-01,1115,USD,2
316005___633312,2027-10-02,1115,USD,2
316005___633312,2027-10-03,773,USD,2
316005___633312,2027-10-04,560,USD,2
316005___633312,2027-10-05,560,USD,2
316005___633312,2027-10-06,560,USD,2
316005___633312,2027-10-07,773,USD,2
316005___633312,2027-10-08,1283,USD,2
316005___633312,2027-10-09,1283,USD,2
316005___633312,2027-10-10,851,USD,2
316005___633312,2027-10-11,595,USD,2
316005___633312,2027-10-12,560,USD,2
316005___633312,2027-10-13,560,USD,2
316005___633312,2027-10-14,773,USD,2
316005___633312,2027-10-15,1115,USD,2
316005___633312,2027-10-16,1115,USD,2
316005___633312,2027-10-17,773,USD,2
316005___633312,2027-10-18,560,USD,2
316005___633312,2027-10-19,560,USD,2
316005___633312,2027-10-20,560,USD,2
316005___633312,2027-10-21,773,USD,2
316005___633312,2027-10-22,1115,USD,2
316005___633312,2027-10-23,1115,USD,2
316005___633312,2027-10-24,773,USD,2
316005___633312,2027-10-25,560,USD,2
316005___633312,2027-10-26,560,USD,2
316005___633312,2027-10-27,560,USD,2
316005___633312,2027-10-28,773,USD,2
316005___633312,2027-10-29,1115,USD,2
316005___633312,2027-10-30,1115,USD,2
316005___633312,2027-10-31,773,USD,2
316005___633312,2027-11-01,487,USD,2
316005___633312,2027-11-02,487,USD,2
316005___633312,2027-11-03,487,USD,2
316005___633312,2027-11-04,673,USD,2
316005___633312,2027-11-05,969,USD,2
316005___633312,2027-11-06,969,USD,2
316005___633312,2027-11-07,673,USD,2
316005___633312,2027-11-08,487,USD,2
316005___633312,2027-11-09,487,USD,2
316005___633312,2027-11-10,487,USD,2
316005___633312,2027-11-11,673,USD,2
316005___633312,2027-11-12,969,USD,2
316005___633312,2027-11-13,969,USD,2
316005___633312,2027-11-14,673,USD,2
316005___633312,2027-11-15,487,USD,2
316005___633312,2027-11-16,487,USD,2
316005___633312,2027-11-17,487,USD,2
316005___633312,2027-11-18,673,USD,2
316005___633312,2027-11-19,969,USD,2
316005___633312,2027-11-20,969,USD,2
316005___633312,2027-11-21,673,USD,2
316005___633312,2027-11-22,487,USD,2
316005___633312,2027-11-23,487,USD,2
316005___633312,2027-11-24,487,USD,2
316005___633312,2027-11-25,1114,USD,2
316005___633312,2027-11-26,969,USD,2
316005___633312,2027-11-27,969,USD,2
316005___633312,2027-11-28,673,USD,2
316005___633312,2027-11-29,487,USD,2
316005___633312,2027-11-30,487,USD,2
316005___633312,2027-12-01,560,USD,2
316005___633312,2027-12-02,773,USD,2
316005___633312,2027-12-03,1115,USD,2
316005___633312,2027-12-04,1115,USD,2
316005___633312,2027-12-05,773,USD,2
316005___633312,2027-12-06,560,USD,2
316005___633312,2027-12-07,560,USD,2
316005___633312,2027-12-08,560,USD,2
316005___633312,2027-12-09,773,USD,2
316005___633312,2027-12-10,1115,USD,2
316005___633312,2027-12-11,1115,USD,2
316005___633312,2027-12-12,773,USD,2
316005___633312,2027-12-13,560,USD,2
316005___633312,2027-12-14,560,USD,2
316005___633312,2027-12-15,560,USD,2
316005___633312,2027-12-16,773,USD,2
316005___633312,2027-12-17,1339,USD,2
316005___633312,2027-12-18,1339,USD,2
316005___633312,2027-12-19,889,USD,2
316005___633312,2027-12-20,672,USD,2
316005___633312,2027-12-21,672,USD,2
316005___633312,2027-12-22,672,USD,2
316005___633312,2027-12-23,889,USD,2
316005___633312,2027-12-24,1506,USD,2
316005___633312,2027-12-25,1506,USD,2
316005___633312,2027-12-26,1506,USD,2
316005___633312,2027-12-27,560,USD,2
316005___633312,2027-12-28,560,USD,2
316005___633312,2027-12-29,560,USD,2
316005___633312,2027-12-30,1882,USD,2
316005___633312,2027-12-31,1882,USD,2
316005___633312,2028-01-01,1882,USD,2
316005___633312,2028-01-02,941,USD,2
316005___633312,2028-01-03,414,USD,2
316005___633312,2028-01-04,414,USD,2
316005___633312,2028-01-05,414,USD,2
316005___633312,2028-01-06,571,USD,2
316005___633312,2028-01-07,824,USD,2
316005___633312,2028-01-08,824,USD,2
316005___633312,2028-01-09,571,USD,2
316005___633312,2027-01-04,383,USD,2
316005___633312,2027-01-05,383,USD,2
316005___633312,2027-01-06,383,USD,2
316005___633312,2027-06-21,593,USD,2
316005___633312,2027-06-22,593,USD,2
316005___633312,2027-06-23,593,USD,2
316005___633312,2027-06-14,593,USD,2
316005___633312,2027-06-15,593,USD,2
316005___633312,2027-06-16,593,USD,2
316005___633312,2027-06-07,593,USD,2
316005___633312,2027-06-08,593,USD,2
316005___633312,2027-06-09,593,USD,2
316005___633312,2027-05-31,746,USD,2
316005___633312,2027-06-01,593,USD,2
316005___633312,2027-06-02,593,USD,2
316005___633312,2027-01-03,506,USD,2
316005___633312,2026-11-09,521,USD,2
316005___633312,2026-11-10,521,USD,2
316005___633312,2026-11-11,521,USD,2
316005___633312,2026-12-07,319,USD,2
316005___633312,2026-12-08,319,USD,2
316005___633312,2026-12-09,319,USD,2
316005___633312,2026-12-14,319,USD,2
316005___633312,2026-12-15,319,USD,2
316005___633312,2026-12-16,319,USD,2
316005___633312,2026-12-21,370,USD,2
316005___633312,2026-12-22,370,USD,2
316005___633312,2026-12-23,370,USD,2
316005___633312,2026-11-29,558,USD,2
316005___633312,2026-12-04,742,USD,2
316005___633312,2026-12-05,742,USD,2
316005___633312,2026-12-11,742,USD,2
316005___633312,2026-12-12,742,USD,2
316005___633312,2026-11-30,319,USD,2
316005___633312,2026-12-01,319,USD,2
316005___633312,2026-12-02,319,USD,2
316005___633312,2026-12-06,515,USD,2
316005___633312,2026-12-03,515,USD,1
316005___633312,2026-12-13,515,USD,2
316005___633312,2026-12-10,515,USD,2
316005___633312,2027-01-01,744,USD,2
316005___633312,2027-01-02,744,USD,2
316005___633312,2026-12-30,944,USD,2
316005___633312,2026-12-28,474,USD,2
316005___633312,2026-12-29,474,USD,2
316005___633312,2026-12-24,941,USD,2
316005___633312,2026-12-25,941,USD,2
316005___633312,2026-12-26,941,USD,2
316005___633312,2026-12-18,825,USD,2
316005___633312,2026-12-19,825,USD,2
316005___633312,2026-11-06,1115,USD,2
316005___633312,2026-11-07,1229,USD,2
316005___633312,2026-10-12,549,USD,1
316005___633312,2026-09-29,349,USD,1
316005___633312,2026-09-26,975,USD,1
316005___633312,2026-10-03,1049,USD,2
316005___633312,2026-11-13,1009,USD,2
316005___633312,2026-11-14,1009,USD,2
316005___633312,2026-09-24,279,USD,1
316005___633312,2026-09-25,494,USD,1
316005___633312,2026-09-27,279,USD,1
316005___633312,2026-10-11,721,USD,1
316005___633312,2026-10-25,754,USD,1
316005___633312,2026-09-30,279,USD,1
316005___633312,2026-09-28,279,USD,1
316005___633312,2026-10-01,464,USD,1
316005___633312,2026-10-04,464,USD,1
316005___633312,2026-10-02,879,USD,2
316005___633312,2026-10-05,324,USD,1
316005___633312,2026-10-06,324,USD,1
316005___633312,2026-10-07,324,USD,1
