Listing ID,PMS Name,Date,Units,No. Booked,No. Blocked,blocking_units,Bookable Units,nightly_revenue,Vacant Units
320203,hostaway,2026-05-24T00:00:00.000000,1,0,0,0,1,0.0,1
320203,hostaway,2026-05-25T00:00:00.000000,1,0,0,0,1,0.0,1
320203,hostaway,2026-05-26T00:00:00.000000,1,1,0,0,1,0.0,0
320203,hostaway,2026-05-27T00:00:00.000000,1,1,0,0,1,0.0,0
320203,hostaway,2026-05-28T00:00:00.000000,1,1,0,0,1,0.0,0
320203,hostaway,2026-05-29T00:00:00.000000,1,1,0,0,1,0.0,0
320203,hostaway,2026-05-30T00:00:00.000000,1,1,0,0,1,0.0,0
320203,hostaway,2026-05-31T00:00:00.000000,1,0,0,0,1,0.0,1
320203,hostaway,2026-06-01T00:00:00.000000,1,1,0,0,1,0.0,0
320203,hostaway,2026-06-02T00:00:00.000000,1,1,0,0,1,0.0,0
320203,hostaway,2026-06-03T00:00:00.000000,1,0,0,0,1,0.0,1
320203,hostaway,2026-06-04T00:00:00.000000,1,1,0,0,1,0.0,0
320203,hostaway,2026-06-05T00:00:00.000000,1,1,0,0,1,0.0,0
320203,hostaway,2026-06-06T00:00:00.000000,1,1,0,0,1,0.0,0
320203,hostaway,2026-06-07T00:00:00.000000,1,0,0,0,1,0.0,1
320203,hostaway,2026-06-08T00:00:00.000000,1,0,0,0,1,0.0,1
320203,hostaway,2026-06-09T00:00:00.000000,1,0,0,0,1,0.0,1
320203,hostaway,2026-06-10T00:00:00.000000,1,1,0,0,1,0.0,0
320203,hostaway,2026-06-11T00:00:00.000000,1,1,0,0,1,0.0,0
320203,hostaway,2026-06-12T00:00:00.000000,1,1,0,0,1,0.0,0
320203,hostaway,2026-06-13T00:00:00.000000,1,1,0,0,1,0.0,0
320203,hostaway,2026-06-14T00:00:00.000000,1,1,0,0,1,0.0,0
320203,hostaway,2026-06-15T00:00:00.000000,1,0,0,0,1,0.0,1
320203,hostaway,2026-06-16T00:00:00.000000,1,1,0,0,1,0.0,0
320203,hostaway,2026-06-17T00:00:00.000000,1,1,0,0,1,0.0,0
320203,hostaway,2026-06-18T00:00:00.000000,1,1,0,0,1,0.0,0
320203,hostaway,2026-06-19T00:00:00.000000,1,1,0,0,1,0.0,0
320203,hostaway,2026-06-20T00:00:00.000000,1,1,0,0,1,0.0,0
320203,hostaway,2026-06-21T00:00:00.000000,1,0,0,0,1,0.0,1
320203,hostaway,2026-06-22T00:00:00.000000,1,1,0,0,1,0.0,0
320203,hostaway,2026-06-23T00:00:00.000000,1,1,0,0,1,187.0,0
320203,hostaway,2026-06-24T00:00:00.000000,1,0,0,0,1,276.0,1
320203,hostaway,2026-06-25T00:00:00.000000,1,1,0,0,1,248.0,0
320203,hostaway,2026-06-26T00:00:00.000000,1,1,0,0,1,464.0,0
320203,hostaway,2026-06-27T00:00:00.000000,1,0,0,0,1,331.0,1
320203,hostaway,2026-06-28T00:00:00.000000,1,1,0,0,1,317.0,0
320203,hostaway,2026-06-29T00:00:00.000000,1,1,0,0,1,187.0,0
320203,hostaway,2026-06-30T00:00:00.000000,1,1,0,0,1,187.0,0
320203,hostaway,2026-07-01T00:00:00.000000,1,1,0,0,1,187.0,0
320203,hostaway,2026-07-02T00:00:00.000000,1,1,0,0,1,334.0,0
320203,hostaway,2026-07-03T00:00:00.000000,1,1,0,0,1,551.0,0
320203,hostaway,2026-07-04T00:00:00.000000,1,1,0,0,1,551.0,0
320203,hostaway,2026-07-05T00:00:00.000000,1,0,0,0,1,301.0,1
320203,hostaway,2026-07-06T00:00:00.000000,1,0,0,0,1,187.0,1
320203,hostaway,2026-07-07T00:00:00.000000,1,0,0,0,1,187.0,1
320203,hostaway,2026-07-08T00:00:00.000000,1,0,0,0,1,187.0,1
320203,hostaway,2026-07-09T00:00:00.000000,1,0,0,0,1,370.0,1
320203,hostaway,2026-07-10T00:00:00.000000,1,0,0,0,1,578.0,1
320203,hostaway,2026-07-11T00:00:00.000000,1,0,0,0,1,578.0,1
320203,hostaway,2026-07-12T00:00:00.000000,1,1,0,0,1,334.0,0
320203,hostaway,2026-07-13T00:00:00.000000,1,1,0,0,1,187.0,0
320203,hostaway,2026-07-14T00:00:00.000000,1,1,0,0,1,187.0,0
320203,hostaway,2026-07-15T00:00:00.000000,1,1,0,0,1,187.0,0
320203,hostaway,2026-07-16T00:00:00.000000,1,1,0,0,1,248.0,0
320203,hostaway,2026-07-17T00:00:00.000000,1,1,0,0,1,412.0,0
320203,hostaway,2026-07-18T00:00:00.000000,1,1,0,0,1,412.0,0
320203,hostaway,2026-07-19T00:00:00.000000,1,0,0,0,1,296.0,1
320203,hostaway,2026-07-20T00:00:00.000000,1,0,0,0,1,187.0,1
320203,hostaway,2026-07-21T00:00:00.000000,1,0,0,0,1,187.0,1
320203,hostaway,2026-07-22T00:00:00.000000,1,0,0,0,1,187.0,1
320203,hostaway,2026-07-23T00:00:00.000000,1,0,0,0,1,255.0,1
320203,hostaway,2026-07-24T00:00:00.000000,1,1,0,0,1,609.0,0
320203,hostaway,2026-07-25T00:00:00.000000,1,1,0,0,1,609.0,0
320203,hostaway,2026-07-26T00:00:00.000000,1,1,0,0,1,296.0,0
320203,hostaway,2026-07-27T00:00:00.000000,1,1,0,0,1,187.0,0
320203,hostaway,2026-07-28T00:00:00.000000,1,1,0,0,1,187.0,0
320203,hostaway,2026-07-29T00:00:00.000000,1,0,0,0,1,187.0,1
320203,hostaway,2026-07-30T00:00:00.000000,1,0,0,0,1,408.0,1
320203,hostaway,2026-07-31T00:00:00.000000,1,0,0,0,1,756.0,1
320203,hostaway,2026-08-01T00:00:00.000000,1,0,0,0,1,756.0,1
320203,hostaway,2026-08-02T00:00:00.000000,1,0,0,0,1,408.0,1
320203,hostaway,2026-08-03T00:00:00.000000,1,0,0,0,1,187.0,1
320203,hostaway,2026-08-04T00:00:00.000000,1,0,0,0,1,187.0,1
320203,hostaway,2026-08-05T00:00:00.000000,1,0,0,0,1,187.0,1
320203,hostaway,2026-08-06T00:00:00.000000,1,1,0,0,1,296.0,0
320203,hostaway,2026-08-07T00:00:00.000000,1,1,0,0,1,474.0,0
320203,hostaway,2026-08-08T00:00:00.000000,1,1,0,0,1,474.0,0
320203,hostaway,2026-08-09T00:00:00.000000,1,0,0,0,1,296.0,1
320203,hostaway,2026-08-10T00:00:00.000000,1,0,0,0,1,187.0,1
320203,hostaway,2026-08-11T00:00:00.000000,1,0,0,0,1,187.0,1
320203,hostaway,2026-08-12T00:00:00.000000,1,0,0,0,1,187.0,1
320203,hostaway,2026-08-13T00:00:00.000000,1,0,0,0,1,397.0,1
320203,hostaway,2026-08-14T00:00:00.000000,1,0,0,0,1,612.0,1
320203,hostaway,2026-08-15T00:00:00.000000,1,0,0,0,1,612.0,1
320203,hostaway,2026-08-16T00:00:00.000000,1,0,0,0,1,397.0,1
320203,hostaway,2026-08-17T00:00:00.000000,1,0,0,0,1,187.0,1
320203,hostaway,2026-08-18T00:00:00.000000,1,0,0,0,1,187.0,1
320203,hostaway,2026-08-19T00:00:00.000000,1,0,0,0,1,187.0,1
320203,hostaway,2026-08-20T00:00:00.000000,1,0,0,0,1,397.0,1
320203,hostaway,2026-08-21T00:00:00.000000,1,0,0,0,1,612.0,1
320203,hostaway,2026-08-22T00:00:00.000000,1,0,0,0,1,612.0,1
320203,hostaway,2026-08-23T00:00:00.000000,1,0,0,0,1,397.0,1
320203,hostaway,2026-08-24T00:00:00.000000,1,0,0,0,1,187.0,1
320203,hostaway,2026-08-25T00:00:00.000000,1,0,0,0,1,187.0,1
320203,hostaway,2026-08-26T00:00:00.000000,1,0,0,0,1,187.0,1
320203,hostaway,2026-08-27T00:00:00.000000,1,0,0,0,1,397.0,1
320203,hostaway,2026-08-28T00:00:00.000000,1,0,0,0,1,612.0,1
320203,hostaway,2026-08-29T00:00:00.000000,1,0,0,0,1,612.0,1
320203,hostaway,2026-08-30T00:00:00.000000,1,0,0,0,1,397.0,1
320203,hostaway,2026-08-31T00:00:00.000000,1,1,0,0,1,221.0,0
320203,hostaway,2026-09-01T00:00:00.000000,1,1,0,0,1,221.0,0
320203,hostaway,2026-09-02T00:00:00.000000,1,0,0,0,1,221.0,1
320203,hostaway,2026-09-03T00:00:00.000000,1,0,0,0,1,429.0,1
320203,hostaway,2026-09-04T00:00:00.000000,1,0,0,0,1,613.0,1
320203,hostaway,2026-09-05T00:00:00.000000,1,1,0,0,1,714.0,0
320203,hostaway,2026-09-06T00:00:00.000000,1,1,0,0,1,449.0,0
320203,hostaway,2026-09-07T00:00:00.000000,1,1,0,0,1,278.0,0
320203,hostaway,2026-09-08T00:00:00.000000,1,0,0,0,1,278.0,1
320203,hostaway,2026-09-09T00:00:00.000000,1,0,0,0,1,278.0,1
320203,hostaway,2026-09-10T00:00:00.000000,1,0,0,0,1,357.0,1
320203,hostaway,2026-09-11T00:00:00.000000,1,1,0,0,1,501.0,0
320203,hostaway,2026-09-12T00:00:00.000000,1,1,0,0,1,501.0,0
320203,hostaway,2026-09-13T00:00:00.000000,1,1,0,0,1,297.0,0
320203,hostaway,2026-09-14T00:00:00.000000,1,0,0,0,1,330.0,1
320203,hostaway,2026-09-15T00:00:00.000000,1,0,0,0,1,330.0,1
320203,hostaway,2026-09-16T00:00:00.000000,1,0,0,0,1,330.0,1
320203,hostaway,2026-09-17T00:00:00.000000,1,1,0,0,1,357.0,0
320203,hostaway,2026-09-18T00:00:00.000000,1,1,0,0,1,664.0,0
320203,hostaway,2026-09-19T00:00:00.000000,1,1,0,0,1,664.0,0
320203,hostaway,2026-09-20T00:00:00.000000,1,0,0,0,1,357.0,1
320203,hostaway,2026-09-21T00:00:00.000000,1,0,0,0,1,330.0,1
320203,hostaway,2026-09-22T00:00:00.000000,1,0,0,0,1,330.0,1
320203,hostaway,2026-09-23T00:00:00.000000,1,0,0,0,1,330.0,1
320203,hostaway,2026-09-24T00:00:00.000000,1,1,0,0,1,297.0,0
320203,hostaway,2026-09-25T00:00:00.000000,1,1,0,0,1,571.0,0
320203,hostaway,2026-09-26T00:00:00.000000,1,1,0,0,1,571.0,0
320203,hostaway,2026-09-27T00:00:00.000000,1,0,0,0,1,357.0,1
320203,hostaway,2026-09-28T00:00:00.000000,1,0,0,0,1,330.0,1
320203,hostaway,2026-09-29T00:00:00.000000,1,0,0,0,1,330.0,1
320203,hostaway,2026-09-30T00:00:00.000000,1,0,0,0,1,330.0,1
320203,hostaway,2026-10-01T00:00:00.000000,1,0,0,0,1,660.0,1
320203,hostaway,2026-10-02T00:00:00.000000,1,0,0,0,1,1149.0,1
320203,hostaway,2026-10-03T00:00:00.000000,1,0,0,0,1,1149.0,1
320203,hostaway,2026-10-04T00:00:00.000000,1,0,0,0,1,660.0,1
320203,hostaway,2026-10-05T00:00:00.000000,1,0,0,0,1,412.0,1
320203,hostaway,2026-10-06T00:00:00.000000,1,0,0,0,1,412.0,1
320203,hostaway,2026-10-07T00:00:00.000000,1,0,0,0,1,412.0,1
320203,hostaway,2026-10-08T00:00:00.000000,1,0,0,0,1,660.0,1
320203,hostaway,2026-10-09T00:00:00.000000,1,1,0,0,1,971.0,0
320203,hostaway,2026-10-10T00:00:00.000000,1,1,0,0,1,971.0,0
320203,hostaway,2026-10-11T00:00:00.000000,1,1,0,0,1,592.0,0
320203,hostaway,2026-10-12T00:00:00.000000,1,1,0,0,1,368.0,0
320203,hostaway,2026-10-13T00:00:00.000000,1,0,0,0,1,368.0,1
320203,hostaway,2026-10-14T00:00:00.000000,1,0,0,0,1,368.0,1
320203,hostaway,2026-10-15T00:00:00.000000,1,0,0,0,1,464.0,1
320203,hostaway,2026-10-16T00:00:00.000000,1,0,0,0,1,852.0,1
320203,hostaway,2026-10-17T00:00:00.000000,1,0,0,0,1,852.0,1
320203,hostaway,2026-10-18T00:00:00.000000,1,0,0,0,1,464.0,1
320203,hostaway,2026-10-19T00:00:00.000000,1,0,0,0,1,368.0,1
320203,hostaway,2026-10-20T00:00:00.000000,1,0,0,0,1,368.0,1
320203,hostaway,2026-10-21T00:00:00.000000,1,0,0,0,1,368.0,1
320203,hostaway,2026-10-22T00:00:00.000000,1,0,0,0,1,1605.0,1
320203,hostaway,2026-10-23T00:00:00.000000,1,0,0,0,1,2341.0,1
320203,hostaway,2026-10-24T00:00:00.000000,1,0,0,0,1,2341.0,1
320203,hostaway,2026-10-25T00:00:00.000000,1,0,0,0,1,1992.0,1
320203,hostaway,2026-10-26T00:00:00.000000,1,0,0,0,1,1605.0,1
320203,hostaway,2026-10-27T00:00:00.000000,1,0,0,0,1,368.0,1
320203,hostaway,2026-10-28T00:00:00.000000,1,0,0,0,1,368.0,1
320203,hostaway,2026-10-29T00:00:00.000000,1,0,0,0,1,590.0,1
320203,hostaway,2026-10-30T00:00:00.000000,1,0,0,0,1,877.0,1
320203,hostaway,2026-10-31T00:00:00.000000,1,0,0,0,1,877.0,1
320203,hostaway,2026-11-01T00:00:00.000000,1,0,0,0,1,590.0,1
320203,hostaway,2026-11-02T00:00:00.000000,1,0,0,0,1,187.0,1
320203,hostaway,2026-11-03T00:00:00.000000,1,0,0,0,1,187.0,1
320203,hostaway,2026-11-04T00:00:00.000000,1,0,0,0,1,187.0,1
320203,hostaway,2026-11-05T00:00:00.000000,1,0,0,0,1,590.0,1
320203,hostaway,2026-11-06T00:00:00.000000,1,0,0,0,1,877.0,1
320203,hostaway,2026-11-07T00:00:00.000000,1,0,0,0,1,877.0,1
320203,hostaway,2026-11-08T00:00:00.000000,1,0,0,0,1,590.0,1
320203,hostaway,2026-11-09T00:00:00.000000,1,0,0,0,1,187.0,1
320203,hostaway,2026-11-10T00:00:00.000000,1,0,0,0,1,187.0,1
320203,hostaway,2026-11-11T00:00:00.000000,1,0,0,0,1,187.0,1
320203,hostaway,2026-11-12T00:00:00.000000,1,0,0,0,1,590.0,1
320203,hostaway,2026-11-13T00:00:00.000000,1,0,0,0,1,877.0,1
320203,hostaway,2026-11-14T00:00:00.000000,1,0,0,0,1,877.0,1
320203,hostaway,2026-11-15T00:00:00.000000,1,0,0,0,1,590.0,1
320203,hostaway,2026-11-16T00:00:00.000000,1,0,0,0,1,187.0,1
320203,hostaway,2026-11-17T00:00:00.000000,1,0,0,0,1,187.0,1
320203,hostaway,2026-11-18T00:00:00.000000,1,0,0,0,1,187.0,1
320203,hostaway,2026-11-19T00:00:00.000000,1,0,0,0,1,590.0,1
320203,hostaway,2026-11-20T00:00:00.000000,1,0,0,0,1,877.0,1
320203,hostaway,2026-11-21T00:00:00.000000,1,0,0,0,1,877.0,1
320203,hostaway,2026-11-22T00:00:00.000000,1,0,0,0,1,590.0,1
320203,hostaway,2026-11-23T00:00:00.000000,1,0,0,0,1,187.0,1
320203,hostaway,2026-11-24T00:00:00.000000,1,0,0,0,1,187.0,1
320203,hostaway,2026-11-25T00:00:00.000000,1,0,0,0,1,187.0,1
320203,hostaway,2026-11-26T00:00:00.000000,1,0,0,0,1,789.0,1
320203,hostaway,2026-11-27T00:00:00.000000,1,0,0,0,1,877.0,1
320203,hostaway,2026-11-28T00:00:00.000000,1,0,0,0,1,877.0,1
320203,hostaway,2026-11-29T00:00:00.000000,1,0,0,0,1,590.0,1
320203,hostaway,2026-11-30T00:00:00.000000,1,0,0,0,1,187.0,1
320203,hostaway,2026-12-01T00:00:00.000000,1,0,0,0,1,187.0,1
320203,hostaway,2026-12-02T00:00:00.000000,1,0,0,0,1,187.0,1
320203,hostaway,2026-12-03T00:00:00.000000,1,0,0,0,1,514.0,1
320203,hostaway,2026-12-04T00:00:00.000000,1,0,0,0,1,666.0,1
320203,hostaway,2026-12-05T00:00:00.000000,1,0,0,0,1,666.0,1
320203,hostaway,2026-12-06T00:00:00.000000,1,0,0,0,1,514.0,1
320203,hostaway,2026-12-07T00:00:00.000000,1,0,0,0,1,187.0,1
320203,hostaway,2026-12-08T00:00:00.000000,1,0,0,0,1,187.0,1
320203,hostaway,2026-12-09T00:00:00.000000,1,0,0,0,1,187.0,1
320203,hostaway,2026-12-10T00:00:00.000000,1,0,0,0,1,514.0,1
320203,hostaway,2026-12-11T00:00:00.000000,1,0,0,0,1,666.0,1
320203,hostaway,2026-12-12T00:00:00.000000,1,0,0,0,1,666.0,1
320203,hostaway,2026-12-13T00:00:00.000000,1,0,0,0,1,514.0,1
320203,hostaway,2026-12-14T00:00:00.000000,1,0,0,0,1,187.0,1
320203,hostaway,2026-12-15T00:00:00.000000,1,0,0,0,1,187.0,1
320203,hostaway,2026-12-16T00:00:00.000000,1,0,0,0,1,187.0,1
320203,hostaway,2026-12-17T00:00:00.000000,1,0,0,0,1,634.0,1
320203,hostaway,2026-12-18T00:00:00.000000,1,0,0,0,1,820.0,1
320203,hostaway,2026-12-19T00:00:00.000000,1,0,0,0,1,820.0,1
320203,hostaway,2026-12-20T00:00:00.000000,1,0,0,0,1,634.0,1
320203,hostaway,2026-12-21T00:00:00.000000,1,0,0,0,1,295.0,1
320203,hostaway,2026-12-22T00:00:00.000000,1,0,0,0,1,295.0,1
320203,hostaway,2026-12-23T00:00:00.000000,1,0,0,0,1,295.0,1
320203,hostaway,2026-12-24T00:00:00.000000,1,0,0,0,1,695.0,1
320203,hostaway,2026-12-25T00:00:00.000000,1,0,0,0,1,901.0,1
320203,hostaway,2026-12-26T00:00:00.000000,1,0,0,0,1,901.0,1
320203,hostaway,2026-12-27T00:00:00.000000,1,0,0,0,1,514.0,1
320203,hostaway,2026-12-28T00:00:00.000000,1,0,0,0,1,412.0,1
320203,hostaway,2026-12-29T00:00:00.000000,1,0,0,0,1,412.0,1
320203,hostaway,2026-12-30T00:00:00.000000,1,0,0,0,1,1264.0,1
320203,hostaway,2026-12-31T00:00:00.000000,1,0,0,0,1,1264.0,1
320203,hostaway,2027-01-01T00:00:00.000000,1,0,0,0,1,613.0,1
320203,hostaway,2027-01-02T00:00:00.000000,1,0,0,0,1,613.0,1
320203,hostaway,2027-01-03T00:00:00.000000,1,0,0,0,1,412.0,1
320203,hostaway,2027-01-04T00:00:00.000000,1,0,0,0,1,294.0,1
320203,hostaway,2027-01-05T00:00:00.000000,1,0,0,0,1,294.0,1
320203,hostaway,2027-01-06T00:00:00.000000,1,0,0,0,1,294.0,1
320203,hostaway,2027-01-07T00:00:00.000000,1,0,0,0,1,338.0,1
320203,hostaway,2027-01-08T00:00:00.000000,1,0,0,0,1,455.0,1
320203,hostaway,2027-01-09T00:00:00.000000,1,0,0,0,1,455.0,1
320203,hostaway,2027-01-10T00:00:00.000000,1,0,0,0,1,319.0,1
320203,hostaway,2027-01-11T00:00:00.000000,1,0,0,0,1,238.0,1
320203,hostaway,2027-01-12T00:00:00.000000,1,0,0,0,1,238.0,1
320203,hostaway,2027-01-13T00:00:00.000000,1,0,0,0,1,238.0,1
320203,hostaway,2027-01-14T00:00:00.000000,1,0,0,0,1,338.0,1
320203,hostaway,2027-01-15T00:00:00.000000,1,0,0,0,1,532.0,1
320203,hostaway,2027-01-16T00:00:00.000000,1,0,0,0,1,532.0,1
320203,hostaway,2027-01-17T00:00:00.000000,1,0,0,0,1,372.0,1
320203,hostaway,2027-01-18T00:00:00.000000,1,0,0,0,1,290.0,1
320203,hostaway,2027-01-19T00:00:00.000000,1,0,0,0,1,238.0,1
320203,hostaway,2027-01-20T00:00:00.000000,1,0,0,0,1,238.0,1
320203,hostaway,2027-01-21T00:00:00.000000,1,0,0,0,1,338.0,1
320203,hostaway,2027-01-22T00:00:00.000000,1,0,0,0,1,455.0,1
320203,hostaway,2027-01-23T00:00:00.000000,1,0,0,0,1,455.0,1
320203,hostaway,2027-01-24T00:00:00.000000,1,0,0,0,1,319.0,1
320203,hostaway,2027-01-25T00:00:00.000000,1,0,0,0,1,238.0,1
320203,hostaway,2027-01-26T00:00:00.000000,1,0,0,0,1,238.0,1
320203,hostaway,2027-01-27T00:00:00.000000,1,0,0,0,1,238.0,1
320203,hostaway,2027-01-28T00:00:00.000000,1,0,0,0,1,338.0,1
320203,hostaway,2027-01-29T00:00:00.000000,1,0,0,0,1,455.0,1
320203,hostaway,2027-01-30T00:00:00.000000,1,0,0,0,1,455.0,1
320203,hostaway,2027-01-31T00:00:00.000000,1,0,0,0,1,319.0,1
320203,hostaway,2027-02-01T00:00:00.000000,1,0,0,0,1,295.0,1
320203,hostaway,2027-02-02T00:00:00.000000,1,0,0,0,1,295.0,1
320203,hostaway,2027-02-03T00:00:00.000000,1,0,0,0,1,295.0,1
320203,hostaway,2027-02-04T00:00:00.000000,1,0,0,0,1,464.0,1
320203,hostaway,2027-02-05T00:00:00.000000,1,0,0,0,1,652.0,1
320203,hostaway,2027-02-06T00:00:00.000000,1,0,0,0,1,652.0,1
320203,hostaway,2027-02-07T00:00:00.000000,1,0,0,0,1,366.0,1
320203,hostaway,2027-02-08T00:00:00.000000,1,0,0,0,1,295.0,1
320203,hostaway,2027-02-09T00:00:00.000000,1,0,0,0,1,295.0,1
320203,hostaway,2027-02-10T00:00:00.000000,1,0,0,0,1,295.0,1
320203,hostaway,2027-02-11T00:00:00.000000,1,0,0,0,1,464.0,1
320203,hostaway,2027-02-12T00:00:00.000000,1,0,0,0,1,756.0,1
320203,hostaway,2027-02-13T00:00:00.000000,1,0,0,0,1,756.0,1
320203,hostaway,2027-02-14T00:00:00.000000,1,0,0,0,1,424.0,1
320203,hostaway,2027-02-15T00:00:00.000000,1,0,0,0,1,337.0,1
320203,hostaway,2027-02-16T00:00:00.000000,1,0,0,0,1,295.0,1
320203,hostaway,2027-02-17T00:00:00.000000,1,0,0,0,1,295.0,1
320203,hostaway,2027-02-18T00:00:00.000000,1,0,0,0,1,464.0,1
320203,hostaway,2027-02-19T00:00:00.000000,1,1,0,0,1,652.0,0
320203,hostaway,2027-02-20T00:00:00.000000,1,1,0,0,1,652.0,0
320203,hostaway,2027-02-21T00:00:00.000000,1,1,0,0,1,366.0,0
320203,hostaway,2027-02-22T00:00:00.000000,1,0,0,0,1,295.0,1
320203,hostaway,2027-02-23T00:00:00.000000,1,0,0,0,1,295.0,1
320203,hostaway,2027-02-24T00:00:00.000000,1,0,0,0,1,295.0,1
320203,hostaway,2027-02-25T00:00:00.000000,1,0,0,0,1,464.0,1
320203,hostaway,2027-02-26T00:00:00.000000,1,0,0,0,1,652.0,1
320203,hostaway,2027-02-27T00:00:00.000000,1,0,0,0,1,652.0,1
320203,hostaway,2027-02-28T00:00:00.000000,1,0,0,0,1,366.0,1
320203,hostaway,2027-03-01T00:00:00.000000,1,0,0,0,1,295.0,1
320203,hostaway,2027-03-02T00:00:00.000000,1,0,0,0,1,295.0,1
320203,hostaway,2027-03-03T00:00:00.000000,1,0,0,0,1,295.0,1
320203,hostaway,2027-03-04T00:00:00.000000,1,0,0,0,1,495.0,1
320203,hostaway,2027-03-05T00:00:00.000000,1,0,0,0,1,784.0,1
320203,hostaway,2027-03-06T00:00:00.000000,1,0,0,0,1,784.0,1
320203,hostaway,2027-03-07T00:00:00.000000,1,0,0,0,1,428.0,1
320203,hostaway,2027-03-08T00:00:00.000000,1,0,0,0,1,383.0,1
320203,hostaway,2027-03-09T00:00:00.000000,1,0,0,0,1,383.0,1
320203,hostaway,2027-03-10T00:00:00.000000,1,0,0,0,1,383.0,1
320203,hostaway,2027-03-11T00:00:00.000000,1,0,0,0,1,495.0,1
320203,hostaway,2027-03-12T00:00:00.000000,1,0,0,0,1,1111.0,1
320203,hostaway,2027-03-13T00:00:00.000000,1,0,0,0,1,1111.0,1
320203,hostaway,2027-03-14T00:00:00.000000,1,0,0,0,1,613.0,1
320203,hostaway,2027-03-15T00:00:00.000000,1,0,0,0,1,552.0,1
320203,hostaway,2027-03-16T00:00:00.000000,1,0,0,0,1,552.0,1
320203,hostaway,2027-03-17T00:00:00.000000,1,0,0,0,1,552.0,1
320203,hostaway,2027-03-18T00:00:00.000000,1,0,0,0,1,705.0,1
320203,hostaway,2027-03-19T00:00:00.000000,1,0,0,0,1,1111.0,1
320203,hostaway,2027-03-20T00:00:00.000000,1,0,0,0,1,1111.0,1
320203,hostaway,2027-03-21T00:00:00.000000,1,0,0,0,1,613.0,1
320203,hostaway,2027-03-22T00:00:00.000000,1,0,0,0,1,383.0,1
320203,hostaway,2027-03-23T00:00:00.000000,1,0,0,0,1,383.0,1
320203,hostaway,2027-03-24T00:00:00.000000,1,0,0,0,1,383.0,1
320203,hostaway,2027-03-25T00:00:00.000000,1,0,0,0,1,495.0,1
320203,hostaway,2027-03-26T00:00:00.000000,1,0,0,0,1,784.0,1
320203,hostaway,2027-03-27T00:00:00.000000,1,0,0,0,1,784.0,1
320203,hostaway,2027-03-28T00:00:00.000000,1,0,0,0,1,428.0,1
320203,hostaway,2027-03-29T00:00:00.000000,1,0,0,0,1,383.0,1
320203,hostaway,2027-03-30T00:00:00.000000,1,0,0,0,1,383.0,1
320203,hostaway,2027-03-31T00:00:00.000000,1,0,0,0,1,383.0,1
320203,hostaway,2027-04-01T00:00:00.000000,1,0,0,0,1,484.0,1
320203,hostaway,2027-04-02T00:00:00.000000,1,0,0,0,1,687.0,1
320203,hostaway,2027-04-03T00:00:00.000000,1,0,0,0,1,687.0,1
320203,hostaway,2027-04-04T00:00:00.000000,1,0,0,0,1,412.0,1
320203,hostaway,2027-04-05T00:00:00.000000,1,0,0,0,1,330.0,1
320203,hostaway,2027-04-06T00:00:00.000000,1,0,0,0,1,330.0,1
320203,hostaway,2027-04-07T00:00:00.000000,1,0,0,0,1,330.0,1
320203,hostaway,2027-04-08T00:00:00.000000,1,0,0,0,1,484.0,1
320203,hostaway,2027-04-09T00:00:00.000000,1,0,0,0,1,687.0,1
320203,hostaway,2027-04-10T00:00:00.000000,1,0,0,0,1,687.0,1
320203,hostaway,2027-04-11T00:00:00.000000,1,0,0,0,1,412.0,1
320203,hostaway,2027-04-12T00:00:00.000000,1,0,0,0,1,330.0,1
320203,hostaway,2027-04-13T00:00:00.000000,1,0,0,0,1,330.0,1
320203,hostaway,2027-04-14T00:00:00.000000,1,0,0,0,1,330.0,1
320203,hostaway,2027-04-15T00:00:00.000000,1,0,0,0,1,484.0,1
320203,hostaway,2027-04-16T00:00:00.000000,1,0,0,0,1,687.0,1
320203,hostaway,2027-04-17T00:00:00.000000,1,0,0,0,1,687.0,1
320203,hostaway,2027-04-18T00:00:00.000000,1,0,0,0,1,412.0,1
320203,hostaway,2027-04-19T00:00:00.000000,1,0,0,0,1,330.0,1
320203,hostaway,2027-04-20T00:00:00.000000,1,0,0,0,1,330.0,1
320203,hostaway,2027-04-21T00:00:00.000000,1,0,0,0,1,330.0,1
320203,hostaway,2027-04-22T00:00:00.000000,1,0,0,0,1,484.0,1
320203,hostaway,2027-04-23T00:00:00.000000,1,0,0,0,1,687.0,1
320203,hostaway,2027-04-24T00:00:00.000000,1,0,0,0,1,687.0,1
320203,hostaway,2027-04-25T00:00:00.000000,1,0,0,0,1,412.0,1
320203,hostaway,2027-04-26T00:00:00.000000,1,0,0,0,1,330.0,1
320203,hostaway,2027-04-27T00:00:00.000000,1,0,0,0,1,330.0,1
320203,hostaway,2027-04-28T00:00:00.000000,1,0,0,0,1,330.0,1
320203,hostaway,2027-04-29T00:00:00.000000,1,0,0,0,1,484.0,1
320203,hostaway,2027-04-30T00:00:00.000000,1,0,0,0,1,687.0,1
320203,hostaway,2027-05-01T00:00:00.000000,1,0,0,0,1,687.0,1
320203,hostaway,2027-05-02T00:00:00.000000,1,0,0,0,1,412.0,1
320203,hostaway,2027-05-03T00:00:00.000000,1,0,0,0,1,397.0,1
320203,hostaway,2027-05-04T00:00:00.000000,1,0,0,0,1,397.0,1
320203,hostaway,2027-05-05T00:00:00.000000,1,0,0,0,1,397.0,1
320203,hostaway,2027-05-06T00:00:00.000000,1,0,0,0,1,547.0,1
320203,hostaway,2027-05-07T00:00:00.000000,1,0,0,0,1,720.0,1
320203,hostaway,2027-05-08T00:00:00.000000,1,0,0,0,1,720.0,1
320203,hostaway,2027-05-09T00:00:00.000000,1,0,0,0,1,494.0,1
320203,hostaway,2027-05-10T00:00:00.000000,1,0,0,0,1,397.0,1
320203,hostaway,2027-05-11T00:00:00.000000,1,0,0,0,1,397.0,1
320203,hostaway,2027-05-12T00:00:00.000000,1,0,0,0,1,397.0,1
320203,hostaway,2027-05-13T00:00:00.000000,1,0,0,0,1,547.0,1
320203,hostaway,2027-05-14T00:00:00.000000,1,0,0,0,1,720.0,1
320203,hostaway,2027-05-15T00:00:00.000000,1,0,0,0,1,720.0,1
320203,hostaway,2027-05-16T00:00:00.000000,1,0,0,0,1,494.0,1
320203,hostaway,2027-05-17T00:00:00.000000,1,0,0,0,1,397.0,1
320203,hostaway,2027-05-18T00:00:00.000000,1,0,0,0,1,397.0,1
320203,hostaway,2027-05-19T00:00:00.000000,1,0,0,0,1,397.0,1
320203,hostaway,2027-05-20T00:00:00.000000,1,0,0,0,1,547.0,1
320203,hostaway,2027-05-21T00:00:00.000000,1,0,0,0,1,720.0,1
320203,hostaway,2027-05-22T00:00:00.000000,1,0,0,0,1,687.0,1
320203,hostaway,2027-05-23T00:00:00.000000,1,0,0,0,1,468.0,1
320203,hostaway,2027-05-24T00:00:00.000000,1,0,0,0,1,381.0,1
320203,hostaway,2027-05-25T00:00:00.000000,1,0,0,0,1,383.0,1
320203,hostaway,2027-05-26T00:00:00.000000,1,0,0,0,1,383.0,1
320203,hostaway,2027-05-27T00:00:00.000000,1,0,0,0,1,590.0,1
320203,hostaway,2027-05-28T00:00:00.000000,1,0,0,0,1,862.0,1
320203,hostaway,2027-05-29T00:00:00.000000,1,0,0,0,1,865.0,1
320203,hostaway,2027-05-30T00:00:00.000000,1,0,0,0,1,596.0,1
320203,hostaway,2027-05-31T00:00:00.000000,1,0,0,0,1,358.0,1
320203,hostaway,2027-06-01T00:00:00.000000,1,0,0,0,1,324.0,1
320203,hostaway,2027-06-02T00:00:00.000000,1,0,0,0,1,311.0,1
320203,hostaway,2027-06-03T00:00:00.000000,1,0,0,0,1,518.0,1
320203,hostaway,2027-06-04T00:00:00.000000,1,0,0,0,1,660.0,1
320203,hostaway,2027-06-05T00:00:00.000000,1,0,0,0,1,663.0,1
320203,hostaway,2027-06-06T00:00:00.000000,1,0,0,0,1,425.0,1
320203,hostaway,2027-06-07T00:00:00.000000,1,0,0,0,1,318.0,1
320203,hostaway,2027-06-08T00:00:00.000000,1,0,0,0,1,319.0,1
320203,hostaway,2027-06-09T00:00:00.000000,1,0,0,0,1,320.0,1
320203,hostaway,2027-06-10T00:00:00.000000,1,0,0,0,1,534.0,1
320203,hostaway,2027-06-11T00:00:00.000000,1,0,0,0,1,678.0,1
320203,hostaway,2027-06-12T00:00:00.000000,1,0,0,0,1,681.0,1
320203,hostaway,2027-06-13T00:00:00.000000,1,0,0,0,1,439.0,1
320203,hostaway,2027-06-14T00:00:00.000000,1,0,0,0,1,330.0,1
320203,hostaway,2027-06-15T00:00:00.000000,1,0,0,0,1,349.0,1
320203,hostaway,2027-06-16T00:00:00.000000,1,0,0,0,1,351.0,1
320203,hostaway,2027-06-17T00:00:00.000000,1,0,0,0,1,550.0,1
320203,hostaway,2027-06-18T00:00:00.000000,1,0,0,0,1,697.0,1
320203,hostaway,2027-06-19T00:00:00.000000,1,0,0,0,1,699.0,1
320203,hostaway,2027-06-20T00:00:00.000000,1,0,0,0,1,454.0,1
320203,hostaway,2027-06-21T00:00:00.000000,1,0,0,0,1,341.0,1
320203,hostaway,2027-06-22T00:00:00.000000,1,0,0,0,1,360.0,1
320203,hostaway,2027-06-23T00:00:00.000000,1,0,0,0,1,345.0,1
320203,hostaway,2027-06-24T00:00:00.000000,1,0,0,0,1,564.0,1
320203,hostaway,2027-06-25T00:00:00.000000,1,0,0,0,1,711.0,1
320203,hostaway,2027-06-26T00:00:00.000000,1,0,0,0,1,711.0,1
320203,hostaway,2027-06-27T00:00:00.000000,1,0,0,0,1,460.0,1
320203,hostaway,2027-06-28T00:00:00.000000,1,0,0,0,1,345.0,1
320203,hostaway,2027-06-29T00:00:00.000000,1,0,0,0,1,345.0,1
320203,hostaway,2027-06-30T00:00:00.000000,1,0,0,0,1,345.0,1
320203,hostaway,2027-07-01T00:00:00.000000,1,0,0,0,1,620.0,1
320203,hostaway,2027-07-02T00:00:00.000000,1,0,0,0,1,818.0,1
320203,hostaway,2027-07-03T00:00:00.000000,1,0,0,0,1,818.0,1
320203,hostaway,2027-07-04T00:00:00.000000,1,0,0,0,1,506.0,1
320203,hostaway,2027-07-05T00:00:00.000000,1,0,0,0,1,399.0,1
320203,hostaway,2027-07-06T00:00:00.000000,1,0,0,0,1,399.0,1
320203,hostaway,2027-07-07T00:00:00.000000,1,0,0,0,1,399.0,1
320203,hostaway,2027-07-08T00:00:00.000000,1,0,0,0,1,508.0,1
320203,hostaway,2027-07-09T00:00:00.000000,1,0,0,0,1,640.0,1
320203,hostaway,2027-07-10T00:00:00.000000,1,0,0,0,1,640.0,1
320203,hostaway,2027-07-11T00:00:00.000000,1,0,0,0,1,439.0,1
320203,hostaway,2027-07-12T00:00:00.000000,1,0,0,0,1,399.0,1
320203,hostaway,2027-07-13T00:00:00.000000,1,0,0,0,1,399.0,1
320203,hostaway,2027-07-14T00:00:00.000000,1,0,0,0,1,399.0,1
320203,hostaway,2027-07-15T00:00:00.000000,1,0,0,0,1,508.0,1
320203,hostaway,2027-07-16T00:00:00.000000,1,0,0,0,1,640.0,1
320203,hostaway,2027-07-17T00:00:00.000000,1,0,0,0,1,640.0,1
320203,hostaway,2027-07-18T00:00:00.000000,1,0,0,0,1,439.0,1
320203,hostaway,2027-07-19T00:00:00.000000,1,0,0,0,1,399.0,1
320203,hostaway,2027-07-20T00:00:00.000000,1,0,0,0,1,399.0,1
320203,hostaway,2027-07-21T00:00:00.000000,1,0,0,0,1,399.0,1
320203,hostaway,2027-07-22T00:00:00.000000,1,0,0,0,1,508.0,1
320203,hostaway,2027-07-23T00:00:00.000000,1,0,0,0,1,640.0,1
320203,hostaway,2027-07-24T00:00:00.000000,1,0,0,0,1,640.0,1
320203,hostaway,2027-07-25T00:00:00.000000,1,0,0,0,1,439.0,1
320203,hostaway,2027-07-26T00:00:00.000000,1,0,0,0,1,399.0,1
320203,hostaway,2027-07-27T00:00:00.000000,1,0,0,0,1,399.0,1
320203,hostaway,2027-07-28T00:00:00.000000,1,0,0,0,1,399.0,1
320203,hostaway,2027-07-29T00:00:00.000000,1,0,0,0,1,508.0,1
320203,hostaway,2027-07-30T00:00:00.000000,1,0,0,0,1,640.0,1
320203,hostaway,2027-07-31T00:00:00.000000,1,0,0,0,1,640.0,1
320203,hostaway,2027-08-01T00:00:00.000000,1,0,0,0,1,399.0,1
320203,hostaway,2027-08-02T00:00:00.000000,1,0,0,0,1,307.0,1
320203,hostaway,2027-08-03T00:00:00.000000,1,0,0,0,1,307.0,1
320203,hostaway,2027-08-04T00:00:00.000000,1,0,0,0,1,307.0,1
320203,hostaway,2027-08-05T00:00:00.000000,1,0,0,0,1,470.0,1
320203,hostaway,2027-08-06T00:00:00.000000,1,0,0,0,1,640.0,1
320203,hostaway,2027-08-07T00:00:00.000000,1,0,0,0,1,640.0,1
320203,hostaway,2027-08-08T00:00:00.000000,1,0,0,0,1,399.0,1
320203,hostaway,2027-08-09T00:00:00.000000,1,0,0,0,1,307.0,1
320203,hostaway,2027-08-10T00:00:00.000000,1,0,0,0,1,307.0,1
320203,hostaway,2027-08-11T00:00:00.000000,1,0,0,0,1,307.0,1
320203,hostaway,2027-08-12T00:00:00.000000,1,0,0,0,1,470.0,1
320203,hostaway,2027-08-13T00:00:00.000000,1,0,0,0,1,640.0,1
320203,hostaway,2027-08-14T00:00:00.000000,1,0,0,0,1,640.0,1
320203,hostaway,2027-08-15T00:00:00.000000,1,0,0,0,1,399.0,1
320203,hostaway,2027-08-16T00:00:00.000000,1,0,0,0,1,307.0,1
320203,hostaway,2027-08-17T00:00:00.000000,1,0,0,0,1,307.0,1
320203,hostaway,2027-08-18T00:00:00.000000,1,0,0,0,1,307.0,1
320203,hostaway,2027-08-19T00:00:00.000000,1,0,0,0,1,470.0,1
320203,hostaway,2027-08-20T00:00:00.000000,1,0,0,0,1,640.0,1
320203,hostaway,2027-08-21T00:00:00.000000,1,0,0,0,1,640.0,1
320203,hostaway,2027-08-22T00:00:00.000000,1,0,0,0,1,399.0,1
320203,hostaway,2027-08-23T00:00:00.000000,1,0,0,0,1,307.0,1
320203,hostaway,2027-08-24T00:00:00.000000,1,0,0,0,1,307.0,1
320203,hostaway,2027-08-25T00:00:00.000000,1,0,0,0,1,307.0,1
320203,hostaway,2027-08-26T00:00:00.000000,1,0,0,0,1,470.0,1
320203,hostaway,2027-08-27T00:00:00.000000,1,0,0,0,1,640.0,1
320203,hostaway,2027-08-28T00:00:00.000000,1,0,0,0,1,640.0,1
320203,hostaway,2027-08-29T00:00:00.000000,1,0,0,0,1,399.0,1
320203,hostaway,2027-08-30T00:00:00.000000,1,0,0,0,1,307.0,1
320203,hostaway,2027-08-31T00:00:00.000000,1,0,0,0,1,307.0,1
320203,hostaway,2027-09-01T00:00:00.000000,1,0,0,0,1,307.0,1
320203,hostaway,2027-09-02T00:00:00.000000,1,0,0,0,1,497.0,1
320203,hostaway,2027-09-03T00:00:00.000000,1,0,0,0,1,912.0,1
320203,hostaway,2027-09-04T00:00:00.000000,1,0,0,0,1,912.0,1
320203,hostaway,2027-09-05T00:00:00.000000,1,0,0,0,1,698.0,1
320203,hostaway,2027-09-06T00:00:00.000000,1,0,0,0,1,598.0,1
320203,hostaway,2027-09-07T00:00:00.000000,1,0,0,0,1,374.0,1
320203,hostaway,2027-09-08T00:00:00.000000,1,0,0,0,1,374.0,1
320203,hostaway,2027-09-09T00:00:00.000000,1,0,0,0,1,497.0,1
320203,hostaway,2027-09-10T00:00:00.000000,1,0,0,0,1,570.0,1
320203,hostaway,2027-09-11T00:00:00.000000,1,0,0,0,1,570.0,1
320203,hostaway,2027-09-12T00:00:00.000000,1,0,0,0,1,436.0,1
320203,hostaway,2027-09-13T00:00:00.000000,1,0,0,0,1,374.0,1
320203,hostaway,2027-09-14T00:00:00.000000,1,0,0,0,1,374.0,1
320203,hostaway,2027-09-15T00:00:00.000000,1,0,0,0,1,374.0,1
320203,hostaway,2027-09-16T00:00:00.000000,1,0,0,0,1,497.0,1
320203,hostaway,2027-09-17T00:00:00.000000,1,0,0,0,1,570.0,1
320203,hostaway,2027-09-18T00:00:00.000000,1,0,0,0,1,570.0,1
320203,hostaway,2027-09-19T00:00:00.000000,1,0,0,0,1,436.0,1
320203,hostaway,2027-09-20T00:00:00.000000,1,0,0,0,1,374.0,1
320203,hostaway,2027-09-21T00:00:00.000000,1,0,0,0,1,374.0,1
320203,hostaway,2027-09-22T00:00:00.000000,1,0,0,0,1,374.0,1
320203,hostaway,2027-09-23T00:00:00.000000,1,0,0,0,1,497.0,1
320203,hostaway,2027-09-24T00:00:00.000000,1,0,0,0,1,570.0,1
320203,hostaway,2027-09-25T00:00:00.000000,1,0,0,0,1,570.0,1
320203,hostaway,2027-09-26T00:00:00.000000,1,0,0,0,1,436.0,1
320203,hostaway,2027-09-27T00:00:00.000000,1,0,0,0,1,374.0,1
320203,hostaway,2027-09-28T00:00:00.000000,1,0,0,0,1,374.0,1
320203,hostaway,2027-09-29T00:00:00.000000,1,0,0,0,1,374.0,1
320203,hostaway,2027-09-30T00:00:00.000000,1,0,0,0,1,682.0,1
320203,hostaway,2027-10-01T00:00:00.000000,1,0,0,0,1,979.0,1
320203,hostaway,2027-10-02T00:00:00.000000,1,0,0,0,1,979.0,1
320203,hostaway,2027-10-03T00:00:00.000000,1,0,0,0,1,581.0,1
320203,hostaway,2027-10-04T00:00:00.000000,1,0,0,0,1,399.0,1
320203,hostaway,2027-10-05T00:00:00.000000,1,0,0,0,1,399.0,1
320203,hostaway,2027-10-06T00:00:00.000000,1,0,0,0,1,399.0,1
320203,hostaway,2027-10-07T00:00:00.000000,1,0,0,0,1,682.0,1
320203,hostaway,2027-10-08T00:00:00.000000,1,0,0,0,1,979.0,1
320203,hostaway,2027-10-09T00:00:00.000000,1,0,0,0,1,979.0,1
320203,hostaway,2027-10-10T00:00:00.000000,1,0,0,0,1,581.0,1
320203,hostaway,2027-10-11T00:00:00.000000,1,0,0,0,1,399.0,1
320203,hostaway,2027-10-12T00:00:00.000000,1,0,0,0,1,399.0,1
320203,hostaway,2027-10-13T00:00:00.000000,1,0,0,0,1,399.0,1
320203,hostaway,2027-10-14T00:00:00.000000,1,0,0,0,1,620.0,1
320203,hostaway,2027-10-15T00:00:00.000000,1,0,0,0,1,890.0,1
320203,hostaway,2027-10-16T00:00:00.000000,1,0,0,0,1,890.0,1
320203,hostaway,2027-10-17T00:00:00.000000,1,0,0,0,1,528.0,1
320203,hostaway,2027-10-18T00:00:00.000000,1,0,0,0,1,399.0,1
320203,hostaway,2027-10-19T00:00:00.000000,1,0,0,0,1,399.0,1
320203,hostaway,2027-10-20T00:00:00.000000,1,0,0,0,1,399.0,1
320203,hostaway,2027-10-21T00:00:00.000000,1,0,0,0,1,744.0,1
320203,hostaway,2027-10-22T00:00:00.000000,1,0,0,0,1,1068.0,1
320203,hostaway,2027-10-23T00:00:00.000000,1,0,0,0,1,1068.0,1
320203,hostaway,2027-10-24T00:00:00.000000,1,0,0,0,1,744.0,1
320203,hostaway,2027-10-25T00:00:00.000000,1,0,0,0,1,399.0,1
320203,hostaway,2027-10-26T00:00:00.000000,1,0,0,0,1,399.0,1
320203,hostaway,2027-10-27T00:00:00.000000,1,0,0,0,1,399.0,1
320203,hostaway,2027-10-28T00:00:00.000000,1,0,0,0,1,744.0,1
320203,hostaway,2027-10-29T00:00:00.000000,1,0,0,0,1,1068.0,1
320203,hostaway,2027-10-30T00:00:00.000000,1,0,0,0,1,1068.0,1
320203,hostaway,2027-10-31T00:00:00.000000,1,0,0,0,1,744.0,1
320203,hostaway,2027-11-01T00:00:00.000000,1,0,0,0,1,432.0,1
320203,hostaway,2027-11-02T00:00:00.000000,1,0,0,0,1,432.0,1
320203,hostaway,2027-11-03T00:00:00.000000,1,0,0,0,1,432.0,1
320203,hostaway,2027-11-04T00:00:00.000000,1,0,0,0,1,621.0,1
320203,hostaway,2027-11-05T00:00:00.000000,1,0,0,0,1,818.0,1
320203,hostaway,2027-11-06T00:00:00.000000,1,0,0,0,1,818.0,1
320203,hostaway,2027-11-07T00:00:00.000000,1,0,0,0,1,540.0,1
320203,hostaway,2027-11-08T00:00:00.000000,1,0,0,0,1,432.0,1
320203,hostaway,2027-11-09T00:00:00.000000,1,0,0,0,1,432.0,1
320203,hostaway,2027-11-10T00:00:00.000000,1,0,0,0,1,432.0,1
320203,hostaway,2027-11-11T00:00:00.000000,1,0,0,0,1,621.0,1
320203,hostaway,2027-11-12T00:00:00.000000,1,0,0,0,1,818.0,1
320203,hostaway,2027-11-13T00:00:00.000000,1,0,0,0,1,818.0,1
320203,hostaway,2027-11-14T00:00:00.000000,1,0,0,0,1,540.0,1
320203,hostaway,2027-11-15T00:00:00.000000,1,0,0,0,1,432.0,1
320203,hostaway,2027-11-16T00:00:00.000000,1,0,0,0,1,432.0,1
320203,hostaway,2027-11-17T00:00:00.000000,1,0,0,0,1,432.0,1
320203,hostaway,2027-11-18T00:00:00.000000,1,0,0,0,1,621.0,1
320203,hostaway,2027-11-19T00:00:00.000000,1,0,0,0,1,818.0,1
320203,hostaway,2027-11-20T00:00:00.000000,1,0,0,0,1,818.0,1
320203,hostaway,2027-11-21T00:00:00.000000,1,0,0,0,1,540.0,1
320203,hostaway,2027-11-22T00:00:00.000000,1,0,0,0,1,432.0,1
320203,hostaway,2027-11-23T00:00:00.000000,1,0,0,0,1,432.0,1
320203,hostaway,2027-11-24T00:00:00.000000,1,0,0,0,1,432.0,1
320203,hostaway,2027-11-25T00:00:00.000000,1,0,0,0,1,1080.0,1
320203,hostaway,2027-11-26T00:00:00.000000,1,0,0,0,1,900.0,1
320203,hostaway,2027-11-27T00:00:00.000000,1,0,0,0,1,900.0,1
320203,hostaway,2027-11-28T00:00:00.000000,1,0,0,0,1,540.0,1
320203,hostaway,2027-11-29T00:00:00.000000,1,0,0,0,1,343.0,1
320203,hostaway,2027-11-30T00:00:00.000000,1,0,0,0,1,343.0,1
320203,hostaway,2027-12-01T00:00:00.000000,1,0,0,0,1,343.0,1
320203,hostaway,2027-12-02T00:00:00.000000,1,0,0,0,1,452.0,1
320203,hostaway,2027-12-03T00:00:00.000000,1,0,0,0,1,570.0,1
320203,hostaway,2027-12-04T00:00:00.000000,1,0,0,0,1,570.0,1
320203,hostaway,2027-12-05T00:00:00.000000,1,0,0,0,1,394.0,1
320203,hostaway,2027-12-06T00:00:00.000000,1,0,0,0,1,343.0,1
320203,hostaway,2027-12-07T00:00:00.000000,1,0,0,0,1,343.0,1
320203,hostaway,2027-12-08T00:00:00.000000,1,0,0,0,1,343.0,1
320203,hostaway,2027-12-09T00:00:00.000000,1,0,0,0,1,452.0,1
320203,hostaway,2027-12-10T00:00:00.000000,1,0,0,0,1,570.0,1
320203,hostaway,2027-12-11T00:00:00.000000,1,0,0,0,1,570.0,1
320203,hostaway,2027-12-12T00:00:00.000000,1,0,0,0,1,394.0,1
320203,hostaway,2027-12-13T00:00:00.000000,1,0,0,0,1,343.0,1
320203,hostaway,2027-12-14T00:00:00.000000,1,0,0,0,1,343.0,1
320203,hostaway,2027-12-15T00:00:00.000000,1,0,0,0,1,343.0,1
320203,hostaway,2027-12-16T00:00:00.000000,1,0,0,0,1,452.0,1
320203,hostaway,2027-12-17T00:00:00.000000,1,0,0,0,1,684.0,1
320203,hostaway,2027-12-18T00:00:00.000000,1,0,0,0,1,684.0,1
320203,hostaway,2027-12-19T00:00:00.000000,1,0,0,0,1,473.0,1
320203,hostaway,2027-12-20T00:00:00.000000,1,0,0,0,1,412.0,1
320203,hostaway,2027-12-21T00:00:00.000000,1,0,0,0,1,412.0,1
320203,hostaway,2027-12-22T00:00:00.000000,1,0,0,0,1,412.0,1
320203,hostaway,2027-12-23T00:00:00.000000,1,0,0,0,1,542.0,1
320203,hostaway,2027-12-24T00:00:00.000000,1,0,0,0,1,752.0,1
320203,hostaway,2027-12-25T00:00:00.000000,1,0,0,0,1,752.0,1
320203,hostaway,2027-12-26T00:00:00.000000,1,0,0,0,1,752.0,1
320203,hostaway,2027-12-27T00:00:00.000000,1,0,0,0,1,343.0,1
320203,hostaway,2027-12-28T00:00:00.000000,1,0,0,0,1,343.0,1
320203,hostaway,2027-12-29T00:00:00.000000,1,0,0,0,1,343.0,1
320203,hostaway,2027-12-30T00:00:00.000000,1,0,0,0,1,865.0,1
320203,hostaway,2027-12-31T00:00:00.000000,1,0,0,0,1,865.0,1
320203,hostaway,2028-01-01T00:00:00.000000,1,0,0,0,1,865.0,1
320203,hostaway,2028-01-02T00:00:00.000000,1,0,0,0,1,692.0,1
320203,hostaway,2028-01-03T00:00:00.000000,1,0,0,0,1,297.0,1
320203,hostaway,2028-01-04T00:00:00.000000,1,0,0,0,1,297.0,1
320203,hostaway,2028-01-05T00:00:00.000000,1,0,0,0,1,297.0,1
320203,hostaway,2028-01-06T00:00:00.000000,1,0,0,0,1,402.0,1
320203,hostaway,2028-01-07T00:00:00.000000,1,0,0,0,1,531.0,1
320203,hostaway,2028-01-08T00:00:00.000000,1,0,0,0,1,531.0,1
320203,hostaway,2028-01-09T00:00:00.000000,1,0,0,0,1,382.0,1
389561,hostaway,2026-05-24T00:00:00.000000,1,0,0,0,1,0.0,1
389561,hostaway,2026-05-25T00:00:00.000000,1,0,0,0,1,0.0,1
389561,hostaway,2026-05-26T00:00:00.000000,1,0,0,0,1,0.0,1
389561,hostaway,2026-05-27T00:00:00.000000,1,0,0,0,1,0.0,1
389561,hostaway,2026-05-28T00:00:00.000000,1,0,0,0,1,0.0,1
389561,hostaway,2026-05-29T00:00:00.000000,1,0,0,0,1,0.0,1
389561,hostaway,2026-05-30T00:00:00.000000,1,0,0,0,1,0.0,1
389561,hostaway,2026-05-31T00:00:00.000000,1,0,0,0,1,0.0,1
389561,hostaway,2026-06-01T00:00:00.000000,1,0,0,0,1,0.0,1
389561,hostaway,2026-06-02T00:00:00.000000,1,0,0,0,1,0.0,1
389561,hostaway,2026-06-03T00:00:00.000000,1,0,0,0,1,0.0,1
389561,hostaway,2026-06-04T00:00:00.000000,1,0,0,0,1,0.0,1
389561,hostaway,2026-06-05T00:00:00.000000,1,0,0,0,1,0.0,1
389561,hostaway,2026-06-06T00:00:00.000000,1,0,0,0,1,0.0,1
389561,hostaway,2026-06-07T00:00:00.000000,1,0,0,0,1,0.0,1
389561,hostaway,2026-06-08T00:00:00.000000,1,0,0,0,1,0.0,1
389561,hostaway,2026-06-09T00:00:00.000000,1,0,0,0,1,0.0,1
389561,hostaway,2026-06-10T00:00:00.000000,1,0,0,0,1,0.0,1
389561,hostaway,2026-06-11T00:00:00.000000,1,0,0,0,1,0.0,1
389561,hostaway,2026-06-12T00:00:00.000000,1,0,0,0,1,0.0,1
389561,hostaway,2026-06-13T00:00:00.000000,1,0,0,0,1,0.0,1
389561,hostaway,2026-06-14T00:00:00.000000,1,0,0,0,1,0.0,1
389561,hostaway,2026-06-15T00:00:00.000000,1,0,0,0,1,0.0,1
389561,hostaway,2026-06-16T00:00:00.000000,1,0,0,0,1,0.0,1
389561,hostaway,2026-06-17T00:00:00.000000,1,0,0,0,1,0.0,1
389561,hostaway,2026-06-18T00:00:00.000000,1,0,0,0,1,0.0,1
389561,hostaway,2026-06-19T00:00:00.000000,1,0,0,0,1,0.0,1
389561,hostaway,2026-06-20T00:00:00.000000,1,0,0,0,1,0.0,1
389561,hostaway,2026-06-21T00:00:00.000000,1,0,0,0,1,0.0,1
389561,hostaway,2026-06-22T00:00:00.000000,1,0,0,0,1,0.0,1
389561,hostaway,2026-06-23T00:00:00.000000,1,0,0,0,1,630.0,1
389561,hostaway,2026-06-24T00:00:00.000000,1,0,0,0,1,630.0,1
389561,hostaway,2026-06-25T00:00:00.000000,1,0,0,0,1,630.0,1
389561,hostaway,2026-06-26T00:00:00.000000,1,0,0,0,1,646.0,1
389561,hostaway,2026-06-27T00:00:00.000000,1,0,0,0,1,646.0,1
389561,hostaway,2026-06-28T00:00:00.000000,1,0,0,0,1,636.0,1
389561,hostaway,2026-06-29T00:00:00.000000,1,0,0,0,1,630.0,1
389561,hostaway,2026-06-30T00:00:00.000000,1,0,0,0,1,630.0,1
389561,hostaway,2026-07-01T00:00:00.000000,1,0,0,0,1,630.0,1
389561,hostaway,2026-07-02T00:00:00.000000,1,0,0,0,1,636.0,1
389561,hostaway,2026-07-03T00:00:00.000000,1,0,0,0,1,571.0,1
389561,hostaway,2026-07-04T00:00:00.000000,1,0,0,0,1,571.0,1
389561,hostaway,2026-07-05T00:00:00.000000,1,0,0,0,1,410.0,1
389561,hostaway,2026-07-06T00:00:00.000000,1,0,0,0,1,360.0,1
389561,hostaway,2026-07-07T00:00:00.000000,1,0,0,0,1,360.0,1
389561,hostaway,2026-07-08T00:00:00.000000,1,0,0,0,1,598.0,1
389561,hostaway,2026-07-09T00:00:00.000000,1,0,0,0,1,607.0,1
389561,hostaway,2026-07-10T00:00:00.000000,1,0,0,0,1,664.0,1
389561,hostaway,2026-07-11T00:00:00.000000,1,0,0,0,1,664.0,1
389561,hostaway,2026-07-12T00:00:00.000000,1,0,0,0,1,410.0,1
389561,hostaway,2026-07-13T00:00:00.000000,1,0,0,0,1,360.0,1
389561,hostaway,2026-07-14T00:00:00.000000,1,0,0,0,1,360.0,1
389561,hostaway,2026-07-15T00:00:00.000000,1,0,0,0,1,360.0,1
389561,hostaway,2026-07-16T00:00:00.000000,1,0,0,0,1,410.0,1
389561,hostaway,2026-07-17T00:00:00.000000,1,0,0,0,1,508.0,1
389561,hostaway,2026-07-18T00:00:00.000000,1,0,0,0,1,508.0,1
389561,hostaway,2026-07-19T00:00:00.000000,1,0,0,0,1,410.0,1
389561,hostaway,2026-07-20T00:00:00.000000,1,0,0,0,1,360.0,1
389561,hostaway,2026-07-21T00:00:00.000000,1,0,0,0,1,630.0,1
389561,hostaway,2026-07-22T00:00:00.000000,1,0,0,0,1,630.0,1
389561,hostaway,2026-07-23T00:00:00.000000,1,0,0,0,1,630.0,1
389561,hostaway,2026-07-24T00:00:00.000000,1,0,0,0,1,664.0,1
389561,hostaway,2026-07-25T00:00:00.000000,1,0,0,0,1,664.0,1
389561,hostaway,2026-07-26T00:00:00.000000,1,0,0,0,1,630.0,1
389561,hostaway,2026-07-27T00:00:00.000000,1,0,0,0,1,630.0,1
389561,hostaway,2026-07-28T00:00:00.000000,1,0,0,0,1,630.0,1
389561,hostaway,2026-07-29T00:00:00.000000,1,0,0,0,1,630.0,1
389561,hostaway,2026-07-30T00:00:00.000000,1,0,0,0,1,630.0,1
389561,hostaway,2026-07-31T00:00:00.000000,1,0,0,0,1,664.0,1
389561,hostaway,2026-08-01T00:00:00.000000,1,0,0,0,1,664.0,1
389561,hostaway,2026-08-02T00:00:00.000000,1,0,0,0,1,341.0,1
389561,hostaway,2026-08-03T00:00:00.000000,1,0,0,0,1,341.0,1
389561,hostaway,2026-08-04T00:00:00.000000,1,0,0,0,1,341.0,1
389561,hostaway,2026-08-05T00:00:00.000000,1,0,0,0,1,341.0,1
389561,hostaway,2026-08-06T00:00:00.000000,1,0,0,0,1,630.0,1
389561,hostaway,2026-08-07T00:00:00.000000,1,0,0,0,1,664.0,1
389561,hostaway,2026-08-08T00:00:00.000000,1,0,0,0,1,664.0,1
389561,hostaway,2026-08-09T00:00:00.000000,1,0,0,0,1,630.0,1
389561,hostaway,2026-08-10T00:00:00.000000,1,0,0,0,1,630.0,1
389561,hostaway,2026-08-11T00:00:00.000000,1,0,0,0,1,630.0,1
389561,hostaway,2026-08-12T00:00:00.000000,1,0,0,0,1,630.0,1
389561,hostaway,2026-08-13T00:00:00.000000,1,0,0,0,1,630.0,1
389561,hostaway,2026-08-14T00:00:00.000000,1,0,0,0,1,664.0,1
389561,hostaway,2026-08-15T00:00:00.000000,1,0,0,0,1,664.0,1
389561,hostaway,2026-08-16T00:00:00.000000,1,0,0,0,1,630.0,1
389561,hostaway,2026-08-17T00:00:00.000000,1,0,0,0,1,630.0,1
389561,hostaway,2026-08-18T00:00:00.000000,1,0,0,0,1,630.0,1
389561,hostaway,2026-08-19T00:00:00.000000,1,0,0,0,1,630.0,1
389561,hostaway,2026-08-20T00:00:00.000000,1,0,0,0,1,630.0,1
389561,hostaway,2026-08-21T00:00:00.000000,1,0,0,0,1,664.0,1
389561,hostaway,2026-08-22T00:00:00.000000,1,0,0,0,1,664.0,1
389561,hostaway,2026-08-23T00:00:00.000000,1,0,0,0,1,630.0,1
389561,hostaway,2026-08-24T00:00:00.000000,1,0,0,0,1,630.0,1
389561,hostaway,2026-08-25T00:00:00.000000,1,0,0,0,1,630.0,1
389561,hostaway,2026-08-26T00:00:00.000000,1,0,0,0,1,630.0,1
389561,hostaway,2026-08-27T00:00:00.000000,1,0,0,0,1,630.0,1
389561,hostaway,2026-08-28T00:00:00.000000,1,0,0,0,1,664.0,1
389561,hostaway,2026-08-29T00:00:00.000000,1,0,0,0,1,664.0,1
389561,hostaway,2026-08-30T00:00:00.000000,1,0,0,0,1,630.0,1
389561,hostaway,2026-08-31T00:00:00.000000,1,0,0,0,1,630.0,1
389561,hostaway,2026-09-01T00:00:00.000000,1,0,0,0,1,630.0,1
389561,hostaway,2026-09-02T00:00:00.000000,1,0,0,0,1,630.0,1
389561,hostaway,2026-09-03T00:00:00.000000,1,0,0,0,1,684.0,1
389561,hostaway,2026-09-04T00:00:00.000000,1,0,0,0,1,817.0,1
389561,hostaway,2026-09-05T00:00:00.000000,1,0,0,0,1,817.0,1
389561,hostaway,2026-09-06T00:00:00.000000,1,0,0,0,1,750.0,1
389561,hostaway,2026-09-07T00:00:00.000000,1,0,0,0,1,630.0,1
389561,hostaway,2026-09-08T00:00:00.000000,1,0,0,0,1,630.0,1
389561,hostaway,2026-09-09T00:00:00.000000,1,0,0,0,1,630.0,1
389561,hostaway,2026-09-10T00:00:00.000000,1,0,0,0,1,630.0,1
389561,hostaway,2026-09-11T00:00:00.000000,1,0,0,0,1,663.0,1
389561,hostaway,2026-09-12T00:00:00.000000,1,0,0,0,1,663.0,1
389561,hostaway,2026-09-13T00:00:00.000000,1,0,0,0,1,630.0,1
389561,hostaway,2026-09-14T00:00:00.000000,1,0,0,0,1,630.0,1
389561,hostaway,2026-09-15T00:00:00.000000,1,0,0,0,1,630.0,1
389561,hostaway,2026-09-16T00:00:00.000000,1,0,0,0,1,630.0,1
389561,hostaway,2026-09-17T00:00:00.000000,1,0,0,0,1,630.0,1
389561,hostaway,2026-09-18T00:00:00.000000,1,0,0,0,1,663.0,1
389561,hostaway,2026-09-19T00:00:00.000000,1,0,0,0,1,663.0,1
389561,hostaway,2026-09-20T00:00:00.000000,1,0,0,0,1,630.0,1
389561,hostaway,2026-09-21T00:00:00.000000,1,0,0,0,1,630.0,1
389561,hostaway,2026-09-22T00:00:00.000000,1,0,0,0,1,630.0,1
389561,hostaway,2026-09-23T00:00:00.000000,1,0,0,0,1,630.0,1
389561,hostaway,2026-09-24T00:00:00.000000,1,0,0,0,1,630.0,1
389561,hostaway,2026-09-25T00:00:00.000000,1,0,0,0,1,663.0,1
389561,hostaway,2026-09-26T00:00:00.000000,1,0,0,0,1,663.0,1
389561,hostaway,2026-09-27T00:00:00.000000,1,0,0,0,1,630.0,1
389561,hostaway,2026-09-28T00:00:00.000000,1,0,0,0,1,630.0,1
389561,hostaway,2026-09-29T00:00:00.000000,1,0,0,0,1,630.0,1
389561,hostaway,2026-09-30T00:00:00.000000,1,0,0,0,1,630.0,1
389561,hostaway,2026-10-01T00:00:00.000000,1,0,0,0,1,760.0,1
389561,hostaway,2026-10-02T00:00:00.000000,1,0,0,0,1,1149.0,1
389561,hostaway,2026-10-03T00:00:00.000000,1,0,0,0,1,1149.0,1
389561,hostaway,2026-10-04T00:00:00.000000,1,0,0,0,1,760.0,1
389561,hostaway,2026-10-05T00:00:00.000000,1,0,0,0,1,666.0,1
389561,hostaway,2026-10-06T00:00:00.000000,1,0,0,0,1,666.0,1
389561,hostaway,2026-10-07T00:00:00.000000,1,0,0,0,1,666.0,1
389561,hostaway,2026-10-08T00:00:00.000000,1,0,0,0,1,760.0,1
389561,hostaway,2026-10-09T00:00:00.000000,1,0,0,0,1,1149.0,1
389561,hostaway,2026-10-10T00:00:00.000000,1,0,0,0,1,1149.0,1
389561,hostaway,2026-10-11T00:00:00.000000,1,0,0,0,1,760.0,1
389561,hostaway,2026-10-12T00:00:00.000000,1,0,0,0,1,666.0,1
389561,hostaway,2026-10-13T00:00:00.000000,1,0,0,0,1,666.0,1
389561,hostaway,2026-10-14T00:00:00.000000,1,0,0,0,1,666.0,1
389561,hostaway,2026-10-15T00:00:00.000000,1,0,0,0,1,702.0,1
389561,hostaway,2026-10-16T00:00:00.000000,1,0,0,0,1,852.0,1
389561,hostaway,2026-10-17T00:00:00.000000,1,0,0,0,1,852.0,1
389561,hostaway,2026-10-18T00:00:00.000000,1,0,0,0,1,579.0,1
389561,hostaway,2026-10-19T00:00:00.000000,1,0,0,0,1,491.0,1
389561,hostaway,2026-10-20T00:00:00.000000,1,0,0,0,1,491.0,1
389561,hostaway,2026-10-21T00:00:00.000000,1,0,0,0,1,491.0,1
389561,hostaway,2026-10-22T00:00:00.000000,1,0,0,0,1,1691.0,1
389561,hostaway,2026-10-23T00:00:00.000000,1,0,0,0,1,2466.0,1
389561,hostaway,2026-10-24T00:00:00.000000,1,0,0,0,1,2466.0,1
389561,hostaway,2026-10-25T00:00:00.000000,1,0,0,0,1,2097.0,1
389561,hostaway,2026-10-26T00:00:00.000000,1,0,0,0,1,1691.0,1
389561,hostaway,2026-10-27T00:00:00.000000,1,0,0,0,1,638.0,1
389561,hostaway,2026-10-28T00:00:00.000000,1,0,0,0,1,638.0,1
389561,hostaway,2026-10-29T00:00:00.000000,1,0,0,0,1,666.0,1
389561,hostaway,2026-10-30T00:00:00.000000,1,0,0,0,1,877.0,1
389561,hostaway,2026-10-31T00:00:00.000000,1,0,0,0,1,877.0,1
389561,hostaway,2026-11-01T00:00:00.000000,1,0,0,0,1,666.0,1
389561,hostaway,2026-11-02T00:00:00.000000,1,0,0,0,1,630.0,1
389561,hostaway,2026-11-03T00:00:00.000000,1,0,0,0,1,630.0,1
389561,hostaway,2026-11-04T00:00:00.000000,1,0,0,0,1,630.0,1
389561,hostaway,2026-11-05T00:00:00.000000,1,0,0,0,1,666.0,1
389561,hostaway,2026-11-06T00:00:00.000000,1,0,0,0,1,877.0,1
389561,hostaway,2026-11-07T00:00:00.000000,1,0,0,0,1,877.0,1
389561,hostaway,2026-11-08T00:00:00.000000,1,0,0,0,1,666.0,1
389561,hostaway,2026-11-09T00:00:00.000000,1,0,0,0,1,630.0,1
389561,hostaway,2026-11-10T00:00:00.000000,1,0,0,0,1,630.0,1
389561,hostaway,2026-11-11T00:00:00.000000,1,0,0,0,1,630.0,1
389561,hostaway,2026-11-12T00:00:00.000000,1,0,0,0,1,666.0,1
389561,hostaway,2026-11-13T00:00:00.000000,1,0,0,0,1,877.0,1
389561,hostaway,2026-11-14T00:00:00.000000,1,0,0,0,1,877.0,1
389561,hostaway,2026-11-15T00:00:00.000000,1,0,0,0,1,666.0,1
389561,hostaway,2026-11-16T00:00:00.000000,1,0,0,0,1,630.0,1
389561,hostaway,2026-11-17T00:00:00.000000,1,0,0,0,1,630.0,1
389561,hostaway,2026-11-18T00:00:00.000000,1,0,0,0,1,630.0,1
389561,hostaway,2026-11-19T00:00:00.000000,1,0,0,0,1,666.0,1
389561,hostaway,2026-11-20T00:00:00.000000,1,0,0,0,1,877.0,1
389561,hostaway,2026-11-21T00:00:00.000000,1,0,0,0,1,877.0,1
389561,hostaway,2026-11-22T00:00:00.000000,1,0,0,0,1,666.0,1
389561,hostaway,2026-11-23T00:00:00.000000,1,0,0,0,1,630.0,1
389561,hostaway,2026-11-24T00:00:00.000000,1,0,0,0,1,630.0,1
389561,hostaway,2026-11-25T00:00:00.000000,1,0,0,0,1,630.0,1
389561,hostaway,2026-11-26T00:00:00.000000,1,0,0,0,1,789.0,1
389561,hostaway,2026-11-27T00:00:00.000000,1,0,0,0,1,877.0,1
389561,hostaway,2026-11-28T00:00:00.000000,1,0,0,0,1,877.0,1
389561,hostaway,2026-11-29T00:00:00.000000,1,0,0,0,1,630.0,1
389561,hostaway,2026-11-30T00:00:00.000000,1,0,0,0,1,630.0,1
389561,hostaway,2026-12-01T00:00:00.000000,1,0,0,0,1,630.0,1
389561,hostaway,2026-12-02T00:00:00.000000,1,0,0,0,1,630.0,1
389561,hostaway,2026-12-03T00:00:00.000000,1,0,0,0,1,646.0,1
389561,hostaway,2026-12-04T00:00:00.000000,1,0,0,0,1,666.0,1
389561,hostaway,2026-12-05T00:00:00.000000,1,0,0,0,1,666.0,1
389561,hostaway,2026-12-06T00:00:00.000000,1,0,0,0,1,646.0,1
389561,hostaway,2026-12-07T00:00:00.000000,1,0,0,0,1,630.0,1
389561,hostaway,2026-12-08T00:00:00.000000,1,0,0,0,1,630.0,1
389561,hostaway,2026-12-09T00:00:00.000000,1,0,0,0,1,630.0,1
389561,hostaway,2026-12-10T00:00:00.000000,1,0,0,0,1,646.0,1
389561,hostaway,2026-12-11T00:00:00.000000,1,0,0,0,1,666.0,1
389561,hostaway,2026-12-12T00:00:00.000000,1,0,0,0,1,666.0,1
389561,hostaway,2026-12-13T00:00:00.000000,1,0,0,0,1,646.0,1
389561,hostaway,2026-12-14T00:00:00.000000,1,0,0,0,1,630.0,1
389561,hostaway,2026-12-15T00:00:00.000000,1,0,0,0,1,630.0,1
389561,hostaway,2026-12-16T00:00:00.000000,1,0,0,0,1,630.0,1
389561,hostaway,2026-12-17T00:00:00.000000,1,0,0,0,1,634.0,1
389561,hostaway,2026-12-18T00:00:00.000000,1,0,0,0,1,820.0,1
389561,hostaway,2026-12-19T00:00:00.000000,1,0,0,0,1,820.0,1
389561,hostaway,2026-12-20T00:00:00.000000,1,0,0,0,1,634.0,1
389561,hostaway,2026-12-21T00:00:00.000000,1,0,0,0,1,630.0,1
389561,hostaway,2026-12-22T00:00:00.000000,1,0,0,0,1,630.0,1
389561,hostaway,2026-12-23T00:00:00.000000,1,0,0,0,1,630.0,1
389561,hostaway,2026-12-24T00:00:00.000000,1,0,0,0,1,811.0,1
389561,hostaway,2026-12-25T00:00:00.000000,1,0,0,0,1,901.0,1
389561,hostaway,2026-12-26T00:00:00.000000,1,0,0,0,1,901.0,1
389561,hostaway,2026-12-27T00:00:00.000000,1,0,0,0,1,721.0,1
389561,hostaway,2026-12-28T00:00:00.000000,1,0,0,0,1,652.0,1
389561,hostaway,2026-12-29T00:00:00.000000,1,0,0,0,1,652.0,1
389561,hostaway,2026-12-30T00:00:00.000000,1,0,0,0,1,1833.0,1
389561,hostaway,2026-12-31T00:00:00.000000,1,0,0,0,1,1833.0,1
389561,hostaway,2027-01-01T00:00:00.000000,1,0,0,0,1,674.0,1
389561,hostaway,2027-01-02T00:00:00.000000,1,0,0,0,1,674.0,1
389561,hostaway,2027-01-03T00:00:00.000000,1,0,0,0,1,630.0,1
389561,hostaway,2027-01-04T00:00:00.000000,1,0,0,0,1,630.0,1
389561,hostaway,2027-01-05T00:00:00.000000,1,0,0,0,1,630.0,1
389561,hostaway,2027-01-06T00:00:00.000000,1,0,0,0,1,630.0,1
389561,hostaway,2027-01-07T00:00:00.000000,1,0,0,0,1,636.0,1
389561,hostaway,2027-01-08T00:00:00.000000,1,0,0,0,1,724.0,1
389561,hostaway,2027-01-09T00:00:00.000000,1,0,0,0,1,724.0,1
389561,hostaway,2027-01-10T00:00:00.000000,1,0,0,0,1,630.0,1
389561,hostaway,2027-01-11T00:00:00.000000,1,0,0,0,1,630.0,1
389561,hostaway,2027-01-12T00:00:00.000000,1,0,0,0,1,630.0,1
389561,hostaway,2027-01-13T00:00:00.000000,1,0,0,0,1,630.0,1
389561,hostaway,2027-01-14T00:00:00.000000,1,0,0,0,1,636.0,1
389561,hostaway,2027-01-15T00:00:00.000000,1,0,0,0,1,798.0,1
389561,hostaway,2027-01-16T00:00:00.000000,1,0,0,0,1,798.0,1
389561,hostaway,2027-01-17T00:00:00.000000,1,0,0,0,1,664.0,1
389561,hostaway,2027-01-18T00:00:00.000000,1,0,0,0,1,630.0,1
389561,hostaway,2027-01-19T00:00:00.000000,1,0,0,0,1,630.0,1
389561,hostaway,2027-01-20T00:00:00.000000,1,0,0,0,1,630.0,1
389561,hostaway,2027-01-21T00:00:00.000000,1,0,0,0,1,636.0,1
389561,hostaway,2027-01-22T00:00:00.000000,1,0,0,0,1,724.0,1
389561,hostaway,2027-01-23T00:00:00.000000,1,0,0,0,1,724.0,1
389561,hostaway,2027-01-24T00:00:00.000000,1,0,0,0,1,630.0,1
389561,hostaway,2027-01-25T00:00:00.000000,1,0,0,0,1,630.0,1
389561,hostaway,2027-01-26T00:00:00.000000,1,0,0,0,1,630.0,1
389561,hostaway,2027-01-27T00:00:00.000000,1,0,0,0,1,630.0,1
389561,hostaway,2027-01-28T00:00:00.000000,1,0,0,0,1,636.0,1
389561,hostaway,2027-01-29T00:00:00.000000,1,0,0,0,1,724.0,1
389561,hostaway,2027-01-30T00:00:00.000000,1,0,0,0,1,724.0,1
389561,hostaway,2027-01-31T00:00:00.000000,1,0,0,0,1,630.0,1
389561,hostaway,2027-02-01T00:00:00.000000,1,0,0,0,1,630.0,1
389561,hostaway,2027-02-02T00:00:00.000000,1,0,0,0,1,630.0,1
389561,hostaway,2027-02-03T00:00:00.000000,1,0,0,0,1,630.0,1
389561,hostaway,2027-02-04T00:00:00.000000,1,0,0,0,1,711.0,1
389561,hostaway,2027-02-05T00:00:00.000000,1,0,0,0,1,846.0,1
389561,hostaway,2027-02-06T00:00:00.000000,1,0,0,0,1,846.0,1
389561,hostaway,2027-02-07T00:00:00.000000,1,0,0,0,1,664.0,1
389561,hostaway,2027-02-08T00:00:00.000000,1,0,0,0,1,630.0,1
389561,hostaway,2027-02-09T00:00:00.000000,1,0,0,0,1,630.0,1
389561,hostaway,2027-02-10T00:00:00.000000,1,0,0,0,1,630.0,1
389561,hostaway,2027-02-11T00:00:00.000000,1,0,0,0,1,711.0,1
389561,hostaway,2027-02-12T00:00:00.000000,1,0,0,0,1,933.0,1
389561,hostaway,2027-02-13T00:00:00.000000,1,0,0,0,1,933.0,1
389561,hostaway,2027-02-14T00:00:00.000000,1,0,0,0,1,733.0,1
389561,hostaway,2027-02-15T00:00:00.000000,1,0,0,0,1,684.0,1
389561,hostaway,2027-02-16T00:00:00.000000,1,0,0,0,1,630.0,1
389561,hostaway,2027-02-17T00:00:00.000000,1,0,0,0,1,630.0,1
389561,hostaway,2027-02-18T00:00:00.000000,1,0,0,0,1,711.0,1
389561,hostaway,2027-02-19T00:00:00.000000,1,0,0,0,1,846.0,1
389561,hostaway,2027-02-20T00:00:00.000000,1,0,0,0,1,846.0,1
389561,hostaway,2027-02-21T00:00:00.000000,1,0,0,0,1,664.0,1
389561,hostaway,2027-02-22T00:00:00.000000,1,0,0,0,1,630.0,1
389561,hostaway,2027-02-23T00:00:00.000000,1,0,0,0,1,630.0,1
389561,hostaway,2027-02-24T00:00:00.000000,1,0,0,0,1,630.0,1
389561,hostaway,2027-02-25T00:00:00.000000,1,0,0,0,1,711.0,1
389561,hostaway,2027-02-26T00:00:00.000000,1,0,0,0,1,846.0,1
389561,hostaway,2027-02-27T00:00:00.000000,1,0,0,0,1,846.0,1
389561,hostaway,2027-02-28T00:00:00.000000,1,0,0,0,1,664.0,1
389561,hostaway,2027-03-01T00:00:00.000000,1,0,0,0,1,630.0,1
389561,hostaway,2027-03-02T00:00:00.000000,1,0,0,0,1,630.0,1
389561,hostaway,2027-03-03T00:00:00.000000,1,0,0,0,1,630.0,1
389561,hostaway,2027-03-04T00:00:00.000000,1,0,0,0,1,801.0,1
389561,hostaway,2027-03-05T00:00:00.000000,1,0,0,0,1,960.0,1
389561,hostaway,2027-03-06T00:00:00.000000,1,0,0,0,1,960.0,1
389561,hostaway,2027-03-07T00:00:00.000000,1,0,0,0,1,758.0,1
389561,hostaway,2027-03-08T00:00:00.000000,1,0,0,0,1,711.0,1
389561,hostaway,2027-03-09T00:00:00.000000,1,0,0,0,1,711.0,1
389561,hostaway,2027-03-10T00:00:00.000000,1,0,0,0,1,711.0,1
389561,hostaway,2027-03-11T00:00:00.000000,1,0,0,0,1,801.0,1
389561,hostaway,2027-03-12T00:00:00.000000,1,0,0,0,1,1261.0,1
389561,hostaway,2027-03-13T00:00:00.000000,1,0,0,0,1,1261.0,1
389561,hostaway,2027-03-14T00:00:00.000000,1,0,0,0,1,795.0,1
389561,hostaway,2027-03-15T00:00:00.000000,1,0,0,0,1,750.0,1
389561,hostaway,2027-03-16T00:00:00.000000,1,0,0,0,1,750.0,1
389561,hostaway,2027-03-17T00:00:00.000000,1,0,0,0,1,750.0,1
389561,hostaway,2027-03-18T00:00:00.000000,1,0,0,0,1,846.0,1
389561,hostaway,2027-03-19T00:00:00.000000,1,0,0,0,1,1261.0,1
389561,hostaway,2027-03-20T00:00:00.000000,1,0,0,0,1,1261.0,1
389561,hostaway,2027-03-21T00:00:00.000000,1,0,0,0,1,795.0,1
389561,hostaway,2027-03-22T00:00:00.000000,1,0,0,0,1,711.0,1
389561,hostaway,2027-03-23T00:00:00.000000,1,0,0,0,1,711.0,1
389561,hostaway,2027-03-24T00:00:00.000000,1,0,0,0,1,711.0,1
389561,hostaway,2027-03-25T00:00:00.000000,1,0,0,0,1,801.0,1
389561,hostaway,2027-03-26T00:00:00.000000,1,0,0,0,1,960.0,1
389561,hostaway,2027-03-27T00:00:00.000000,1,0,0,0,1,960.0,1
389561,hostaway,2027-03-28T00:00:00.000000,1,0,0,0,1,758.0,1
389561,hostaway,2027-03-29T00:00:00.000000,1,0,0,0,1,711.0,1
389561,hostaway,2027-03-30T00:00:00.000000,1,0,0,0,1,711.0,1
389561,hostaway,2027-03-31T00:00:00.000000,1,0,0,0,1,711.0,1
389561,hostaway,2027-04-01T00:00:00.000000,1,0,0,0,1,744.0,1
389561,hostaway,2027-04-02T00:00:00.000000,1,0,0,0,1,888.0,1
389561,hostaway,2027-04-03T00:00:00.000000,1,0,0,0,1,888.0,1
389561,hostaway,2027-04-04T00:00:00.000000,1,0,0,0,1,699.0,1
389561,hostaway,2027-04-05T00:00:00.000000,1,0,0,0,1,652.0,1
389561,hostaway,2027-04-06T00:00:00.000000,1,0,0,0,1,652.0,1
389561,hostaway,2027-04-07T00:00:00.000000,1,0,0,0,1,652.0,1
389561,hostaway,2027-04-08T00:00:00.000000,1,0,0,0,1,744.0,1
389561,hostaway,2027-04-09T00:00:00.000000,1,0,0,0,1,888.0,1
389561,hostaway,2027-04-10T00:00:00.000000,1,0,0,0,1,888.0,1
389561,hostaway,2027-04-11T00:00:00.000000,1,0,0,0,1,699.0,1
389561,hostaway,2027-04-12T00:00:00.000000,1,0,0,0,1,652.0,1
389561,hostaway,2027-04-13T00:00:00.000000,1,0,0,0,1,652.0,1
389561,hostaway,2027-04-14T00:00:00.000000,1,0,0,0,1,652.0,1
389561,hostaway,2027-04-15T00:00:00.000000,1,0,0,0,1,744.0,1
389561,hostaway,2027-04-16T00:00:00.000000,1,0,0,0,1,888.0,1
389561,hostaway,2027-04-17T00:00:00.000000,1,0,0,0,1,888.0,1
389561,hostaway,2027-04-18T00:00:00.000000,1,0,0,0,1,699.0,1
389561,hostaway,2027-04-19T00:00:00.000000,1,0,0,0,1,652.0,1
389561,hostaway,2027-04-20T00:00:00.000000,1,0,0,0,1,652.0,1
389561,hostaway,2027-04-21T00:00:00.000000,1,0,0,0,1,652.0,1
389561,hostaway,2027-04-22T00:00:00.000000,1,0,0,0,1,744.0,1
389561,hostaway,2027-04-23T00:00:00.000000,1,0,0,0,1,888.0,1
389561,hostaway,2027-04-24T00:00:00.000000,1,0,0,0,1,888.0,1
389561,hostaway,2027-04-25T00:00:00.000000,1,0,0,0,1,699.0,1
389561,hostaway,2027-04-26T00:00:00.000000,1,0,0,0,1,652.0,1
389561,hostaway,2027-04-27T00:00:00.000000,1,0,0,0,1,652.0,1
389561,hostaway,2027-04-28T00:00:00.000000,1,0,0,0,1,652.0,1
389561,hostaway,2027-04-29T00:00:00.000000,1,0,0,0,1,744.0,1
389561,hostaway,2027-04-30T00:00:00.000000,1,0,0,0,1,888.0,1
389561,hostaway,2027-05-01T00:00:00.000000,1,0,0,0,1,888.0,1
389561,hostaway,2027-05-02T00:00:00.000000,1,0,0,0,1,699.0,1
389561,hostaway,2027-05-03T00:00:00.000000,1,0,0,0,1,674.0,1
389561,hostaway,2027-05-04T00:00:00.000000,1,0,0,0,1,674.0,1
389561,hostaway,2027-05-05T00:00:00.000000,1,0,0,0,1,674.0,1
389561,hostaway,2027-05-06T00:00:00.000000,1,0,0,0,1,766.0,1
389561,hostaway,2027-05-07T00:00:00.000000,1,0,0,0,1,914.0,1
389561,hostaway,2027-05-08T00:00:00.000000,1,0,0,0,1,914.0,1
389561,hostaway,2027-05-09T00:00:00.000000,1,0,0,0,1,718.0,1
389561,hostaway,2027-05-10T00:00:00.000000,1,0,0,0,1,674.0,1
389561,hostaway,2027-05-11T00:00:00.000000,1,0,0,0,1,674.0,1
389561,hostaway,2027-05-12T00:00:00.000000,1,0,0,0,1,674.0,1
389561,hostaway,2027-05-13T00:00:00.000000,1,0,0,0,1,766.0,1
389561,hostaway,2027-05-14T00:00:00.000000,1,0,0,0,1,914.0,1
389561,hostaway,2027-05-15T00:00:00.000000,1,0,0,0,1,914.0,1
389561,hostaway,2027-05-16T00:00:00.000000,1,0,0,0,1,718.0,1
389561,hostaway,2027-05-17T00:00:00.000000,1,0,0,0,1,674.0,1
389561,hostaway,2027-05-18T00:00:00.000000,1,0,0,0,1,674.0,1
389561,hostaway,2027-05-19T00:00:00.000000,1,0,0,0,1,674.0,1
389561,hostaway,2027-05-20T00:00:00.000000,1,0,0,0,1,766.0,1
389561,hostaway,2027-05-21T00:00:00.000000,1,0,0,0,1,914.0,1
389561,hostaway,2027-05-22T00:00:00.000000,1,0,0,0,1,869.0,1
389561,hostaway,2027-05-23T00:00:00.000000,1,0,0,0,1,687.0,1
389561,hostaway,2027-05-24T00:00:00.000000,1,0,0,0,1,646.0,1
389561,hostaway,2027-05-25T00:00:00.000000,1,0,0,0,1,649.0,1
389561,hostaway,2027-05-26T00:00:00.000000,1,0,0,0,1,652.0,1
389561,hostaway,2027-05-27T00:00:00.000000,1,0,0,0,1,822.0,1
389561,hostaway,2027-05-28T00:00:00.000000,1,0,0,0,1,1089.0,1
389561,hostaway,2027-05-29T00:00:00.000000,1,0,0,0,1,1093.0,1
389561,hostaway,2027-05-30T00:00:00.000000,1,0,0,0,1,866.0,1
389561,hostaway,2027-05-31T00:00:00.000000,1,0,0,0,1,750.0,1
389561,hostaway,2027-06-01T00:00:00.000000,1,0,0,0,1,681.0,1
389561,hostaway,2027-06-02T00:00:00.000000,1,0,0,0,1,652.0,1
389561,hostaway,2027-06-03T00:00:00.000000,1,0,0,0,1,750.0,1
389561,hostaway,2027-06-04T00:00:00.000000,1,0,0,0,1,891.0,1
389561,hostaway,2027-06-05T00:00:00.000000,1,0,0,0,1,894.0,1
389561,hostaway,2027-06-06T00:00:00.000000,1,0,0,0,1,708.0,1
389561,hostaway,2027-06-07T00:00:00.000000,1,0,0,0,1,664.0,1
389561,hostaway,2027-06-08T00:00:00.000000,1,0,0,0,1,667.0,1
389561,hostaway,2027-06-09T00:00:00.000000,1,0,0,0,1,670.0,1
389561,hostaway,2027-06-10T00:00:00.000000,1,0,0,0,1,769.0,1
389561,hostaway,2027-06-11T00:00:00.000000,1,0,0,0,1,914.0,1
389561,hostaway,2027-06-12T00:00:00.000000,1,0,0,0,1,917.0,1
389561,hostaway,2027-06-13T00:00:00.000000,1,0,0,0,1,727.0,1
389561,hostaway,2027-06-14T00:00:00.000000,1,0,0,0,1,682.0,1
389561,hostaway,2027-06-15T00:00:00.000000,1,0,0,0,1,718.0,1
389561,hostaway,2027-06-16T00:00:00.000000,1,0,0,0,1,721.0,1
389561,hostaway,2027-06-17T00:00:00.000000,1,0,0,0,1,789.0,1
389561,hostaway,2027-06-18T00:00:00.000000,1,0,0,0,1,936.0,1
389561,hostaway,2027-06-19T00:00:00.000000,1,0,0,0,1,939.0,1
389561,hostaway,2027-06-20T00:00:00.000000,1,0,0,0,1,747.0,1
389561,hostaway,2027-06-21T00:00:00.000000,1,0,0,0,1,700.0,1
389561,hostaway,2027-06-22T00:00:00.000000,1,0,0,0,1,738.0,1
389561,hostaway,2027-06-23T00:00:00.000000,1,0,0,0,1,706.0,1
389561,hostaway,2027-06-24T00:00:00.000000,1,0,0,0,1,806.0,1
389561,hostaway,2027-06-25T00:00:00.000000,1,0,0,0,1,953.0,1
389561,hostaway,2027-06-26T00:00:00.000000,1,0,0,0,1,953.0,1
389561,hostaway,2027-06-27T00:00:00.000000,1,0,0,0,1,756.0,1
389561,hostaway,2027-06-28T00:00:00.000000,1,0,0,0,1,706.0,1
389561,hostaway,2027-06-29T00:00:00.000000,1,0,0,0,1,706.0,1
389561,hostaway,2027-06-30T00:00:00.000000,1,0,0,0,1,706.0,1
389561,hostaway,2027-07-01T00:00:00.000000,1,0,0,0,1,887.0,1
389561,hostaway,2027-07-02T00:00:00.000000,1,0,0,0,1,1001.0,1
389561,hostaway,2027-07-03T00:00:00.000000,1,0,0,0,1,1001.0,1
389561,hostaway,2027-07-04T00:00:00.000000,1,0,0,0,1,832.0,1
389561,hostaway,2027-07-05T00:00:00.000000,1,0,0,0,1,670.0,1
389561,hostaway,2027-07-06T00:00:00.000000,1,0,0,0,1,670.0,1
389561,hostaway,2027-07-07T00:00:00.000000,1,0,0,0,1,670.0,1
389561,hostaway,2027-07-08T00:00:00.000000,1,0,0,0,1,770.0,1
389561,hostaway,2027-07-09T00:00:00.000000,1,0,0,0,1,907.0,1
389561,hostaway,2027-07-10T00:00:00.000000,1,0,0,0,1,907.0,1
389561,hostaway,2027-07-11T00:00:00.000000,1,0,0,0,1,720.0,1
389561,hostaway,2027-07-12T00:00:00.000000,1,0,0,0,1,670.0,1
389561,hostaway,2027-07-13T00:00:00.000000,1,0,0,0,1,670.0,1
389561,hostaway,2027-07-14T00:00:00.000000,1,0,0,0,1,670.0,1
389561,hostaway,2027-07-15T00:00:00.000000,1,0,0,0,1,770.0,1
389561,hostaway,2027-07-16T00:00:00.000000,1,0,0,0,1,907.0,1
389561,hostaway,2027-07-17T00:00:00.000000,1,0,0,0,1,907.0,1
389561,hostaway,2027-07-18T00:00:00.000000,1,0,0,0,1,720.0,1
389561,hostaway,2027-07-19T00:00:00.000000,1,0,0,0,1,670.0,1
389561,hostaway,2027-07-20T00:00:00.000000,1,0,0,0,1,670.0,1
389561,hostaway,2027-07-21T00:00:00.000000,1,0,0,0,1,670.0,1
389561,hostaway,2027-07-22T00:00:00.000000,1,0,0,0,1,770.0,1
389561,hostaway,2027-07-23T00:00:00.000000,1,0,0,0,1,907.0,1
389561,hostaway,2027-07-24T00:00:00.000000,1,0,0,0,1,907.0,1
389561,hostaway,2027-07-25T00:00:00.000000,1,0,0,0,1,720.0,1
389561,hostaway,2027-07-26T00:00:00.000000,1,0,0,0,1,670.0,1
389561,hostaway,2027-07-27T00:00:00.000000,1,0,0,0,1,670.0,1
389561,hostaway,2027-07-28T00:00:00.000000,1,0,0,0,1,670.0,1
389561,hostaway,2027-07-29T00:00:00.000000,1,0,0,0,1,770.0,1
389561,hostaway,2027-07-30T00:00:00.000000,1,0,0,0,1,907.0,1
389561,hostaway,2027-07-31T00:00:00.000000,1,0,0,0,1,907.0,1
389561,hostaway,2027-08-01T00:00:00.000000,1,0,0,0,1,720.0,1
389561,hostaway,2027-08-02T00:00:00.000000,1,0,0,0,1,670.0,1
389561,hostaway,2027-08-03T00:00:00.000000,1,0,0,0,1,670.0,1
389561,hostaway,2027-08-04T00:00:00.000000,1,0,0,0,1,670.0,1
389561,hostaway,2027-08-05T00:00:00.000000,1,0,0,0,1,770.0,1
389561,hostaway,2027-08-06T00:00:00.000000,1,0,0,0,1,907.0,1
389561,hostaway,2027-08-07T00:00:00.000000,1,0,0,0,1,907.0,1
389561,hostaway,2027-08-08T00:00:00.000000,1,0,0,0,1,720.0,1
389561,hostaway,2027-08-09T00:00:00.000000,1,0,0,0,1,670.0,1
389561,hostaway,2027-08-10T00:00:00.000000,1,0,0,0,1,670.0,1
389561,hostaway,2027-08-11T00:00:00.000000,1,0,0,0,1,670.0,1
389561,hostaway,2027-08-12T00:00:00.000000,1,0,0,0,1,770.0,1
389561,hostaway,2027-08-13T00:00:00.000000,1,0,0,0,1,907.0,1
389561,hostaway,2027-08-14T00:00:00.000000,1,0,0,0,1,907.0,1
389561,hostaway,2027-08-15T00:00:00.000000,1,0,0,0,1,720.0,1
389561,hostaway,2027-08-16T00:00:00.000000,1,0,0,0,1,670.0,1
389561,hostaway,2027-08-17T00:00:00.000000,1,0,0,0,1,670.0,1
389561,hostaway,2027-08-18T00:00:00.000000,1,0,0,0,1,670.0,1
389561,hostaway,2027-08-19T00:00:00.000000,1,0,0,0,1,770.0,1
389561,hostaway,2027-08-20T00:00:00.000000,1,0,0,0,1,907.0,1
389561,hostaway,2027-08-21T00:00:00.000000,1,0,0,0,1,907.0,1
389561,hostaway,2027-08-22T00:00:00.000000,1,0,0,0,1,720.0,1
389561,hostaway,2027-08-23T00:00:00.000000,1,0,0,0,1,670.0,1
389561,hostaway,2027-08-24T00:00:00.000000,1,0,0,0,1,670.0,1
389561,hostaway,2027-08-25T00:00:00.000000,1,0,0,0,1,670.0,1
389561,hostaway,2027-08-26T00:00:00.000000,1,0,0,0,1,770.0,1
389561,hostaway,2027-08-27T00:00:00.000000,1,0,0,0,1,907.0,1
389561,hostaway,2027-08-28T00:00:00.000000,1,0,0,0,1,907.0,1
389561,hostaway,2027-08-29T00:00:00.000000,1,0,0,0,1,720.0,1
389561,hostaway,2027-08-30T00:00:00.000000,1,0,0,0,1,670.0,1
389561,hostaway,2027-08-31T00:00:00.000000,1,0,0,0,1,670.0,1
389561,hostaway,2027-09-01T00:00:00.000000,1,0,0,0,1,670.0,1
389561,hostaway,2027-09-02T00:00:00.000000,1,0,0,0,1,736.0,1
389561,hostaway,2027-09-03T00:00:00.000000,1,0,0,0,1,1049.0,1
389561,hostaway,2027-09-04T00:00:00.000000,1,0,0,0,1,1049.0,1
389561,hostaway,2027-09-05T00:00:00.000000,1,0,0,0,1,802.0,1
389561,hostaway,2027-09-06T00:00:00.000000,1,0,0,0,1,688.0,1
389561,hostaway,2027-09-07T00:00:00.000000,1,0,0,0,1,636.0,1
389561,hostaway,2027-09-08T00:00:00.000000,1,0,0,0,1,636.0,1
389561,hostaway,2027-09-09T00:00:00.000000,1,0,0,0,1,736.0,1
389561,hostaway,2027-09-10T00:00:00.000000,1,0,0,0,1,864.0,1
389561,hostaway,2027-09-11T00:00:00.000000,1,0,0,0,1,864.0,1
389561,hostaway,2027-09-12T00:00:00.000000,1,0,0,0,1,686.0,1
389561,hostaway,2027-09-13T00:00:00.000000,1,0,0,0,1,636.0,1
389561,hostaway,2027-09-14T00:00:00.000000,1,0,0,0,1,636.0,1
389561,hostaway,2027-09-15T00:00:00.000000,1,0,0,0,1,636.0,1
389561,hostaway,2027-09-16T00:00:00.000000,1,0,0,0,1,736.0,1
389561,hostaway,2027-09-17T00:00:00.000000,1,0,0,0,1,864.0,1
389561,hostaway,2027-09-18T00:00:00.000000,1,0,0,0,1,864.0,1
389561,hostaway,2027-09-19T00:00:00.000000,1,0,0,0,1,686.0,1
389561,hostaway,2027-09-20T00:00:00.000000,1,0,0,0,1,636.0,1
389561,hostaway,2027-09-21T00:00:00.000000,1,0,0,0,1,636.0,1
389561,hostaway,2027-09-22T00:00:00.000000,1,0,0,0,1,636.0,1
389561,hostaway,2027-09-23T00:00:00.000000,1,0,0,0,1,736.0,1
389561,hostaway,2027-09-24T00:00:00.000000,1,0,0,0,1,864.0,1
389561,hostaway,2027-09-25T00:00:00.000000,1,0,0,0,1,864.0,1
389561,hostaway,2027-09-26T00:00:00.000000,1,0,0,0,1,686.0,1
389561,hostaway,2027-09-27T00:00:00.000000,1,0,0,0,1,636.0,1
389561,hostaway,2027-09-28T00:00:00.000000,1,0,0,0,1,636.0,1
389561,hostaway,2027-09-29T00:00:00.000000,1,0,0,0,1,636.0,1
389561,hostaway,2027-09-30T00:00:00.000000,1,0,0,0,1,999.0,1
389561,hostaway,2027-10-01T00:00:00.000000,1,0,0,0,1,1190.0,1
389561,hostaway,2027-10-02T00:00:00.000000,1,0,0,0,1,1190.0,1
389561,hostaway,2027-10-03T00:00:00.000000,1,0,0,0,1,944.0,1
389561,hostaway,2027-10-04T00:00:00.000000,1,0,0,0,1,808.0,1
389561,hostaway,2027-10-05T00:00:00.000000,1,0,0,0,1,808.0,1
389561,hostaway,2027-10-06T00:00:00.000000,1,0,0,0,1,808.0,1
389561,hostaway,2027-10-07T00:00:00.000000,1,0,0,0,1,999.0,1
389561,hostaway,2027-10-08T00:00:00.000000,1,0,0,0,1,1190.0,1
389561,hostaway,2027-10-09T00:00:00.000000,1,0,0,0,1,1190.0,1
389561,hostaway,2027-10-10T00:00:00.000000,1,0,0,0,1,944.0,1
389561,hostaway,2027-10-11T00:00:00.000000,1,0,0,0,1,808.0,1
389561,hostaway,2027-10-12T00:00:00.000000,1,0,0,0,1,808.0,1
389561,hostaway,2027-10-13T00:00:00.000000,1,0,0,0,1,808.0,1
389561,hostaway,2027-10-14T00:00:00.000000,1,0,0,0,1,908.0,1
389561,hostaway,2027-10-15T00:00:00.000000,1,0,0,0,1,1082.0,1
389561,hostaway,2027-10-16T00:00:00.000000,1,0,0,0,1,1082.0,1
389561,hostaway,2027-10-17T00:00:00.000000,1,0,0,0,1,858.0,1
389561,hostaway,2027-10-18T00:00:00.000000,1,0,0,0,1,808.0,1
389561,hostaway,2027-10-19T00:00:00.000000,1,0,0,0,1,808.0,1
389561,hostaway,2027-10-20T00:00:00.000000,1,0,0,0,1,808.0,1
389561,hostaway,2027-10-21T00:00:00.000000,1,0,0,0,1,1090.0,1
389561,hostaway,2027-10-22T00:00:00.000000,1,0,0,0,1,1298.0,1
389561,hostaway,2027-10-23T00:00:00.000000,1,0,0,0,1,1298.0,1
389561,hostaway,2027-10-24T00:00:00.000000,1,0,0,0,1,1090.0,1
389561,hostaway,2027-10-25T00:00:00.000000,1,0,0,0,1,808.0,1
389561,hostaway,2027-10-26T00:00:00.000000,1,0,0,0,1,808.0,1
389561,hostaway,2027-10-27T00:00:00.000000,1,0,0,0,1,808.0,1
389561,hostaway,2027-10-28T00:00:00.000000,1,0,0,0,1,1090.0,1
389561,hostaway,2027-10-29T00:00:00.000000,1,0,0,0,1,1298.0,1
389561,hostaway,2027-10-30T00:00:00.000000,1,0,0,0,1,1298.0,1
389561,hostaway,2027-10-31T00:00:00.000000,1,0,0,0,1,1090.0,1
389561,hostaway,2027-11-01T00:00:00.000000,1,0,0,0,1,767.0,1
389561,hostaway,2027-11-02T00:00:00.000000,1,0,0,0,1,767.0,1
389561,hostaway,2027-11-03T00:00:00.000000,1,0,0,0,1,767.0,1
389561,hostaway,2027-11-04T00:00:00.000000,1,0,0,0,1,867.0,1
389561,hostaway,2027-11-05T00:00:00.000000,1,0,0,0,1,1030.0,1
389561,hostaway,2027-11-06T00:00:00.000000,1,0,0,0,1,1030.0,1
389561,hostaway,2027-11-07T00:00:00.000000,1,0,0,0,1,817.0,1
389561,hostaway,2027-11-08T00:00:00.000000,1,0,0,0,1,767.0,1
389561,hostaway,2027-11-09T00:00:00.000000,1,0,0,0,1,767.0,1
389561,hostaway,2027-11-10T00:00:00.000000,1,0,0,0,1,767.0,1
389561,hostaway,2027-11-11T00:00:00.000000,1,0,0,0,1,867.0,1
389561,hostaway,2027-11-12T00:00:00.000000,1,0,0,0,1,1030.0,1
389561,hostaway,2027-11-13T00:00:00.000000,1,0,0,0,1,1030.0,1
389561,hostaway,2027-11-14T00:00:00.000000,1,0,0,0,1,817.0,1
389561,hostaway,2027-11-15T00:00:00.000000,1,0,0,0,1,767.0,1
389561,hostaway,2027-11-16T00:00:00.000000,1,0,0,0,1,767.0,1
389561,hostaway,2027-11-17T00:00:00.000000,1,0,0,0,1,767.0,1
389561,hostaway,2027-11-18T00:00:00.000000,1,0,0,0,1,867.0,1
389561,hostaway,2027-11-19T00:00:00.000000,1,0,0,0,1,1030.0,1
389561,hostaway,2027-11-20T00:00:00.000000,1,0,0,0,1,1030.0,1
389561,hostaway,2027-11-21T00:00:00.000000,1,0,0,0,1,817.0,1
389561,hostaway,2027-11-22T00:00:00.000000,1,0,0,0,1,767.0,1
389561,hostaway,2027-11-23T00:00:00.000000,1,0,0,0,1,767.0,1
389561,hostaway,2027-11-24T00:00:00.000000,1,0,0,0,1,767.0,1
389561,hostaway,2027-11-25T00:00:00.000000,1,0,0,0,1,1360.0,1
389561,hostaway,2027-11-26T00:00:00.000000,1,0,0,0,1,1133.0,1
389561,hostaway,2027-11-27T00:00:00.000000,1,0,0,0,1,1133.0,1
389561,hostaway,2027-11-28T00:00:00.000000,1,0,0,0,1,817.0,1
389561,hostaway,2027-11-29T00:00:00.000000,1,0,0,0,1,686.0,1
389561,hostaway,2027-11-30T00:00:00.000000,1,0,0,0,1,686.0,1
389561,hostaway,2027-12-01T00:00:00.000000,1,0,0,0,1,686.0,1
389561,hostaway,2027-12-02T00:00:00.000000,1,0,0,0,1,786.0,1
389561,hostaway,2027-12-03T00:00:00.000000,1,0,0,0,1,864.0,1
389561,hostaway,2027-12-04T00:00:00.000000,1,0,0,0,1,864.0,1
389561,hostaway,2027-12-05T00:00:00.000000,1,0,0,0,1,736.0,1
389561,hostaway,2027-12-06T00:00:00.000000,1,0,0,0,1,686.0,1
389561,hostaway,2027-12-07T00:00:00.000000,1,0,0,0,1,686.0,1
389561,hostaway,2027-12-08T00:00:00.000000,1,0,0,0,1,686.0,1
389561,hostaway,2027-12-09T00:00:00.000000,1,0,0,0,1,786.0,1
389561,hostaway,2027-12-10T00:00:00.000000,1,0,0,0,1,864.0,1
389561,hostaway,2027-12-11T00:00:00.000000,1,0,0,0,1,864.0,1
389561,hostaway,2027-12-12T00:00:00.000000,1,0,0,0,1,736.0,1
389561,hostaway,2027-12-13T00:00:00.000000,1,0,0,0,1,686.0,1
389561,hostaway,2027-12-14T00:00:00.000000,1,0,0,0,1,686.0,1
389561,hostaway,2027-12-15T00:00:00.000000,1,0,0,0,1,686.0,1
389561,hostaway,2027-12-16T00:00:00.000000,1,0,0,0,1,786.0,1
389561,hostaway,2027-12-17T00:00:00.000000,1,0,0,0,1,907.0,1
389561,hostaway,2027-12-18T00:00:00.000000,1,0,0,0,1,907.0,1
389561,hostaway,2027-12-19T00:00:00.000000,1,0,0,0,1,773.0,1
389561,hostaway,2027-12-20T00:00:00.000000,1,0,0,0,1,720.0,1
389561,hostaway,2027-12-21T00:00:00.000000,1,0,0,0,1,720.0,1
389561,hostaway,2027-12-22T00:00:00.000000,1,0,0,0,1,720.0,1
389561,hostaway,2027-12-23T00:00:00.000000,1,0,0,0,1,825.0,1
389561,hostaway,2027-12-24T00:00:00.000000,1,0,0,0,1,998.0,1
389561,hostaway,2027-12-25T00:00:00.000000,1,0,0,0,1,998.0,1
389561,hostaway,2027-12-26T00:00:00.000000,1,0,0,0,1,998.0,1
389561,hostaway,2027-12-27T00:00:00.000000,1,0,0,0,1,686.0,1
389561,hostaway,2027-12-28T00:00:00.000000,1,0,0,0,1,686.0,1
389561,hostaway,2027-12-29T00:00:00.000000,1,0,0,0,1,686.0,1
389561,hostaway,2027-12-30T00:00:00.000000,1,0,0,0,1,1148.0,1
389561,hostaway,2027-12-31T00:00:00.000000,1,0,0,0,1,1148.0,1
389561,hostaway,2028-01-01T00:00:00.000000,1,0,0,0,1,1148.0,1
389561,hostaway,2028-01-02T00:00:00.000000,1,0,0,0,1,918.0,1
389561,hostaway,2028-01-03T00:00:00.000000,1,0,0,0,1,653.0,1
389561,hostaway,2028-01-04T00:00:00.000000,1,0,0,0,1,653.0,1
389561,hostaway,2028-01-05T00:00:00.000000,1,0,0,0,1,653.0,1
389561,hostaway,2028-01-06T00:00:00.000000,1,0,0,0,1,724.0,1
389561,hostaway,2028-01-07T00:00:00.000000,1,0,0,0,1,823.0,1
389561,hostaway,2028-01-08T00:00:00.000000,1,0,0,0,1,823.0,1
389561,hostaway,2028-01-09T00:00:00.000000,1,0,0,0,1,687.0,1
511788,hostaway,2026-05-24T00:00:00.000000,1,0,0,0,1,0.0,1
511788,hostaway,2026-05-25T00:00:00.000000,1,0,0,0,1,0.0,1
511788,hostaway,2026-05-26T00:00:00.000000,1,0,0,0,1,0.0,1
511788,hostaway,2026-05-27T00:00:00.000000,1,0,0,0,1,0.0,1
511788,hostaway,2026-05-28T00:00:00.000000,1,1,0,0,1,0.0,0
511788,hostaway,2026-05-29T00:00:00.000000,1,1,0,0,1,0.0,0
511788,hostaway,2026-05-30T00:00:00.000000,1,0,0,0,1,0.0,1
511788,hostaway,2026-05-31T00:00:00.000000,1,0,0,0,1,0.0,1
511788,hostaway,2026-06-01T00:00:00.000000,1,0,0,0,1,0.0,1
511788,hostaway,2026-06-02T00:00:00.000000,1,0,0,0,1,0.0,1
511788,hostaway,2026-06-03T00:00:00.000000,1,0,0,0,1,0.0,1
511788,hostaway,2026-06-04T00:00:00.000000,1,0,0,0,1,0.0,1
511788,hostaway,2026-06-05T00:00:00.000000,1,0,0,0,1,0.0,1
511788,hostaway,2026-06-06T00:00:00.000000,1,0,0,0,1,0.0,1
511788,hostaway,2026-06-07T00:00:00.000000,1,0,0,0,1,0.0,1
511788,hostaway,2026-06-08T00:00:00.000000,1,0,0,0,1,0.0,1
511788,hostaway,2026-06-09T00:00:00.000000,1,0,0,0,1,0.0,1
511788,hostaway,2026-06-10T00:00:00.000000,1,0,0,0,1,0.0,1
511788,hostaway,2026-06-11T00:00:00.000000,1,0,0,0,1,0.0,1
511788,hostaway,2026-06-12T00:00:00.000000,1,1,0,0,1,0.0,0
511788,hostaway,2026-06-13T00:00:00.000000,1,1,0,0,1,0.0,0
511788,hostaway,2026-06-14T00:00:00.000000,1,0,0,0,1,0.0,1
511788,hostaway,2026-06-15T00:00:00.000000,1,0,0,0,1,0.0,1
511788,hostaway,2026-06-16T00:00:00.000000,1,0,0,0,1,0.0,1
511788,hostaway,2026-06-17T00:00:00.000000,1,0,0,0,1,0.0,1
511788,hostaway,2026-06-18T00:00:00.000000,1,0,0,0,1,0.0,1
511788,hostaway,2026-06-19T00:00:00.000000,1,1,0,0,1,0.0,0
511788,hostaway,2026-06-20T00:00:00.000000,1,1,0,0,1,0.0,0
511788,hostaway,2026-06-21T00:00:00.000000,1,1,0,0,1,0.0,0
511788,hostaway,2026-06-22T00:00:00.000000,1,0,0,0,1,0.0,1
511788,hostaway,2026-06-23T00:00:00.000000,1,0,0,0,1,166.0,1
511788,hostaway,2026-06-24T00:00:00.000000,1,0,0,0,1,166.0,1
511788,hostaway,2026-06-25T00:00:00.000000,1,1,0,0,1,166.0,0
511788,hostaway,2026-06-26T00:00:00.000000,1,1,0,0,1,294.0,0
511788,hostaway,2026-06-27T00:00:00.000000,1,1,0,0,1,294.0,0
511788,hostaway,2026-06-28T00:00:00.000000,1,0,0,0,1,177.0,1
511788,hostaway,2026-06-29T00:00:00.000000,1,0,0,0,1,166.0,1
511788,hostaway,2026-06-30T00:00:00.000000,1,0,0,0,1,166.0,1
511788,hostaway,2026-07-01T00:00:00.000000,1,0,0,0,1,166.0,1
511788,hostaway,2026-07-02T00:00:00.000000,1,0,0,0,1,177.0,1
511788,hostaway,2026-07-03T00:00:00.000000,1,1,0,0,1,431.0,0
511788,hostaway,2026-07-04T00:00:00.000000,1,1,0,0,1,431.0,0
511788,hostaway,2026-07-05T00:00:00.000000,1,1,0,0,1,237.0,0
511788,hostaway,2026-07-06T00:00:00.000000,1,0,0,0,1,166.0,1
511788,hostaway,2026-07-07T00:00:00.000000,1,0,0,0,1,166.0,1
511788,hostaway,2026-07-08T00:00:00.000000,1,1,0,0,1,166.0,0
511788,hostaway,2026-07-09T00:00:00.000000,1,1,0,0,1,194.0,0
511788,hostaway,2026-07-10T00:00:00.000000,1,1,0,0,1,284.0,0
511788,hostaway,2026-07-11T00:00:00.000000,1,1,0,0,1,284.0,0
511788,hostaway,2026-07-12T00:00:00.000000,1,0,0,0,1,194.0,1
511788,hostaway,2026-07-13T00:00:00.000000,1,0,0,0,1,166.0,1
511788,hostaway,2026-07-14T00:00:00.000000,1,0,0,0,1,166.0,1
511788,hostaway,2026-07-15T00:00:00.000000,1,0,0,0,1,166.0,1
511788,hostaway,2026-07-16T00:00:00.000000,1,0,0,0,1,194.0,1
511788,hostaway,2026-07-17T00:00:00.000000,1,0,0,0,1,341.0,1
511788,hostaway,2026-07-18T00:00:00.000000,1,0,0,0,1,341.0,1
511788,hostaway,2026-07-19T00:00:00.000000,1,0,0,0,1,194.0,1
511788,hostaway,2026-07-20T00:00:00.000000,1,0,0,0,1,166.0,1
511788,hostaway,2026-07-21T00:00:00.000000,1,0,0,0,1,166.0,1
511788,hostaway,2026-07-22T00:00:00.000000,1,0,0,0,1,166.0,1
511788,hostaway,2026-07-23T00:00:00.000000,1,0,0,0,1,194.0,1
511788,hostaway,2026-07-24T00:00:00.000000,1,0,0,0,1,341.0,1
511788,hostaway,2026-07-25T00:00:00.000000,1,0,0,0,1,341.0,1
511788,hostaway,2026-07-26T00:00:00.000000,1,0,0,0,1,194.0,1
511788,hostaway,2026-07-27T00:00:00.000000,1,0,0,0,1,166.0,1
511788,hostaway,2026-07-28T00:00:00.000000,1,0,0,0,1,166.0,1
511788,hostaway,2026-07-29T00:00:00.000000,1,1,0,0,1,166.0,0
511788,hostaway,2026-07-30T00:00:00.000000,1,1,0,0,1,194.0,0
511788,hostaway,2026-07-31T00:00:00.000000,1,1,0,0,1,284.0,0
511788,hostaway,2026-08-01T00:00:00.000000,1,1,0,0,1,284.0,0
511788,hostaway,2026-08-02T00:00:00.000000,1,0,0,0,1,194.0,1
511788,hostaway,2026-08-03T00:00:00.000000,1,0,0,0,1,166.0,1
511788,hostaway,2026-08-04T00:00:00.000000,1,0,0,0,1,166.0,1
511788,hostaway,2026-08-05T00:00:00.000000,1,0,0,0,1,166.0,1
511788,hostaway,2026-08-06T00:00:00.000000,1,1,0,0,1,194.0,0
511788,hostaway,2026-08-07T00:00:00.000000,1,1,0,0,1,320.0,0
511788,hostaway,2026-08-08T00:00:00.000000,1,1,0,0,1,320.0,0
511788,hostaway,2026-08-09T00:00:00.000000,1,1,0,0,1,194.0,0
511788,hostaway,2026-08-10T00:00:00.000000,1,0,0,0,1,166.0,1
511788,hostaway,2026-08-11T00:00:00.000000,1,0,0,0,1,166.0,1
511788,hostaway,2026-08-12T00:00:00.000000,1,0,0,0,1,166.0,1
511788,hostaway,2026-08-13T00:00:00.000000,1,0,0,0,1,328.0,1
511788,hostaway,2026-08-14T00:00:00.000000,1,0,0,0,1,408.0,1
511788,hostaway,2026-08-15T00:00:00.000000,1,0,0,0,1,408.0,1
511788,hostaway,2026-08-16T00:00:00.000000,1,0,0,0,1,328.0,1
511788,hostaway,2026-08-17T00:00:00.000000,1,0,0,0,1,166.0,1
511788,hostaway,2026-08-18T00:00:00.000000,1,0,0,0,1,166.0,1
511788,hostaway,2026-08-19T00:00:00.000000,1,0,0,0,1,166.0,1
511788,hostaway,2026-08-20T00:00:00.000000,1,0,0,0,1,328.0,1
511788,hostaway,2026-08-21T00:00:00.000000,1,0,0,0,1,408.0,1
511788,hostaway,2026-08-22T00:00:00.000000,1,0,0,0,1,408.0,1
511788,hostaway,2026-08-23T00:00:00.000000,1,0,0,0,1,328.0,1
511788,hostaway,2026-08-24T00:00:00.000000,1,0,0,0,1,166.0,1
511788,hostaway,2026-08-25T00:00:00.000000,1,0,0,0,1,166.0,1
511788,hostaway,2026-08-26T00:00:00.000000,1,0,0,0,1,166.0,1
511788,hostaway,2026-08-27T00:00:00.000000,1,0,0,0,1,328.0,1
511788,hostaway,2026-08-28T00:00:00.000000,1,0,0,0,1,408.0,1
511788,hostaway,2026-08-29T00:00:00.000000,1,0,0,0,1,408.0,1
511788,hostaway,2026-08-30T00:00:00.000000,1,0,0,0,1,328.0,1
511788,hostaway,2026-08-31T00:00:00.000000,1,0,0,0,1,166.0,1
511788,hostaway,2026-09-01T00:00:00.000000,1,0,0,0,1,166.0,1
511788,hostaway,2026-09-02T00:00:00.000000,1,0,0,0,1,166.0,1
511788,hostaway,2026-09-03T00:00:00.000000,1,0,0,0,1,366.0,1
511788,hostaway,2026-09-04T00:00:00.000000,1,0,0,0,1,501.0,1
511788,hostaway,2026-09-05T00:00:00.000000,1,0,0,0,1,501.0,1
511788,hostaway,2026-09-06T00:00:00.000000,1,0,0,0,1,389.0,1
511788,hostaway,2026-09-07T00:00:00.000000,1,0,0,0,1,216.0,1
511788,hostaway,2026-09-08T00:00:00.000000,1,0,0,0,1,216.0,1
511788,hostaway,2026-09-09T00:00:00.000000,1,0,0,0,1,216.0,1
511788,hostaway,2026-09-10T00:00:00.000000,1,0,0,0,1,313.0,1
511788,hostaway,2026-09-11T00:00:00.000000,1,0,0,0,1,426.0,1
511788,hostaway,2026-09-12T00:00:00.000000,1,0,0,0,1,426.0,1
511788,hostaway,2026-09-13T00:00:00.000000,1,0,0,0,1,313.0,1
511788,hostaway,2026-09-14T00:00:00.000000,1,0,0,0,1,196.0,1
511788,hostaway,2026-09-15T00:00:00.000000,1,0,0,0,1,196.0,1
511788,hostaway,2026-09-16T00:00:00.000000,1,0,0,0,1,196.0,1
511788,hostaway,2026-09-17T00:00:00.000000,1,0,0,0,1,313.0,1
511788,hostaway,2026-09-18T00:00:00.000000,1,0,0,0,1,426.0,1
511788,hostaway,2026-09-19T00:00:00.000000,1,0,0,0,1,426.0,1
511788,hostaway,2026-09-20T00:00:00.000000,1,0,0,0,1,313.0,1
511788,hostaway,2026-09-21T00:00:00.000000,1,0,0,0,1,196.0,1
511788,hostaway,2026-09-22T00:00:00.000000,1,0,0,0,1,196.0,1
511788,hostaway,2026-09-23T00:00:00.000000,1,0,0,0,1,196.0,1
511788,hostaway,2026-09-24T00:00:00.000000,1,0,0,0,1,313.0,1
511788,hostaway,2026-09-25T00:00:00.000000,1,0,0,0,1,426.0,1
511788,hostaway,2026-09-26T00:00:00.000000,1,0,0,0,1,426.0,1
511788,hostaway,2026-09-27T00:00:00.000000,1,0,0,0,1,313.0,1
511788,hostaway,2026-09-28T00:00:00.000000,1,0,0,0,1,196.0,1
511788,hostaway,2026-09-29T00:00:00.000000,1,0,0,0,1,196.0,1
511788,hostaway,2026-09-30T00:00:00.000000,1,0,0,0,1,196.0,1
511788,hostaway,2026-10-01T00:00:00.000000,1,0,0,0,1,428.0,1
511788,hostaway,2026-10-02T00:00:00.000000,1,0,0,0,1,613.0,1
511788,hostaway,2026-10-03T00:00:00.000000,1,0,0,0,1,613.0,1
511788,hostaway,2026-10-04T00:00:00.000000,1,0,0,0,1,428.0,1
511788,hostaway,2026-10-05T00:00:00.000000,1,0,0,0,1,303.0,1
511788,hostaway,2026-10-06T00:00:00.000000,1,0,0,0,1,303.0,1
511788,hostaway,2026-10-07T00:00:00.000000,1,0,0,0,1,303.0,1
511788,hostaway,2026-10-08T00:00:00.000000,1,0,0,0,1,428.0,1
511788,hostaway,2026-10-09T00:00:00.000000,1,0,0,0,1,613.0,1
511788,hostaway,2026-10-10T00:00:00.000000,1,0,0,0,1,613.0,1
511788,hostaway,2026-10-11T00:00:00.000000,1,0,0,0,1,428.0,1
511788,hostaway,2026-10-12T00:00:00.000000,1,0,0,0,1,235.0,1
511788,hostaway,2026-10-13T00:00:00.000000,1,0,0,0,1,235.0,1
511788,hostaway,2026-10-14T00:00:00.000000,1,0,0,0,1,235.0,1
511788,hostaway,2026-10-15T00:00:00.000000,1,0,0,0,1,317.0,1
511788,hostaway,2026-10-16T00:00:00.000000,1,0,0,0,1,474.0,1
511788,hostaway,2026-10-17T00:00:00.000000,1,0,0,0,1,474.0,1
511788,hostaway,2026-10-18T00:00:00.000000,1,0,0,0,1,317.0,1
511788,hostaway,2026-10-19T00:00:00.000000,1,0,0,0,1,235.0,1
511788,hostaway,2026-10-20T00:00:00.000000,1,0,0,0,1,235.0,1
511788,hostaway,2026-10-21T00:00:00.000000,1,0,0,0,1,235.0,1
511788,hostaway,2026-10-22T00:00:00.000000,1,0,0,0,1,1077.0,1
511788,hostaway,2026-10-23T00:00:00.000000,1,0,0,0,1,1393.0,1
511788,hostaway,2026-10-24T00:00:00.000000,1,0,0,0,1,1393.0,1
511788,hostaway,2026-10-25T00:00:00.000000,1,0,0,0,1,1261.0,1
511788,hostaway,2026-10-26T00:00:00.000000,1,0,0,0,1,1077.0,1
511788,hostaway,2026-10-27T00:00:00.000000,1,0,0,0,1,235.0,1
511788,hostaway,2026-10-28T00:00:00.000000,1,0,0,0,1,235.0,1
511788,hostaway,2026-10-29T00:00:00.000000,1,0,0,0,1,295.0,1
511788,hostaway,2026-10-30T00:00:00.000000,1,0,0,0,1,447.0,1
511788,hostaway,2026-10-31T00:00:00.000000,1,0,0,0,1,447.0,1
511788,hostaway,2026-11-01T00:00:00.000000,1,0,0,0,1,295.0,1
511788,hostaway,2026-11-02T00:00:00.000000,1,0,0,0,1,166.0,1
511788,hostaway,2026-11-03T00:00:00.000000,1,0,0,0,1,166.0,1
511788,hostaway,2026-11-04T00:00:00.000000,1,0,0,0,1,166.0,1
511788,hostaway,2026-11-05T00:00:00.000000,1,0,0,0,1,295.0,1
511788,hostaway,2026-11-06T00:00:00.000000,1,0,0,0,1,447.0,1
511788,hostaway,2026-11-07T00:00:00.000000,1,0,0,0,1,447.0,1
511788,hostaway,2026-11-08T00:00:00.000000,1,0,0,0,1,295.0,1
511788,hostaway,2026-11-09T00:00:00.000000,1,0,0,0,1,166.0,1
511788,hostaway,2026-11-10T00:00:00.000000,1,0,0,0,1,166.0,1
511788,hostaway,2026-11-11T00:00:00.000000,1,0,0,0,1,166.0,1
511788,hostaway,2026-11-12T00:00:00.000000,1,0,0,0,1,295.0,1
511788,hostaway,2026-11-13T00:00:00.000000,1,0,0,0,1,447.0,1
511788,hostaway,2026-11-14T00:00:00.000000,1,0,0,0,1,447.0,1
511788,hostaway,2026-11-15T00:00:00.000000,1,0,0,0,1,295.0,1
511788,hostaway,2026-11-16T00:00:00.000000,1,0,0,0,1,166.0,1
511788,hostaway,2026-11-17T00:00:00.000000,1,0,0,0,1,166.0,1
511788,hostaway,2026-11-18T00:00:00.000000,1,0,0,0,1,166.0,1
511788,hostaway,2026-11-19T00:00:00.000000,1,0,0,0,1,295.0,1
511788,hostaway,2026-11-20T00:00:00.000000,1,0,0,0,1,447.0,1
511788,hostaway,2026-11-21T00:00:00.000000,1,0,0,0,1,447.0,1
511788,hostaway,2026-11-22T00:00:00.000000,1,0,0,0,1,295.0,1
511788,hostaway,2026-11-23T00:00:00.000000,1,0,0,0,1,166.0,1
511788,hostaway,2026-11-24T00:00:00.000000,1,0,0,0,1,166.0,1
511788,hostaway,2026-11-25T00:00:00.000000,1,0,0,0,1,166.0,1
511788,hostaway,2026-11-26T00:00:00.000000,1,0,0,0,1,397.0,1
511788,hostaway,2026-11-27T00:00:00.000000,1,0,0,0,1,447.0,1
511788,hostaway,2026-11-28T00:00:00.000000,1,0,0,0,1,447.0,1
511788,hostaway,2026-11-29T00:00:00.000000,1,0,0,0,1,295.0,1
511788,hostaway,2026-11-30T00:00:00.000000,1,0,0,0,1,166.0,1
511788,hostaway,2026-12-01T00:00:00.000000,1,0,0,0,1,166.0,1
511788,hostaway,2026-12-02T00:00:00.000000,1,0,0,0,1,166.0,1
511788,hostaway,2026-12-03T00:00:00.000000,1,0,0,0,1,256.0,1
511788,hostaway,2026-12-04T00:00:00.000000,1,0,0,0,1,334.0,1
511788,hostaway,2026-12-05T00:00:00.000000,1,0,0,0,1,334.0,1
511788,hostaway,2026-12-06T00:00:00.000000,1,0,0,0,1,256.0,1
511788,hostaway,2026-12-07T00:00:00.000000,1,0,0,0,1,166.0,1
511788,hostaway,2026-12-08T00:00:00.000000,1,0,0,0,1,166.0,1
511788,hostaway,2026-12-09T00:00:00.000000,1,0,0,0,1,166.0,1
511788,hostaway,2026-12-10T00:00:00.000000,1,0,0,0,1,256.0,1
511788,hostaway,2026-12-11T00:00:00.000000,1,0,0,0,1,334.0,1
511788,hostaway,2026-12-12T00:00:00.000000,1,0,0,0,1,334.0,1
511788,hostaway,2026-12-13T00:00:00.000000,1,0,0,0,1,256.0,1
511788,hostaway,2026-12-14T00:00:00.000000,1,0,0,0,1,166.0,1
511788,hostaway,2026-12-15T00:00:00.000000,1,0,0,0,1,166.0,1
511788,hostaway,2026-12-16T00:00:00.000000,1,0,0,0,1,166.0,1
511788,hostaway,2026-12-17T00:00:00.000000,1,0,0,0,1,317.0,1
511788,hostaway,2026-12-18T00:00:00.000000,1,0,0,0,1,414.0,1
511788,hostaway,2026-12-19T00:00:00.000000,1,0,0,0,1,414.0,1
511788,hostaway,2026-12-20T00:00:00.000000,1,0,0,0,1,317.0,1
511788,hostaway,2026-12-21T00:00:00.000000,1,0,0,0,1,357.0,1
511788,hostaway,2026-12-22T00:00:00.000000,1,0,0,0,1,357.0,1
511788,hostaway,2026-12-23T00:00:00.000000,1,0,0,0,1,357.0,1
511788,hostaway,2026-12-24T00:00:00.000000,1,0,0,0,1,433.0,1
511788,hostaway,2026-12-25T00:00:00.000000,1,0,0,0,1,552.0,1
511788,hostaway,2026-12-26T00:00:00.000000,1,0,0,0,1,552.0,1
511788,hostaway,2026-12-27T00:00:00.000000,1,0,0,0,1,428.0,1
511788,hostaway,2026-12-28T00:00:00.000000,1,0,0,0,1,318.0,1
511788,hostaway,2026-12-29T00:00:00.000000,1,0,0,0,1,318.0,1
511788,hostaway,2026-12-30T00:00:00.000000,1,0,0,0,1,738.0,1
511788,hostaway,2026-12-31T00:00:00.000000,1,0,0,0,1,738.0,1
511788,hostaway,2027-01-01T00:00:00.000000,1,0,0,0,1,385.0,1
511788,hostaway,2027-01-02T00:00:00.000000,1,0,0,0,1,385.0,1
511788,hostaway,2027-01-03T00:00:00.000000,1,0,0,0,1,255.0,1
511788,hostaway,2027-01-04T00:00:00.000000,1,0,0,0,1,197.0,1
511788,hostaway,2027-01-05T00:00:00.000000,1,0,0,0,1,197.0,1
511788,hostaway,2027-01-06T00:00:00.000000,1,0,0,0,1,197.0,1
511788,hostaway,2027-01-07T00:00:00.000000,1,0,0,0,1,257.0,1
511788,hostaway,2027-01-08T00:00:00.000000,1,0,0,0,1,351.0,1
511788,hostaway,2027-01-09T00:00:00.000000,1,0,0,0,1,351.0,1
511788,hostaway,2027-01-10T00:00:00.000000,1,0,0,0,1,240.0,1
511788,hostaway,2027-01-11T00:00:00.000000,1,0,0,0,1,183.0,1
511788,hostaway,2027-01-12T00:00:00.000000,1,0,0,0,1,183.0,1
511788,hostaway,2027-01-13T00:00:00.000000,1,0,0,0,1,183.0,1
511788,hostaway,2027-01-14T00:00:00.000000,1,0,0,0,1,257.0,1
511788,hostaway,2027-01-15T00:00:00.000000,1,0,0,0,1,404.0,1
511788,hostaway,2027-01-16T00:00:00.000000,1,0,0,0,1,404.0,1
511788,hostaway,2027-01-17T00:00:00.000000,1,0,0,0,1,284.0,1
511788,hostaway,2027-01-18T00:00:00.000000,1,0,0,0,1,216.0,1
511788,hostaway,2027-01-19T00:00:00.000000,1,0,0,0,1,183.0,1
511788,hostaway,2027-01-20T00:00:00.000000,1,0,0,0,1,183.0,1
511788,hostaway,2027-01-21T00:00:00.000000,1,0,0,0,1,257.0,1
511788,hostaway,2027-01-22T00:00:00.000000,1,0,0,0,1,351.0,1
511788,hostaway,2027-01-23T00:00:00.000000,1,0,0,0,1,351.0,1
511788,hostaway,2027-01-24T00:00:00.000000,1,0,0,0,1,240.0,1
511788,hostaway,2027-01-25T00:00:00.000000,1,0,0,0,1,183.0,1
511788,hostaway,2027-01-26T00:00:00.000000,1,0,0,0,1,183.0,1
511788,hostaway,2027-01-27T00:00:00.000000,1,0,0,0,1,183.0,1
511788,hostaway,2027-01-28T00:00:00.000000,1,0,0,0,1,257.0,1
511788,hostaway,2027-01-29T00:00:00.000000,1,0,0,0,1,351.0,1
511788,hostaway,2027-01-30T00:00:00.000000,1,0,0,0,1,351.0,1
511788,hostaway,2027-01-31T00:00:00.000000,1,0,0,0,1,240.0,1
511788,hostaway,2027-02-01T00:00:00.000000,1,0,0,0,1,217.0,1
511788,hostaway,2027-02-02T00:00:00.000000,1,0,0,0,1,217.0,1
511788,hostaway,2027-02-03T00:00:00.000000,1,0,0,0,1,217.0,1
511788,hostaway,2027-02-04T00:00:00.000000,1,0,0,0,1,317.0,1
511788,hostaway,2027-02-05T00:00:00.000000,1,0,0,0,1,447.0,1
511788,hostaway,2027-02-06T00:00:00.000000,1,0,0,0,1,447.0,1
511788,hostaway,2027-02-07T00:00:00.000000,1,0,0,0,1,255.0,1
511788,hostaway,2027-02-08T00:00:00.000000,1,0,0,0,1,217.0,1
511788,hostaway,2027-02-09T00:00:00.000000,1,0,0,0,1,217.0,1
511788,hostaway,2027-02-10T00:00:00.000000,1,0,0,0,1,217.0,1
511788,hostaway,2027-02-11T00:00:00.000000,1,0,0,0,1,317.0,1
511788,hostaway,2027-02-12T00:00:00.000000,1,0,0,0,1,518.0,1
511788,hostaway,2027-02-13T00:00:00.000000,1,0,0,0,1,518.0,1
511788,hostaway,2027-02-14T00:00:00.000000,1,0,0,0,1,295.0,1
511788,hostaway,2027-02-15T00:00:00.000000,1,0,0,0,1,256.0,1
511788,hostaway,2027-02-16T00:00:00.000000,1,0,0,0,1,217.0,1
511788,hostaway,2027-02-17T00:00:00.000000,1,0,0,0,1,217.0,1
511788,hostaway,2027-02-18T00:00:00.000000,1,0,0,0,1,317.0,1
511788,hostaway,2027-02-19T00:00:00.000000,1,0,0,0,1,447.0,1
511788,hostaway,2027-02-20T00:00:00.000000,1,0,0,0,1,447.0,1
511788,hostaway,2027-02-21T00:00:00.000000,1,0,0,0,1,255.0,1
511788,hostaway,2027-02-22T00:00:00.000000,1,0,0,0,1,217.0,1
511788,hostaway,2027-02-23T00:00:00.000000,1,0,0,0,1,217.0,1
511788,hostaway,2027-02-24T00:00:00.000000,1,0,0,0,1,217.0,1
511788,hostaway,2027-02-25T00:00:00.000000,1,0,0,0,1,317.0,1
511788,hostaway,2027-02-26T00:00:00.000000,1,0,0,0,1,447.0,1
511788,hostaway,2027-02-27T00:00:00.000000,1,0,0,0,1,447.0,1
511788,hostaway,2027-02-28T00:00:00.000000,1,0,0,0,1,255.0,1
511788,hostaway,2027-03-01T00:00:00.000000,1,0,0,0,1,217.0,1
511788,hostaway,2027-03-02T00:00:00.000000,1,0,0,0,1,217.0,1
511788,hostaway,2027-03-03T00:00:00.000000,1,0,0,0,1,217.0,1
511788,hostaway,2027-03-04T00:00:00.000000,1,0,0,0,1,360.0,1
511788,hostaway,2027-03-05T00:00:00.000000,1,0,0,0,1,485.0,1
511788,hostaway,2027-03-06T00:00:00.000000,1,0,0,0,1,485.0,1
511788,hostaway,2027-03-07T00:00:00.000000,1,0,0,0,1,337.0,1
511788,hostaway,2027-03-08T00:00:00.000000,1,0,0,0,1,296.0,1
511788,hostaway,2027-03-09T00:00:00.000000,1,0,0,0,1,296.0,1
511788,hostaway,2027-03-10T00:00:00.000000,1,0,0,0,1,296.0,1
511788,hostaway,2027-03-11T00:00:00.000000,1,0,0,0,1,337.0,1
511788,hostaway,2027-03-12T00:00:00.000000,1,0,0,0,1,588.0,1
511788,hostaway,2027-03-13T00:00:00.000000,1,0,0,0,1,588.0,1
511788,hostaway,2027-03-14T00:00:00.000000,1,0,0,0,1,408.0,1
511788,hostaway,2027-03-15T00:00:00.000000,1,0,0,0,1,358.0,1
511788,hostaway,2027-03-16T00:00:00.000000,1,0,0,0,1,358.0,1
511788,hostaway,2027-03-17T00:00:00.000000,1,0,0,0,1,358.0,1
511788,hostaway,2027-03-18T00:00:00.000000,1,0,0,0,1,408.0,1
511788,hostaway,2027-03-19T00:00:00.000000,1,0,0,0,1,588.0,1
511788,hostaway,2027-03-20T00:00:00.000000,1,0,0,0,1,588.0,1
511788,hostaway,2027-03-21T00:00:00.000000,1,0,0,0,1,358.0,1
511788,hostaway,2027-03-22T00:00:00.000000,1,0,0,0,1,296.0,1
511788,hostaway,2027-03-23T00:00:00.000000,1,0,0,0,1,296.0,1
511788,hostaway,2027-03-24T00:00:00.000000,1,0,0,0,1,296.0,1
511788,hostaway,2027-03-25T00:00:00.000000,1,0,0,0,1,360.0,1
511788,hostaway,2027-03-26T00:00:00.000000,1,0,0,0,1,485.0,1
511788,hostaway,2027-03-27T00:00:00.000000,1,0,0,0,1,485.0,1
511788,hostaway,2027-03-28T00:00:00.000000,1,0,0,0,1,337.0,1
511788,hostaway,2027-03-29T00:00:00.000000,1,0,0,0,1,296.0,1
511788,hostaway,2027-03-30T00:00:00.000000,1,0,0,0,1,296.0,1
511788,hostaway,2027-03-31T00:00:00.000000,1,0,0,0,1,296.0,1
511788,hostaway,2027-04-01T00:00:00.000000,1,0,0,0,1,330.0,1
511788,hostaway,2027-04-02T00:00:00.000000,1,0,0,0,1,470.0,1
511788,hostaway,2027-04-03T00:00:00.000000,1,0,0,0,1,470.0,1
511788,hostaway,2027-04-04T00:00:00.000000,1,0,0,0,1,278.0,1
511788,hostaway,2027-04-05T00:00:00.000000,1,0,0,0,1,255.0,1
511788,hostaway,2027-04-06T00:00:00.000000,1,0,0,0,1,255.0,1
511788,hostaway,2027-04-07T00:00:00.000000,1,0,0,0,1,255.0,1
511788,hostaway,2027-04-08T00:00:00.000000,1,0,0,0,1,330.0,1
511788,hostaway,2027-04-09T00:00:00.000000,1,0,0,0,1,470.0,1
511788,hostaway,2027-04-10T00:00:00.000000,1,0,0,0,1,470.0,1
511788,hostaway,2027-04-11T00:00:00.000000,1,0,0,0,1,278.0,1
511788,hostaway,2027-04-12T00:00:00.000000,1,0,0,0,1,255.0,1
511788,hostaway,2027-04-13T00:00:00.000000,1,0,0,0,1,255.0,1
511788,hostaway,2027-04-14T00:00:00.000000,1,0,0,0,1,255.0,1
511788,hostaway,2027-04-15T00:00:00.000000,1,0,0,0,1,330.0,1
511788,hostaway,2027-04-16T00:00:00.000000,1,0,0,0,1,470.0,1
511788,hostaway,2027-04-17T00:00:00.000000,1,0,0,0,1,470.0,1
511788,hostaway,2027-04-18T00:00:00.000000,1,0,0,0,1,278.0,1
511788,hostaway,2027-04-19T00:00:00.000000,1,0,0,0,1,255.0,1
511788,hostaway,2027-04-20T00:00:00.000000,1,0,0,0,1,255.0,1
511788,hostaway,2027-04-21T00:00:00.000000,1,0,0,0,1,255.0,1
511788,hostaway,2027-04-22T00:00:00.000000,1,0,0,0,1,330.0,1
511788,hostaway,2027-04-23T00:00:00.000000,1,0,0,0,1,470.0,1
511788,hostaway,2027-04-24T00:00:00.000000,1,0,0,0,1,470.0,1
511788,hostaway,2027-04-25T00:00:00.000000,1,0,0,0,1,278.0,1
511788,hostaway,2027-04-26T00:00:00.000000,1,0,0,0,1,255.0,1
511788,hostaway,2027-04-27T00:00:00.000000,1,0,0,0,1,255.0,1
511788,hostaway,2027-04-28T00:00:00.000000,1,0,0,0,1,255.0,1
511788,hostaway,2027-04-29T00:00:00.000000,1,0,0,0,1,330.0,1
511788,hostaway,2027-04-30T00:00:00.000000,1,0,0,0,1,470.0,1
511788,hostaway,2027-05-01T00:00:00.000000,1,0,0,0,1,470.0,1
511788,hostaway,2027-05-02T00:00:00.000000,1,0,0,0,1,278.0,1
511788,hostaway,2027-05-03T00:00:00.000000,1,0,0,0,1,255.0,1
511788,hostaway,2027-05-04T00:00:00.000000,1,0,0,0,1,255.0,1
511788,hostaway,2027-05-05T00:00:00.000000,1,0,0,0,1,255.0,1
511788,hostaway,2027-05-06T00:00:00.000000,1,0,0,0,1,370.0,1
511788,hostaway,2027-05-07T00:00:00.000000,1,0,0,0,1,494.0,1
511788,hostaway,2027-05-08T00:00:00.000000,1,0,0,0,1,494.0,1
511788,hostaway,2027-05-09T00:00:00.000000,1,0,0,0,1,337.0,1
511788,hostaway,2027-05-10T00:00:00.000000,1,0,0,0,1,303.0,1
511788,hostaway,2027-05-11T00:00:00.000000,1,0,0,0,1,303.0,1
511788,hostaway,2027-05-12T00:00:00.000000,1,0,0,0,1,303.0,1
511788,hostaway,2027-05-13T00:00:00.000000,1,0,0,0,1,370.0,1
511788,hostaway,2027-05-14T00:00:00.000000,1,0,0,0,1,494.0,1
511788,hostaway,2027-05-15T00:00:00.000000,1,0,0,0,1,494.0,1
511788,hostaway,2027-05-16T00:00:00.000000,1,0,0,0,1,337.0,1
511788,hostaway,2027-05-17T00:00:00.000000,1,0,0,0,1,303.0,1
511788,hostaway,2027-05-18T00:00:00.000000,1,0,0,0,1,303.0,1
511788,hostaway,2027-05-19T00:00:00.000000,1,0,0,0,1,303.0,1
511788,hostaway,2027-05-20T00:00:00.000000,1,0,0,0,1,370.0,1
511788,hostaway,2027-05-21T00:00:00.000000,1,0,0,0,1,494.0,1
511788,hostaway,2027-05-22T00:00:00.000000,1,0,0,0,1,494.0,1
511788,hostaway,2027-05-23T00:00:00.000000,1,0,0,0,1,337.0,1
511788,hostaway,2027-05-24T00:00:00.000000,1,0,0,0,1,303.0,1
511788,hostaway,2027-05-25T00:00:00.000000,1,0,0,0,1,303.0,1
511788,hostaway,2027-05-26T00:00:00.000000,1,0,0,0,1,303.0,1
511788,hostaway,2027-05-27T00:00:00.000000,1,0,0,0,1,412.0,1
511788,hostaway,2027-05-28T00:00:00.000000,1,0,0,0,1,613.0,1
511788,hostaway,2027-05-29T00:00:00.000000,1,0,0,0,1,614.0,1
511788,hostaway,2027-05-30T00:00:00.000000,1,0,0,0,1,423.0,1
511788,hostaway,2027-05-31T00:00:00.000000,1,0,0,0,1,279.0,1
511788,hostaway,2027-06-01T00:00:00.000000,1,0,0,0,1,256.0,1
511788,hostaway,2027-06-02T00:00:00.000000,1,0,0,0,1,244.0,1
511788,hostaway,2027-06-03T00:00:00.000000,1,0,0,0,1,368.0,1
511788,hostaway,2027-06-04T00:00:00.000000,1,0,0,0,1,470.0,1
511788,hostaway,2027-06-05T00:00:00.000000,1,0,0,0,1,472.0,1
511788,hostaway,2027-06-06T00:00:00.000000,1,0,0,0,1,301.0,1
511788,hostaway,2027-06-07T00:00:00.000000,1,0,0,0,1,253.0,1
511788,hostaway,2027-06-08T00:00:00.000000,1,0,0,0,1,254.0,1
511788,hostaway,2027-06-09T00:00:00.000000,1,0,0,0,1,255.0,1
511788,hostaway,2027-06-10T00:00:00.000000,1,0,0,0,1,381.0,1
511788,hostaway,2027-06-11T00:00:00.000000,1,0,0,0,1,486.0,1
511788,hostaway,2027-06-12T00:00:00.000000,1,0,0,0,1,488.0,1
511788,hostaway,2027-06-13T00:00:00.000000,1,0,0,0,1,315.0,1
511788,hostaway,2027-06-14T00:00:00.000000,1,0,0,0,1,261.0,1
511788,hostaway,2027-06-15T00:00:00.000000,1,0,0,0,1,276.0,1
511788,hostaway,2027-06-16T00:00:00.000000,1,0,0,0,1,277.0,1
511788,hostaway,2027-06-17T00:00:00.000000,1,0,0,0,1,395.0,1
511788,hostaway,2027-06-18T00:00:00.000000,1,0,0,0,1,501.0,1
511788,hostaway,2027-06-19T00:00:00.000000,1,0,0,0,1,504.0,1
511788,hostaway,2027-06-20T00:00:00.000000,1,0,0,0,1,325.0,1
511788,hostaway,2027-06-21T00:00:00.000000,1,0,0,0,1,274.0,1
511788,hostaway,2027-06-22T00:00:00.000000,1,0,0,0,1,287.0,1
511788,hostaway,2027-06-23T00:00:00.000000,1,0,0,0,1,276.0,1
511788,hostaway,2027-06-24T00:00:00.000000,1,0,0,0,1,406.0,1
511788,hostaway,2027-06-25T00:00:00.000000,1,0,0,0,1,512.0,1
511788,hostaway,2027-06-26T00:00:00.000000,1,0,0,0,1,512.0,1
511788,hostaway,2027-06-27T00:00:00.000000,1,0,0,0,1,331.0,1
511788,hostaway,2027-06-28T00:00:00.000000,1,0,0,0,1,276.0,1
511788,hostaway,2027-06-29T00:00:00.000000,1,0,0,0,1,276.0,1
511788,hostaway,2027-06-30T00:00:00.000000,1,0,0,0,1,276.0,1
511788,hostaway,2027-07-01T00:00:00.000000,1,0,0,0,1,446.0,1
511788,hostaway,2027-07-02T00:00:00.000000,1,0,0,0,1,589.0,1
511788,hostaway,2027-07-03T00:00:00.000000,1,0,0,0,1,589.0,1
511788,hostaway,2027-07-04T00:00:00.000000,1,0,0,0,1,364.0,1
511788,hostaway,2027-07-05T00:00:00.000000,1,0,0,0,1,319.0,1
511788,hostaway,2027-07-06T00:00:00.000000,1,0,0,0,1,319.0,1
511788,hostaway,2027-07-07T00:00:00.000000,1,0,0,0,1,319.0,1
511788,hostaway,2027-07-08T00:00:00.000000,1,0,0,0,1,365.0,1
511788,hostaway,2027-07-09T00:00:00.000000,1,0,0,0,1,461.0,1
511788,hostaway,2027-07-10T00:00:00.000000,1,0,0,0,1,461.0,1
511788,hostaway,2027-07-11T00:00:00.000000,1,0,0,0,1,316.0,1
511788,hostaway,2027-07-12T00:00:00.000000,1,0,0,0,1,309.0,1
511788,hostaway,2027-07-13T00:00:00.000000,1,0,0,0,1,309.0,1
511788,hostaway,2027-07-14T00:00:00.000000,1,0,0,0,1,309.0,1
511788,hostaway,2027-07-15T00:00:00.000000,1,0,0,0,1,365.0,1
511788,hostaway,2027-07-16T00:00:00.000000,1,0,0,0,1,461.0,1
511788,hostaway,2027-07-17T00:00:00.000000,1,0,0,0,1,461.0,1
511788,hostaway,2027-07-18T00:00:00.000000,1,0,0,0,1,316.0,1
511788,hostaway,2027-07-19T00:00:00.000000,1,0,0,0,1,309.0,1
511788,hostaway,2027-07-20T00:00:00.000000,1,0,0,0,1,309.0,1
511788,hostaway,2027-07-21T00:00:00.000000,1,0,0,0,1,309.0,1
511788,hostaway,2027-07-22T00:00:00.000000,1,0,0,0,1,365.0,1
511788,hostaway,2027-07-23T00:00:00.000000,1,0,0,0,1,461.0,1
511788,hostaway,2027-07-24T00:00:00.000000,1,0,0,0,1,461.0,1
511788,hostaway,2027-07-25T00:00:00.000000,1,0,0,0,1,316.0,1
511788,hostaway,2027-07-26T00:00:00.000000,1,0,0,0,1,309.0,1
511788,hostaway,2027-07-27T00:00:00.000000,1,0,0,0,1,309.0,1
511788,hostaway,2027-07-28T00:00:00.000000,1,0,0,0,1,309.0,1
511788,hostaway,2027-07-29T00:00:00.000000,1,0,0,0,1,365.0,1
511788,hostaway,2027-07-30T00:00:00.000000,1,0,0,0,1,461.0,1
511788,hostaway,2027-07-31T00:00:00.000000,1,0,0,0,1,461.0,1
511788,hostaway,2027-08-01T00:00:00.000000,1,0,0,0,1,287.0,1
511788,hostaway,2027-08-02T00:00:00.000000,1,0,0,0,1,246.0,1
511788,hostaway,2027-08-03T00:00:00.000000,1,0,0,0,1,246.0,1
511788,hostaway,2027-08-04T00:00:00.000000,1,0,0,0,1,246.0,1
511788,hostaway,2027-08-05T00:00:00.000000,1,0,0,0,1,338.0,1
511788,hostaway,2027-08-06T00:00:00.000000,1,0,0,0,1,461.0,1
511788,hostaway,2027-08-07T00:00:00.000000,1,0,0,0,1,461.0,1
511788,hostaway,2027-08-08T00:00:00.000000,1,0,0,0,1,287.0,1
511788,hostaway,2027-08-09T00:00:00.000000,1,0,0,0,1,246.0,1
511788,hostaway,2027-08-10T00:00:00.000000,1,0,0,0,1,246.0,1
511788,hostaway,2027-08-11T00:00:00.000000,1,0,0,0,1,246.0,1
511788,hostaway,2027-08-12T00:00:00.000000,1,0,0,0,1,338.0,1
511788,hostaway,2027-08-13T00:00:00.000000,1,0,0,0,1,461.0,1
511788,hostaway,2027-08-14T00:00:00.000000,1,0,0,0,1,461.0,1
511788,hostaway,2027-08-15T00:00:00.000000,1,0,0,0,1,287.0,1
511788,hostaway,2027-08-16T00:00:00.000000,1,0,0,0,1,246.0,1
511788,hostaway,2027-08-17T00:00:00.000000,1,0,0,0,1,246.0,1
511788,hostaway,2027-08-18T00:00:00.000000,1,0,0,0,1,246.0,1
511788,hostaway,2027-08-19T00:00:00.000000,1,0,0,0,1,338.0,1
511788,hostaway,2027-08-20T00:00:00.000000,1,0,0,0,1,461.0,1
511788,hostaway,2027-08-21T00:00:00.000000,1,0,0,0,1,461.0,1
511788,hostaway,2027-08-22T00:00:00.000000,1,0,0,0,1,287.0,1
511788,hostaway,2027-08-23T00:00:00.000000,1,0,0,0,1,246.0,1
511788,hostaway,2027-08-24T00:00:00.000000,1,0,0,0,1,246.0,1
511788,hostaway,2027-08-25T00:00:00.000000,1,0,0,0,1,246.0,1
511788,hostaway,2027-08-26T00:00:00.000000,1,0,0,0,1,338.0,1
511788,hostaway,2027-08-27T00:00:00.000000,1,0,0,0,1,461.0,1
511788,hostaway,2027-08-28T00:00:00.000000,1,0,0,0,1,461.0,1
511788,hostaway,2027-08-29T00:00:00.000000,1,0,0,0,1,287.0,1
511788,hostaway,2027-08-30T00:00:00.000000,1,0,0,0,1,246.0,1
511788,hostaway,2027-08-31T00:00:00.000000,1,0,0,0,1,246.0,1
511788,hostaway,2027-09-01T00:00:00.000000,1,0,0,0,1,246.0,1
511788,hostaway,2027-09-02T00:00:00.000000,1,0,0,0,1,358.0,1
511788,hostaway,2027-09-03T00:00:00.000000,1,0,0,0,1,534.0,1
511788,hostaway,2027-09-04T00:00:00.000000,1,0,0,0,1,534.0,1
511788,hostaway,2027-09-05T00:00:00.000000,1,0,0,0,1,408.0,1
511788,hostaway,2027-09-06T00:00:00.000000,1,0,0,0,1,389.0,1
511788,hostaway,2027-09-07T00:00:00.000000,1,0,0,0,1,299.0,1
511788,hostaway,2027-09-08T00:00:00.000000,1,0,0,0,1,299.0,1
511788,hostaway,2027-09-09T00:00:00.000000,1,0,0,0,1,358.0,1
511788,hostaway,2027-09-10T00:00:00.000000,1,0,0,0,1,410.0,1
511788,hostaway,2027-09-11T00:00:00.000000,1,0,0,0,1,410.0,1
511788,hostaway,2027-09-12T00:00:00.000000,1,0,0,0,1,314.0,1
511788,hostaway,2027-09-13T00:00:00.000000,1,0,0,0,1,299.0,1
511788,hostaway,2027-09-14T00:00:00.000000,1,0,0,0,1,299.0,1
511788,hostaway,2027-09-15T00:00:00.000000,1,0,0,0,1,299.0,1
511788,hostaway,2027-09-16T00:00:00.000000,1,0,0,0,1,358.0,1
511788,hostaway,2027-09-17T00:00:00.000000,1,0,0,0,1,410.0,1
511788,hostaway,2027-09-18T00:00:00.000000,1,0,0,0,1,410.0,1
511788,hostaway,2027-09-19T00:00:00.000000,1,0,0,0,1,314.0,1
511788,hostaway,2027-09-20T00:00:00.000000,1,0,0,0,1,299.0,1
511788,hostaway,2027-09-21T00:00:00.000000,1,0,0,0,1,299.0,1
511788,hostaway,2027-09-22T00:00:00.000000,1,0,0,0,1,299.0,1
511788,hostaway,2027-09-23T00:00:00.000000,1,0,0,0,1,358.0,1
511788,hostaway,2027-09-24T00:00:00.000000,1,0,0,0,1,410.0,1
511788,hostaway,2027-09-25T00:00:00.000000,1,0,0,0,1,410.0,1
511788,hostaway,2027-09-26T00:00:00.000000,1,0,0,0,1,314.0,1
511788,hostaway,2027-09-27T00:00:00.000000,1,0,0,0,1,299.0,1
511788,hostaway,2027-09-28T00:00:00.000000,1,0,0,0,1,299.0,1
511788,hostaway,2027-09-29T00:00:00.000000,1,0,0,0,1,299.0,1
511788,hostaway,2027-09-30T00:00:00.000000,1,0,0,0,1,491.0,1
511788,hostaway,2027-10-01T00:00:00.000000,1,0,0,0,1,705.0,1
511788,hostaway,2027-10-02T00:00:00.000000,1,0,0,0,1,705.0,1
511788,hostaway,2027-10-03T00:00:00.000000,1,0,0,0,1,418.0,1
511788,hostaway,2027-10-04T00:00:00.000000,1,0,0,0,1,319.0,1
511788,hostaway,2027-10-05T00:00:00.000000,1,0,0,0,1,319.0,1
511788,hostaway,2027-10-06T00:00:00.000000,1,0,0,0,1,319.0,1
511788,hostaway,2027-10-07T00:00:00.000000,1,0,0,0,1,491.0,1
511788,hostaway,2027-10-08T00:00:00.000000,1,0,0,0,1,705.0,1
511788,hostaway,2027-10-09T00:00:00.000000,1,0,0,0,1,705.0,1
511788,hostaway,2027-10-10T00:00:00.000000,1,0,0,0,1,418.0,1
511788,hostaway,2027-10-11T00:00:00.000000,1,0,0,0,1,319.0,1
511788,hostaway,2027-10-12T00:00:00.000000,1,0,0,0,1,319.0,1
511788,hostaway,2027-10-13T00:00:00.000000,1,0,0,0,1,319.0,1
511788,hostaway,2027-10-14T00:00:00.000000,1,0,0,0,1,446.0,1
511788,hostaway,2027-10-15T00:00:00.000000,1,0,0,0,1,641.0,1
511788,hostaway,2027-10-16T00:00:00.000000,1,0,0,0,1,641.0,1
511788,hostaway,2027-10-17T00:00:00.000000,1,0,0,0,1,380.0,1
511788,hostaway,2027-10-18T00:00:00.000000,1,0,0,0,1,319.0,1
511788,hostaway,2027-10-19T00:00:00.000000,1,0,0,0,1,319.0,1
511788,hostaway,2027-10-20T00:00:00.000000,1,0,0,0,1,319.0,1
511788,hostaway,2027-10-21T00:00:00.000000,1,0,0,0,1,536.0,1
511788,hostaway,2027-10-22T00:00:00.000000,1,0,0,0,1,769.0,1
511788,hostaway,2027-10-23T00:00:00.000000,1,0,0,0,1,769.0,1
511788,hostaway,2027-10-24T00:00:00.000000,1,0,0,0,1,536.0,1
511788,hostaway,2027-10-25T00:00:00.000000,1,0,0,0,1,319.0,1
511788,hostaway,2027-10-26T00:00:00.000000,1,0,0,0,1,319.0,1
511788,hostaway,2027-10-27T00:00:00.000000,1,0,0,0,1,319.0,1
511788,hostaway,2027-10-28T00:00:00.000000,1,0,0,0,1,536.0,1
511788,hostaway,2027-10-29T00:00:00.000000,1,0,0,0,1,769.0,1
511788,hostaway,2027-10-30T00:00:00.000000,1,0,0,0,1,769.0,1
511788,hostaway,2027-10-31T00:00:00.000000,1,0,0,0,1,536.0,1
511788,hostaway,2027-11-01T00:00:00.000000,1,0,0,0,1,346.0,1
511788,hostaway,2027-11-02T00:00:00.000000,1,0,0,0,1,346.0,1
511788,hostaway,2027-11-03T00:00:00.000000,1,0,0,0,1,346.0,1
511788,hostaway,2027-11-04T00:00:00.000000,1,0,0,0,1,447.0,1
511788,hostaway,2027-11-05T00:00:00.000000,1,0,0,0,1,589.0,1
511788,hostaway,2027-11-06T00:00:00.000000,1,0,0,0,1,589.0,1
511788,hostaway,2027-11-07T00:00:00.000000,1,0,0,0,1,389.0,1
511788,hostaway,2027-11-08T00:00:00.000000,1,0,0,0,1,346.0,1
511788,hostaway,2027-11-09T00:00:00.000000,1,0,0,0,1,346.0,1
511788,hostaway,2027-11-10T00:00:00.000000,1,0,0,0,1,346.0,1
511788,hostaway,2027-11-11T00:00:00.000000,1,0,0,0,1,447.0,1
511788,hostaway,2027-11-12T00:00:00.000000,1,0,0,0,1,589.0,1
511788,hostaway,2027-11-13T00:00:00.000000,1,0,0,0,1,589.0,1
511788,hostaway,2027-11-14T00:00:00.000000,1,0,0,0,1,389.0,1
511788,hostaway,2027-11-15T00:00:00.000000,1,0,0,0,1,346.0,1
511788,hostaway,2027-11-16T00:00:00.000000,1,0,0,0,1,346.0,1
511788,hostaway,2027-11-17T00:00:00.000000,1,0,0,0,1,346.0,1
511788,hostaway,2027-11-18T00:00:00.000000,1,0,0,0,1,447.0,1
511788,hostaway,2027-11-19T00:00:00.000000,1,0,0,0,1,589.0,1
511788,hostaway,2027-11-20T00:00:00.000000,1,0,0,0,1,589.0,1
511788,hostaway,2027-11-21T00:00:00.000000,1,0,0,0,1,389.0,1
511788,hostaway,2027-11-22T00:00:00.000000,1,0,0,0,1,346.0,1
511788,hostaway,2027-11-23T00:00:00.000000,1,0,0,0,1,346.0,1
511788,hostaway,2027-11-24T00:00:00.000000,1,0,0,0,1,346.0,1
511788,hostaway,2027-11-25T00:00:00.000000,1,0,0,0,1,777.0,1
511788,hostaway,2027-11-26T00:00:00.000000,1,0,0,0,1,647.0,1
511788,hostaway,2027-11-27T00:00:00.000000,1,0,0,0,1,647.0,1
511788,hostaway,2027-11-28T00:00:00.000000,1,0,0,0,1,389.0,1
511788,hostaway,2027-11-29T00:00:00.000000,1,0,0,0,1,274.0,1
511788,hostaway,2027-11-30T00:00:00.000000,1,0,0,0,1,274.0,1
511788,hostaway,2027-12-01T00:00:00.000000,1,0,0,0,1,274.0,1
511788,hostaway,2027-12-02T00:00:00.000000,1,0,0,0,1,326.0,1
511788,hostaway,2027-12-03T00:00:00.000000,1,0,0,0,1,410.0,1
511788,hostaway,2027-12-04T00:00:00.000000,1,0,0,0,1,410.0,1
511788,hostaway,2027-12-05T00:00:00.000000,1,0,0,0,1,284.0,1
511788,hostaway,2027-12-06T00:00:00.000000,1,0,0,0,1,274.0,1
511788,hostaway,2027-12-07T00:00:00.000000,1,0,0,0,1,274.0,1
511788,hostaway,2027-12-08T00:00:00.000000,1,0,0,0,1,274.0,1
511788,hostaway,2027-12-09T00:00:00.000000,1,0,0,0,1,326.0,1
511788,hostaway,2027-12-10T00:00:00.000000,1,0,0,0,1,410.0,1
511788,hostaway,2027-12-11T00:00:00.000000,1,0,0,0,1,410.0,1
511788,hostaway,2027-12-12T00:00:00.000000,1,0,0,0,1,284.0,1
511788,hostaway,2027-12-13T00:00:00.000000,1,0,0,0,1,274.0,1
511788,hostaway,2027-12-14T00:00:00.000000,1,0,0,0,1,274.0,1
511788,hostaway,2027-12-15T00:00:00.000000,1,0,0,0,1,274.0,1
511788,hostaway,2027-12-16T00:00:00.000000,1,0,0,0,1,326.0,1
511788,hostaway,2027-12-17T00:00:00.000000,1,0,0,0,1,492.0,1
511788,hostaway,2027-12-18T00:00:00.000000,1,0,0,0,1,492.0,1
511788,hostaway,2027-12-19T00:00:00.000000,1,0,0,0,1,341.0,1
511788,hostaway,2027-12-20T00:00:00.000000,1,0,0,0,1,329.0,1
511788,hostaway,2027-12-21T00:00:00.000000,1,0,0,0,1,329.0,1
511788,hostaway,2027-12-22T00:00:00.000000,1,0,0,0,1,329.0,1
511788,hostaway,2027-12-23T00:00:00.000000,1,0,0,0,1,391.0,1
511788,hostaway,2027-12-24T00:00:00.000000,1,0,0,0,1,542.0,1
511788,hostaway,2027-12-25T00:00:00.000000,1,0,0,0,1,542.0,1
511788,hostaway,2027-12-26T00:00:00.000000,1,0,0,0,1,542.0,1
511788,hostaway,2027-12-27T00:00:00.000000,1,0,0,0,1,274.0,1
511788,hostaway,2027-12-28T00:00:00.000000,1,0,0,0,1,274.0,1
511788,hostaway,2027-12-29T00:00:00.000000,1,0,0,0,1,274.0,1
511788,hostaway,2027-12-30T00:00:00.000000,1,0,0,0,1,623.0,1
511788,hostaway,2027-12-31T00:00:00.000000,1,0,0,0,1,623.0,1
511788,hostaway,2028-01-01T00:00:00.000000,1,0,0,0,1,623.0,1
511788,hostaway,2028-01-02T00:00:00.000000,1,0,0,0,1,498.0,1
511788,hostaway,2028-01-03T00:00:00.000000,1,0,0,0,1,237.0,1
511788,hostaway,2028-01-04T00:00:00.000000,1,0,0,0,1,237.0,1
511788,hostaway,2028-01-05T00:00:00.000000,1,0,0,0,1,237.0,1
511788,hostaway,2028-01-06T00:00:00.000000,1,0,0,0,1,290.0,1
511788,hostaway,2028-01-07T00:00:00.000000,1,0,0,0,1,383.0,1
511788,hostaway,2028-01-08T00:00:00.000000,1,0,0,0,1,383.0,1
511788,hostaway,2028-01-09T00:00:00.000000,1,0,0,0,1,275.0,1
