listing_id,date,price,currency,min_stay
146908,2026-09-24,509,USD,1
146908,2026-09-25,666,USD,2
146908,2026-09-26,630,USD,2
146908,2026-09-27,535,USD,2
146908,2026-09-28,383,USD,2
146908,2026-09-29,383,USD,2
146908,2026-09-30,342,USD,1
146908,2026-10-01,440,USD,1
146908,2026-10-02,782,USD,2
146908,2026-10-03,782,USD,2
146908,2026-10-04,278,USD,2
146908,2026-10-05,288,USD,2
146908,2026-10-06,288,USD,1
146908,2026-10-07,330,USD,1
146908,2026-10-08,568,USD,2
146908,2026-10-09,837,USD,2
146908,2026-10-10,700,USD,2
146908,2026-10-11,735,USD,1
146908,2026-10-12,338,USD,2
146908,2026-10-13,338,USD,2
146908,2026-10-14,338,USD,2
146908,2026-10-15,440,USD,1
146908,2026-10-16,648,USD,2
146908,2026-10-17,648,USD,2
146908,2026-10-18,440,USD,1
146908,2026-10-19,330,USD,1
146908,2026-10-20,330,USD,1
146908,2026-10-21,330,USD,1
146908,2026-10-22,440,USD,1
146908,2026-10-23,924,USD,2
146908,2026-10-24,1023,USD,2
146908,2026-10-25,556,USD,2
146908,2026-10-26,337,USD,2
146908,2026-10-27,330,USD,1
146908,2026-10-28,330,USD,1
146908,2026-10-29,440,USD,1
146908,2026-10-30,747,USD,1
146908,2026-10-31,747,USD,2
146908,2026-11-01,361,USD,2
146908,2026-11-02,301,USD,2
146908,2026-11-03,301,USD,2
146908,2026-11-04,301,USD,2
146908,2026-11-05,381,USD,2
146908,2026-11-06,577,USD,2
146908,2026-11-07,577,USD,2
146908,2026-11-09,301,USD,2
146908,2026-11-10,301,USD,2
146908,2026-11-11,301,USD,2
146908,2026-11-12,454,USD,2
146908,2026-11-13,832,USD,2
146908,2026-11-14,832,USD,2
146908,2026-11-15,551,USD,2
146908,2026-11-16,335,USD,2
146908,2026-11-17,301,USD,2
146908,2026-11-18,301,USD,2
146908,2026-11-19,359,USD,2
146908,2026-11-20,543,USD,2
146908,2026-11-21,597,USD,2
146908,2026-11-22,359,USD,2
146908,2026-11-23,301,USD,2
146908,2026-11-24,301,USD,2
146908,2026-11-25,301,USD,2
146908,2026-11-26,590,USD,2
146908,2026-11-27,603,USD,2
146908,2026-11-28,603,USD,2
146908,2026-11-29,399,USD,2
146908,2026-11-30,301,USD,2
146908,2026-12-01,301,USD,2
146908,2026-12-02,301,USD,2
146908,2026-12-03,362,USD,2
146908,2026-12-04,529,USD,2
146908,2026-12-05,529,USD,2
146908,2026-12-06,362,USD,2
146908,2026-12-07,301,USD,2
146908,2026-12-08,301,USD,2
146908,2026-12-09,301,USD,2
146908,2026-12-10,362,USD,2
146908,2026-12-11,533,USD,2
146908,2026-12-12,555,USD,2
146908,2026-12-13,357,USD,2
146908,2026-12-14,286,USD,2
146908,2026-12-15,301,USD,2
146908,2026-12-16,301,USD,2
146908,2026-12-17,432,USD,2
146908,2026-12-18,563,USD,2
146908,2026-12-19,563,USD,2
146908,2026-12-20,432,USD,2
146908,2026-12-21,301,USD,2
146908,2026-12-22,301,USD,2
146908,2026-12-23,301,USD,2
146908,2026-12-24,650,USD,2
146908,2026-12-25,946,USD,2
146908,2026-12-26,946,USD,2
146908,2026-12-27,513,USD,2
146908,2026-12-28,410,USD,2
146908,2026-12-29,410,USD,2
146908,2026-12-30,1121,USD,2
146908,2026-12-31,1281,USD,2
146908,2027-01-03,416,USD,2
146908,2027-01-10,416,USD,2
146908,2027-01-11,361,USD,2
146908,2027-01-12,361,USD,2
146908,2027-01-13,361,USD,2
146908,2027-01-14,437,USD,2
146908,2027-01-15,542,USD,2
146908,2027-01-16,542,USD,2
146908,2027-01-17,440,USD,2
146908,2027-01-18,381,USD,2
146908,2027-01-19,361,USD,2
146908,2027-01-20,361,USD,2
146908,2027-01-21,435,USD,2
146908,2027-01-22,503,USD,2
146908,2027-01-23,503,USD,2
146908,2027-01-24,435,USD,2
146908,2027-01-25,361,USD,2
146908,2027-01-26,361,USD,2
146908,2027-01-27,361,USD,2
146908,2027-01-28,435,USD,2
146908,2027-01-29,503,USD,2
146908,2027-01-30,503,USD,2
146908,2027-01-31,435,USD,2
146908,2027-02-01,361,USD,2
146908,2027-02-02,361,USD,2
146908,2027-02-03,361,USD,2
146908,2027-02-04,435,USD,2
146908,2027-02-05,503,USD,2
146908,2027-02-06,503,USD,2
146908,2027-02-07,435,USD,2
146908,2027-02-08,361,USD,2
146908,2027-02-09,361,USD,2
146908,2027-02-10,361,USD,2
146908,2027-02-11,435,USD,2
146908,2027-02-12,719,USD,2
146908,2027-02-13,719,USD,2
146908,2027-02-14,582,USD,2
146908,2027-02-15,417,USD,2
146908,2027-02-16,361,USD,2
146908,2027-02-17,361,USD,2
146908,2027-02-18,435,USD,2
146908,2027-02-19,503,USD,2
146908,2027-02-20,503,USD,2
146908,2027-02-21,435,USD,2
146908,2027-02-22,361,USD,2
146908,2027-02-23,361,USD,2
146908,2027-02-24,361,USD,2
146908,2027-02-25,458,USD,2
146908,2027-02-26,530,USD,2
146908,2027-02-27,503,USD,2
146908,2027-02-28,435,USD,2
146908,2027-03-01,391,USD,2
146908,2027-03-02,391,USD,2
146908,2027-03-03,391,USD,2
146908,2027-03-04,472,USD,2
146908,2027-03-05,441,USD,2
146908,2027-03-06,441,USD,2
146908,2027-03-07,472,USD,2
146908,2027-03-08,391,USD,2
146908,2027-03-09,391,USD,2
146908,2027-03-10,391,USD,2
146908,2027-03-11,472,USD,2
146908,2027-03-12,653,USD,2
146908,2027-03-13,441,USD,2
146908,2027-03-14,382,USD,2
146908,2027-03-15,317,USD,2
146908,2027-03-16,317,USD,2
146908,2027-03-17,391,USD,2
146908,2027-03-18,472,USD,2
146908,2027-03-19,653,USD,2
146908,2027-03-20,653,USD,2
146908,2027-03-21,472,USD,2
146908,2027-03-22,391,USD,2
146908,2027-03-23,391,USD,2
146908,2027-03-24,391,USD,2
146908,2027-03-25,472,USD,2
146908,2027-03-26,728,USD,2
146908,2027-03-27,728,USD,2
146908,2027-03-28,622,USD,2
146908,2027-03-29,521,USD,2
146908,2027-03-30,521,USD,2
146908,2027-03-31,521,USD,2
146908,2027-04-01,580,USD,2
146908,2027-04-02,713,USD,2
146908,2027-04-03,1055,USD,2
146908,2027-04-04,855,USD,2
146908,2027-04-05,689,USD,2
146908,2027-04-06,689,USD,2
146908,2027-04-07,689,USD,2
146908,2027-04-08,672,USD,2
146908,2027-04-09,830,USD,2
146908,2027-04-10,830,USD,2
146908,2027-04-11,672,USD,2
146908,2027-04-12,364,USD,2
146908,2027-04-13,364,USD,2
146908,2027-04-14,364,USD,2
146908,2027-04-15,456,USD,2
146908,2027-04-16,571,USD,2
146908,2027-04-17,571,USD,2
146908,2027-04-18,456,USD,2
146908,2027-04-19,364,USD,2
146908,2027-04-20,364,USD,2
146908,2027-04-21,364,USD,2
146908,2027-04-22,456,USD,2
146908,2027-04-23,571,USD,2
146908,2027-04-24,571,USD,2
146908,2027-04-25,456,USD,2
146908,2027-04-26,364,USD,2
146908,2027-04-27,364,USD,2
146908,2027-04-28,364,USD,2
146908,2027-04-29,456,USD,2
146908,2027-04-30,571,USD,2
146908,2027-05-01,571,USD,2
146908,2027-05-02,456,USD,2
146908,2027-05-03,364,USD,2
146908,2027-05-04,364,USD,2
146908,2027-05-05,364,USD,2
146908,2027-05-06,979,USD,2
146908,2027-05-07,1166,USD,2
146908,2027-05-08,772,USD,2
146908,2027-05-09,653,USD,2
146908,2027-05-10,545,USD,2
146908,2027-05-11,545,USD,2
146908,2027-05-12,457,USD,2
146908,2027-05-13,782,USD,2
146908,2027-05-14,940,USD,2
146908,2027-05-15,944,USD,2
146908,2027-05-16,839,USD,2
146908,2027-05-17,496,USD,2
146908,2027-05-18,496,USD,2
146908,2027-05-19,503,USD,2
146908,2027-05-20,851,USD,2
146908,2027-05-21,1020,USD,2
146908,2027-05-22,1024,USD,2
146908,2027-05-23,862,USD,2
146908,2027-05-24,516,USD,2
146908,2027-05-25,518,USD,2
146908,2027-05-26,519,USD,2
146908,2027-05-27,972,USD,2
146908,2027-05-28,1535,USD,2
146908,2027-05-29,1539,USD,2
146908,2027-05-30,1090,USD,2
146908,2027-05-31,725,USD,2
146908,2027-06-01,550,USD,2
146908,2027-06-02,524,USD,2
146908,2027-06-03,874,USD,2
146908,2027-06-04,1045,USD,2
146908,2027-06-05,1048,USD,2
146908,2027-06-06,885,USD,2
146908,2027-06-07,536,USD,2
146908,2027-06-08,537,USD,2
146908,2027-06-09,540,USD,2
146908,2027-06-10,897,USD,2
146908,2027-06-11,1067,USD,2
146908,2027-06-12,1072,USD,2
146908,2027-06-13,1369,USD,2
146908,2027-06-14,944,USD,2
146908,2027-06-15,994,USD,2
146908,2027-06-16,999,USD,2
146908,2027-06-17,922,USD,2
146908,2027-06-18,1094,USD,2
146908,2027-06-19,1099,USD,2
146908,2027-06-20,931,USD,2
146908,2027-06-21,571,USD,2
146908,2027-06-22,598,USD,2
146908,2027-06-23,575,USD,2
146908,2027-06-24,947,USD,2
146908,2027-06-25,1134,USD,2
146908,2027-06-26,1193,USD,2
146908,2027-06-27,1013,USD,2
146908,2027-06-28,623,USD,2
146908,2027-06-29,625,USD,2
146908,2027-06-30,627,USD,2
146908,2027-07-01,934,USD,2
146908,2027-07-02,1677,USD,2
146908,2027-07-03,1682,USD,2
146908,2027-07-04,1041,USD,2
146908,2027-07-05,634,USD,2
146908,2027-07-06,611,USD,2
146908,2027-07-07,614,USD,2
146908,2027-07-08,997,USD,2
146908,2027-07-09,1487,USD,2
146908,2027-07-10,1493,USD,2
146908,2027-07-11,1054,USD,2
146908,2027-07-12,652,USD,2
146908,2027-07-13,654,USD,2
146908,2027-07-14,690,USD,2
146908,2027-07-15,1065,USD,2
146908,2027-07-16,1581,USD,2
146908,2027-07-17,1581,USD,2
146908,2027-07-18,1065,USD,2
146908,2027-07-19,658,USD,2
146908,2027-07-20,658,USD,2
146908,2027-07-21,658,USD,2
146908,2027-07-22,1065,USD,2
146908,2027-07-23,1581,USD,2
146908,2027-07-24,1581,USD,2
146908,2027-07-25,1065,USD,2
146908,2027-07-26,658,USD,2
146908,2027-07-27,658,USD,2
146908,2027-07-28,658,USD,2
146908,2027-07-29,1065,USD,2
146908,2027-07-30,1581,USD,2
146908,2027-07-31,1581,USD,2
146908,2027-08-01,1065,USD,2
146908,2027-08-02,658,USD,2
146908,2027-08-03,658,USD,2
146908,2027-08-04,658,USD,2
146908,2027-08-05,1065,USD,2
146908,2027-08-06,1581,USD,2
146908,2027-08-07,1743,USD,2
146908,2027-08-08,1065,USD,2
146908,2027-08-09,658,USD,2
146908,2027-08-10,597,USD,2
146908,2027-08-11,597,USD,2
146908,2027-08-12,968,USD,2
146908,2027-08-13,1435,USD,2
146908,2027-08-14,1435,USD,2
146908,2027-08-15,968,USD,2
146908,2027-08-16,597,USD,2
146908,2027-08-17,597,USD,2
146908,2027-08-18,597,USD,2
146908,2027-08-19,968,USD,2
146908,2027-08-20,1435,USD,2
146908,2027-08-21,1435,USD,2
146908,2027-08-22,968,USD,2
146908,2027-08-23,597,USD,2
146908,2027-08-24,597,USD,2
146908,2027-08-25,597,USD,2
146908,2027-08-26,1019,USD,2
146908,2027-08-27,1511,USD,2
146908,2027-08-28,1511,USD,2
146908,2027-08-29,1019,USD,2
146908,2027-08-30,629,USD,2
146908,2027-08-31,629,USD,2
146908,2027-09-01,629,USD,2
146908,2027-09-02,935,USD,2
146908,2027-09-03,1323,USD,2
146908,2027-09-04,1323,USD,2
146908,2027-09-05,981,USD,2
146908,2027-09-06,695,USD,2
146908,2027-09-07,579,USD,2
146908,2027-09-08,579,USD,2
146908,2027-09-09,935,USD,2
146908,2027-09-10,1102,USD,2
146908,2027-09-11,1102,USD,2
146908,2027-09-12,935,USD,2
146908,2027-09-13,579,USD,2
146908,2027-09-14,579,USD,2
146908,2027-09-15,579,USD,2
146908,2027-09-16,935,USD,2
146908,2027-09-17,1102,USD,2
146908,2027-09-18,1102,USD,2
146908,2027-09-19,935,USD,2
146908,2027-09-20,579,USD,2
146908,2027-09-21,579,USD,2
146908,2027-09-22,579,USD,2
146908,2027-09-23,935,USD,2
146908,2027-09-24,1102,USD,2
146908,2027-09-25,1102,USD,2
146908,2027-09-26,935,USD,2
146908,2027-09-27,579,USD,2
146908,2027-09-28,579,USD,2
146908,2027-09-29,579,USD,2
146908,2027-09-30,935,USD,2
146908,2027-01-04,361,USD,2
146908,2027-01-05,361,USD,2
146908,2027-01-06,361,USD,2
146908,2027-01-07,416,USD,2
146908,2027-01-08,503,USD,2
146908,2027-01-09,503,USD,2
146908,2027-01-01,665,USD,2
146908,2027-01-02,665,USD,2
146908,2027-10-01,1102,USD,2
146908,2027-10-02,1102,USD,2
146908,2027-10-03,935,USD,2
146908,2027-10-04,579,USD,2
146908,2027-10-05,579,USD,2
146908,2027-10-06,579,USD,2
146908,2027-10-07,935,USD,2
146908,2027-10-08,1102,USD,2
146908,2027-10-09,1102,USD,2
146908,2027-10-10,935,USD,2
146908,2027-10-11,579,USD,2
146908,2027-10-12,579,USD,2
146908,2027-10-13,579,USD,2
146908,2027-10-14,935,USD,2
146908,2027-10-15,1102,USD,2
146908,2027-10-16,1102,USD,2
146908,2027-10-17,935,USD,2
146908,2027-10-18,579,USD,2
146908,2027-10-19,579,USD,2
146908,2027-10-20,579,USD,2
146908,2027-10-21,935,USD,2
146908,2027-10-22,1102,USD,2
146908,2027-10-23,1102,USD,2
146908,2027-10-24,935,USD,2
146908,2027-10-25,579,USD,2
146908,2027-10-26,579,USD,2
146908,2027-10-27,579,USD,2
146908,2027-10-28,935,USD,2
146908,2027-10-29,1102,USD,2
146908,2027-10-30,1102,USD,2
146908,2027-10-31,935,USD,2
146908,2027-11-01,369,USD,2
146908,2027-11-02,369,USD,2
146908,2027-11-03,369,USD,2
146908,2027-11-04,419,USD,2
146908,2027-11-05,499,USD,2
146908,2027-11-06,499,USD,2
146908,2027-11-07,419,USD,2
146908,2027-11-08,369,USD,2
146908,2027-11-09,369,USD,2
146908,2027-11-10,369,USD,2
146908,2027-11-11,419,USD,2
146908,2027-11-12,499,USD,2
146908,2027-11-13,499,USD,2
146908,2027-11-14,419,USD,2
146908,2027-11-15,369,USD,2
146908,2027-11-16,369,USD,2
146908,2027-11-17,369,USD,2
146908,2027-11-18,419,USD,2
146908,2027-11-19,499,USD,2
146908,2027-11-20,499,USD,2
146908,2027-11-21,419,USD,2
146908,2027-11-22,369,USD,2
146908,2027-11-23,369,USD,2
146908,2027-11-24,369,USD,2
146908,2027-11-25,712,USD,2
146908,2027-11-26,848,USD,2
146908,2027-11-27,848,USD,2
146908,2027-11-28,587,USD,2
146908,2027-11-29,329,USD,2
146908,2027-11-30,329,USD,2
146908,2027-12-01,329,USD,2
146908,2027-12-02,379,USD,2
146908,2027-12-03,449,USD,2
146908,2027-12-04,449,USD,2
146908,2027-12-05,379,USD,2
146908,2027-12-06,329,USD,2
146908,2027-12-07,329,USD,2
146908,2027-12-08,329,USD,2
146908,2027-12-09,379,USD,2
146908,2027-12-10,449,USD,2
146908,2027-12-11,449,USD,2
146908,2027-12-12,379,USD,2
146908,2027-12-13,329,USD,2
146908,2027-12-14,329,USD,2
146908,2027-12-15,329,USD,2
146908,2027-12-16,379,USD,2
146908,2027-12-17,674,USD,2
146908,2027-12-18,674,USD,2
146908,2027-12-19,569,USD,2
146908,2027-12-20,494,USD,2
146908,2027-12-21,494,USD,2
146908,2027-12-22,494,USD,2
146908,2027-12-23,569,USD,2
146908,2027-12-24,1572,USD,2
146908,2027-12-25,1572,USD,2
146908,2027-12-26,1572,USD,2
146908,2027-12-27,329,USD,2
146908,2027-12-28,329,USD,2
146908,2027-12-29,329,USD,2
146908,2027-12-30,1729,USD,2
146908,2027-12-31,1729,USD,2
146908,2028-01-01,1729,USD,2
146908,2028-01-02,864,USD,2
146908,2028-01-03,443,USD,2
146908,2028-01-04,443,USD,2
146908,2028-01-05,443,USD,2
146908,2028-01-06,503,USD,2
146908,2028-01-07,599,USD,2
146908,2028-01-08,599,USD,2
146908,2028-01-09,503,USD,2
146908,2026-11-08,359,USD,2
146944,2026-09-24,376,USD,1
146944,2026-09-25,504,USD,2
146944,2026-09-26,659,USD,2
146944,2026-09-27,268,USD,1
146944,2026-09-28,225,USD,1
146944,2026-09-29,225,USD,1
146944,2026-09-30,225,USD,1
146944,2026-10-01,360,USD,1
146944,2026-10-02,469,USD,2
146944,2026-10-03,516,USD,2
146944,2026-10-04,342,USD,1
146944,2026-10-05,270,USD,1
146944,2026-10-06,270,USD,1
146944,2026-10-07,296,USD,2
146944,2026-10-08,420,USD,2
146944,2026-10-09,494,USD,2
146944,2026-10-10,494,USD,2
146944,2026-10-11,360,USD,1
146944,2026-10-12,270,USD,1
146944,2026-10-13,270,USD,1
146944,2026-10-14,270,USD,1
146944,2026-10-15,360,USD,1
146944,2026-10-16,575,USD,2
146944,2026-10-17,575,USD,2
146944,2026-10-18,360,USD,1
146944,2026-10-19,270,USD,1
146944,2026-10-20,270,USD,1
146944,2026-10-21,270,USD,1
146944,2026-10-22,360,USD,1
146944,2026-10-23,814,USD,2
146944,2026-10-24,989,USD,2
146944,2026-10-25,360,USD,1
146944,2026-10-26,270,USD,1
146944,2026-10-27,270,USD,1
146944,2026-10-28,270,USD,1
146944,2026-10-29,360,USD,2
146944,2026-10-30,654,USD,2
146944,2026-10-31,654,USD,2
146944,2026-11-01,335,USD,2
146944,2026-11-02,246,USD,2
146944,2026-11-03,246,USD,2
146944,2026-11-04,246,USD,2
146944,2026-11-05,302,USD,2
146944,2026-11-06,633,USD,2
146944,2026-11-07,633,USD,2
146944,2026-11-08,302,USD,2
146944,2026-11-09,246,USD,2
146944,2026-11-10,246,USD,2
146944,2026-11-11,246,USD,2
146944,2026-11-12,382,USD,2
146944,2026-11-13,739,USD,2
146944,2026-11-14,739,USD,2
146944,2026-11-15,464,USD,2
146944,2026-11-16,290,USD,2
146944,2026-11-17,246,USD,2
146944,2026-11-18,246,USD,2
146944,2026-11-19,302,USD,2
146944,2026-11-20,480,USD,2
146944,2026-11-21,528,USD,2
146944,2026-11-22,302,USD,2
146944,2026-11-23,246,USD,2
146944,2026-11-24,246,USD,2
146944,2026-11-25,246,USD,2
146944,2026-11-26,525,USD,2
146944,2026-11-27,533,USD,2
146944,2026-11-28,533,USD,2
146944,2026-11-29,335,USD,2
146944,2026-11-30,246,USD,2
146944,2026-12-01,246,USD,2
146944,2026-12-02,246,USD,2
146944,2026-12-03,294,USD,2
146944,2026-12-04,464,USD,2
146944,2026-12-05,464,USD,2
146944,2026-12-06,294,USD,2
146944,2026-12-07,246,USD,2
146944,2026-12-08,246,USD,2
146944,2026-12-09,246,USD,2
146944,2026-12-10,294,USD,2
146944,2026-12-11,464,USD,2
146944,2026-12-12,464,USD,2
146944,2026-12-13,294,USD,2
146944,2026-12-14,246,USD,2
146944,2026-12-15,246,USD,2
146944,2026-12-16,246,USD,2
146944,2026-12-17,380,USD,2
146944,2026-12-18,495,USD,2
146944,2026-12-19,495,USD,2
146944,2026-12-20,380,USD,2
146944,2026-12-21,255,USD,2
146944,2026-12-22,255,USD,2
146944,2026-12-23,255,USD,2
146944,2026-12-24,574,USD,2
146944,2026-12-25,837,USD,2
146944,2026-12-26,837,USD,2
146944,2026-12-27,447,USD,2
146944,2026-12-28,347,USD,2
146944,2026-12-29,347,USD,2
146944,2026-12-30,995,USD,2
146944,2026-12-31,1138,USD,2
146944,2027-01-03,355,USD,2
146944,2027-01-10,348,USD,2
146944,2027-01-11,295,USD,2
146944,2027-01-12,295,USD,2
146944,2027-01-13,295,USD,2
146944,2027-01-14,358,USD,2
146944,2027-01-15,476,USD,2
146944,2027-01-16,476,USD,2
146944,2027-01-17,399,USD,2
146944,2027-01-18,311,USD,2
146944,2027-01-19,295,USD,2
146944,2027-01-20,295,USD,2
146944,2027-01-21,355,USD,2
146944,2027-01-22,410,USD,2
146944,2027-01-23,410,USD,2
146944,2027-01-24,355,USD,2
146944,2027-01-25,295,USD,2
146944,2027-01-26,295,USD,2
146944,2027-01-27,295,USD,2
146944,2027-01-28,355,USD,2
146944,2027-01-29,410,USD,2
146944,2027-01-30,410,USD,2
146944,2027-01-31,355,USD,2
146944,2027-02-01,295,USD,2
146944,2027-02-02,295,USD,2
146944,2027-02-03,295,USD,2
146944,2027-02-04,355,USD,2
146944,2027-02-05,410,USD,2
146944,2027-02-06,410,USD,2
146944,2027-02-07,355,USD,2
146944,2027-02-08,295,USD,2
146944,2027-02-09,295,USD,2
146944,2027-02-10,295,USD,2
146944,2027-02-11,355,USD,2
146944,2027-02-12,626,USD,2
146944,2027-02-13,626,USD,2
146944,2027-02-14,516,USD,2
146944,2027-02-15,348,USD,2
146944,2027-02-16,295,USD,2
146944,2027-02-17,295,USD,2
146944,2027-02-18,355,USD,2
146944,2027-02-19,410,USD,2
146944,2027-02-20,410,USD,2
146944,2027-02-21,355,USD,2
146944,2027-02-22,295,USD,2
146944,2027-02-23,295,USD,2
146944,2027-02-24,295,USD,2
146944,2027-02-25,355,USD,2
146944,2027-02-26,410,USD,2
146944,2027-02-27,410,USD,2
146944,2027-02-28,355,USD,2
146944,2027-03-01,320,USD,2
146944,2027-03-02,320,USD,2
146944,2027-03-03,320,USD,2
146944,2027-03-04,385,USD,2
146944,2027-03-05,444,USD,2
146944,2027-03-06,444,USD,2
146944,2027-03-07,385,USD,2
146944,2027-03-08,320,USD,2
146944,2027-03-09,320,USD,2
146944,2027-03-10,320,USD,2
146944,2027-03-11,385,USD,2
146944,2027-03-12,533,USD,2
146944,2027-03-13,533,USD,2
146944,2027-03-14,385,USD,2
146944,2027-03-15,320,USD,2
146944,2027-03-16,320,USD,2
146944,2027-03-17,320,USD,2
146944,2027-03-18,406,USD,2
146944,2027-03-19,468,USD,2
146944,2027-03-20,468,USD,2
146944,2027-03-21,385,USD,2
146944,2027-03-22,320,USD,2
146944,2027-03-23,320,USD,2
146944,2027-03-24,320,USD,2
146944,2027-03-25,385,USD,2
146944,2027-03-26,601,USD,2
146944,2027-03-27,601,USD,2
146944,2027-03-28,486,USD,2
146944,2027-03-29,424,USD,2
146944,2027-03-30,424,USD,2
146944,2027-03-31,424,USD,2
146944,2027-04-01,659,USD,2
146944,2027-04-02,786,USD,2
146944,2027-04-03,786,USD,2
146944,2027-04-04,659,USD,2
146944,2027-04-05,529,USD,2
146944,2027-04-06,529,USD,2
146944,2027-04-07,529,USD,2
146944,2027-04-08,512,USD,2
146944,2027-04-09,616,USD,2
146944,2027-04-10,616,USD,2
146944,2027-04-11,512,USD,2
146944,2027-04-12,295,USD,2
146944,2027-04-13,295,USD,2
146944,2027-04-14,295,USD,2
146944,2027-04-15,348,USD,2
146944,2027-04-16,415,USD,2
146944,2027-04-17,415,USD,2
146944,2027-04-18,348,USD,2
146944,2027-04-19,295,USD,2
146944,2027-04-20,295,USD,2
146944,2027-04-21,295,USD,2
146944,2027-04-22,348,USD,2
146944,2027-04-23,415,USD,2
146944,2027-04-24,415,USD,2
146944,2027-04-25,348,USD,2
146944,2027-04-26,295,USD,2
146944,2027-04-27,295,USD,2
146944,2027-04-28,295,USD,2
146944,2027-04-29,348,USD,2
146944,2027-04-30,415,USD,2
146944,2027-05-01,415,USD,2
146944,2027-05-02,348,USD,2
146944,2027-05-03,295,USD,2
146944,2027-05-04,295,USD,2
146944,2027-05-05,295,USD,2
146944,2027-05-06,588,USD,2
146944,2027-05-07,720,USD,2
146944,2027-05-08,720,USD,2
146944,2027-05-09,592,USD,2
146944,2027-05-10,323,USD,2
146944,2027-05-11,326,USD,2
146944,2027-05-12,328,USD,2
146944,2027-05-13,566,USD,2
146944,2027-05-14,700,USD,2
146944,2027-05-15,700,USD,2
146944,2027-05-16,614,USD,2
146944,2027-05-17,352,USD,2
146944,2027-05-18,353,USD,2
146944,2027-05-19,353,USD,2
146944,2027-05-20,619,USD,2
146944,2027-05-21,759,USD,2
146944,2027-05-22,759,USD,2
146944,2027-05-23,627,USD,2
146944,2027-05-24,372,USD,2
146944,2027-05-25,372,USD,2
146944,2027-05-26,374,USD,2
146944,2027-05-27,712,USD,2
146944,2027-05-28,1150,USD,2
146944,2027-05-29,1150,USD,2
146944,2027-05-30,799,USD,2
146944,2027-05-31,519,USD,2
146944,2027-06-01,390,USD,2
146944,2027-06-02,374,USD,2
146944,2027-06-03,639,USD,2
146944,2027-06-04,777,USD,2
146944,2027-06-05,779,USD,2
146944,2027-06-06,649,USD,2
146944,2027-06-07,385,USD,2
146944,2027-06-08,387,USD,2
146944,2027-06-09,388,USD,2
146944,2027-06-10,659,USD,2
146944,2027-06-11,798,USD,2
146944,2027-06-12,801,USD,2
146944,2027-06-13,1006,USD,2
146944,2027-06-14,675,USD,2
146944,2027-06-15,714,USD,2
146944,2027-06-16,720,USD,2
146944,2027-06-17,676,USD,2
146944,2027-06-18,818,USD,2
146944,2027-06-19,823,USD,2
146944,2027-06-20,685,USD,2
146944,2027-06-21,411,USD,2
146944,2027-06-22,435,USD,2
146944,2027-06-23,415,USD,2
146944,2027-06-24,696,USD,2
146944,2027-06-25,848,USD,2
146944,2027-06-26,897,USD,2
146944,2027-06-27,751,USD,2
146944,2027-06-28,453,USD,2
146944,2027-06-29,456,USD,2
146944,2027-06-30,457,USD,2
146944,2027-07-01,691,USD,2
146944,2027-07-02,1349,USD,2
146944,2027-07-03,1353,USD,2
146944,2027-07-04,770,USD,2
146944,2027-07-05,554,USD,2
146944,2027-07-06,558,USD,2
146944,2027-07-07,561,USD,2
146944,2027-07-08,882,USD,2
146944,2027-07-09,1254,USD,2
146944,2027-07-10,1259,USD,2
146944,2027-07-11,891,USD,2
146944,2027-07-12,571,USD,2
146944,2027-07-13,573,USD,2
146944,2027-07-14,604,USD,2
146944,2027-07-15,902,USD,2
146944,2027-07-16,1274,USD,2
146944,2027-07-17,1274,USD,2
146944,2027-07-18,902,USD,2
146944,2027-07-19,575,USD,2
146944,2027-07-20,575,USD,2
146944,2027-07-21,575,USD,2
146944,2027-07-22,902,USD,2
146944,2027-07-23,1274,USD,2
146944,2027-07-24,1274,USD,2
146944,2027-07-25,902,USD,2
146944,2027-07-26,575,USD,2
146944,2027-07-27,575,USD,2
146944,2027-07-28,575,USD,2
146944,2027-07-29,902,USD,2
146944,2027-07-30,1274,USD,2
146944,2027-07-31,1274,USD,2
146944,2027-08-01,902,USD,2
146944,2027-08-02,575,USD,2
146944,2027-08-03,575,USD,2
146944,2027-08-04,575,USD,2
146944,2027-08-05,902,USD,2
146944,2027-08-06,1274,USD,2
146944,2027-08-07,1405,USD,2
146944,2027-08-08,902,USD,2
146944,2027-08-09,575,USD,2
146944,2027-08-10,523,USD,2
146944,2027-08-11,523,USD,2
146944,2027-08-12,818,USD,2
146944,2027-08-13,1158,USD,2
146944,2027-08-14,1158,USD,2
146944,2027-08-15,818,USD,2
146944,2027-08-16,523,USD,2
146944,2027-08-17,523,USD,2
146944,2027-08-18,523,USD,2
146944,2027-08-19,818,USD,2
146944,2027-08-20,1158,USD,2
146944,2027-08-21,1158,USD,2
146944,2027-08-22,818,USD,2
146944,2027-08-23,523,USD,2
146944,2027-08-24,523,USD,2
146944,2027-08-25,523,USD,2
146944,2027-08-26,862,USD,2
146944,2027-08-27,1219,USD,2
146944,2027-08-28,1219,USD,2
146944,2027-08-29,862,USD,2
146944,2027-08-30,551,USD,2
146944,2027-08-31,551,USD,2
146944,2027-09-01,551,USD,2
146944,2027-09-02,695,USD,2
146944,2027-09-03,999,USD,2
146944,2027-09-04,999,USD,2
146944,2027-09-05,730,USD,2
146944,2027-09-06,511,USD,2
146944,2027-09-07,426,USD,2
146944,2027-09-08,426,USD,2
146944,2027-09-09,695,USD,2
146944,2027-09-10,833,USD,2
146944,2027-09-11,833,USD,2
146944,2027-09-12,695,USD,2
146944,2027-09-13,426,USD,2
146944,2027-09-14,426,USD,2
146944,2027-09-15,426,USD,2
146944,2027-09-16,695,USD,2
146944,2027-09-17,833,USD,2
146944,2027-09-18,833,USD,2
146944,2027-09-19,695,USD,2
146944,2027-09-20,426,USD,2
146944,2027-09-21,426,USD,2
146944,2027-09-22,426,USD,2
146944,2027-09-23,695,USD,2
146944,2027-09-24,833,USD,2
146944,2027-09-25,833,USD,2
146944,2027-09-26,695,USD,2
146944,2027-09-27,426,USD,2
146944,2027-09-28,426,USD,2
146944,2027-09-29,426,USD,2
146944,2027-09-30,695,USD,2
146944,2027-01-04,295,USD,2
146944,2027-01-05,295,USD,2
146944,2027-01-06,295,USD,2
146944,2027-01-07,348,USD,2
146944,2027-01-08,402,USD,2
146944,2027-01-09,402,USD,2
146944,2027-01-01,592,USD,2
146944,2027-01-02,592,USD,2
146944,2027-10-01,833,USD,2
146944,2027-10-02,833,USD,2
146944,2027-10-03,695,USD,2
146944,2027-10-04,426,USD,2
146944,2027-10-05,426,USD,2
146944,2027-10-06,426,USD,2
146944,2027-10-07,695,USD,2
146944,2027-10-08,833,USD,2
146944,2027-10-09,833,USD,2
146944,2027-10-10,695,USD,2
146944,2027-10-11,426,USD,2
146944,2027-10-12,426,USD,2
146944,2027-10-13,426,USD,2
146944,2027-10-14,695,USD,2
146944,2027-10-15,833,USD,2
146944,2027-10-16,833,USD,2
146944,2027-10-17,695,USD,2
146944,2027-10-18,426,USD,2
146944,2027-10-19,426,USD,2
146944,2027-10-20,426,USD,2
146944,2027-10-21,695,USD,2
146944,2027-10-22,833,USD,2
146944,2027-10-23,833,USD,2
146944,2027-10-24,695,USD,2
146944,2027-10-25,426,USD,2
146944,2027-10-26,426,USD,2
146944,2027-10-27,426,USD,2
146944,2027-10-28,695,USD,2
146944,2027-10-29,833,USD,2
146944,2027-10-30,833,USD,2
146944,2027-10-31,695,USD,2
146944,2027-11-01,312,USD,2
146944,2027-11-02,312,USD,2
146944,2027-11-03,312,USD,2
146944,2027-11-04,379,USD,2
146944,2027-11-05,444,USD,2
146944,2027-11-06,444,USD,2
146944,2027-11-07,379,USD,2
146944,2027-11-08,312,USD,2
146944,2027-11-09,312,USD,2
146944,2027-11-10,312,USD,2
146944,2027-11-11,379,USD,2
146944,2027-11-12,444,USD,2
146944,2027-11-13,444,USD,2
146944,2027-11-14,379,USD,2
146944,2027-11-15,312,USD,2
146944,2027-11-16,312,USD,2
146944,2027-11-17,312,USD,2
146944,2027-11-18,379,USD,2
146944,2027-11-19,444,USD,2
146944,2027-11-20,444,USD,2
146944,2027-11-21,379,USD,2
146944,2027-11-22,312,USD,2
146944,2027-11-23,312,USD,2
146944,2027-11-24,312,USD,2
146944,2027-11-25,644,USD,2
146944,2027-11-26,755,USD,2
146944,2027-11-27,755,USD,2
146944,2027-11-28,531,USD,2
146944,2027-11-29,288,USD,2
146944,2027-11-30,288,USD,2
146944,2027-12-01,288,USD,2
146944,2027-12-02,314,USD,2
146944,2027-12-03,333,USD,2
146944,2027-12-04,333,USD,2
146944,2027-12-05,314,USD,2
146944,2027-12-06,288,USD,2
146944,2027-12-07,288,USD,2
146944,2027-12-08,288,USD,2
146944,2027-12-09,314,USD,2
146944,2027-12-10,333,USD,2
146944,2027-12-11,333,USD,2
146944,2027-12-12,314,USD,2
146944,2027-12-13,288,USD,2
146944,2027-12-14,288,USD,2
146944,2027-12-15,288,USD,2
146944,2027-12-16,314,USD,2
146944,2027-12-17,500,USD,2
146944,2027-12-18,500,USD,2
146944,2027-12-19,471,USD,2
146944,2027-12-20,432,USD,2
146944,2027-12-21,432,USD,2
146944,2027-12-22,432,USD,2
146944,2027-12-23,471,USD,2
146944,2027-12-24,1166,USD,2
146944,2027-12-25,1166,USD,2
146944,2027-12-26,1166,USD,2
146944,2027-12-27,288,USD,2
146944,2027-12-28,288,USD,2
146944,2027-12-29,288,USD,2
146944,2027-12-30,1282,USD,2
146944,2027-12-31,1282,USD,2
146944,2028-01-01,1282,USD,2
146944,2028-01-02,641,USD,2
146944,2028-01-03,374,USD,2
146944,2028-01-04,374,USD,2
146944,2028-01-05,374,USD,2
146944,2028-01-06,455,USD,2
146944,2028-01-07,533,USD,2
146944,2028-01-08,533,USD,2
146944,2028-01-09,455,USD,2
146946,2026-09-24,340,USD,1
146946,2026-09-27,297,USD,2
146946,2026-09-28,219,USD,2
146946,2026-09-29,216,USD,1
146946,2026-09-30,197,USD,1
146946,2026-10-01,334,USD,2
146946,2026-10-02,297,USD,2
146946,2026-10-03,347,USD,2
146946,2026-10-04,241,USD,1
146946,2026-10-05,150,USD,1
146946,2026-10-06,150,USD,1
146946,2026-10-07,150,USD,1
146946,2026-10-08,265,USD,2
146946,2026-10-09,535,USD,2
146946,2026-10-10,535,USD,2
146946,2026-10-11,200,USD,1
146946,2026-10-12,150,USD,1
146946,2026-10-13,150,USD,1
146946,2026-10-14,150,USD,1
146946,2026-10-15,300,USD,1
146946,2026-10-16,481,USD,2
146946,2026-10-17,388,USD,2
146946,2026-10-18,200,USD,1
146946,2026-10-19,150,USD,1
146946,2026-10-20,150,USD,1
146946,2026-10-21,150,USD,1
146946,2026-10-22,287,USD,2
146946,2026-10-23,637,USD,2
146946,2026-10-24,779,USD,2
146946,2026-10-25,200,USD,1
146946,2026-10-26,150,USD,1
146946,2026-10-27,150,USD,1
146946,2026-10-28,150,USD,1
146946,2026-10-29,200,USD,2
146946,2026-10-30,414,USD,2
146946,2026-10-31,414,USD,2
146946,2026-11-01,255,USD,2
146946,2026-11-02,163,USD,2
146946,2026-11-03,163,USD,2
146946,2026-11-04,163,USD,2
146946,2026-11-05,230,USD,2
146946,2026-11-06,474,USD,2
146946,2026-11-07,474,USD,2
146946,2026-11-08,230,USD,2
146946,2026-11-09,163,USD,2
146946,2026-11-10,163,USD,2
146946,2026-11-11,163,USD,2
146946,2026-11-12,230,USD,2
146946,2026-11-13,436,USD,2
146946,2026-11-14,436,USD,2
146946,2026-11-15,351,USD,2
146946,2026-11-16,196,USD,2
146946,2026-11-17,172,USD,2
146946,2026-11-18,172,USD,2
146946,2026-11-19,230,USD,2
146946,2026-11-20,360,USD,2
146946,2026-11-21,396,USD,2
146946,2026-11-22,230,USD,2
146946,2026-11-23,163,USD,2
146946,2026-11-24,163,USD,2
146946,2026-11-25,163,USD,2
146946,2026-11-26,400,USD,2
146946,2026-11-27,400,USD,2
146946,2026-11-28,400,USD,2
146946,2026-11-29,255,USD,2
146946,2026-11-30,163,USD,2
146946,2026-12-01,163,USD,2
146946,2026-12-02,163,USD,2
146946,2026-12-03,217,USD,2
146946,2026-12-04,351,USD,2
146946,2026-12-05,351,USD,2
146946,2026-12-06,217,USD,2
146946,2026-12-07,163,USD,2
146946,2026-12-08,163,USD,2
146946,2026-12-09,163,USD,2
146946,2026-12-10,217,USD,2
146946,2026-12-11,351,USD,2
146946,2026-12-12,351,USD,2
146946,2026-12-13,217,USD,2
146946,2026-12-14,163,USD,2
146946,2026-12-15,163,USD,2
146946,2026-12-16,163,USD,2
146946,2026-12-17,273,USD,2
146946,2026-12-18,386,USD,2
146946,2026-12-19,386,USD,2
146946,2026-12-20,273,USD,2
146946,2026-12-21,197,USD,2
146946,2026-12-22,197,USD,2
146946,2026-12-23,197,USD,2
146946,2026-12-24,434,USD,2
146946,2026-12-25,666,USD,2
146946,2026-12-26,666,USD,2
146946,2026-12-27,329,USD,2
146946,2026-12-28,259,USD,2
146946,2026-12-29,259,USD,2
146946,2026-12-30,798,USD,2
146946,2026-12-31,915,USD,2
146946,2027-01-03,197,USD,2
146946,2027-01-10,272,USD,2
146946,2027-01-11,163,USD,2
146946,2027-01-12,163,USD,2
146946,2027-01-13,163,USD,2
146946,2027-01-14,224,USD,2
146946,2027-01-15,387,USD,2
146946,2027-01-16,387,USD,2
146946,2027-01-17,307,USD,2
146946,2027-01-18,232,USD,2
146946,2027-01-19,163,USD,2
146946,2027-01-20,163,USD,2
146946,2027-01-21,223,USD,2
146946,2027-01-22,284,USD,2
146946,2027-01-23,284,USD,2
146946,2027-01-24,223,USD,2
146946,2027-01-25,163,USD,2
146946,2027-01-26,163,USD,2
146946,2027-01-27,163,USD,2
146946,2027-01-28,223,USD,2
146946,2027-01-29,284,USD,2
146946,2027-01-30,284,USD,2
146946,2027-01-31,223,USD,2
146946,2027-02-01,163,USD,2
146946,2027-02-02,163,USD,2
146946,2027-02-03,163,USD,2
146946,2027-02-04,223,USD,2
146946,2027-02-05,284,USD,2
146946,2027-02-06,284,USD,2
146946,2027-02-07,223,USD,2
146946,2027-02-08,163,USD,2
146946,2027-02-09,163,USD,2
146946,2027-02-10,163,USD,2
146946,2027-02-11,223,USD,2
146946,2027-02-12,512,USD,2
146946,2027-02-13,512,USD,2
146946,2027-02-14,408,USD,2
146946,2027-02-15,247,USD,2
146946,2027-02-16,163,USD,2
146946,2027-02-17,163,USD,2
146946,2027-02-18,223,USD,2
146946,2027-02-19,284,USD,2
146946,2027-02-20,284,USD,2
146946,2027-02-21,223,USD,2
146946,2027-02-22,163,USD,2
146946,2027-02-23,163,USD,2
146946,2027-02-24,163,USD,2
146946,2027-02-25,217,USD,2
146946,2027-02-26,284,USD,2
146946,2027-02-27,284,USD,2
146946,2027-02-28,217,USD,2
146946,2027-03-01,213,USD,2
146946,2027-03-02,213,USD,2
146946,2027-03-03,213,USD,2
146946,2027-03-04,285,USD,2
146946,2027-03-05,332,USD,2
146946,2027-03-06,332,USD,2
146946,2027-03-07,285,USD,2
146946,2027-03-08,213,USD,2
146946,2027-03-09,213,USD,2
146946,2027-03-10,213,USD,2
146946,2027-03-11,285,USD,2
146946,2027-03-12,398,USD,2
146946,2027-03-13,398,USD,2
146946,2027-03-14,285,USD,2
146946,2027-03-15,213,USD,2
146946,2027-03-16,213,USD,2
146946,2027-03-17,213,USD,2
146946,2027-03-18,285,USD,2
146946,2027-03-19,398,USD,2
146946,2027-03-20,398,USD,2
146946,2027-03-21,285,USD,2
146946,2027-03-22,213,USD,2
146946,2027-03-23,213,USD,2
146946,2027-03-24,213,USD,2
146946,2027-03-25,285,USD,2
146946,2027-03-26,498,USD,2
146946,2027-03-27,498,USD,2
146946,2027-03-28,424,USD,2
146946,2027-03-29,332,USD,2
146946,2027-03-30,332,USD,2
146946,2027-03-31,332,USD,2
146946,2027-04-01,532,USD,2
146946,2027-04-02,633,USD,2
146946,2027-04-03,633,USD,2
146946,2027-04-04,532,USD,2
146946,2027-04-05,442,USD,2
146946,2027-04-06,442,USD,2
146946,2027-04-07,442,USD,2
146946,2027-04-08,415,USD,2
146946,2027-04-09,492,USD,2
146946,2027-04-10,492,USD,2
146946,2027-04-11,415,USD,2
146946,2027-04-12,231,USD,2
146946,2027-04-13,231,USD,2
146946,2027-04-14,231,USD,2
146946,2027-04-15,283,USD,2
146946,2027-04-16,330,USD,2
146946,2027-04-17,330,USD,2
146946,2027-04-18,283,USD,2
146946,2027-04-19,231,USD,2
146946,2027-04-20,231,USD,2
146946,2027-04-21,231,USD,2
146946,2027-04-22,283,USD,2
146946,2027-04-23,330,USD,2
146946,2027-04-24,330,USD,2
146946,2027-04-25,283,USD,2
146946,2027-04-26,231,USD,2
146946,2027-04-27,231,USD,2
146946,2027-04-28,231,USD,2
146946,2027-04-29,283,USD,2
146946,2027-04-30,330,USD,2
146946,2027-05-01,330,USD,2
146946,2027-05-02,283,USD,2
146946,2027-05-03,231,USD,2
146946,2027-05-04,231,USD,2
146946,2027-05-05,231,USD,2
146946,2027-05-06,408,USD,2
146946,2027-05-07,551,USD,2
146946,2027-05-08,551,USD,2
146946,2027-05-09,408,USD,2
146946,2027-05-10,240,USD,2
146946,2027-05-11,240,USD,2
146946,2027-05-12,240,USD,2
146946,2027-05-13,399,USD,2
146946,2027-05-14,536,USD,2
146946,2027-05-15,539,USD,2
146946,2027-05-16,426,USD,2
146946,2027-05-17,263,USD,2
146946,2027-05-18,263,USD,2
146946,2027-05-19,263,USD,2
146946,2027-05-20,433,USD,2
146946,2027-05-21,589,USD,2
146946,2027-05-22,592,USD,2
146946,2027-05-23,439,USD,2
146946,2027-05-24,275,USD,2
146946,2027-05-25,281,USD,2
146946,2027-05-26,283,USD,2
146946,2027-05-27,505,USD,2
146946,2027-05-28,893,USD,2
146946,2027-05-29,898,USD,2
146946,2027-05-30,571,USD,2
146946,2027-05-31,399,USD,2
146946,2027-06-01,301,USD,2
146946,2027-06-02,281,USD,2
146946,2027-06-03,456,USD,2
146946,2027-06-04,608,USD,2
146946,2027-06-05,609,USD,2
146946,2027-06-06,462,USD,2
146946,2027-06-07,293,USD,2
146946,2027-06-08,295,USD,2
146946,2027-06-09,299,USD,2
146946,2027-06-10,471,USD,2
146946,2027-06-11,627,USD,2
146946,2027-06-12,629,USD,2
146946,2027-06-13,720,USD,2
146946,2027-06-14,516,USD,2
146946,2027-06-15,550,USD,2
146946,2027-06-16,551,USD,2
146946,2027-06-17,488,USD,2
146946,2027-06-18,646,USD,2
146946,2027-06-19,647,USD,2
146946,2027-06-20,494,USD,2
146946,2027-06-21,320,USD,2
146946,2027-06-22,334,USD,2
146946,2027-06-23,320,USD,2
146946,2027-06-24,502,USD,2
146946,2027-06-25,670,USD,2
146946,2027-06-26,706,USD,2
146946,2027-06-27,543,USD,2
146946,2027-06-28,351,USD,2
146946,2027-06-29,353,USD,2
146946,2027-06-30,355,USD,2
146946,2027-07-01,503,USD,2
146946,2027-07-02,1128,USD,2
146946,2027-07-03,1133,USD,2
146946,2027-07-04,562,USD,2
146946,2027-07-05,394,USD,2
146946,2027-07-06,395,USD,2
146946,2027-07-07,395,USD,2
146946,2027-07-08,706,USD,2
146946,2027-07-09,1049,USD,2
146946,2027-07-10,1052,USD,2
146946,2027-07-11,712,USD,2
146946,2027-07-12,406,USD,2
146946,2027-07-13,408,USD,2
146946,2027-07-14,430,USD,2
146946,2027-07-15,721,USD,2
146946,2027-07-16,1068,USD,2
146946,2027-07-17,1068,USD,2
146946,2027-07-18,721,USD,2
146946,2027-07-19,410,USD,2
146946,2027-07-20,410,USD,2
146946,2027-07-21,410,USD,2
146946,2027-07-22,721,USD,2
146946,2027-07-23,1068,USD,2
146946,2027-07-24,1068,USD,2
146946,2027-07-25,721,USD,2
146946,2027-07-26,410,USD,2
146946,2027-07-27,410,USD,2
146946,2027-07-28,410,USD,2
146946,2027-07-29,721,USD,2
146946,2027-07-30,1068,USD,2
146946,2027-07-31,1068,USD,2
146946,2027-08-01,721,USD,2
146946,2027-08-02,410,USD,2
146946,2027-08-03,410,USD,2
146946,2027-08-04,410,USD,2
146946,2027-08-05,721,USD,2
146946,2027-08-06,1068,USD,2
146946,2027-08-07,1178,USD,2
146946,2027-08-08,721,USD,2
146946,2027-08-09,410,USD,2
146946,2027-08-10,373,USD,2
146946,2027-08-11,373,USD,2
146946,2027-08-12,654,USD,2
146946,2027-08-13,969,USD,2
146946,2027-08-14,969,USD,2
146946,2027-08-15,654,USD,2
146946,2027-08-16,373,USD,2
146946,2027-08-17,373,USD,2
146946,2027-08-18,373,USD,2
146946,2027-08-19,654,USD,2
146946,2027-08-20,969,USD,2
146946,2027-08-21,969,USD,2
146946,2027-08-22,654,USD,2
146946,2027-08-23,373,USD,2
146946,2027-08-24,373,USD,2
146946,2027-08-25,373,USD,2
146946,2027-08-26,689,USD,2
146946,2027-08-27,1021,USD,2
146946,2027-08-28,1021,USD,2
146946,2027-08-29,689,USD,2
146946,2027-08-30,393,USD,2
146946,2027-08-31,393,USD,2
146946,2027-09-01,393,USD,2
146946,2027-09-02,509,USD,2
146946,2027-09-03,791,USD,2
146946,2027-09-04,791,USD,2
146946,2027-09-05,534,USD,2
146946,2027-09-06,400,USD,2
146946,2027-09-07,333,USD,2
146946,2027-09-08,333,USD,2
146946,2027-09-09,509,USD,2
146946,2027-09-10,659,USD,2
146946,2027-09-11,659,USD,2
146946,2027-09-12,509,USD,2
146946,2027-09-13,333,USD,2
146946,2027-09-14,333,USD,2
146946,2027-09-15,333,USD,2
146946,2027-09-16,509,USD,2
146946,2027-09-17,659,USD,2
146946,2027-09-18,659,USD,2
146946,2027-09-19,509,USD,2
146946,2027-09-20,333,USD,2
146946,2027-09-21,333,USD,2
146946,2027-09-22,333,USD,2
146946,2027-09-23,509,USD,2
146946,2027-09-24,659,USD,2
146946,2027-09-25,659,USD,2
146946,2027-09-26,509,USD,2
146946,2027-09-27,333,USD,2
146946,2027-09-28,333,USD,2
146946,2027-09-29,333,USD,2
146946,2027-09-30,509,USD,2
146946,2027-01-04,163,USD,2
146946,2027-01-05,163,USD,2
146946,2027-01-06,188,USD,2
146946,2027-01-07,272,USD,2
146946,2027-01-08,337,USD,2
146946,2027-01-09,337,USD,2
146946,2027-01-01,372,USD,2
146946,2027-01-02,372,USD,2
146946,2027-10-01,659,USD,2
146946,2027-10-02,659,USD,2
146946,2027-10-03,509,USD,2
146946,2027-10-04,333,USD,2
146946,2027-10-05,333,USD,2
146946,2027-10-06,333,USD,2
146946,2027-10-07,509,USD,2
146946,2027-10-08,659,USD,2
146946,2027-10-09,659,USD,2
146946,2027-10-10,509,USD,2
146946,2027-10-11,333,USD,2
146946,2027-10-12,333,USD,2
146946,2027-10-13,333,USD,2
146946,2027-10-14,509,USD,2
146946,2027-10-15,659,USD,2
146946,2027-10-16,659,USD,2
146946,2027-10-17,509,USD,2
146946,2027-10-18,333,USD,2
146946,2027-10-19,333,USD,2
146946,2027-10-20,333,USD,2
146946,2027-10-21,509,USD,2
146946,2027-10-22,659,USD,2
146946,2027-10-23,659,USD,2
146946,2027-10-24,509,USD,2
146946,2027-10-25,333,USD,2
146946,2027-10-26,333,USD,2
146946,2027-10-27,333,USD,2
146946,2027-10-28,509,USD,2
146946,2027-10-29,659,USD,2
146946,2027-10-30,659,USD,2
146946,2027-10-31,509,USD,2
146946,2027-11-01,240,USD,2
146946,2027-11-02,240,USD,2
146946,2027-11-03,240,USD,2
146946,2027-11-04,309,USD,2
146946,2027-11-05,374,USD,2
146946,2027-11-06,374,USD,2
146946,2027-11-07,309,USD,2
146946,2027-11-08,240,USD,2
146946,2027-11-09,240,USD,2
146946,2027-11-10,240,USD,2
146946,2027-11-11,309,USD,2
146946,2027-11-12,374,USD,2
146946,2027-11-13,374,USD,2
146946,2027-11-14,309,USD,2
146946,2027-11-15,240,USD,2
146946,2027-11-16,240,USD,2
146946,2027-11-17,240,USD,2
146946,2027-11-18,309,USD,2
146946,2027-11-19,374,USD,2
146946,2027-11-20,374,USD,2
146946,2027-11-21,309,USD,2
146946,2027-11-22,240,USD,2
146946,2027-11-23,240,USD,2
146946,2027-11-24,240,USD,2
146946,2027-11-25,525,USD,2
146946,2027-11-26,636,USD,2
146946,2027-11-27,636,USD,2
146946,2027-11-28,433,USD,2
146946,2027-11-29,219,USD,2
146946,2027-11-30,219,USD,2
146946,2027-12-01,219,USD,2
146946,2027-12-02,259,USD,2
146946,2027-12-03,287,USD,2
146946,2027-12-04,287,USD,2
146946,2027-12-05,259,USD,2
146946,2027-12-06,219,USD,2
146946,2027-12-07,219,USD,2
146946,2027-12-08,219,USD,2
146946,2027-12-09,259,USD,2
146946,2027-12-10,287,USD,2
146946,2027-12-11,287,USD,2
146946,2027-12-12,259,USD,2
146946,2027-12-13,219,USD,2
146946,2027-12-14,219,USD,2
146946,2027-12-15,219,USD,2
146946,2027-12-16,259,USD,2
146946,2027-12-17,431,USD,2
146946,2027-12-18,431,USD,2
146946,2027-12-19,389,USD,2
146946,2027-12-20,329,USD,2
146946,2027-12-21,329,USD,2
146946,2027-12-22,329,USD,2
146946,2027-12-23,389,USD,2
146946,2027-12-24,1005,USD,2
146946,2027-12-25,1005,USD,2
146946,2027-12-26,1005,USD,2
146946,2027-12-27,219,USD,2
146946,2027-12-28,219,USD,2
146946,2027-12-29,219,USD,2
146946,2027-12-30,1105,USD,2
146946,2027-12-31,1105,USD,2
146946,2028-01-01,1105,USD,2
146946,2028-01-02,552,USD,2
146946,2028-01-03,288,USD,2
146946,2028-01-04,288,USD,2
146946,2028-01-05,288,USD,2
146946,2028-01-06,371,USD,2
146946,2028-01-07,449,USD,2
146946,2028-01-08,449,USD,2
146946,2028-01-09,371,USD,2
146946,2026-09-25,240,USD,1
146946,2026-09-26,308,USD,1
260001,2026-09-24,395,USD,2
260001,2026-09-25,607,USD,2
260001,2026-09-26,821,USD,2
260001,2026-09-27,532,USD,2
260001,2026-09-28,298,USD,2
260001,2026-09-29,298,USD,2
260001,2026-09-30,427,USD,1
260001,2026-10-01,440,USD,1
260001,2026-10-03,480,USD,2
260001,2026-10-04,323,USD,1
260001,2026-10-05,330,USD,1
260001,2026-10-06,330,USD,1
260001,2026-10-07,330,USD,1
260001,2026-10-08,383,USD,2
260001,2026-10-09,590,USD,2
260001,2026-10-10,590,USD,2
260001,2026-10-11,383,USD,2
260001,2026-10-12,330,USD,1
260001,2026-10-13,330,USD,1
260001,2026-10-14,380,USD,2
260001,2026-10-15,364,USD,2
260001,2026-10-16,459,USD,2
260001,2026-10-17,574,USD,2
260001,2026-10-18,580,USD,2
260001,2026-10-19,526,USD,2
260001,2026-10-20,526,USD,2
260001,2026-10-21,330,USD,1
260001,2026-10-22,441,USD,2
260001,2026-10-23,630,USD,2
260001,2026-10-24,767,USD,2
260001,2026-10-25,383,USD,2
260001,2026-10-26,286,USD,2
260001,2026-10-27,286,USD,2
260001,2026-10-28,392,USD,2
260001,2026-10-29,463,USD,2
260001,2026-10-30,676,USD,2
260001,2026-10-31,676,USD,2
260001,2026-11-01,362,USD,2
260001,2026-11-02,301,USD,2
260001,2026-11-03,301,USD,2
260001,2026-11-04,301,USD,2
260001,2026-11-05,326,USD,2
260001,2026-11-06,561,USD,2
260001,2026-11-07,514,USD,2
260001,2026-11-08,302,USD,2
260001,2026-11-09,275,USD,2
260001,2026-11-10,301,USD,2
260001,2026-11-11,301,USD,2
260001,2026-11-12,330,USD,2
260001,2026-11-13,488,USD,2
260001,2026-11-14,488,USD,2
260001,2026-11-15,313,USD,2
260001,2026-11-16,288,USD,2
260001,2026-11-17,301,USD,2
260001,2026-11-18,301,USD,2
260001,2026-11-19,326,USD,2
260001,2026-11-20,425,USD,2
260001,2026-11-21,452,USD,2
260001,2026-11-22,288,USD,2
260001,2026-11-23,301,USD,2
260001,2026-11-24,301,USD,2
260001,2026-11-25,301,USD,2
260001,2026-11-26,470,USD,2
260001,2026-11-27,472,USD,2
260001,2026-11-28,472,USD,2
260001,2026-11-29,362,USD,2
260001,2026-11-30,301,USD,2
260001,2026-12-01,301,USD,2
260001,2026-12-02,301,USD,2
260001,2026-12-03,382,USD,2
260001,2026-12-04,434,USD,2
260001,2026-12-05,412,USD,2
260001,2026-12-06,362,USD,2
260001,2026-12-07,301,USD,2
260001,2026-12-08,301,USD,2
260001,2026-12-09,301,USD,2
260001,2026-12-10,362,USD,2
260001,2026-12-11,434,USD,2
260001,2026-12-12,434,USD,2
260001,2026-12-13,362,USD,2
260001,2026-12-14,301,USD,2
260001,2026-12-15,301,USD,2
260001,2026-12-16,301,USD,2
260001,2026-12-17,364,USD,2
260001,2026-12-18,444,USD,2
260001,2026-12-19,468,USD,2
260001,2026-12-20,384,USD,2
260001,2026-12-21,301,USD,2
260001,2026-12-22,301,USD,2
260001,2026-12-23,301,USD,2
260001,2026-12-24,519,USD,2
260001,2026-12-25,755,USD,2
260001,2026-12-26,755,USD,2
260001,2026-12-27,336,USD,2
260001,2026-12-28,286,USD,2
260001,2026-12-29,310,USD,2
260001,2026-12-30,899,USD,2
260001,2026-12-31,1020,USD,2
260001,2027-01-03,435,USD,2
260001,2027-01-10,435,USD,2
260001,2027-01-11,361,USD,2
260001,2027-01-12,361,USD,2
260001,2027-01-13,361,USD,2
260001,2027-01-14,437,USD,2
260001,2027-01-15,516,USD,2
260001,2027-01-16,516,USD,2
260001,2027-01-17,419,USD,2
260001,2027-01-18,366,USD,2
260001,2027-01-19,361,USD,2
260001,2027-01-20,361,USD,2
260001,2027-01-21,435,USD,2
260001,2027-01-22,503,USD,2
260001,2027-01-23,503,USD,2
260001,2027-01-24,435,USD,2
260001,2027-01-25,361,USD,2
260001,2027-01-26,361,USD,2
260001,2027-01-27,361,USD,2
260001,2027-01-28,435,USD,2
260001,2027-01-29,503,USD,2
260001,2027-01-30,503,USD,2
260001,2027-01-31,435,USD,2
260001,2027-02-01,361,USD,2
260001,2027-02-02,361,USD,2
260001,2027-02-03,361,USD,2
260001,2027-02-04,435,USD,2
260001,2027-02-05,503,USD,2
260001,2027-02-06,503,USD,2
260001,2027-02-07,435,USD,2
260001,2027-02-08,361,USD,2
260001,2027-02-09,361,USD,2
260001,2027-02-10,361,USD,2
260001,2027-02-11,435,USD,2
260001,2027-02-12,495,USD,2
260001,2027-02-13,495,USD,2
260001,2027-02-14,554,USD,2
260001,2027-02-15,398,USD,2
260001,2027-02-16,361,USD,2
260001,2027-02-17,361,USD,2
260001,2027-02-18,435,USD,2
260001,2027-02-19,503,USD,2
260001,2027-02-20,503,USD,2
260001,2027-02-21,435,USD,2
260001,2027-02-22,361,USD,2
260001,2027-02-23,361,USD,2
260001,2027-02-24,361,USD,2
260001,2027-02-25,435,USD,2
260001,2027-02-26,503,USD,2
260001,2027-02-27,503,USD,2
260001,2027-02-28,435,USD,2
260001,2027-03-01,391,USD,2
260001,2027-03-02,391,USD,2
260001,2027-03-03,391,USD,2
260001,2027-03-04,490,USD,2
260001,2027-03-05,535,USD,2
260001,2027-03-06,535,USD,2
260001,2027-03-07,490,USD,2
260001,2027-03-08,391,USD,2
260001,2027-03-09,391,USD,2
260001,2027-03-10,391,USD,2
260001,2027-03-11,490,USD,2
260001,2027-03-12,642,USD,2
260001,2027-03-13,642,USD,2
260001,2027-03-14,490,USD,2
260001,2027-03-15,391,USD,2
260001,2027-03-16,391,USD,2
260001,2027-03-17,391,USD,2
260001,2027-03-18,490,USD,2
260001,2027-03-19,642,USD,2
260001,2027-03-20,642,USD,2
260001,2027-03-21,490,USD,2
260001,2027-03-22,391,USD,2
260001,2027-03-23,391,USD,2
260001,2027-03-24,391,USD,2
260001,2027-03-25,490,USD,2
260001,2027-03-26,785,USD,2
260001,2027-03-27,785,USD,2
260001,2027-03-28,720,USD,2
260001,2027-03-29,513,USD,2
260001,2027-03-30,513,USD,2
260001,2027-03-31,513,USD,2
260001,2027-04-01,953,USD,2
260001,2027-04-02,1157,USD,2
260001,2027-04-03,819,USD,2
260001,2027-04-04,679,USD,2
260001,2027-04-05,484,USD,2
260001,2027-04-06,484,USD,2
260001,2027-04-07,484,USD,2
260001,2027-04-08,751,USD,2
260001,2027-04-09,910,USD,2
260001,2027-04-10,910,USD,2
260001,2027-04-11,751,USD,2
260001,2027-04-12,361,USD,2
260001,2027-04-13,361,USD,2
260001,2027-04-14,361,USD,2
260001,2027-04-15,513,USD,2
260001,2027-04-16,630,USD,2
260001,2027-04-17,630,USD,2
260001,2027-04-18,513,USD,2
260001,2027-04-19,361,USD,2
260001,2027-04-20,361,USD,2
260001,2027-04-21,361,USD,2
260001,2027-04-22,513,USD,2
260001,2027-04-23,630,USD,2
260001,2027-04-24,630,USD,2
260001,2027-04-25,513,USD,2
260001,2027-04-26,361,USD,2
260001,2027-04-27,361,USD,2
260001,2027-04-28,361,USD,2
260001,2027-04-29,513,USD,2
260001,2027-04-30,630,USD,2
260001,2027-05-01,630,USD,2
260001,2027-05-02,513,USD,2
260001,2027-05-03,361,USD,2
260001,2027-05-04,361,USD,2
260001,2027-05-05,361,USD,2
260001,2027-05-06,744,USD,2
260001,2027-05-07,934,USD,2
260001,2027-05-08,934,USD,2
260001,2027-05-09,747,USD,2
260001,2027-05-10,397,USD,2
260001,2027-05-11,399,USD,2
260001,2027-05-12,433,USD,2
260001,2027-05-13,720,USD,2
260001,2027-05-14,862,USD,2
260001,2027-05-15,862,USD,2
260001,2027-05-16,770,USD,2
260001,2027-05-17,473,USD,2
260001,2027-05-18,474,USD,2
260001,2027-05-19,474,USD,2
260001,2027-05-20,780,USD,2
260001,2027-05-21,930,USD,2
260001,2027-05-22,936,USD,2
260001,2027-05-23,792,USD,2
260001,2027-05-24,483,USD,2
260001,2027-05-25,488,USD,2
260001,2027-05-26,490,USD,2
260001,2027-05-27,890,USD,2
260001,2027-05-28,1402,USD,2
260001,2027-05-29,1407,USD,2
260001,2027-05-30,995,USD,2
260001,2027-05-31,689,USD,2
260001,2027-06-01,519,USD,2
260001,2027-06-02,494,USD,2
260001,2027-06-03,801,USD,2
260001,2027-06-04,952,USD,2
260001,2027-06-05,956,USD,2
260001,2027-06-06,808,USD,2
260001,2027-06-07,504,USD,2
260001,2027-06-08,509,USD,2
260001,2027-06-09,511,USD,2
260001,2027-06-10,823,USD,2
260001,2027-06-11,976,USD,2
260001,2027-06-12,980,USD,2
260001,2027-06-13,816,USD,2
260001,2027-06-14,520,USD,2
260001,2027-06-15,548,USD,2
260001,2027-06-16,551,USD,2
260001,2027-06-17,843,USD,2
260001,2027-06-18,1002,USD,2
260001,2027-06-19,1006,USD,2
260001,2027-06-20,852,USD,2
260001,2027-06-21,536,USD,2
260001,2027-06-22,567,USD,2
260001,2027-06-23,543,USD,2
260001,2027-06-24,865,USD,2
260001,2027-06-25,1147,USD,2
260001,2027-06-26,1210,USD,2
260001,2027-06-27,973,USD,2
260001,2027-06-28,619,USD,2
260001,2027-06-29,623,USD,2
260001,2027-06-30,625,USD,2
260001,2027-07-01,897,USD,2
260001,2027-07-02,1677,USD,2
260001,2027-07-03,1682,USD,2
260001,2027-07-04,1001,USD,2
260001,2027-07-05,634,USD,2
260001,2027-07-06,639,USD,2
260001,2027-07-07,642,USD,2
260001,2027-07-08,1043,USD,2
260001,2027-07-09,1557,USD,2
260001,2027-07-10,1562,USD,2
260001,2027-07-11,1054,USD,2
260001,2027-07-12,652,USD,2
260001,2027-07-13,654,USD,2
260001,2027-07-14,690,USD,2
260001,2027-07-15,1065,USD,2
260001,2027-07-16,1581,USD,2
260001,2027-07-17,1581,USD,2
260001,2027-07-18,1065,USD,2
260001,2027-07-19,658,USD,2
260001,2027-07-20,658,USD,2
260001,2027-07-21,658,USD,2
260001,2027-07-22,1065,USD,2
260001,2027-07-23,1581,USD,2
260001,2027-07-24,1581,USD,2
260001,2027-07-25,1065,USD,2
260001,2027-07-26,658,USD,2
260001,2027-07-27,658,USD,2
260001,2027-07-28,658,USD,2
260001,2027-07-29,1065,USD,2
260001,2027-07-30,1581,USD,2
260001,2027-07-31,1581,USD,2
260001,2027-08-01,1065,USD,2
260001,2027-08-02,658,USD,2
260001,2027-08-03,658,USD,2
260001,2027-08-04,658,USD,2
260001,2027-08-05,1065,USD,2
260001,2027-08-06,1581,USD,2
260001,2027-08-07,1743,USD,2
260001,2027-08-08,1065,USD,2
260001,2027-08-09,658,USD,2
260001,2027-08-10,597,USD,2
260001,2027-08-11,597,USD,2
260001,2027-08-12,968,USD,2
260001,2027-08-13,1435,USD,2
260001,2027-08-14,1435,USD,2
260001,2027-08-15,968,USD,2
260001,2027-08-16,597,USD,2
260001,2027-08-17,597,USD,2
260001,2027-08-18,597,USD,2
260001,2027-08-19,968,USD,2
260001,2027-08-20,1435,USD,2
260001,2027-08-21,1435,USD,2
260001,2027-08-22,968,USD,2
260001,2027-08-23,597,USD,2
260001,2027-08-24,597,USD,2
260001,2027-08-25,597,USD,2
260001,2027-08-26,1019,USD,2
260001,2027-08-27,1511,USD,2
260001,2027-08-28,1511,USD,2
260001,2027-08-29,1019,USD,2
260001,2027-08-30,629,USD,2
260001,2027-08-31,629,USD,2
260001,2027-09-01,629,USD,2
260001,2027-09-02,900,USD,2
260001,2027-09-03,1274,USD,2
260001,2027-09-04,1274,USD,2
260001,2027-09-05,945,USD,2
260001,2027-09-06,692,USD,2
260001,2027-09-07,576,USD,2
260001,2027-09-08,576,USD,2
260001,2027-09-09,900,USD,2
260001,2027-09-10,1061,USD,2
260001,2027-09-11,1061,USD,2
260001,2027-09-12,900,USD,2
260001,2027-09-13,576,USD,2
260001,2027-09-14,576,USD,2
260001,2027-09-15,576,USD,2
260001,2027-09-16,900,USD,2
260001,2027-09-17,1061,USD,2
260001,2027-09-18,1061,USD,2
260001,2027-09-19,900,USD,2
260001,2027-09-20,576,USD,2
260001,2027-09-21,576,USD,2
260001,2027-09-22,576,USD,2
260001,2027-09-23,900,USD,2
260001,2027-09-24,1061,USD,2
260001,2027-09-25,1061,USD,2
260001,2027-09-26,900,USD,2
260001,2027-09-27,576,USD,2
260001,2027-09-28,576,USD,2
260001,2027-09-29,576,USD,2
260001,2027-09-30,900,USD,2
260001,2027-01-04,361,USD,2
260001,2027-01-05,361,USD,2
260001,2027-01-06,361,USD,2
260001,2027-01-01,529,USD,2
260001,2027-01-02,529,USD,2
260001,2027-01-07,294,USD,2
260001,2027-01-08,356,USD,2
260001,2027-01-09,356,USD,2
260001,2027-10-01,1061,USD,2
260001,2027-10-02,1061,USD,2
260001,2027-10-03,900,USD,2
260001,2027-10-04,576,USD,2
260001,2027-10-05,576,USD,2
260001,2027-10-06,576,USD,2
260001,2027-10-07,900,USD,2
260001,2027-10-08,1061,USD,2
260001,2027-10-09,1061,USD,2
260001,2027-10-10,900,USD,2
260001,2027-10-11,576,USD,2
260001,2027-10-12,576,USD,2
260001,2027-10-13,576,USD,2
260001,2027-10-14,900,USD,2
260001,2027-10-15,1061,USD,2
260001,2027-10-16,1061,USD,2
260001,2027-10-17,900,USD,2
260001,2027-10-18,576,USD,2
260001,2027-10-19,576,USD,2
260001,2027-10-20,576,USD,2
260001,2027-10-21,900,USD,2
260001,2027-10-22,1061,USD,2
260001,2027-10-23,1061,USD,2
260001,2027-10-24,900,USD,2
260001,2027-10-25,576,USD,2
260001,2027-10-26,576,USD,2
260001,2027-10-27,576,USD,2
260001,2027-10-28,900,USD,2
260001,2027-10-29,1061,USD,2
260001,2027-10-30,1061,USD,2
260001,2027-10-31,900,USD,2
260001,2027-11-01,369,USD,2
260001,2027-11-02,369,USD,2
260001,2027-11-03,369,USD,2
260001,2027-11-04,419,USD,2
260001,2027-11-05,499,USD,2
260001,2027-11-06,499,USD,2
260001,2027-11-07,419,USD,2
260001,2027-11-08,369,USD,2
260001,2027-11-09,369,USD,2
260001,2027-11-10,369,USD,2
260001,2027-11-11,419,USD,2
260001,2027-11-12,499,USD,2
260001,2027-11-13,499,USD,2
260001,2027-11-14,419,USD,2
260001,2027-11-15,369,USD,2
260001,2027-11-16,369,USD,2
260001,2027-11-17,369,USD,2
260001,2027-11-18,419,USD,2
260001,2027-11-19,499,USD,2
260001,2027-11-20,499,USD,2
260001,2027-11-21,419,USD,2
260001,2027-11-22,369,USD,2
260001,2027-11-23,369,USD,2
260001,2027-11-24,369,USD,2
260001,2027-11-25,712,USD,2
260001,2027-11-26,848,USD,2
260001,2027-11-27,848,USD,2
260001,2027-11-28,587,USD,2
260001,2027-11-29,329,USD,2
260001,2027-11-30,329,USD,2
260001,2027-12-01,329,USD,2
260001,2027-12-02,379,USD,2
260001,2027-12-03,449,USD,2
260001,2027-12-04,449,USD,2
260001,2027-12-05,379,USD,2
260001,2027-12-06,329,USD,2
260001,2027-12-07,329,USD,2
260001,2027-12-08,329,USD,2
260001,2027-12-09,379,USD,2
260001,2027-12-10,449,USD,2
260001,2027-12-11,449,USD,2
260001,2027-12-12,379,USD,2
260001,2027-12-13,329,USD,2
260001,2027-12-14,329,USD,2
260001,2027-12-15,329,USD,2
260001,2027-12-16,379,USD,2
260001,2027-12-17,674,USD,2
260001,2027-12-18,674,USD,2
260001,2027-12-19,569,USD,2
260001,2027-12-20,494,USD,2
260001,2027-12-21,494,USD,2
260001,2027-12-22,494,USD,2
260001,2027-12-23,569,USD,2
260001,2027-12-24,1572,USD,2
260001,2027-12-25,1572,USD,2
260001,2027-12-26,1572,USD,2
260001,2027-12-27,329,USD,2
260001,2027-12-28,329,USD,2
260001,2027-12-29,329,USD,2
260001,2027-12-30,1729,USD,2
260001,2027-12-31,1729,USD,2
260001,2028-01-01,1729,USD,2
260001,2028-01-02,864,USD,2
260001,2028-01-03,443,USD,2
260001,2028-01-04,443,USD,2
260001,2028-01-05,443,USD,2
260001,2028-01-06,503,USD,2
260001,2028-01-07,599,USD,2
260001,2028-01-08,599,USD,2
260001,2028-01-09,503,USD,2
260001,2026-10-02,480,USD,1
278502,2026-09-24,304,USD,1
278502,2026-09-25,463,USD,2
278502,2026-09-26,605,USD,2
278502,2026-09-27,322,USD,1
278502,2026-09-28,312,USD,1
278502,2026-09-29,312,USD,1
278502,2026-09-30,282,USD,1
278502,2026-10-01,320,USD,1
278502,2026-10-02,392,USD,2
278502,2026-10-03,431,USD,2
278502,2026-10-04,406,USD,1
278502,2026-10-05,210,USD,1
278502,2026-10-06,299,USD,2
278502,2026-10-07,299,USD,2
278502,2026-10-08,320,USD,1
278502,2026-10-09,438,USD,2
278502,2026-10-10,438,USD,2
278502,2026-10-11,508,USD,2
278502,2026-10-12,437,USD,2
278502,2026-10-13,240,USD,1
278502,2026-10-14,240,USD,1
278502,2026-10-15,320,USD,1
278502,2026-10-16,479,USD,2
278502,2026-10-17,479,USD,2
278502,2026-10-18,320,USD,1
278502,2026-10-19,240,USD,1
278502,2026-10-20,240,USD,1
278502,2026-10-21,240,USD,1
278502,2026-10-22,320,USD,1
278502,2026-10-23,683,USD,2
278502,2026-10-24,836,USD,2
278502,2026-10-25,320,USD,1
278502,2026-10-26,240,USD,1
278502,2026-10-27,240,USD,1
278502,2026-10-28,240,USD,1
278502,2026-10-29,320,USD,2
278502,2026-10-30,549,USD,2
278502,2026-10-31,549,USD,2
278502,2026-11-01,274,USD,2
278502,2026-11-02,228,USD,2
278502,2026-11-03,228,USD,2
278502,2026-11-04,228,USD,2
278502,2026-11-05,309,USD,2
278502,2026-11-06,494,USD,2
278502,2026-11-07,494,USD,2
278502,2026-11-08,273,USD,2
278502,2026-11-09,228,USD,2
278502,2026-11-10,228,USD,2
278502,2026-11-11,240,USD,2
278502,2026-11-12,277,USD,2
278502,2026-11-13,422,USD,2
278502,2026-11-14,422,USD,2
278502,2026-11-15,427,USD,2
278502,2026-11-16,274,USD,2
278502,2026-11-17,228,USD,2
278502,2026-11-18,228,USD,2
278502,2026-11-19,279,USD,2
278502,2026-11-20,449,USD,2
278502,2026-11-21,494,USD,2
278502,2026-11-22,279,USD,2
278502,2026-11-23,228,USD,2
278502,2026-11-24,228,USD,2
278502,2026-11-25,228,USD,2
278502,2026-11-26,481,USD,2
278502,2026-11-27,499,USD,2
278502,2026-11-28,499,USD,2
278502,2026-11-29,310,USD,2
278502,2026-11-30,228,USD,2
278502,2026-12-01,219,USD,2
278502,2026-12-02,219,USD,2
278502,2026-12-03,264,USD,2
278502,2026-12-04,381,USD,2
278502,2026-12-05,381,USD,2
278502,2026-12-06,264,USD,2
278502,2026-12-07,219,USD,2
278502,2026-12-08,219,USD,2
278502,2026-12-09,219,USD,2
278502,2026-12-10,264,USD,2
278502,2026-12-11,381,USD,2
278502,2026-12-12,381,USD,2
278502,2026-12-13,264,USD,2
278502,2026-12-14,219,USD,2
278502,2026-12-15,219,USD,2
278502,2026-12-16,219,USD,2
278502,2026-12-17,308,USD,2
278502,2026-12-18,415,USD,2
278502,2026-12-19,415,USD,2
278502,2026-12-20,308,USD,2
278502,2026-12-21,219,USD,2
278502,2026-12-22,219,USD,2
278502,2026-12-23,219,USD,2
278502,2026-12-24,475,USD,2
278502,2026-12-25,708,USD,2
278502,2026-12-26,708,USD,2
278502,2026-12-27,362,USD,2
278502,2026-12-28,290,USD,2
278502,2026-12-29,290,USD,2
278502,2026-12-30,844,USD,2
278502,2026-12-31,960,USD,2
278502,2027-01-03,301,USD,2
278502,2027-01-10,312,USD,2
278502,2027-01-11,263,USD,2
278502,2027-01-12,263,USD,2
278502,2027-01-13,263,USD,2
278502,2027-01-14,300,USD,2
278502,2027-01-15,426,USD,2
278502,2027-01-16,426,USD,2
278502,2027-01-17,361,USD,2
278502,2027-01-18,280,USD,2
278502,2027-01-19,263,USD,2
278502,2027-01-20,263,USD,2
278502,2027-01-21,298,USD,2
278502,2027-01-22,348,USD,2
278502,2027-01-23,348,USD,2
278502,2027-01-24,298,USD,2
278502,2027-01-25,263,USD,2
278502,2027-01-26,263,USD,2
278502,2027-01-27,263,USD,2
278502,2027-01-28,298,USD,2
278502,2027-01-29,348,USD,2
278502,2027-01-30,348,USD,2
278502,2027-01-31,298,USD,2
278502,2027-02-01,263,USD,2
278502,2027-02-02,263,USD,2
278502,2027-02-03,263,USD,2
278502,2027-02-04,298,USD,2
278502,2027-02-05,367,USD,2
278502,2027-02-06,367,USD,2
278502,2027-02-07,298,USD,2
278502,2027-02-08,263,USD,2
278502,2027-02-09,263,USD,2
278502,2027-02-10,263,USD,2
278502,2027-02-11,298,USD,2
278502,2027-02-12,560,USD,2
278502,2027-02-13,560,USD,2
278502,2027-02-14,475,USD,2
278502,2027-02-15,304,USD,2
278502,2027-02-16,263,USD,2
278502,2027-02-17,263,USD,2
278502,2027-02-18,298,USD,2
278502,2027-02-19,348,USD,2
278502,2027-02-20,348,USD,2
278502,2027-02-21,298,USD,2
278502,2027-02-22,263,USD,2
278502,2027-02-23,263,USD,2
278502,2027-02-24,263,USD,2
278502,2027-02-25,317,USD,2
278502,2027-02-26,348,USD,2
278502,2027-02-27,348,USD,2
278502,2027-02-28,317,USD,2
278502,2027-03-01,285,USD,2
278502,2027-03-02,285,USD,2
278502,2027-03-03,285,USD,2
278502,2027-03-04,342,USD,2
278502,2027-03-05,394,USD,2
278502,2027-03-06,394,USD,2
278502,2027-03-07,342,USD,2
278502,2027-03-08,285,USD,2
278502,2027-03-09,242,USD,2
278502,2027-03-10,242,USD,2
278502,2027-03-11,342,USD,2
278502,2027-03-12,473,USD,2
278502,2027-03-13,473,USD,2
278502,2027-03-14,342,USD,2
278502,2027-03-15,285,USD,2
278502,2027-03-16,285,USD,2
278502,2027-03-17,285,USD,2
278502,2027-03-18,342,USD,2
278502,2027-03-19,473,USD,2
278502,2027-03-20,473,USD,2
278502,2027-03-21,342,USD,2
278502,2027-03-22,285,USD,2
278502,2027-03-23,285,USD,2
278502,2027-03-24,285,USD,2
278502,2027-03-25,342,USD,2
278502,2027-03-26,533,USD,2
278502,2027-03-27,533,USD,2
278502,2027-03-28,452,USD,2
278502,2027-03-29,376,USD,2
278502,2027-03-30,376,USD,2
278502,2027-03-31,376,USD,2
278502,2027-04-01,583,USD,2
278502,2027-04-02,724,USD,2
278502,2027-04-03,724,USD,2
278502,2027-04-04,583,USD,2
278502,2027-04-05,478,USD,2
278502,2027-04-06,478,USD,2
278502,2027-04-07,478,USD,2
278502,2027-04-08,452,USD,2
278502,2027-04-09,564,USD,2
278502,2027-04-10,564,USD,2
278502,2027-04-11,452,USD,2
278502,2027-04-12,263,USD,2
278502,2027-04-13,263,USD,2
278502,2027-04-14,263,USD,2
278502,2027-04-15,305,USD,2
278502,2027-04-16,382,USD,2
278502,2027-04-17,382,USD,2
278502,2027-04-18,305,USD,2
278502,2027-04-19,263,USD,2
278502,2027-04-20,263,USD,2
278502,2027-04-21,263,USD,2
278502,2027-04-22,305,USD,2
278502,2027-04-23,382,USD,2
278502,2027-04-24,382,USD,2
278502,2027-04-25,305,USD,2
278502,2027-04-26,263,USD,2
278502,2027-04-27,263,USD,2
278502,2027-04-28,263,USD,2
278502,2027-04-29,305,USD,2
278502,2027-04-30,382,USD,2
278502,2027-05-01,382,USD,2
278502,2027-05-02,305,USD,2
278502,2027-05-03,263,USD,2
278502,2027-05-04,263,USD,2
278502,2027-05-05,263,USD,2
278502,2027-05-06,536,USD,2
278502,2027-05-07,648,USD,2
278502,2027-05-08,648,USD,2
278502,2027-05-09,541,USD,2
278502,2027-05-10,295,USD,2
278502,2027-05-11,278,USD,2
278502,2027-05-12,278,USD,2
278502,2027-05-13,492,USD,2
278502,2027-05-14,590,USD,2
278502,2027-05-15,590,USD,2
278502,2027-05-16,529,USD,2
278502,2027-05-17,305,USD,2
278502,2027-05-18,308,USD,2
278502,2027-05-19,312,USD,2
278502,2027-05-20,539,USD,2
278502,2027-05-21,649,USD,2
278502,2027-05-22,649,USD,2
278502,2027-05-23,543,USD,2
278502,2027-05-24,318,USD,2
278502,2027-05-25,318,USD,2
278502,2027-05-26,323,USD,2
278502,2027-05-27,623,USD,2
278502,2027-05-28,979,USD,2
278502,2027-05-29,987,USD,2
278502,2027-05-30,700,USD,2
278502,2027-05-31,452,USD,2
278502,2027-06-01,342,USD,2
278502,2027-06-02,323,USD,2
278502,2027-06-03,558,USD,2
278502,2027-06-04,665,USD,2
278502,2027-06-05,667,USD,2
278502,2027-06-06,565,USD,2
278502,2027-06-07,334,USD,2
278502,2027-06-08,340,USD,2
278502,2027-06-09,342,USD,2
278502,2027-06-10,575,USD,2
278502,2027-06-11,685,USD,2
278502,2027-06-12,685,USD,2
278502,2027-06-13,879,USD,2
278502,2027-06-14,588,USD,2
278502,2027-06-15,624,USD,2
278502,2027-06-16,628,USD,2
278502,2027-06-17,594,USD,2
278502,2027-06-18,703,USD,2
278502,2027-06-19,706,USD,2
278502,2027-06-20,521,USD,2
278502,2027-06-21,313,USD,2
278502,2027-06-22,331,USD,2
278502,2027-06-23,318,USD,2
278502,2027-06-24,608,USD,2
278502,2027-06-25,765,USD,2
278502,2027-06-26,808,USD,2
278502,2027-06-27,688,USD,2
278502,2027-06-28,418,USD,2
278502,2027-06-29,419,USD,2
278502,2027-06-30,421,USD,2
278502,2027-07-01,634,USD,2
278502,2027-07-02,1269,USD,2
278502,2027-07-03,1272,USD,2
278502,2027-07-04,709,USD,2
278502,2027-07-05,478,USD,2
278502,2027-07-06,481,USD,2
278502,2027-07-07,484,USD,2
278502,2027-07-08,770,USD,2
278502,2027-07-09,1181,USD,2
278502,2027-07-10,1186,USD,2
278502,2027-07-11,779,USD,2
278502,2027-07-12,494,USD,2
278502,2027-07-13,496,USD,2
278502,2027-07-14,524,USD,2
278502,2027-07-15,787,USD,2
278502,2027-07-16,1200,USD,2
278502,2027-07-17,1200,USD,2
278502,2027-07-18,787,USD,2
278502,2027-07-19,499,USD,2
278502,2027-07-20,499,USD,2
278502,2027-07-21,499,USD,2
278502,2027-07-22,787,USD,2
278502,2027-07-23,1200,USD,2
278502,2027-07-24,1200,USD,2
278502,2027-07-25,787,USD,2
278502,2027-07-26,499,USD,2
278502,2027-07-27,499,USD,2
278502,2027-07-28,499,USD,2
278502,2027-07-29,787,USD,2
278502,2027-07-30,1200,USD,2
278502,2027-07-31,1200,USD,2
278502,2027-08-01,787,USD,2
278502,2027-08-02,499,USD,2
278502,2027-08-03,499,USD,2
278502,2027-08-04,499,USD,2
278502,2027-08-05,787,USD,2
278502,2027-08-06,1200,USD,2
278502,2027-08-07,1323,USD,2
278502,2027-08-08,787,USD,2
278502,2027-08-09,499,USD,2
278502,2027-08-10,454,USD,2
278502,2027-08-11,454,USD,2
278502,2027-08-12,715,USD,2
278502,2027-08-13,1089,USD,2
278502,2027-08-14,1089,USD,2
278502,2027-08-15,715,USD,2
278502,2027-08-16,454,USD,2
278502,2027-08-17,454,USD,2
278502,2027-08-18,454,USD,2
278502,2027-08-19,715,USD,2
278502,2027-08-20,1089,USD,2
278502,2027-08-21,1089,USD,2
278502,2027-08-22,715,USD,2
278502,2027-08-23,454,USD,2
278502,2027-08-24,454,USD,2
278502,2027-08-25,454,USD,2
278502,2027-08-26,753,USD,2
278502,2027-08-27,1147,USD,2
278502,2027-08-28,1147,USD,2
278502,2027-08-29,753,USD,2
278502,2027-08-30,478,USD,2
278502,2027-08-31,478,USD,2
278502,2027-09-01,478,USD,2
278502,2027-09-02,641,USD,2
278502,2027-09-03,903,USD,2
278502,2027-09-04,903,USD,2
278502,2027-09-05,673,USD,2
278502,2027-09-06,472,USD,2
278502,2027-09-07,393,USD,2
278502,2027-09-08,393,USD,2
278502,2027-09-09,641,USD,2
278502,2027-09-10,752,USD,2
278502,2027-09-11,752,USD,2
278502,2027-09-12,641,USD,2
278502,2027-09-13,393,USD,2
278502,2027-09-14,393,USD,2
278502,2027-09-15,393,USD,2
278502,2027-09-16,641,USD,2
278502,2027-09-17,752,USD,2
278502,2027-09-18,752,USD,2
278502,2027-09-19,641,USD,2
278502,2027-09-20,393,USD,2
278502,2027-09-21,393,USD,2
278502,2027-09-22,393,USD,2
278502,2027-09-23,641,USD,2
278502,2027-09-24,752,USD,2
278502,2027-09-25,752,USD,2
278502,2027-09-26,641,USD,2
278502,2027-09-27,393,USD,2
278502,2027-09-28,393,USD,2
278502,2027-09-29,393,USD,2
278502,2027-09-30,641,USD,2
278502,2027-01-04,263,USD,2
278502,2027-01-05,263,USD,2
278502,2027-01-06,263,USD,2
278502,2027-01-07,312,USD,2
278502,2027-01-08,374,USD,2
278502,2027-01-09,374,USD,2
278502,2027-01-01,480,USD,2
278502,2027-01-02,480,USD,2
278502,2027-10-01,752,USD,2
278502,2027-10-02,752,USD,2
278502,2027-10-03,641,USD,2
278502,2027-10-04,393,USD,2
278502,2027-10-05,393,USD,2
278502,2027-10-06,393,USD,2
278502,2027-10-07,641,USD,2
278502,2027-10-08,752,USD,2
278502,2027-10-09,752,USD,2
278502,2027-10-10,641,USD,2
278502,2027-10-11,393,USD,2
278502,2027-10-12,393,USD,2
278502,2027-10-13,393,USD,2
278502,2027-10-14,641,USD,2
278502,2027-10-15,752,USD,2
278502,2027-10-16,752,USD,2
278502,2027-10-17,641,USD,2
278502,2027-10-18,393,USD,2
278502,2027-10-19,393,USD,2
278502,2027-10-20,393,USD,2
278502,2027-10-21,641,USD,2
278502,2027-10-22,752,USD,2
278502,2027-10-23,752,USD,2
278502,2027-10-24,641,USD,2
278502,2027-10-25,393,USD,2
278502,2027-10-26,393,USD,2
278502,2027-10-27,393,USD,2
278502,2027-10-28,641,USD,2
278502,2027-10-29,752,USD,2
278502,2027-10-30,752,USD,2
278502,2027-10-31,641,USD,2
278502,2027-11-01,280,USD,2
278502,2027-11-02,280,USD,2
278502,2027-11-03,280,USD,2
278502,2027-11-04,349,USD,2
278502,2027-11-05,404,USD,2
278502,2027-11-06,404,USD,2
278502,2027-11-07,349,USD,2
278502,2027-11-08,280,USD,2
278502,2027-11-09,280,USD,2
278502,2027-11-10,280,USD,2
278502,2027-11-11,349,USD,2
278502,2027-11-12,404,USD,2
278502,2027-11-13,404,USD,2
278502,2027-11-14,349,USD,2
278502,2027-11-15,280,USD,2
278502,2027-11-16,280,USD,2
278502,2027-11-17,280,USD,2
278502,2027-11-18,349,USD,2
278502,2027-11-19,404,USD,2
278502,2027-11-20,404,USD,2
278502,2027-11-21,349,USD,2
278502,2027-11-22,280,USD,2
278502,2027-11-23,280,USD,2
278502,2027-11-24,280,USD,2
278502,2027-11-25,593,USD,2
278502,2027-11-26,687,USD,2
278502,2027-11-27,687,USD,2
278502,2027-11-28,489,USD,2
278502,2027-11-29,244,USD,2
278502,2027-11-30,244,USD,2
278502,2027-12-01,244,USD,2
278502,2027-12-02,279,USD,2
278502,2027-12-03,303,USD,2
278502,2027-12-04,303,USD,2
278502,2027-12-05,279,USD,2
278502,2027-12-06,244,USD,2
278502,2027-12-07,244,USD,2
278502,2027-12-08,244,USD,2
278502,2027-12-09,279,USD,2
278502,2027-12-10,303,USD,2
278502,2027-12-11,303,USD,2
278502,2027-12-12,279,USD,2
278502,2027-12-13,244,USD,2
278502,2027-12-14,244,USD,2
278502,2027-12-15,244,USD,2
278502,2027-12-16,279,USD,2
278502,2027-12-17,455,USD,2
278502,2027-12-18,455,USD,2
278502,2027-12-19,419,USD,2
278502,2027-12-20,366,USD,2
278502,2027-12-21,366,USD,2
278502,2027-12-22,366,USD,2
278502,2027-12-23,419,USD,2
278502,2027-12-24,1061,USD,2
278502,2027-12-25,1061,USD,2
278502,2027-12-26,1061,USD,2
278502,2027-12-27,244,USD,2
278502,2027-12-28,244,USD,2
278502,2027-12-29,244,USD,2
278502,2027-12-30,1167,USD,2
278502,2027-12-31,1167,USD,2
278502,2028-01-01,1167,USD,2
278502,2028-01-02,583,USD,2
278502,2028-01-03,336,USD,2
278502,2028-01-04,336,USD,2
278502,2028-01-05,336,USD,2
278502,2028-01-06,419,USD,2
278502,2028-01-07,485,USD,2
278502,2028-01-08,485,USD,2
278502,2028-01-09,419,USD,2
345316,2026-09-24,439,USD,2
345316,2026-09-25,659,USD,2
345316,2026-09-26,659,USD,2
345316,2026-09-27,439,USD,2
345316,2026-09-28,381,USD,2
345316,2026-09-29,381,USD,2
345316,2026-09-30,346,USD,2
345316,2026-10-01,303,USD,1
345316,2026-10-02,584,USD,2
345316,2026-10-03,584,USD,2
345316,2026-10-04,378,USD,2
345316,2026-10-05,315,USD,2
345316,2026-10-06,315,USD,2
345316,2026-10-07,315,USD,2
345316,2026-10-08,397,USD,2
345316,2026-10-09,717,USD,2
345316,2026-10-10,717,USD,2
345316,2026-10-11,387,USD,2
345316,2026-10-12,315,USD,2
345316,2026-10-13,315,USD,2
345316,2026-10-14,360,USD,1
345316,2026-10-15,480,USD,1
345316,2026-10-16,584,USD,2
345316,2026-10-17,584,USD,2
345316,2026-10-18,467,USD,2
345316,2026-10-19,415,USD,2
345316,2026-10-20,360,USD,1
345316,2026-10-21,315,USD,2
345316,2026-10-22,387,USD,2
345316,2026-10-23,704,USD,2
345316,2026-10-24,856,USD,2
345316,2026-10-25,480,USD,1
345316,2026-10-26,360,USD,1
345316,2026-10-27,360,USD,1
345316,2026-10-28,360,USD,1
345316,2026-10-29,480,USD,1
345316,2026-10-30,593,USD,2
345316,2026-10-31,593,USD,2
345316,2026-11-01,361,USD,2
345316,2026-11-02,328,USD,2
345316,2026-11-03,328,USD,2
345316,2026-11-04,328,USD,2
345316,2026-11-05,325,USD,2
345316,2026-11-06,665,USD,2
345316,2026-11-07,665,USD,2
345316,2026-11-08,325,USD,2
345316,2026-11-09,328,USD,2
345316,2026-11-10,328,USD,2
345316,2026-11-11,328,USD,2
345316,2026-11-12,380,USD,2
345316,2026-11-13,760,USD,2
345316,2026-11-14,518,USD,2
345316,2026-11-15,338,USD,2
345316,2026-11-16,370,USD,2
345316,2026-11-17,328,USD,2
345316,2026-11-18,328,USD,2
345316,2026-11-19,325,USD,2
345316,2026-11-20,494,USD,2
345316,2026-11-21,518,USD,2
345316,2026-11-22,341,USD,2
345316,2026-11-23,328,USD,2
345316,2026-11-24,328,USD,2
345316,2026-11-25,328,USD,2
345316,2026-11-26,519,USD,2
345316,2026-11-27,578,USD,2
345316,2026-11-28,578,USD,2
345316,2026-11-29,361,USD,2
345316,2026-11-30,328,USD,2
345316,2026-12-01,328,USD,2
345316,2026-12-02,328,USD,2
345316,2026-12-03,315,USD,2
345316,2026-12-04,460,USD,2
345316,2026-12-05,460,USD,2
345316,2026-12-06,361,USD,2
345316,2026-12-07,328,USD,2
345316,2026-12-08,328,USD,2
345316,2026-12-09,328,USD,2
345316,2026-12-10,361,USD,2
345316,2026-12-11,460,USD,2
345316,2026-12-12,460,USD,2
345316,2026-12-13,361,USD,2
345316,2026-12-14,328,USD,2
345316,2026-12-15,328,USD,2
345316,2026-12-16,328,USD,2
345316,2026-12-17,361,USD,2
345316,2026-12-18,488,USD,2
345316,2026-12-19,488,USD,2
345316,2026-12-20,361,USD,2
345316,2026-12-21,328,USD,2
345316,2026-12-22,328,USD,2
345316,2026-12-23,328,USD,2
345316,2026-12-24,562,USD,2
345316,2026-12-25,824,USD,2
345316,2026-12-26,824,USD,2
345316,2026-12-27,434,USD,2
345316,2026-12-28,335,USD,2
345316,2026-12-29,335,USD,2
345316,2026-12-30,941,USD,2
345316,2026-12-31,1126,USD,2
345316,2027-01-03,433,USD,2
345316,2027-01-10,516,USD,2
345316,2027-01-11,394,USD,2
345316,2027-01-12,394,USD,2
345316,2027-01-13,394,USD,2
345316,2027-01-14,436,USD,2
345316,2027-01-15,779,USD,2
345316,2027-01-16,779,USD,2
345316,2027-01-17,603,USD,2
345316,2027-01-18,458,USD,2
345316,2027-01-19,394,USD,2
345316,2027-01-20,394,USD,2
345316,2027-01-21,433,USD,2
345316,2027-01-22,574,USD,2
345316,2027-01-23,574,USD,2
345316,2027-01-24,433,USD,2
345316,2027-01-25,394,USD,2
345316,2027-01-26,394,USD,2
345316,2027-01-27,394,USD,2
345316,2027-01-28,433,USD,2
345316,2027-01-29,574,USD,2
345316,2027-01-30,574,USD,2
345316,2027-01-31,433,USD,2
345316,2027-02-01,394,USD,2
345316,2027-02-02,394,USD,2
345316,2027-02-03,394,USD,2
345316,2027-02-04,433,USD,2
345316,2027-02-05,574,USD,2
345316,2027-02-06,574,USD,2
345316,2027-02-07,433,USD,2
345316,2027-02-08,394,USD,2
345316,2027-02-09,394,USD,2
345316,2027-02-10,394,USD,2
345316,2027-02-11,433,USD,2
345316,2027-02-12,1007,USD,2
345316,2027-02-13,1007,USD,2
345316,2027-02-14,787,USD,2
345316,2027-02-15,492,USD,2
345316,2027-02-16,394,USD,2
345316,2027-02-17,394,USD,2
345316,2027-02-18,433,USD,2
345316,2027-02-19,574,USD,2
345316,2027-02-20,574,USD,2
345316,2027-02-21,433,USD,2
345316,2027-02-22,394,USD,2
345316,2027-02-23,394,USD,2
345316,2027-02-24,394,USD,2
345316,2027-02-25,433,USD,2
345316,2027-02-26,574,USD,2
345316,2027-02-27,574,USD,2
345316,2027-02-28,433,USD,2
345316,2027-03-01,459,USD,2
345316,2027-03-02,459,USD,2
345316,2027-03-03,459,USD,2
345316,2027-03-04,680,USD,2
345316,2027-03-05,861,USD,2
345316,2027-03-06,861,USD,2
345316,2027-03-07,680,USD,2
345316,2027-03-08,459,USD,2
345316,2027-03-09,459,USD,2
345316,2027-03-10,459,USD,2
345316,2027-03-11,680,USD,2
345316,2027-03-12,1033,USD,2
345316,2027-03-13,1033,USD,2
345316,2027-03-14,680,USD,2
345316,2027-03-15,459,USD,2
345316,2027-03-16,459,USD,2
345316,2027-03-17,459,USD,2
345316,2027-03-18,680,USD,2
345316,2027-03-19,1033,USD,2
345316,2027-03-20,1033,USD,2
345316,2027-03-21,680,USD,2
345316,2027-03-22,459,USD,2
345316,2027-03-23,459,USD,2
345316,2027-03-24,459,USD,2
345316,2027-03-25,680,USD,2
345316,2027-03-26,1235,USD,2
345316,2027-03-27,1235,USD,2
345316,2027-03-28,985,USD,2
345316,2027-03-29,675,USD,2
345316,2027-03-30,675,USD,2
345316,2027-03-31,675,USD,2
345316,2027-04-01,1349,USD,2
345316,2027-04-02,1677,USD,2
345316,2027-04-03,1030,USD,2
345316,2027-04-04,865,USD,2
345316,2027-04-05,582,USD,2
345316,2027-04-06,582,USD,2
345316,2027-04-07,582,USD,2
345316,2027-04-08,1059,USD,2
345316,2027-04-09,1326,USD,2
345316,2027-04-10,1326,USD,2
345316,2027-04-11,1059,USD,2
345316,2027-04-12,483,USD,2
345316,2027-04-13,483,USD,2
345316,2027-04-14,483,USD,2
345316,2027-04-15,740,USD,2
345316,2027-04-16,924,USD,2
345316,2027-04-17,924,USD,2
345316,2027-04-18,740,USD,2
345316,2027-04-19,483,USD,2
345316,2027-04-20,483,USD,2
345316,2027-04-21,483,USD,2
345316,2027-04-22,740,USD,2
345316,2027-04-23,924,USD,2
345316,2027-04-24,924,USD,2
345316,2027-04-25,740,USD,2
345316,2027-04-26,483,USD,2
345316,2027-04-27,483,USD,2
345316,2027-04-28,483,USD,2
345316,2027-04-29,740,USD,2
345316,2027-04-30,924,USD,2
345316,2027-05-01,924,USD,2
345316,2027-05-02,740,USD,2
345316,2027-05-03,532,USD,2
345316,2027-05-04,532,USD,2
345316,2027-05-05,532,USD,2
345316,2027-05-06,990,USD,2
345316,2027-05-07,1301,USD,2
345316,2027-05-08,1301,USD,2
345316,2027-05-09,812,USD,2
345316,2027-05-10,505,USD,2
345316,2027-05-11,484,USD,2
345316,2027-05-12,644,USD,2
345316,2027-05-13,910,USD,2
345316,2027-05-14,1200,USD,2
345316,2027-05-15,1201,USD,2
345316,2027-05-16,975,USD,2
345316,2027-05-17,533,USD,2
345316,2027-05-18,535,USD,2
345316,2027-05-19,542,USD,2
345316,2027-05-20,987,USD,2
345316,2027-05-21,1301,USD,2
345316,2027-05-22,1301,USD,2
345316,2027-05-23,997,USD,2
345316,2027-05-24,716,USD,2
345316,2027-05-25,720,USD,2
345316,2027-05-26,720,USD,2
345316,2027-05-27,1127,USD,2
345316,2027-05-28,1938,USD,2
345316,2027-05-29,1944,USD,2
345316,2027-05-30,1261,USD,2
345316,2027-05-31,998,USD,2
345316,2027-06-01,760,USD,2
345316,2027-06-02,731,USD,2
345316,2027-06-03,1010,USD,2
345316,2027-06-04,1320,USD,2
345316,2027-06-05,1320,USD,2
345316,2027-06-06,1024,USD,2
345316,2027-06-07,674,USD,2
345316,2027-06-08,678,USD,2
345316,2027-06-09,682,USD,2
345316,2027-06-10,1039,USD,2
345316,2027-06-11,1350,USD,2
345316,2027-06-12,1353,USD,2
345316,2027-06-13,931,USD,2
345316,2027-06-14,622,USD,2
345316,2027-06-15,658,USD,2
345316,2027-06-16,659,USD,2
345316,2027-06-17,1060,USD,2
345316,2027-06-18,1383,USD,2
345316,2027-06-19,1387,USD,2
345316,2027-06-20,1072,USD,2
345316,2027-06-21,713,USD,2
345316,2027-06-22,756,USD,2
345316,2027-06-23,718,USD,2
345316,2027-06-24,1089,USD,2
345316,2027-06-25,1494,USD,2
345316,2027-06-26,1577,USD,2
345316,2027-06-27,1221,USD,2
345316,2027-06-28,816,USD,2
345316,2027-06-29,818,USD,2
345316,2027-06-30,823,USD,2
345316,2027-07-01,1126,USD,2
345316,2027-07-02,2356,USD,2
345316,2027-07-03,2486,USD,2
345316,2027-07-04,1316,USD,2
345316,2027-07-05,792,USD,2
345316,2027-07-06,796,USD,2
345316,2027-07-07,799,USD,2
345316,2027-07-08,1252,USD,2
345316,2027-07-09,2184,USD,2
345316,2027-07-10,2190,USD,2
345316,2027-07-11,1264,USD,2
345316,2027-07-12,814,USD,2
345316,2027-07-13,818,USD,2
345316,2027-07-14,862,USD,2
345316,2027-07-15,1277,USD,2
345316,2027-07-16,2217,USD,2
345316,2027-07-17,2217,USD,2
345316,2027-07-18,1277,USD,2
345316,2027-07-19,821,USD,2
345316,2027-07-20,821,USD,2
345316,2027-07-21,821,USD,2
345316,2027-07-22,1277,USD,2
345316,2027-07-23,2217,USD,2
345316,2027-07-24,2217,USD,2
345316,2027-07-25,1277,USD,2
345316,2027-07-26,821,USD,2
345316,2027-07-27,821,USD,2
345316,2027-07-28,821,USD,2
345316,2027-07-29,1277,USD,2
345316,2027-07-30,2217,USD,2
345316,2027-07-31,2217,USD,2
345316,2027-08-01,1277,USD,2
345316,2027-08-02,821,USD,2
345316,2027-08-03,821,USD,2
345316,2027-08-04,821,USD,2
345316,2027-08-05,1277,USD,2
345316,2027-08-06,2217,USD,2
345316,2027-08-07,2217,USD,2
345316,2027-08-08,1277,USD,2
345316,2027-08-09,745,USD,2
345316,2027-08-10,745,USD,2
345316,2027-08-11,745,USD,2
345316,2027-08-12,1159,USD,2
345316,2027-08-13,2012,USD,2
345316,2027-08-14,2012,USD,2
345316,2027-08-15,1159,USD,2
345316,2027-08-16,745,USD,2
345316,2027-08-17,745,USD,2
345316,2027-08-18,745,USD,2
345316,2027-08-19,1159,USD,2
345316,2027-08-20,2012,USD,2
345316,2027-08-21,2012,USD,2
345316,2027-08-22,1159,USD,2
345316,2027-08-23,745,USD,2
345316,2027-08-24,745,USD,2
345316,2027-08-25,745,USD,2
345316,2027-08-26,1220,USD,2
345316,2027-08-27,2118,USD,2
345316,2027-08-28,2118,USD,2
345316,2027-08-29,1220,USD,2
345316,2027-08-30,785,USD,2
345316,2027-08-31,785,USD,2
345316,2027-09-01,785,USD,2
345316,2027-09-02,1123,USD,2
345316,2027-09-03,1738,USD,2
345316,2027-09-04,1738,USD,2
345316,2027-09-05,1179,USD,2
345316,2027-09-06,903,USD,2
345316,2027-09-07,752,USD,2
345316,2027-09-08,752,USD,2
345316,2027-09-09,1123,USD,2
345316,2027-09-10,1448,USD,2
345316,2027-09-11,1448,USD,2
345316,2027-09-12,1123,USD,2
345316,2027-09-13,752,USD,2
345316,2027-09-14,752,USD,2
345316,2027-09-15,752,USD,2
345316,2027-09-16,1123,USD,2
345316,2027-09-17,1448,USD,2
345316,2027-09-18,1448,USD,2
345316,2027-09-19,1123,USD,2
345316,2027-09-20,752,USD,2
345316,2027-09-21,752,USD,2
345316,2027-09-22,752,USD,2
345316,2027-09-23,1123,USD,2
345316,2027-09-24,1448,USD,2
345316,2027-09-25,1448,USD,2
345316,2027-09-26,1123,USD,2
345316,2027-09-27,752,USD,2
345316,2027-09-28,752,USD,2
345316,2027-09-29,752,USD,2
345316,2027-09-30,1123,USD,2
345316,2027-01-04,394,USD,2
345316,2027-01-05,394,USD,2
345316,2027-01-01,604,USD,2
345316,2027-01-02,604,USD,2
345316,2027-01-06,315,USD,2
345316,2027-01-07,371,USD,2
345316,2027-01-08,456,USD,2
345316,2027-01-09,456,USD,2
345316,2027-10-01,1448,USD,2
345316,2027-10-02,1448,USD,2
345316,2027-10-03,1123,USD,2
345316,2027-10-04,752,USD,2
345316,2027-10-05,752,USD,2
345316,2027-10-06,752,USD,2
345316,2027-10-07,1123,USD,2
345316,2027-10-08,1448,USD,2
345316,2027-10-09,1448,USD,2
345316,2027-10-10,1123,USD,2
345316,2027-10-11,752,USD,2
345316,2027-10-12,752,USD,2
345316,2027-10-13,752,USD,2
345316,2027-10-14,1123,USD,2
345316,2027-10-15,1448,USD,2
345316,2027-10-16,1448,USD,2
345316,2027-10-17,1123,USD,2
345316,2027-10-18,752,USD,2
345316,2027-10-19,752,USD,2
345316,2027-10-20,752,USD,2
345316,2027-10-21,1123,USD,2
345316,2027-10-22,1448,USD,2
345316,2027-10-23,1448,USD,2
345316,2027-10-24,1123,USD,2
345316,2027-10-25,752,USD,2
345316,2027-10-26,752,USD,2
345316,2027-10-27,752,USD,2
345316,2027-10-28,1123,USD,2
345316,2027-10-29,1448,USD,2
345316,2027-10-30,1448,USD,2
345316,2027-10-31,1123,USD,2
345316,2027-11-01,430,USD,2
345316,2027-11-02,430,USD,2
345316,2027-11-03,430,USD,2
345316,2027-11-04,543,USD,2
345316,2027-11-05,684,USD,2
345316,2027-11-06,684,USD,2
345316,2027-11-07,543,USD,2
345316,2027-11-08,430,USD,2
345316,2027-11-09,430,USD,2
345316,2027-11-10,430,USD,2
345316,2027-11-11,543,USD,2
345316,2027-11-12,684,USD,2
345316,2027-11-13,684,USD,2
345316,2027-11-14,543,USD,2
345316,2027-11-15,430,USD,2
345316,2027-11-16,430,USD,2
345316,2027-11-17,430,USD,2
345316,2027-11-18,543,USD,2
345316,2027-11-19,684,USD,2
345316,2027-11-20,684,USD,2
345316,2027-11-21,543,USD,2
345316,2027-11-22,430,USD,2
345316,2027-11-23,430,USD,2
345316,2027-11-24,430,USD,2
345316,2027-11-25,924,USD,2
345316,2027-11-26,1164,USD,2
345316,2027-11-27,1164,USD,2
345316,2027-11-28,761,USD,2
345316,2027-11-29,373,USD,2
345316,2027-11-30,373,USD,2
345316,2027-12-01,373,USD,2
345316,2027-12-02,455,USD,2
345316,2027-12-03,660,USD,2
345316,2027-12-04,660,USD,2
345316,2027-12-05,455,USD,2
345316,2027-12-06,373,USD,2
345316,2027-12-07,373,USD,2
345316,2027-12-08,373,USD,2
345316,2027-12-09,455,USD,2
345316,2027-12-10,660,USD,2
345316,2027-12-11,660,USD,2
345316,2027-12-12,455,USD,2
345316,2027-12-13,373,USD,2
345316,2027-12-14,373,USD,2
345316,2027-12-15,373,USD,2
345316,2027-12-16,455,USD,2
345316,2027-12-17,990,USD,2
345316,2027-12-18,990,USD,2
345316,2027-12-19,683,USD,2
345316,2027-12-20,560,USD,2
345316,2027-12-21,560,USD,2
345316,2027-12-22,560,USD,2
345316,2027-12-23,683,USD,2
345316,2027-12-24,2310,USD,2
345316,2027-12-25,2310,USD,2
345316,2027-12-26,2210,USD,2
345316,2027-12-27,373,USD,2
345316,2027-12-28,373,USD,2
345316,2027-12-29,373,USD,2
345316,2027-12-30,2431,USD,2
345316,2027-12-31,2542,USD,2
345316,2028-01-01,2542,USD,2
345316,2028-01-02,1216,USD,2
345316,2028-01-03,516,USD,2
345316,2028-01-04,516,USD,2
345316,2028-01-05,516,USD,2
345316,2028-01-06,652,USD,2
345316,2028-01-07,821,USD,2
345316,2028-01-08,821,USD,2
345316,2028-01-09,652,USD,2
366176,2026-09-24,387,USD,2
366176,2026-09-25,590,USD,2
366176,2026-09-26,641,USD,2
366176,2026-09-27,416,USD,2
366176,2026-09-28,262,USD,1
366176,2026-09-29,250,USD,1
366176,2026-09-30,250,USD,1
366176,2026-10-01,400,USD,1
366176,2026-10-02,519,USD,2
366176,2026-10-03,519,USD,2
366176,2026-10-04,253,USD,1
366176,2026-10-05,300,USD,1
366176,2026-10-06,300,USD,1
366176,2026-10-07,300,USD,1
366176,2026-10-08,438,USD,1
366176,2026-10-09,507,USD,2
366176,2026-10-10,389,USD,2
366176,2026-10-11,289,USD,2
366176,2026-10-12,314,USD,2
366176,2026-10-13,414,USD,2
366176,2026-10-14,414,USD,2
366176,2026-10-15,382,USD,2
366176,2026-10-16,564,USD,2
366176,2026-10-17,564,USD,2
366176,2026-10-18,346,USD,2
366176,2026-10-19,327,USD,2
366176,2026-10-20,314,USD,2
366176,2026-10-21,314,USD,2
366176,2026-10-22,332,USD,2
366176,2026-10-23,578,USD,2
366176,2026-10-24,702,USD,2
366176,2026-10-25,475,USD,2
366176,2026-10-26,411,USD,2
366176,2026-10-27,411,USD,2
366176,2026-10-28,309,USD,2
366176,2026-10-29,400,USD,2
366176,2026-10-30,513,USD,2
366176,2026-10-31,513,USD,2
366176,2026-11-01,301,USD,2
366176,2026-11-02,273,USD,2
366176,2026-11-03,273,USD,2
366176,2026-11-04,288,USD,2
366176,2026-11-05,332,USD,2
366176,2026-11-06,490,USD,2
366176,2026-11-07,490,USD,2
366176,2026-11-08,271,USD,2
366176,2026-11-09,273,USD,2
366176,2026-11-10,273,USD,2
366176,2026-11-11,273,USD,2
366176,2026-11-12,310,USD,2
366176,2026-11-13,575,USD,2
366176,2026-11-14,575,USD,2
366176,2026-11-15,363,USD,2
366176,2026-11-16,306,USD,2
366176,2026-11-17,273,USD,2
366176,2026-11-18,273,USD,2
366176,2026-11-19,271,USD,2
366176,2026-11-20,391,USD,2
366176,2026-11-21,391,USD,2
366176,2026-11-22,271,USD,2
366176,2026-11-23,273,USD,2
366176,2026-11-24,273,USD,2
366176,2026-11-25,273,USD,2
366176,2026-11-26,400,USD,2
366176,2026-11-27,414,USD,2
366176,2026-11-28,414,USD,2
366176,2026-11-29,301,USD,2
366176,2026-11-30,273,USD,2
366176,2026-12-01,273,USD,2
366176,2026-12-02,273,USD,2
366176,2026-12-03,301,USD,2
366176,2026-12-04,366,USD,2
366176,2026-12-05,366,USD,2
366176,2026-12-06,301,USD,2
366176,2026-12-07,273,USD,2
366176,2026-12-08,273,USD,2
366176,2026-12-09,273,USD,2
366176,2026-12-10,301,USD,2
366176,2026-12-11,366,USD,2
366176,2026-12-12,366,USD,2
366176,2026-12-13,301,USD,2
366176,2026-12-14,273,USD,2
366176,2026-12-15,273,USD,2
366176,2026-12-16,273,USD,2
366176,2026-12-17,301,USD,2
366176,2026-12-18,368,USD,2
366176,2026-12-19,368,USD,2
366176,2026-12-20,301,USD,2
366176,2026-12-21,273,USD,2
366176,2026-12-22,273,USD,2
366176,2026-12-23,273,USD,2
366176,2026-12-24,451,USD,2
366176,2026-12-25,633,USD,2
366176,2026-12-26,633,USD,2
366176,2026-12-27,335,USD,2
366176,2026-12-28,274,USD,2
366176,2026-12-29,274,USD,2
366176,2026-12-30,759,USD,2
366176,2026-12-31,956,USD,2
366176,2027-01-03,361,USD,2
366176,2027-01-10,360,USD,2
366176,2027-01-11,328,USD,2
366176,2027-01-12,328,USD,2
366176,2027-01-13,328,USD,2
366176,2027-01-14,363,USD,2
366176,2027-01-15,518,USD,2
366176,2027-01-16,518,USD,2
366176,2027-01-17,419,USD,2
366176,2027-01-18,331,USD,2
366176,2027-01-19,328,USD,2
366176,2027-01-20,328,USD,2
366176,2027-01-21,361,USD,2
366176,2027-01-22,415,USD,2
366176,2027-01-23,415,USD,2
366176,2027-01-24,361,USD,2
366176,2027-01-25,328,USD,2
366176,2027-01-26,328,USD,2
366176,2027-01-27,328,USD,2
366176,2027-01-28,361,USD,2
366176,2027-01-29,415,USD,2
366176,2027-01-30,415,USD,2
366176,2027-01-31,361,USD,2
366176,2027-02-01,328,USD,2
366176,2027-02-02,328,USD,2
366176,2027-02-03,328,USD,2
366176,2027-02-04,361,USD,2
366176,2027-02-05,415,USD,2
366176,2027-02-06,415,USD,2
366176,2027-02-07,361,USD,2
366176,2027-02-08,328,USD,2
366176,2027-02-09,328,USD,2
366176,2027-02-10,328,USD,2
366176,2027-02-11,361,USD,2
366176,2027-02-12,592,USD,2
366176,2027-02-13,592,USD,2
366176,2027-02-14,480,USD,2
366176,2027-02-15,364,USD,2
366176,2027-02-16,328,USD,2
366176,2027-02-17,328,USD,2
366176,2027-02-18,361,USD,2
366176,2027-02-19,415,USD,2
366176,2027-02-20,415,USD,2
366176,2027-02-21,361,USD,2
366176,2027-02-22,328,USD,2
366176,2027-02-23,328,USD,2
366176,2027-02-24,328,USD,2
366176,2027-02-25,361,USD,2
366176,2027-02-26,415,USD,2
366176,2027-02-27,415,USD,2
366176,2027-02-28,361,USD,2
366176,2027-03-01,355,USD,2
366176,2027-03-02,355,USD,2
366176,2027-03-03,355,USD,2
366176,2027-03-04,391,USD,2
366176,2027-03-05,449,USD,2
366176,2027-03-06,449,USD,2
366176,2027-03-07,391,USD,2
366176,2027-03-08,355,USD,2
366176,2027-03-09,355,USD,2
366176,2027-03-10,355,USD,2
366176,2027-03-11,391,USD,2
366176,2027-03-12,539,USD,2
366176,2027-03-13,539,USD,2
366176,2027-03-14,391,USD,2
366176,2027-03-15,355,USD,2
366176,2027-03-16,355,USD,2
366176,2027-03-17,355,USD,2
366176,2027-03-18,391,USD,2
366176,2027-03-19,539,USD,2
366176,2027-03-20,539,USD,2
366176,2027-03-21,391,USD,2
366176,2027-03-22,355,USD,2
366176,2027-03-23,355,USD,2
366176,2027-03-24,355,USD,2
366176,2027-03-25,391,USD,2
366176,2027-03-26,665,USD,2
366176,2027-03-27,559,USD,2
366176,2027-03-28,473,USD,2
366176,2027-03-29,452,USD,2
366176,2027-03-30,452,USD,2
366176,2027-03-31,452,USD,2
366176,2027-04-01,754,USD,2
366176,2027-04-02,953,USD,2
366176,2027-04-03,953,USD,2
366176,2027-04-04,754,USD,2
366176,2027-04-05,636,USD,2
366176,2027-04-06,636,USD,2
366176,2027-04-07,636,USD,2
366176,2027-04-08,589,USD,2
366176,2027-04-09,750,USD,2
366176,2027-04-10,750,USD,2
366176,2027-04-11,589,USD,2
366176,2027-04-12,337,USD,2
366176,2027-04-13,337,USD,2
366176,2027-04-14,337,USD,2
366176,2027-04-15,399,USD,2
366176,2027-04-16,514,USD,2
366176,2027-04-17,514,USD,2
366176,2027-04-18,399,USD,2
366176,2027-04-19,337,USD,2
366176,2027-04-20,337,USD,2
366176,2027-04-21,337,USD,2
366176,2027-04-22,399,USD,2
366176,2027-04-23,514,USD,2
366176,2027-04-24,514,USD,2
366176,2027-04-25,399,USD,2
366176,2027-04-26,337,USD,2
366176,2027-04-27,337,USD,2
366176,2027-04-28,337,USD,2
366176,2027-04-29,399,USD,2
366176,2027-04-30,514,USD,2
366176,2027-05-01,514,USD,2
366176,2027-05-02,399,USD,2
366176,2027-05-03,337,USD,2
366176,2027-05-04,337,USD,2
366176,2027-05-05,337,USD,2
366176,2027-05-06,701,USD,2
366176,2027-05-07,875,USD,2
366176,2027-05-08,875,USD,2
366176,2027-05-09,704,USD,2
366176,2027-05-10,374,USD,2
366176,2027-05-11,353,USD,2
366176,2027-05-12,354,USD,2
366176,2027-05-13,643,USD,2
366176,2027-05-14,804,USD,2
366176,2027-05-15,807,USD,2
366176,2027-05-16,689,USD,2
366176,2027-05-17,385,USD,2
366176,2027-05-18,385,USD,2
366176,2027-05-19,392,USD,2
366176,2027-05-20,701,USD,2
366176,2027-05-21,874,USD,2
366176,2027-05-22,875,USD,2
366176,2027-05-23,708,USD,2
366176,2027-05-24,399,USD,2
366176,2027-05-25,400,USD,2
366176,2027-05-26,402,USD,2
366176,2027-05-27,799,USD,2
366176,2027-05-28,1314,USD,2
366176,2027-05-29,1324,USD,2
366176,2027-05-30,898,USD,2
366176,2027-05-31,570,USD,2
366176,2027-06-01,428,USD,2
366176,2027-06-02,410,USD,2
366176,2027-06-03,718,USD,2
366176,2027-06-04,894,USD,2
366176,2027-06-05,897,USD,2
366176,2027-06-06,729,USD,2
366176,2027-06-07,419,USD,2
366176,2027-06-08,421,USD,2
366176,2027-06-09,424,USD,2
366176,2027-06-10,738,USD,2
366176,2027-06-11,915,USD,2
366176,2027-06-12,922,USD,2
366176,2027-06-13,1129,USD,2
366176,2027-06-14,521,USD,2
366176,2027-06-15,546,USD,2
366176,2027-06-16,552,USD,2
366176,2027-06-17,758,USD,2
366176,2027-06-18,939,USD,2
366176,2027-06-19,946,USD,2
366176,2027-06-20,765,USD,2
366176,2027-06-21,447,USD,2
366176,2027-06-22,473,USD,2
366176,2027-06-23,451,USD,2
366176,2027-06-24,779,USD,2
366176,2027-06-25,1021,USD,2
366176,2027-06-26,1077,USD,2
366176,2027-06-27,874,USD,2
366176,2027-06-28,516,USD,2
366176,2027-06-29,519,USD,2
366176,2027-06-30,521,USD,2
366176,2027-07-01,807,USD,2
366176,2027-07-02,1462,USD,2
366176,2027-07-03,1466,USD,2
366176,2027-07-04,897,USD,2
366176,2027-07-05,600,USD,2
366176,2027-07-06,603,USD,2
366176,2027-07-07,604,USD,2
366176,2027-07-08,902,USD,2
366176,2027-07-09,1357,USD,2
366176,2027-07-10,1363,USD,2
366176,2027-07-11,911,USD,2
366176,2027-07-12,615,USD,2
366176,2027-07-13,619,USD,2
366176,2027-07-14,651,USD,2
366176,2027-07-15,922,USD,2
366176,2027-07-16,1380,USD,2
366176,2027-07-17,1380,USD,2
366176,2027-07-18,922,USD,2
366176,2027-07-19,621,USD,2
366176,2027-07-20,621,USD,2
366176,2027-07-21,621,USD,2
366176,2027-07-22,922,USD,2
366176,2027-07-23,1380,USD,2
366176,2027-07-24,1380,USD,2
366176,2027-07-25,922,USD,2
366176,2027-07-26,621,USD,2
366176,2027-07-27,621,USD,2
366176,2027-07-28,621,USD,2
366176,2027-07-29,922,USD,2
366176,2027-07-30,1380,USD,2
366176,2027-07-31,1380,USD,2
366176,2027-08-01,922,USD,2
366176,2027-08-02,621,USD,2
366176,2027-08-03,621,USD,2
366176,2027-08-04,621,USD,2
366176,2027-08-05,922,USD,2
366176,2027-08-06,1380,USD,2
366176,2027-08-07,1380,USD,2
366176,2027-08-08,922,USD,2
366176,2027-08-09,564,USD,2
366176,2027-08-10,564,USD,2
366176,2027-08-11,564,USD,2
366176,2027-08-12,836,USD,2
366176,2027-08-13,1253,USD,2
366176,2027-08-14,1253,USD,2
366176,2027-08-15,836,USD,2
366176,2027-08-16,564,USD,2
366176,2027-08-17,564,USD,2
366176,2027-08-18,564,USD,2
366176,2027-08-19,836,USD,2
366176,2027-08-20,1253,USD,2
366176,2027-08-21,1253,USD,2
366176,2027-08-22,836,USD,2
366176,2027-08-23,564,USD,2
366176,2027-08-24,564,USD,2
366176,2027-08-25,564,USD,2
366176,2027-08-26,881,USD,2
366176,2027-08-27,1319,USD,2
366176,2027-08-28,1319,USD,2
366176,2027-08-29,881,USD,2
366176,2027-08-30,594,USD,2
366176,2027-08-31,594,USD,2
366176,2027-09-01,594,USD,2
366176,2027-09-02,809,USD,2
366176,2027-09-03,1194,USD,2
366176,2027-09-04,1194,USD,2
366176,2027-09-05,849,USD,2
366176,2027-09-06,580,USD,2
366176,2027-09-07,483,USD,2
366176,2027-09-08,483,USD,2
366176,2027-09-09,809,USD,2
366176,2027-09-10,995,USD,2
366176,2027-09-11,995,USD,2
366176,2027-09-12,809,USD,2
366176,2027-09-13,483,USD,2
366176,2027-09-14,483,USD,2
366176,2027-09-15,483,USD,2
366176,2027-09-16,809,USD,2
366176,2027-09-17,995,USD,2
366176,2027-09-18,995,USD,2
366176,2027-09-19,809,USD,2
366176,2027-09-20,483,USD,2
366176,2027-09-21,483,USD,2
366176,2027-09-22,483,USD,2
366176,2027-09-23,809,USD,2
366176,2027-09-24,995,USD,2
366176,2027-09-25,995,USD,2
366176,2027-09-26,809,USD,2
366176,2027-09-27,483,USD,2
366176,2027-09-28,483,USD,2
366176,2027-09-29,483,USD,2
366176,2027-09-30,809,USD,2
366176,2027-01-04,328,USD,2
366176,2027-01-05,328,USD,2
366176,2027-01-06,328,USD,2
366176,2027-01-07,360,USD,2
366176,2027-01-08,448,USD,2
366176,2027-01-09,448,USD,2
366176,2027-01-01,485,USD,2
366176,2027-01-02,460,USD,2
366176,2027-10-01,995,USD,2
366176,2027-10-02,995,USD,2
366176,2027-10-03,809,USD,2
366176,2027-10-04,483,USD,2
366176,2027-10-05,483,USD,2
366176,2027-10-06,483,USD,2
366176,2027-10-07,809,USD,2
366176,2027-10-08,995,USD,2
366176,2027-10-09,995,USD,2
366176,2027-10-10,809,USD,2
366176,2027-10-11,483,USD,2
366176,2027-10-12,483,USD,2
366176,2027-10-13,483,USD,2
366176,2027-10-14,809,USD,2
366176,2027-10-15,995,USD,2
366176,2027-10-16,995,USD,2
366176,2027-10-17,809,USD,2
366176,2027-10-18,483,USD,2
366176,2027-10-19,483,USD,2
366176,2027-10-20,483,USD,2
366176,2027-10-21,809,USD,2
366176,2027-10-22,995,USD,2
366176,2027-10-23,995,USD,2
366176,2027-10-24,809,USD,2
366176,2027-10-25,483,USD,2
366176,2027-10-26,483,USD,2
366176,2027-10-27,483,USD,2
366176,2027-10-28,809,USD,2
366176,2027-10-29,995,USD,2
366176,2027-10-30,995,USD,2
366176,2027-10-31,809,USD,2
366176,2027-11-01,324,USD,2
366176,2027-11-02,324,USD,2
366176,2027-11-03,324,USD,2
366176,2027-11-04,394,USD,2
366176,2027-11-05,474,USD,2
366176,2027-11-06,474,USD,2
366176,2027-11-07,394,USD,2
366176,2027-11-08,324,USD,2
366176,2027-11-09,324,USD,2
366176,2027-11-10,324,USD,2
366176,2027-11-11,394,USD,2
366176,2027-11-12,474,USD,2
366176,2027-11-13,474,USD,2
366176,2027-11-14,394,USD,2
366176,2027-11-15,324,USD,2
366176,2027-11-16,324,USD,2
366176,2027-11-17,324,USD,2
366176,2027-11-18,394,USD,2
366176,2027-11-19,474,USD,2
366176,2027-11-20,474,USD,2
366176,2027-11-21,394,USD,2
366176,2027-11-22,324,USD,2
366176,2027-11-23,324,USD,2
366176,2027-11-24,324,USD,2
366176,2027-11-25,670,USD,2
366176,2027-11-26,806,USD,2
366176,2027-11-27,806,USD,2
366176,2027-11-28,552,USD,2
366176,2027-11-29,304,USD,2
366176,2027-11-30,304,USD,2
366176,2027-12-01,304,USD,2
366176,2027-12-02,333,USD,2
366176,2027-12-03,394,USD,2
366176,2027-12-04,394,USD,2
366176,2027-12-05,333,USD,2
366176,2027-12-06,304,USD,2
366176,2027-12-07,304,USD,2
366176,2027-12-08,304,USD,2
366176,2027-12-09,333,USD,2
366176,2027-12-10,394,USD,2
366176,2027-12-11,394,USD,2
366176,2027-12-12,333,USD,2
366176,2027-12-13,304,USD,2
366176,2027-12-14,304,USD,2
366176,2027-12-15,304,USD,2
366176,2027-12-16,333,USD,2
366176,2027-12-17,591,USD,2
366176,2027-12-18,591,USD,2
366176,2027-12-19,500,USD,2
366176,2027-12-20,456,USD,2
366176,2027-12-21,456,USD,2
366176,2027-12-22,456,USD,2
366176,2027-12-23,500,USD,2
366176,2027-12-24,1379,USD,2
366176,2027-12-25,1379,USD,2
366176,2027-12-26,1379,USD,2
366176,2027-12-27,304,USD,2
366176,2027-12-28,304,USD,2
366176,2027-12-29,304,USD,2
366176,2027-12-30,1517,USD,2
366176,2027-12-31,1517,USD,2
366176,2028-01-01,1517,USD,2
366176,2028-01-02,758,USD,2
366176,2028-01-03,389,USD,2
366176,2028-01-04,389,USD,2
366176,2028-01-05,389,USD,2
366176,2028-01-06,473,USD,2
366176,2028-01-07,569,USD,2
366176,2028-01-08,569,USD,2
366176,2028-01-09,473,USD,2
376368,2026-09-24,379,USD,2
376368,2026-09-25,415,USD,2
376368,2026-09-26,462,USD,2
376368,2026-09-27,354,USD,1
376368,2026-09-28,256,USD,2
376368,2026-09-29,256,USD,2
376368,2026-09-30,256,USD,2
376368,2026-10-01,280,USD,1
376368,2026-10-04,314,USD,1
376368,2026-10-05,261,USD,1
376368,2026-10-06,210,USD,1
376368,2026-10-07,210,USD,1
376368,2026-10-08,450,USD,1
376368,2026-10-10,452,USD,2
376368,2026-10-11,283,USD,2
376368,2026-10-12,201,USD,2
376368,2026-10-13,318,USD,2
376368,2026-10-14,318,USD,2
376368,2026-10-15,331,USD,2
376368,2026-10-16,514,USD,2
376368,2026-10-17,514,USD,2
376368,2026-10-18,280,USD,1
376368,2026-10-19,210,USD,1
376368,2026-10-20,210,USD,1
376368,2026-10-21,210,USD,1
376368,2026-10-22,280,USD,1
376368,2026-10-23,631,USD,2
376368,2026-10-24,769,USD,2
376368,2026-10-25,333,USD,2
376368,2026-10-26,239,USD,2
376368,2026-10-27,239,USD,2
376368,2026-10-28,210,USD,1
376368,2026-10-29,280,USD,2
376368,2026-10-30,484,USD,2
376368,2026-10-31,484,USD,2
376368,2026-11-01,260,USD,2
376368,2026-11-02,183,USD,2
376368,2026-11-03,202,USD,2
376368,2026-11-04,202,USD,2
376368,2026-11-05,274,USD,2
376368,2026-11-06,561,USD,2
376368,2026-11-07,446,USD,2
376368,2026-11-08,245,USD,2
376368,2026-11-09,190,USD,2
376368,2026-11-10,190,USD,2
376368,2026-11-11,190,USD,2
376368,2026-11-12,295,USD,2
376368,2026-11-13,569,USD,2
376368,2026-11-14,569,USD,2
376368,2026-11-15,361,USD,2
376368,2026-11-16,226,USD,2
376368,2026-11-17,201,USD,2
376368,2026-11-18,190,USD,2
376368,2026-11-19,234,USD,2
376368,2026-11-20,369,USD,2
376368,2026-11-21,406,USD,2
376368,2026-11-22,234,USD,2
376368,2026-11-23,190,USD,2
376368,2026-11-24,190,USD,2
376368,2026-11-25,190,USD,2
376368,2026-11-26,402,USD,2
376368,2026-11-27,410,USD,2
376368,2026-11-28,410,USD,2
376368,2026-11-29,274,USD,2
376368,2026-11-30,201,USD,2
376368,2026-12-01,183,USD,2
376368,2026-12-02,183,USD,2
376368,2026-12-03,242,USD,2
376368,2026-12-04,378,USD,2
376368,2026-12-05,359,USD,2
376368,2026-12-06,229,USD,2
376368,2026-12-07,183,USD,2
376368,2026-12-08,183,USD,2
376368,2026-12-09,190,USD,2
376368,2026-12-10,229,USD,2
376368,2026-12-11,359,USD,2
376368,2026-12-12,359,USD,2
376368,2026-12-13,229,USD,2
376368,2026-12-14,190,USD,2
376368,2026-12-15,190,USD,2
376368,2026-12-16,190,USD,2
376368,2026-12-17,283,USD,2
376368,2026-12-18,362,USD,2
376368,2026-12-19,362,USD,2
376368,2026-12-20,283,USD,2
376368,2026-12-21,194,USD,2
376368,2026-12-22,194,USD,2
376368,2026-12-23,194,USD,2
376368,2026-12-24,445,USD,2
376368,2026-12-25,633,USD,2
376368,2026-12-26,633,USD,2
376368,2026-12-27,334,USD,2
376368,2026-12-28,272,USD,2
376368,2026-12-29,272,USD,2
376368,2026-12-30,756,USD,2
376368,2026-12-31,911,USD,2
376368,2027-01-03,254,USD,2
376368,2027-01-10,331,USD,2
376368,2027-01-11,228,USD,2
376368,2027-01-12,228,USD,2
376368,2027-01-13,228,USD,2
376368,2027-01-14,285,USD,2
376368,2027-01-15,456,USD,2
376368,2027-01-16,456,USD,2
376368,2027-01-17,387,USD,2
376368,2027-01-18,300,USD,2
376368,2027-01-19,228,USD,2
376368,2027-01-20,228,USD,2
376368,2027-01-21,284,USD,2
376368,2027-01-22,340,USD,2
376368,2027-01-23,340,USD,2
376368,2027-01-24,284,USD,2
376368,2027-01-25,228,USD,2
376368,2027-01-26,228,USD,2
376368,2027-01-27,228,USD,2
376368,2027-01-28,284,USD,2
376368,2027-01-29,340,USD,2
376368,2027-01-30,340,USD,2
376368,2027-01-31,284,USD,2
376368,2027-02-01,228,USD,2
376368,2027-02-02,228,USD,2
376368,2027-02-03,228,USD,2
376368,2027-02-04,284,USD,2
376368,2027-02-05,340,USD,2
376368,2027-02-06,340,USD,2
376368,2027-02-07,284,USD,2
376368,2027-02-08,228,USD,2
376368,2027-02-09,228,USD,2
376368,2027-02-10,228,USD,2
376368,2027-02-11,284,USD,2
376368,2027-02-12,601,USD,2
376368,2027-02-13,601,USD,2
376368,2027-02-14,509,USD,2
376368,2027-02-15,326,USD,2
376368,2027-02-16,228,USD,2
376368,2027-02-17,228,USD,2
376368,2027-02-18,284,USD,2
376368,2027-02-19,340,USD,2
376368,2027-02-20,340,USD,2
376368,2027-02-21,284,USD,2
376368,2027-02-22,228,USD,2
376368,2027-02-23,228,USD,2
376368,2027-02-24,228,USD,2
376368,2027-02-25,273,USD,2
376368,2027-02-26,340,USD,2
376368,2027-02-27,340,USD,2
376368,2027-02-28,273,USD,2
376368,2027-03-01,272,USD,2
376368,2027-03-02,272,USD,2
376368,2027-03-03,272,USD,2
376368,2027-03-04,328,USD,2
376368,2027-03-05,383,USD,2
376368,2027-03-06,383,USD,2
376368,2027-03-07,328,USD,2
376368,2027-03-08,272,USD,2
376368,2027-03-09,272,USD,2
376368,2027-03-10,272,USD,2
376368,2027-03-11,328,USD,2
376368,2027-03-12,460,USD,2
376368,2027-03-13,460,USD,2
376368,2027-03-14,328,USD,2
376368,2027-03-15,272,USD,2
376368,2027-03-16,272,USD,2
376368,2027-03-17,272,USD,2
376368,2027-03-18,328,USD,2
376368,2027-03-19,460,USD,2
376368,2027-03-20,460,USD,2
376368,2027-03-21,328,USD,2
376368,2027-03-22,272,USD,2
376368,2027-03-23,272,USD,2
376368,2027-03-24,272,USD,2
376368,2027-03-25,328,USD,2
376368,2027-03-26,572,USD,2
376368,2027-03-27,572,USD,2
376368,2027-03-28,481,USD,2
376368,2027-03-29,403,USD,2
376368,2027-03-30,403,USD,2
376368,2027-03-31,403,USD,2
376368,2027-04-01,623,USD,2
376368,2027-04-02,761,USD,2
376368,2027-04-03,546,USD,2
376368,2027-04-04,446,USD,2
376368,2027-04-05,369,USD,2
376368,2027-04-06,369,USD,2
376368,2027-04-07,369,USD,2
376368,2027-04-08,483,USD,2
376368,2027-04-09,599,USD,2
376368,2027-04-10,599,USD,2
376368,2027-04-11,483,USD,2
376368,2027-04-12,275,USD,2
376368,2027-04-13,275,USD,2
376368,2027-04-14,275,USD,2
376368,2027-04-15,328,USD,2
376368,2027-04-16,408,USD,2
376368,2027-04-17,408,USD,2
376368,2027-04-18,328,USD,2
376368,2027-04-19,275,USD,2
376368,2027-04-20,275,USD,2
376368,2027-04-21,275,USD,2
376368,2027-04-22,328,USD,2
376368,2027-04-23,408,USD,2
376368,2027-04-24,408,USD,2
376368,2027-04-25,328,USD,2
376368,2027-04-26,275,USD,2
376368,2027-04-27,275,USD,2
376368,2027-04-28,275,USD,2
376368,2027-04-29,328,USD,2
376368,2027-04-30,408,USD,2
376368,2027-05-01,408,USD,2
376368,2027-05-02,328,USD,2
376368,2027-05-03,275,USD,2
376368,2027-05-04,275,USD,2
376368,2027-05-05,275,USD,2
376368,2027-05-06,571,USD,2
376368,2027-05-07,684,USD,2
376368,2027-05-08,684,USD,2
376368,2027-05-09,574,USD,2
376368,2027-05-10,315,USD,2
376368,2027-05-11,320,USD,2
376368,2027-05-12,323,USD,2
376368,2027-05-13,559,USD,2
376368,2027-05-14,665,USD,2
376368,2027-05-15,670,USD,2
376368,2027-05-16,566,USD,2
376368,2027-05-17,326,USD,2
376368,2027-05-18,328,USD,2
376368,2027-05-19,328,USD,2
376368,2027-05-20,571,USD,2
376368,2027-05-21,684,USD,2
376368,2027-05-22,689,USD,2
376368,2027-05-23,585,USD,2
376368,2027-05-24,340,USD,2
376368,2027-05-25,340,USD,2
376368,2027-05-26,342,USD,2
376368,2027-05-27,659,USD,2
376368,2027-05-28,984,USD,2
376368,2027-05-29,990,USD,2
376368,2027-05-30,701,USD,2
376368,2027-05-31,456,USD,2
376368,2027-06-01,342,USD,2
376368,2027-06-02,324,USD,2
376368,2027-06-03,561,USD,2
376368,2027-06-04,667,USD,2
376368,2027-06-05,670,USD,2
376368,2027-06-06,567,USD,2
376368,2027-06-07,340,USD,2
376368,2027-06-08,342,USD,2
376368,2027-06-09,342,USD,2
376368,2027-06-10,577,USD,2
376368,2027-06-11,687,USD,2
376368,2027-06-12,688,USD,2
376368,2027-06-13,580,USD,2
376368,2027-06-14,353,USD,2
376368,2027-06-15,373,USD,2
376368,2027-06-16,375,USD,2
376368,2027-06-17,595,USD,2
376368,2027-06-18,706,USD,2
376368,2027-06-19,709,USD,2
376368,2027-06-20,604,USD,2
376368,2027-06-21,362,USD,2
376368,2027-06-22,382,USD,2
376368,2027-06-23,365,USD,2
376368,2027-06-24,612,USD,2
376368,2027-06-25,765,USD,2
376368,2027-06-26,808,USD,2
376368,2027-06-27,688,USD,2
376368,2027-06-28,418,USD,2
376368,2027-06-29,419,USD,2
376368,2027-06-30,421,USD,2
376368,2027-07-01,634,USD,2
376368,2027-07-02,1269,USD,2
376368,2027-07-03,1272,USD,2
376368,2027-07-04,709,USD,2
376368,2027-07-05,478,USD,2
376368,2027-07-06,481,USD,2
376368,2027-07-07,484,USD,2
376368,2027-07-08,770,USD,2
376368,2027-07-09,1181,USD,2
376368,2027-07-10,1186,USD,2
376368,2027-07-11,779,USD,2
376368,2027-07-12,494,USD,2
376368,2027-07-13,496,USD,2
376368,2027-07-14,524,USD,2
376368,2027-07-15,787,USD,2
376368,2027-07-16,1200,USD,2
376368,2027-07-17,1200,USD,2
376368,2027-07-18,787,USD,2
376368,2027-07-19,499,USD,2
376368,2027-07-20,499,USD,2
376368,2027-07-21,499,USD,2
376368,2027-07-22,787,USD,2
376368,2027-07-23,1200,USD,2
376368,2027-07-24,1200,USD,2
376368,2027-07-25,787,USD,2
376368,2027-07-26,499,USD,2
376368,2027-07-27,499,USD,2
376368,2027-07-28,499,USD,2
376368,2027-07-29,787,USD,2
376368,2027-07-30,1200,USD,2
376368,2027-07-31,1200,USD,2
376368,2027-08-01,787,USD,2
376368,2027-08-02,499,USD,2
376368,2027-08-03,499,USD,2
376368,2027-08-04,499,USD,2
376368,2027-08-05,787,USD,2
376368,2027-08-06,1200,USD,2
376368,2027-08-07,1200,USD,2
376368,2027-08-08,787,USD,2
376368,2027-08-09,454,USD,2
376368,2027-08-10,454,USD,2
376368,2027-08-11,454,USD,2
376368,2027-08-12,715,USD,2
376368,2027-08-13,1089,USD,2
376368,2027-08-14,1089,USD,2
376368,2027-08-15,715,USD,2
376368,2027-08-16,454,USD,2
376368,2027-08-17,454,USD,2
376368,2027-08-18,454,USD,2
376368,2027-08-19,715,USD,2
376368,2027-08-20,1089,USD,2
376368,2027-08-21,1089,USD,2
376368,2027-08-22,715,USD,2
376368,2027-08-23,454,USD,2
376368,2027-08-24,454,USD,2
376368,2027-08-25,454,USD,2
376368,2027-08-26,753,USD,2
376368,2027-08-27,1147,USD,2
376368,2027-08-28,1147,USD,2
376368,2027-08-29,753,USD,2
376368,2027-08-30,478,USD,2
376368,2027-08-31,478,USD,2
376368,2027-09-01,478,USD,2
376368,2027-09-02,641,USD,2
376368,2027-09-03,903,USD,2
376368,2027-09-04,903,USD,2
376368,2027-09-05,673,USD,2
376368,2027-09-06,472,USD,2
376368,2027-09-07,393,USD,2
376368,2027-09-08,393,USD,2
376368,2027-09-09,641,USD,2
376368,2027-09-10,752,USD,2
376368,2027-09-11,752,USD,2
376368,2027-09-12,641,USD,2
376368,2027-09-13,393,USD,2
376368,2027-09-14,393,USD,2
376368,2027-09-15,393,USD,2
376368,2027-09-16,641,USD,2
376368,2027-09-17,752,USD,2
376368,2027-09-18,752,USD,2
376368,2027-09-19,641,USD,2
376368,2027-09-20,393,USD,2
376368,2027-09-21,393,USD,2
376368,2027-09-22,393,USD,2
376368,2027-09-23,641,USD,2
376368,2027-09-24,752,USD,2
376368,2027-09-25,752,USD,2
376368,2027-09-26,641,USD,2
376368,2027-09-27,393,USD,2
376368,2027-09-28,393,USD,2
376368,2027-09-29,393,USD,2
376368,2027-09-30,641,USD,2
376368,2027-01-04,228,USD,2
376368,2027-01-05,228,USD,2
376368,2027-01-06,204,USD,2
376368,2027-01-07,271,USD,2
376368,2027-01-08,318,USD,2
376368,2027-01-09,318,USD,2
376368,2027-01-01,490,USD,1
376368,2027-01-02,490,USD,1
376368,2027-10-01,752,USD,2
376368,2027-10-02,752,USD,2
376368,2027-10-03,641,USD,2
376368,2027-10-04,393,USD,2
376368,2027-10-05,393,USD,2
376368,2027-10-06,393,USD,2
376368,2027-10-07,641,USD,2
376368,2027-10-08,752,USD,2
376368,2027-10-09,752,USD,2
376368,2027-10-10,641,USD,2
376368,2027-10-11,393,USD,2
376368,2027-10-12,393,USD,2
376368,2027-10-13,393,USD,2
376368,2027-10-14,641,USD,2
376368,2027-10-15,752,USD,2
376368,2027-10-16,752,USD,2
376368,2027-10-17,641,USD,2
376368,2027-10-18,393,USD,2
376368,2027-10-19,393,USD,2
376368,2027-10-20,393,USD,2
376368,2027-10-21,641,USD,2
376368,2027-10-22,752,USD,2
376368,2027-10-23,752,USD,2
376368,2027-10-24,641,USD,2
376368,2027-10-25,393,USD,2
376368,2027-10-26,393,USD,2
376368,2027-10-27,393,USD,2
376368,2027-10-28,641,USD,2
376368,2027-10-29,752,USD,2
376368,2027-10-30,752,USD,2
376368,2027-10-31,641,USD,2
376368,2027-11-01,280,USD,2
376368,2027-11-02,280,USD,2
376368,2027-11-03,280,USD,2
376368,2027-11-04,349,USD,2
376368,2027-11-05,404,USD,2
376368,2027-11-06,404,USD,2
376368,2027-11-07,349,USD,2
376368,2027-11-08,280,USD,2
376368,2027-11-09,280,USD,2
376368,2027-11-10,280,USD,2
376368,2027-11-11,349,USD,2
376368,2027-11-12,404,USD,2
376368,2027-11-13,404,USD,2
376368,2027-11-14,349,USD,2
376368,2027-11-15,280,USD,2
376368,2027-11-16,280,USD,2
376368,2027-11-17,280,USD,2
376368,2027-11-18,349,USD,2
376368,2027-11-19,404,USD,2
376368,2027-11-20,404,USD,2
376368,2027-11-21,349,USD,2
376368,2027-11-22,280,USD,2
376368,2027-11-23,280,USD,2
376368,2027-11-24,280,USD,2
376368,2027-11-25,593,USD,2
376368,2027-11-26,687,USD,2
376368,2027-11-27,687,USD,2
376368,2027-11-28,489,USD,2
376368,2027-11-29,244,USD,2
376368,2027-11-30,244,USD,2
376368,2027-12-01,244,USD,2
376368,2027-12-02,279,USD,2
376368,2027-12-03,303,USD,2
376368,2027-12-04,303,USD,2
376368,2027-12-05,279,USD,2
376368,2027-12-06,244,USD,2
376368,2027-12-07,244,USD,2
376368,2027-12-08,244,USD,2
376368,2027-12-09,279,USD,2
376368,2027-12-10,303,USD,2
376368,2027-12-11,303,USD,2
376368,2027-12-12,279,USD,2
376368,2027-12-13,244,USD,2
376368,2027-12-14,244,USD,2
376368,2027-12-15,244,USD,2
376368,2027-12-16,279,USD,2
376368,2027-12-17,455,USD,2
376368,2027-12-18,455,USD,2
376368,2027-12-19,419,USD,2
376368,2027-12-20,366,USD,2
376368,2027-12-21,366,USD,2
376368,2027-12-22,366,USD,2
376368,2027-12-23,419,USD,2
376368,2027-12-24,1061,USD,2
376368,2027-12-25,1061,USD,2
376368,2027-12-26,1061,USD,2
376368,2027-12-27,244,USD,2
376368,2027-12-28,244,USD,2
376368,2027-12-29,244,USD,2
376368,2027-12-30,1167,USD,2
376368,2027-12-31,1167,USD,2
376368,2028-01-01,1167,USD,2
376368,2028-01-02,583,USD,2
376368,2028-01-03,336,USD,2
376368,2028-01-04,336,USD,2
376368,2028-01-05,336,USD,2
376368,2028-01-06,419,USD,2
376368,2028-01-07,485,USD,2
376368,2028-01-08,485,USD,2
376368,2028-01-09,419,USD,2
376368,2026-10-02,501,USD,2
376368,2026-10-03,501,USD,2
376368,2026-10-09,503,USD,2
383097,2026-09-24,277,USD,1
383097,2026-09-25,558,USD,2
383097,2026-09-26,558,USD,2
383097,2026-09-27,239,USD,1
383097,2026-09-28,200,USD,1
383097,2026-09-29,211,USD,1
383097,2026-09-30,242,USD,1
383097,2026-10-01,320,USD,1
383097,2026-10-02,449,USD,2
383097,2026-10-03,466,USD,2
383097,2026-10-04,358,USD,1
383097,2026-10-05,273,USD,1
383097,2026-10-06,240,USD,1
383097,2026-10-07,240,USD,1
383097,2026-10-08,320,USD,1
383097,2026-10-09,422,USD,2
383097,2026-10-10,422,USD,2
383097,2026-10-11,411,USD,1
383097,2026-10-12,240,USD,1
383097,2026-10-13,240,USD,1
383097,2026-10-14,240,USD,1
383097,2026-10-15,317,USD,1
383097,2026-10-16,375,USD,1
383097,2026-10-17,465,USD,2
383097,2026-10-18,304,USD,1
383097,2026-10-19,240,USD,1
383097,2026-10-20,240,USD,1
383097,2026-10-21,240,USD,1
383097,2026-10-22,320,USD,1
383097,2026-10-23,658,USD,2
383097,2026-10-24,803,USD,2
383097,2026-10-25,320,USD,1
383097,2026-10-26,240,USD,1
383097,2026-10-27,240,USD,1
383097,2026-10-28,240,USD,1
383097,2026-10-29,320,USD,2
383097,2026-10-30,427,USD,2
383097,2026-10-31,427,USD,2
383097,2026-11-01,229,USD,2
383097,2026-11-02,219,USD,2
383097,2026-11-03,219,USD,2
383097,2026-11-04,219,USD,2
383097,2026-11-05,254,USD,2
383097,2026-11-06,454,USD,2
383097,2026-11-07,446,USD,2
383097,2026-11-08,216,USD,2
383097,2026-11-09,219,USD,2
383097,2026-11-10,219,USD,2
383097,2026-11-11,219,USD,2
383097,2026-11-12,260,USD,2
383097,2026-11-13,497,USD,2
383097,2026-11-14,497,USD,2
383097,2026-11-15,313,USD,2
383097,2026-11-16,246,USD,2
383097,2026-11-17,219,USD,2
383097,2026-11-18,219,USD,2
383097,2026-11-19,206,USD,2
383097,2026-11-20,323,USD,2
383097,2026-11-21,378,USD,2
383097,2026-11-22,229,USD,2
383097,2026-11-23,219,USD,2
383097,2026-11-24,219,USD,2
383097,2026-11-25,219,USD,2
383097,2026-11-26,352,USD,2
383097,2026-11-27,359,USD,2
383097,2026-11-28,359,USD,2
383097,2026-11-29,229,USD,2
383097,2026-11-30,219,USD,2
383097,2026-12-01,219,USD,2
383097,2026-12-02,219,USD,2
383097,2026-12-03,240,USD,2
383097,2026-12-04,311,USD,2
383097,2026-12-05,311,USD,2
383097,2026-12-06,240,USD,2
383097,2026-12-07,219,USD,2
383097,2026-12-08,219,USD,2
383097,2026-12-09,219,USD,2
383097,2026-12-10,240,USD,2
383097,2026-12-11,311,USD,2
383097,2026-12-12,311,USD,2
383097,2026-12-13,240,USD,2
383097,2026-12-14,219,USD,2
383097,2026-12-15,219,USD,2
383097,2026-12-16,219,USD,2
383097,2026-12-17,240,USD,2
383097,2026-12-18,319,USD,2
383097,2026-12-19,319,USD,2
383097,2026-12-20,240,USD,2
383097,2026-12-21,219,USD,2
383097,2026-12-22,219,USD,2
383097,2026-12-23,219,USD,2
383097,2026-12-24,395,USD,2
383097,2026-12-25,557,USD,2
383097,2026-12-26,557,USD,2
383097,2026-12-27,290,USD,2
383097,2026-12-28,231,USD,2
383097,2026-12-29,231,USD,2
383097,2026-12-30,676,USD,2
383097,2026-12-31,813,USD,2
383097,2027-01-03,288,USD,2
383097,2027-01-10,331,USD,2
383097,2027-01-11,263,USD,2
383097,2027-01-12,263,USD,2
383097,2027-01-13,263,USD,2
383097,2027-01-14,290,USD,2
383097,2027-01-15,456,USD,2
383097,2027-01-16,456,USD,2
383097,2027-01-17,387,USD,2
383097,2027-01-18,300,USD,2
383097,2027-01-19,263,USD,2
383097,2027-01-20,263,USD,2
383097,2027-01-21,288,USD,2
383097,2027-01-22,330,USD,2
383097,2027-01-23,330,USD,2
383097,2027-01-24,288,USD,2
383097,2027-01-25,263,USD,2
383097,2027-01-26,263,USD,2
383097,2027-01-27,263,USD,2
383097,2027-01-28,288,USD,2
383097,2027-01-29,330,USD,2
383097,2027-01-30,330,USD,2
383097,2027-01-31,288,USD,2
383097,2027-02-01,263,USD,2
383097,2027-02-02,263,USD,2
383097,2027-02-03,263,USD,2
383097,2027-02-04,288,USD,2
383097,2027-02-05,330,USD,2
383097,2027-02-06,330,USD,2
383097,2027-02-07,288,USD,2
383097,2027-02-08,263,USD,2
383097,2027-02-09,263,USD,2
383097,2027-02-10,263,USD,2
383097,2027-02-11,288,USD,2
383097,2027-02-12,601,USD,2
383097,2027-02-13,601,USD,2
383097,2027-02-14,509,USD,2
383097,2027-02-15,326,USD,2
383097,2027-02-16,263,USD,2
383097,2027-02-17,263,USD,2
383097,2027-02-18,288,USD,2
383097,2027-02-19,330,USD,2
383097,2027-02-20,330,USD,2
383097,2027-02-21,288,USD,2
383097,2027-02-22,263,USD,2
383097,2027-02-23,263,USD,2
383097,2027-02-24,263,USD,2
383097,2027-02-25,273,USD,2
383097,2027-02-26,330,USD,2
383097,2027-02-27,330,USD,2
383097,2027-02-28,273,USD,2
383097,2027-03-01,285,USD,2
383097,2027-03-02,285,USD,2
383097,2027-03-03,285,USD,2
383097,2027-03-04,328,USD,2
383097,2027-03-05,383,USD,2
383097,2027-03-06,383,USD,2
383097,2027-03-07,328,USD,2
383097,2027-03-08,285,USD,2
383097,2027-03-09,285,USD,2
383097,2027-03-10,285,USD,2
383097,2027-03-11,328,USD,2
383097,2027-03-12,460,USD,2
383097,2027-03-13,460,USD,2
383097,2027-03-14,328,USD,2
383097,2027-03-15,285,USD,2
383097,2027-03-16,285,USD,2
383097,2027-03-17,285,USD,2
383097,2027-03-18,328,USD,2
383097,2027-03-19,460,USD,2
383097,2027-03-20,460,USD,2
383097,2027-03-21,328,USD,2
383097,2027-03-22,285,USD,2
383097,2027-03-23,285,USD,2
383097,2027-03-24,285,USD,2
383097,2027-03-25,328,USD,2
383097,2027-03-26,572,USD,2
383097,2027-03-27,572,USD,2
383097,2027-03-28,481,USD,2
383097,2027-03-29,403,USD,2
383097,2027-03-30,403,USD,2
383097,2027-03-31,403,USD,2
383097,2027-04-01,623,USD,2
383097,2027-04-02,761,USD,2
383097,2027-04-03,761,USD,2
383097,2027-04-04,623,USD,2
383097,2027-04-05,509,USD,2
383097,2027-04-06,509,USD,2
383097,2027-04-07,509,USD,2
383097,2027-04-08,483,USD,2
383097,2027-04-09,599,USD,2
383097,2027-04-10,599,USD,2
383097,2027-04-11,483,USD,2
383097,2027-04-12,275,USD,2
383097,2027-04-13,275,USD,2
383097,2027-04-14,275,USD,2
383097,2027-04-15,328,USD,2
383097,2027-04-16,408,USD,2
383097,2027-04-17,408,USD,2
383097,2027-04-18,328,USD,2
383097,2027-04-19,275,USD,2
383097,2027-04-20,275,USD,2
383097,2027-04-21,275,USD,2
383097,2027-04-22,328,USD,2
383097,2027-04-23,408,USD,2
383097,2027-04-24,408,USD,2
383097,2027-04-25,328,USD,2
383097,2027-04-26,275,USD,2
383097,2027-04-27,275,USD,2
383097,2027-04-28,275,USD,2
383097,2027-04-29,328,USD,2
383097,2027-04-30,408,USD,2
383097,2027-05-01,408,USD,2
383097,2027-05-02,328,USD,2
383097,2027-05-03,275,USD,2
383097,2027-05-04,275,USD,2
383097,2027-05-05,275,USD,2
383097,2027-05-06,571,USD,2
383097,2027-05-07,684,USD,2
383097,2027-05-08,684,USD,2
383097,2027-05-09,574,USD,2
383097,2027-05-10,315,USD,2
383097,2027-05-11,320,USD,2
383097,2027-05-12,323,USD,2
383097,2027-05-13,559,USD,2
383097,2027-05-14,665,USD,2
383097,2027-05-15,670,USD,2
383097,2027-05-16,566,USD,2
383097,2027-05-17,326,USD,2
383097,2027-05-18,328,USD,2
383097,2027-05-19,328,USD,2
383097,2027-05-20,571,USD,2
383097,2027-05-21,684,USD,2
383097,2027-05-22,689,USD,2
383097,2027-05-23,585,USD,2
383097,2027-05-24,340,USD,2
383097,2027-05-25,340,USD,2
383097,2027-05-26,342,USD,2
383097,2027-05-27,659,USD,2
383097,2027-05-28,984,USD,2
383097,2027-05-29,990,USD,2
383097,2027-05-30,701,USD,2
383097,2027-05-31,456,USD,2
383097,2027-06-01,342,USD,2
383097,2027-06-02,324,USD,2
383097,2027-06-03,561,USD,2
383097,2027-06-04,667,USD,2
383097,2027-06-05,670,USD,2
383097,2027-06-06,567,USD,2
383097,2027-06-07,340,USD,2
383097,2027-06-08,342,USD,2
383097,2027-06-09,342,USD,2
383097,2027-06-10,577,USD,2
383097,2027-06-11,687,USD,2
383097,2027-06-12,688,USD,2
383097,2027-06-13,883,USD,2
383097,2027-06-14,591,USD,2
383097,2027-06-15,628,USD,2
383097,2027-06-16,629,USD,2
383097,2027-06-17,595,USD,2
383097,2027-06-18,706,USD,2
383097,2027-06-19,709,USD,2
383097,2027-06-20,604,USD,2
383097,2027-06-21,362,USD,2
383097,2027-06-22,382,USD,2
383097,2027-06-23,365,USD,2
383097,2027-06-24,612,USD,2
383097,2027-06-25,765,USD,2
383097,2027-06-26,808,USD,2
383097,2027-06-27,688,USD,2
383097,2027-06-28,418,USD,2
383097,2027-06-29,419,USD,2
383097,2027-06-30,421,USD,2
383097,2027-07-01,634,USD,2
383097,2027-07-02,1269,USD,2
383097,2027-07-03,1272,USD,2
383097,2027-07-04,709,USD,2
383097,2027-07-05,478,USD,2
383097,2027-07-06,481,USD,2
383097,2027-07-07,484,USD,2
383097,2027-07-08,770,USD,2
383097,2027-07-09,1181,USD,2
383097,2027-07-10,1186,USD,2
383097,2027-07-11,779,USD,2
383097,2027-07-12,494,USD,2
383097,2027-07-13,496,USD,2
383097,2027-07-14,524,USD,2
383097,2027-07-15,787,USD,2
383097,2027-07-16,1200,USD,2
383097,2027-07-17,1200,USD,2
383097,2027-07-18,787,USD,2
383097,2027-07-19,499,USD,2
383097,2027-07-20,499,USD,2
383097,2027-07-21,499,USD,2
383097,2027-07-22,787,USD,2
383097,2027-07-23,1200,USD,2
383097,2027-07-24,1200,USD,2
383097,2027-07-25,787,USD,2
383097,2027-07-26,499,USD,2
383097,2027-07-27,499,USD,2
383097,2027-07-28,499,USD,2
383097,2027-07-29,787,USD,2
383097,2027-07-30,1200,USD,2
383097,2027-07-31,1200,USD,2
383097,2027-08-01,787,USD,2
383097,2027-08-02,499,USD,2
383097,2027-08-03,499,USD,2
383097,2027-08-04,499,USD,2
383097,2027-08-05,787,USD,2
383097,2027-08-06,1200,USD,2
383097,2027-08-07,1200,USD,2
383097,2027-08-08,787,USD,2
383097,2027-08-09,454,USD,2
383097,2027-08-10,454,USD,2
383097,2027-08-11,454,USD,2
383097,2027-08-12,715,USD,2
383097,2027-08-13,1089,USD,2
383097,2027-08-14,1089,USD,2
383097,2027-08-15,715,USD,2
383097,2027-08-16,454,USD,2
383097,2027-08-17,454,USD,2
383097,2027-08-18,454,USD,2
383097,2027-08-19,715,USD,2
383097,2027-08-20,1089,USD,2
383097,2027-08-21,1089,USD,2
383097,2027-08-22,715,USD,2
383097,2027-08-23,454,USD,2
383097,2027-08-24,454,USD,2
383097,2027-08-25,454,USD,2
383097,2027-08-26,753,USD,2
383097,2027-08-27,1147,USD,2
383097,2027-08-28,1147,USD,2
383097,2027-08-29,753,USD,2
383097,2027-08-30,478,USD,2
383097,2027-08-31,478,USD,2
383097,2027-09-01,478,USD,2
383097,2027-09-02,641,USD,2
383097,2027-09-03,903,USD,2
383097,2027-09-04,903,USD,2
383097,2027-09-05,673,USD,2
383097,2027-09-06,472,USD,2
383097,2027-09-07,393,USD,2
383097,2027-09-08,393,USD,2
383097,2027-09-09,641,USD,2
383097,2027-09-10,752,USD,2
383097,2027-09-11,752,USD,2
383097,2027-09-12,641,USD,2
383097,2027-09-13,393,USD,2
383097,2027-09-14,393,USD,2
383097,2027-09-15,393,USD,2
383097,2027-09-16,641,USD,2
383097,2027-09-17,752,USD,2
383097,2027-09-18,752,USD,2
383097,2027-09-19,641,USD,2
383097,2027-09-20,393,USD,2
383097,2027-09-21,393,USD,2
383097,2027-09-22,393,USD,2
383097,2027-09-23,641,USD,2
383097,2027-09-24,752,USD,2
383097,2027-09-25,752,USD,2
383097,2027-09-26,641,USD,2
383097,2027-09-27,393,USD,2
383097,2027-09-28,393,USD,2
383097,2027-09-29,393,USD,2
383097,2027-09-30,641,USD,2
383097,2027-01-04,263,USD,2
383097,2027-01-05,263,USD,2
383097,2027-01-06,263,USD,2
383097,2027-01-07,331,USD,2
383097,2027-01-08,395,USD,2
383097,2027-01-09,395,USD,2
383097,2027-01-01,392,USD,2
383097,2027-01-02,392,USD,2
383097,2027-10-01,752,USD,2
383097,2027-10-02,752,USD,2
383097,2027-10-03,641,USD,2
383097,2027-10-04,393,USD,2
383097,2027-10-05,393,USD,2
383097,2027-10-06,393,USD,2
383097,2027-10-07,641,USD,2
383097,2027-10-08,752,USD,2
383097,2027-10-09,752,USD,2
383097,2027-10-10,641,USD,2
383097,2027-10-11,393,USD,2
383097,2027-10-12,393,USD,2
383097,2027-10-13,393,USD,2
383097,2027-10-14,641,USD,2
383097,2027-10-15,752,USD,2
383097,2027-10-16,752,USD,2
383097,2027-10-17,641,USD,2
383097,2027-10-18,393,USD,2
383097,2027-10-19,393,USD,2
383097,2027-10-20,393,USD,2
383097,2027-10-21,641,USD,2
383097,2027-10-22,752,USD,2
383097,2027-10-23,752,USD,2
383097,2027-10-24,641,USD,2
383097,2027-10-25,393,USD,2
383097,2027-10-26,393,USD,2
383097,2027-10-27,393,USD,2
383097,2027-10-28,641,USD,2
383097,2027-10-29,752,USD,2
383097,2027-10-30,752,USD,2
383097,2027-10-31,641,USD,2
383097,2027-11-01,280,USD,2
383097,2027-11-02,280,USD,2
383097,2027-11-03,280,USD,2
383097,2027-11-04,349,USD,2
383097,2027-11-05,404,USD,2
383097,2027-11-06,404,USD,2
383097,2027-11-07,349,USD,2
383097,2027-11-08,280,USD,2
383097,2027-11-09,280,USD,2
383097,2027-11-10,280,USD,2
383097,2027-11-11,349,USD,2
383097,2027-11-12,404,USD,2
383097,2027-11-13,404,USD,2
383097,2027-11-14,349,USD,2
383097,2027-11-15,280,USD,2
383097,2027-11-16,280,USD,2
383097,2027-11-17,280,USD,2
383097,2027-11-18,349,USD,2
383097,2027-11-19,404,USD,2
383097,2027-11-20,404,USD,2
383097,2027-11-21,349,USD,2
383097,2027-11-22,280,USD,2
383097,2027-11-23,280,USD,2
383097,2027-11-24,280,USD,2
383097,2027-11-25,593,USD,2
383097,2027-11-26,687,USD,2
383097,2027-11-27,687,USD,2
383097,2027-11-28,489,USD,2
383097,2027-11-29,244,USD,2
383097,2027-11-30,244,USD,2
383097,2027-12-01,244,USD,2
383097,2027-12-02,279,USD,2
383097,2027-12-03,303,USD,2
383097,2027-12-04,303,USD,2
383097,2027-12-05,279,USD,2
383097,2027-12-06,244,USD,2
383097,2027-12-07,244,USD,2
383097,2027-12-08,244,USD,2
383097,2027-12-09,279,USD,2
383097,2027-12-10,303,USD,2
383097,2027-12-11,303,USD,2
383097,2027-12-12,279,USD,2
383097,2027-12-13,244,USD,2
383097,2027-12-14,244,USD,2
383097,2027-12-15,244,USD,2
383097,2027-12-16,279,USD,2
383097,2027-12-17,455,USD,2
383097,2027-12-18,455,USD,2
383097,2027-12-19,419,USD,2
383097,2027-12-20,366,USD,2
383097,2027-12-21,366,USD,2
383097,2027-12-22,366,USD,2
383097,2027-12-23,419,USD,2
383097,2027-12-24,1061,USD,2
383097,2027-12-25,1061,USD,2
383097,2027-12-26,1061,USD,2
383097,2027-12-27,244,USD,2
383097,2027-12-28,244,USD,2
383097,2027-12-29,244,USD,2
383097,2027-12-30,1167,USD,2
383097,2027-12-31,1167,USD,2
383097,2028-01-01,1167,USD,2
383097,2028-01-02,583,USD,2
383097,2028-01-03,336,USD,2
383097,2028-01-04,336,USD,2
383097,2028-01-05,336,USD,2
383097,2028-01-06,419,USD,2
383097,2028-01-07,485,USD,2
383097,2028-01-08,485,USD,2
383097,2028-01-09,419,USD,2
404358,2026-09-24,402,USD,1
404358,2026-09-26,523,USD,2
404358,2026-09-27,342,USD,1
404358,2026-09-28,269,USD,1
404358,2026-09-29,269,USD,1
404358,2026-09-30,231,USD,1
404358,2026-10-01,400,USD,1
404358,2026-10-02,393,USD,1
404358,2026-10-03,544,USD,2
404358,2026-10-04,407,USD,2
404358,2026-10-05,325,USD,2
404358,2026-10-06,300,USD,1
404358,2026-10-07,300,USD,1
404358,2026-10-08,336,USD,2
404358,2026-10-09,526,USD,2
404358,2026-10-10,497,USD,2
404358,2026-10-11,400,USD,1
404358,2026-10-12,300,USD,1
404358,2026-10-13,300,USD,1
404358,2026-10-14,300,USD,1
404358,2026-10-15,400,USD,1
404358,2026-10-16,453,USD,2
404358,2026-10-17,453,USD,2
404358,2026-10-18,400,USD,1
404358,2026-10-19,300,USD,1
404358,2026-10-20,300,USD,1
404358,2026-10-21,300,USD,1
404358,2026-10-22,400,USD,1
404358,2026-10-23,646,USD,2
404358,2026-10-24,783,USD,2
404358,2026-10-25,400,USD,1
404358,2026-10-26,300,USD,1
404358,2026-10-27,300,USD,1
404358,2026-10-28,275,USD,2
404358,2026-10-29,317,USD,2
404358,2026-10-30,518,USD,2
404358,2026-10-31,518,USD,2
404358,2026-11-01,301,USD,2
404358,2026-11-02,273,USD,2
404358,2026-11-03,288,USD,2
404358,2026-11-04,288,USD,2
404358,2026-11-05,271,USD,2
404358,2026-11-06,514,USD,2
404358,2026-11-07,514,USD,2
404358,2026-11-08,271,USD,2
404358,2026-11-09,273,USD,2
404358,2026-11-10,275,USD,2
404358,2026-11-11,275,USD,2
404358,2026-11-12,310,USD,2
404358,2026-11-13,600,USD,2
404358,2026-11-14,600,USD,2
404358,2026-11-15,445,USD,2
404358,2026-11-16,323,USD,2
404358,2026-11-17,273,USD,2
404358,2026-11-18,273,USD,2
404358,2026-11-19,271,USD,2
404358,2026-11-20,391,USD,2
404358,2026-11-21,436,USD,2
404358,2026-11-22,317,USD,2
404358,2026-11-23,288,USD,2
404358,2026-11-24,288,USD,2
404358,2026-11-25,302,USD,2
404358,2026-11-26,477,USD,2
404358,2026-11-27,434,USD,2
404358,2026-11-28,434,USD,2
404358,2026-11-29,301,USD,2
404358,2026-11-30,273,USD,2
404358,2026-12-01,273,USD,2
404358,2026-12-02,273,USD,2
404358,2026-12-03,301,USD,2
404358,2026-12-04,381,USD,2
404358,2026-12-05,381,USD,2
404358,2026-12-06,301,USD,2
404358,2026-12-07,273,USD,2
404358,2026-12-08,273,USD,2
404358,2026-12-09,273,USD,2
404358,2026-12-10,301,USD,2
404358,2026-12-11,381,USD,2
404358,2026-12-12,381,USD,2
404358,2026-12-13,301,USD,2
404358,2026-12-14,273,USD,2
404358,2026-12-15,273,USD,2
404358,2026-12-16,273,USD,2
404358,2026-12-17,301,USD,2
404358,2026-12-18,393,USD,2
404358,2026-12-19,393,USD,2
404358,2026-12-20,301,USD,2
404358,2026-12-21,273,USD,2
404358,2026-12-22,273,USD,2
404358,2026-12-23,273,USD,2
404358,2026-12-24,478,USD,2
404358,2026-12-25,669,USD,2
404358,2026-12-26,669,USD,2
404358,2026-12-27,355,USD,2
404358,2026-12-28,290,USD,2
404358,2026-12-29,290,USD,2
404358,2026-12-30,800,USD,2
404358,2026-12-31,960,USD,2
404358,2027-01-03,361,USD,2
404358,2027-01-10,380,USD,2
404358,2027-01-11,328,USD,2
404358,2027-01-12,328,USD,2
404358,2027-01-13,328,USD,2
404358,2027-01-14,363,USD,2
404358,2027-01-15,550,USD,2
404358,2027-01-16,550,USD,2
404358,2027-01-17,444,USD,2
404358,2027-01-18,354,USD,2
404358,2027-01-19,328,USD,2
404358,2027-01-20,328,USD,2
404358,2027-01-21,361,USD,2
404358,2027-01-22,415,USD,2
404358,2027-01-23,415,USD,2
404358,2027-01-24,361,USD,2
404358,2027-01-25,328,USD,2
404358,2027-01-26,328,USD,2
404358,2027-01-27,328,USD,2
404358,2027-01-28,361,USD,2
404358,2027-01-29,415,USD,2
404358,2027-01-30,415,USD,2
404358,2027-01-31,361,USD,2
404358,2027-02-01,328,USD,2
404358,2027-02-02,328,USD,2
404358,2027-02-03,328,USD,2
404358,2027-02-04,361,USD,2
404358,2027-02-05,415,USD,2
404358,2027-02-06,415,USD,2
404358,2027-02-07,361,USD,2
404358,2027-02-08,328,USD,2
404358,2027-02-09,328,USD,2
404358,2027-02-10,328,USD,2
404358,2027-02-11,361,USD,2
404358,2027-02-12,719,USD,2
404358,2027-02-13,719,USD,2
404358,2027-02-14,585,USD,2
404358,2027-02-15,385,USD,2
404358,2027-02-16,328,USD,2
404358,2027-02-17,328,USD,2
404358,2027-02-18,361,USD,2
404358,2027-02-19,415,USD,2
404358,2027-02-20,415,USD,2
404358,2027-02-21,361,USD,2
404358,2027-02-22,328,USD,2
404358,2027-02-23,328,USD,2
404358,2027-02-24,328,USD,2
404358,2027-02-25,361,USD,2
404358,2027-02-26,415,USD,2
404358,2027-02-27,415,USD,2
404358,2027-02-28,361,USD,2
404358,2027-03-01,355,USD,2
404358,2027-03-02,355,USD,2
404358,2027-03-03,355,USD,2
404358,2027-03-04,391,USD,2
404358,2027-03-05,481,USD,2
404358,2027-03-06,481,USD,2
404358,2027-03-07,391,USD,2
404358,2027-03-08,355,USD,2
404358,2027-03-09,355,USD,2
404358,2027-03-10,355,USD,2
404358,2027-03-11,391,USD,2
404358,2027-03-12,577,USD,2
404358,2027-03-13,577,USD,2
404358,2027-03-14,391,USD,2
404358,2027-03-15,355,USD,2
404358,2027-03-16,355,USD,2
404358,2027-03-17,374,USD,2
404358,2027-03-18,412,USD,2
404358,2027-03-19,507,USD,2
404358,2027-03-20,507,USD,2
404358,2027-03-21,412,USD,2
404358,2027-03-22,374,USD,2
404358,2027-03-23,374,USD,2
404358,2027-03-24,355,USD,2
404358,2027-03-25,391,USD,2
404358,2027-03-26,713,USD,2
404358,2027-03-27,713,USD,2
404358,2027-03-28,591,USD,2
404358,2027-03-29,478,USD,2
404358,2027-03-30,478,USD,2
404358,2027-03-31,478,USD,2
404358,2027-04-01,803,USD,2
404358,2027-04-02,1008,USD,2
404358,2027-04-03,1008,USD,2
404358,2027-04-04,803,USD,2
404358,2027-04-05,676,USD,2
404358,2027-04-06,676,USD,2
404358,2027-04-07,676,USD,2
404358,2027-04-08,627,USD,2
404358,2027-04-09,792,USD,2
404358,2027-04-10,792,USD,2
404358,2027-04-11,627,USD,2
404358,2027-04-12,360,USD,2
404358,2027-04-13,360,USD,2
404358,2027-04-14,360,USD,2
404358,2027-04-15,423,USD,2
404358,2027-04-16,546,USD,2
404358,2027-04-17,546,USD,2
404358,2027-04-18,423,USD,2
404358,2027-04-19,360,USD,2
404358,2027-04-20,360,USD,2
404358,2027-04-21,360,USD,2
404358,2027-04-22,423,USD,2
404358,2027-04-23,546,USD,2
404358,2027-04-24,546,USD,2
404358,2027-04-25,423,USD,2
404358,2027-04-26,360,USD,2
404358,2027-04-27,360,USD,2
404358,2027-04-28,360,USD,2
404358,2027-04-29,423,USD,2
404358,2027-04-30,546,USD,2
404358,2027-05-01,546,USD,2
404358,2027-05-02,423,USD,2
404358,2027-05-03,360,USD,2
404358,2027-05-04,360,USD,2
404358,2027-05-05,360,USD,2
404358,2027-05-06,744,USD,2
404358,2027-05-07,929,USD,2
404358,2027-05-08,929,USD,2
404358,2027-05-09,747,USD,2
404358,2027-05-10,398,USD,2
404358,2027-05-11,399,USD,2
404358,2027-05-12,399,USD,2
404358,2027-05-13,720,USD,2
404358,2027-05-14,900,USD,2
404358,2027-05-15,901,USD,2
404358,2027-05-16,725,USD,2
404358,2027-05-17,408,USD,2
404358,2027-05-18,408,USD,2
404358,2027-05-19,415,USD,2
404358,2027-05-20,740,USD,2
404358,2027-05-21,924,USD,2
404358,2027-05-22,925,USD,2
404358,2027-05-23,747,USD,2
404358,2027-05-24,423,USD,2
404358,2027-05-25,426,USD,2
404358,2027-05-26,427,USD,2
404358,2027-05-27,844,USD,2
404358,2027-05-28,1314,USD,2
404358,2027-05-29,1324,USD,2
404358,2027-05-30,898,USD,2
404358,2027-05-31,570,USD,2
404358,2027-06-01,428,USD,2
404358,2027-06-02,410,USD,2
404358,2027-06-03,718,USD,2
404358,2027-06-04,894,USD,2
404358,2027-06-05,897,USD,2
404358,2027-06-06,729,USD,2
404358,2027-06-07,419,USD,2
404358,2027-06-08,421,USD,2
404358,2027-06-09,424,USD,2
404358,2027-06-10,738,USD,2
404358,2027-06-11,915,USD,2
404358,2027-06-12,922,USD,2
404358,2027-06-13,1129,USD,2
404358,2027-06-14,742,USD,2
404358,2027-06-15,779,USD,2
404358,2027-06-16,786,USD,2
404358,2027-06-17,758,USD,2
404358,2027-06-18,939,USD,2
404358,2027-06-19,946,USD,2
404358,2027-06-20,765,USD,2
404358,2027-06-21,447,USD,2
404358,2027-06-22,473,USD,2
404358,2027-06-23,451,USD,2
404358,2027-06-24,779,USD,2
404358,2027-06-25,1021,USD,2
404358,2027-06-26,1077,USD,2
404358,2027-06-27,874,USD,2
404358,2027-06-28,516,USD,2
404358,2027-06-29,519,USD,2
404358,2027-06-30,521,USD,2
404358,2027-07-01,807,USD,2
404358,2027-07-02,1462,USD,2
404358,2027-07-03,1466,USD,2
404358,2027-07-04,897,USD,2
404358,2027-07-05,600,USD,2
404358,2027-07-06,603,USD,2
404358,2027-07-07,604,USD,2
404358,2027-07-08,902,USD,2
404358,2027-07-09,1357,USD,2
404358,2027-07-10,1363,USD,2
404358,2027-07-11,911,USD,2
404358,2027-07-12,615,USD,2
404358,2027-07-13,619,USD,2
404358,2027-07-14,651,USD,2
404358,2027-07-15,922,USD,2
404358,2027-07-16,1380,USD,2
404358,2027-07-17,1380,USD,2
404358,2027-07-18,922,USD,2
404358,2027-07-19,621,USD,2
404358,2027-07-20,621,USD,2
404358,2027-07-21,621,USD,2
404358,2027-07-22,922,USD,2
404358,2027-07-23,1380,USD,2
404358,2027-07-24,1380,USD,2
404358,2027-07-25,922,USD,2
404358,2027-07-26,621,USD,2
404358,2027-07-27,621,USD,2
404358,2027-07-28,621,USD,2
404358,2027-07-29,922,USD,2
404358,2027-07-30,1380,USD,2
404358,2027-07-31,1380,USD,2
404358,2027-08-01,922,USD,2
404358,2027-08-02,621,USD,2
404358,2027-08-03,621,USD,2
404358,2027-08-04,621,USD,2
404358,2027-08-05,922,USD,2
404358,2027-08-06,1380,USD,2
404358,2027-08-07,1380,USD,2
404358,2027-08-08,922,USD,2
404358,2027-08-09,564,USD,2
404358,2027-08-10,564,USD,2
404358,2027-08-11,564,USD,2
404358,2027-08-12,836,USD,2
404358,2027-08-13,1253,USD,2
404358,2027-08-14,1253,USD,2
404358,2027-08-15,836,USD,2
404358,2027-08-16,564,USD,2
404358,2027-08-17,564,USD,2
404358,2027-08-18,564,USD,2
404358,2027-08-19,836,USD,2
404358,2027-08-20,1253,USD,2
404358,2027-08-21,1253,USD,2
404358,2027-08-22,836,USD,2
404358,2027-08-23,564,USD,2
404358,2027-08-24,564,USD,2
404358,2027-08-25,564,USD,2
404358,2027-08-26,881,USD,2
404358,2027-08-27,1319,USD,2
404358,2027-08-28,1319,USD,2
404358,2027-08-29,881,USD,2
404358,2027-08-30,594,USD,2
404358,2027-08-31,594,USD,2
404358,2027-09-01,594,USD,2
404358,2027-09-02,809,USD,2
404358,2027-09-03,1194,USD,2
404358,2027-09-04,1194,USD,2
404358,2027-09-05,849,USD,2
404358,2027-09-06,580,USD,2
404358,2027-09-07,483,USD,2
404358,2027-09-08,483,USD,2
404358,2027-09-09,809,USD,2
404358,2027-09-10,995,USD,2
404358,2027-09-11,995,USD,2
404358,2027-09-12,809,USD,2
404358,2027-09-13,483,USD,2
404358,2027-09-14,483,USD,2
404358,2027-09-15,483,USD,2
404358,2027-09-16,809,USD,2
404358,2027-09-17,995,USD,2
404358,2027-09-18,995,USD,2
404358,2027-09-19,809,USD,2
404358,2027-09-20,483,USD,2
404358,2027-09-21,483,USD,2
404358,2027-09-22,483,USD,2
404358,2027-09-23,809,USD,2
404358,2027-09-24,995,USD,2
404358,2027-09-25,995,USD,2
404358,2027-09-26,809,USD,2
404358,2027-09-27,483,USD,2
404358,2027-09-28,483,USD,2
404358,2027-09-29,483,USD,2
404358,2027-09-30,809,USD,2
404358,2027-01-04,328,USD,2
404358,2027-01-05,328,USD,2
404358,2027-01-06,328,USD,2
404358,2027-01-07,380,USD,2
404358,2027-01-08,474,USD,2
404358,2027-01-09,474,USD,2
404358,2027-01-01,483,USD,2
404358,2027-01-02,483,USD,2
404358,2027-10-01,995,USD,2
404358,2027-10-02,995,USD,2
404358,2027-10-03,809,USD,2
404358,2027-10-04,483,USD,2
404358,2027-10-05,483,USD,2
404358,2027-10-06,483,USD,2
404358,2027-10-07,809,USD,2
404358,2027-10-08,995,USD,2
404358,2027-10-09,995,USD,2
404358,2027-10-10,809,USD,2
404358,2027-10-11,483,USD,2
404358,2027-10-12,483,USD,2
404358,2027-10-13,483,USD,2
404358,2027-10-14,809,USD,2
404358,2027-10-15,995,USD,2
404358,2027-10-16,995,USD,2
404358,2027-10-17,809,USD,2
404358,2027-10-18,483,USD,2
404358,2027-10-19,483,USD,2
404358,2027-10-20,483,USD,2
404358,2027-10-21,809,USD,2
404358,2027-10-22,995,USD,2
404358,2027-10-23,995,USD,2
404358,2027-10-24,809,USD,2
404358,2027-10-25,483,USD,2
404358,2027-10-26,483,USD,2
404358,2027-10-27,483,USD,2
404358,2027-10-28,809,USD,2
404358,2027-10-29,995,USD,2
404358,2027-10-30,995,USD,2
404358,2027-10-31,809,USD,2
404358,2027-11-01,324,USD,2
404358,2027-11-02,324,USD,2
404358,2027-11-03,324,USD,2
404358,2027-11-04,394,USD,2
404358,2027-11-05,474,USD,2
404358,2027-11-06,474,USD,2
404358,2027-11-07,394,USD,2
404358,2027-11-08,324,USD,2
404358,2027-11-09,324,USD,2
404358,2027-11-10,324,USD,2
404358,2027-11-11,394,USD,2
404358,2027-11-12,474,USD,2
404358,2027-11-13,474,USD,2
404358,2027-11-14,394,USD,2
404358,2027-11-15,324,USD,2
404358,2027-11-16,324,USD,2
404358,2027-11-17,324,USD,2
404358,2027-11-18,394,USD,2
404358,2027-11-19,474,USD,2
404358,2027-11-20,474,USD,2
404358,2027-11-21,394,USD,2
404358,2027-11-22,324,USD,2
404358,2027-11-23,324,USD,2
404358,2027-11-24,324,USD,2
404358,2027-11-25,670,USD,2
404358,2027-11-26,806,USD,2
404358,2027-11-27,806,USD,2
404358,2027-11-28,552,USD,2
404358,2027-11-29,304,USD,2
404358,2027-11-30,304,USD,2
404358,2027-12-01,304,USD,2
404358,2027-12-02,333,USD,2
404358,2027-12-03,394,USD,2
404358,2027-12-04,394,USD,2
404358,2027-12-05,333,USD,2
404358,2027-12-06,304,USD,2
404358,2027-12-07,304,USD,2
404358,2027-12-08,304,USD,2
404358,2027-12-09,333,USD,2
404358,2027-12-10,394,USD,2
404358,2027-12-11,394,USD,2
404358,2027-12-12,333,USD,2
404358,2027-12-13,304,USD,2
404358,2027-12-14,304,USD,2
404358,2027-12-15,304,USD,2
404358,2027-12-16,333,USD,2
404358,2027-12-17,591,USD,2
404358,2027-12-18,591,USD,2
404358,2027-12-19,500,USD,2
404358,2027-12-20,456,USD,2
404358,2027-12-21,456,USD,2
404358,2027-12-22,456,USD,2
404358,2027-12-23,500,USD,2
404358,2027-12-24,1379,USD,2
404358,2027-12-25,1379,USD,2
404358,2027-12-26,1379,USD,2
404358,2027-12-27,304,USD,2
404358,2027-12-28,304,USD,2
404358,2027-12-29,304,USD,2
404358,2027-12-30,1517,USD,2
404358,2027-12-31,1517,USD,2
404358,2028-01-01,1517,USD,2
404358,2028-01-02,758,USD,2
404358,2028-01-03,389,USD,2
404358,2028-01-04,389,USD,2
404358,2028-01-05,389,USD,2
404358,2028-01-06,473,USD,2
404358,2028-01-07,569,USD,2
404358,2028-01-08,569,USD,2
404358,2028-01-09,473,USD,2
404358,2026-09-25,279,USD,1
427313,2026-09-24,136,USD,1
427313,2026-09-25,396,USD,2
427313,2026-09-26,489,USD,2
427313,2026-09-27,287,USD,1
427313,2026-09-28,125,USD,1
427313,2026-09-29,125,USD,1
427313,2026-09-30,125,USD,1
427313,2026-10-01,200,USD,1
427313,2026-10-02,368,USD,2
427313,2026-10-03,382,USD,2
427313,2026-10-04,292,USD,1
427313,2026-10-05,211,USD,2
427313,2026-10-06,211,USD,2
427313,2026-10-07,211,USD,2
427313,2026-10-08,200,USD,1
427313,2026-10-09,365,USD,2
427313,2026-10-10,365,USD,2
427313,2026-10-11,200,USD,1
427313,2026-10-12,150,USD,1
427313,2026-10-13,150,USD,1
427313,2026-10-14,150,USD,1
427313,2026-10-15,200,USD,1
427313,2026-10-16,424,USD,2
427313,2026-10-17,424,USD,2
427313,2026-10-18,200,USD,1
427313,2026-10-19,150,USD,1
427313,2026-10-20,150,USD,1
427313,2026-10-21,150,USD,1
427313,2026-10-22,200,USD,1
427313,2026-10-23,604,USD,2
427313,2026-10-24,735,USD,2
427313,2026-10-25,200,USD,1
427313,2026-10-26,150,USD,1
427313,2026-10-27,150,USD,1
427313,2026-10-28,150,USD,1
427313,2026-10-29,200,USD,2
427313,2026-10-30,484,USD,2
427313,2026-10-31,484,USD,2
427313,2026-11-01,311,USD,2
427313,2026-11-02,211,USD,2
427313,2026-11-03,211,USD,2
427313,2026-11-04,211,USD,2
427313,2026-11-05,280,USD,2
427313,2026-11-06,584,USD,2
427313,2026-11-07,584,USD,2
427313,2026-11-08,280,USD,2
427313,2026-11-09,211,USD,2
427313,2026-11-10,211,USD,2
427313,2026-11-11,211,USD,2
427313,2026-11-12,232,USD,2
427313,2026-11-13,800,USD,2
427313,2026-11-14,800,USD,2
427313,2026-11-15,308,USD,2
427313,2026-11-16,257,USD,2
427313,2026-11-17,211,USD,2
427313,2026-11-18,211,USD,2
427313,2026-11-19,280,USD,2
427313,2026-11-20,444,USD,2
427313,2026-11-21,488,USD,2
427313,2026-11-22,280,USD,2
427313,2026-11-23,211,USD,2
427313,2026-11-24,211,USD,2
427313,2026-11-25,211,USD,2
427313,2026-11-26,483,USD,2
427313,2026-11-27,493,USD,2
427313,2026-11-28,493,USD,2
427313,2026-11-29,311,USD,2
427313,2026-11-30,211,USD,2
427313,2026-12-01,168,USD,2
427313,2026-12-02,168,USD,2
427313,2026-12-03,275,USD,2
427313,2026-12-04,430,USD,2
427313,2026-12-05,430,USD,2
427313,2026-12-06,275,USD,2
427313,2026-12-07,168,USD,2
427313,2026-12-08,168,USD,2
427313,2026-12-09,168,USD,2
427313,2026-12-10,275,USD,2
427313,2026-12-11,430,USD,2
427313,2026-12-12,430,USD,2
427313,2026-12-13,275,USD,2
427313,2026-12-14,168,USD,2
427313,2026-12-15,168,USD,2
427313,2026-12-16,168,USD,2
427313,2026-12-17,340,USD,2
427313,2026-12-18,435,USD,2
427313,2026-12-19,435,USD,2
427313,2026-12-20,340,USD,2
427313,2026-12-21,233,USD,2
427313,2026-12-22,233,USD,2
427313,2026-12-23,233,USD,2
427313,2026-12-24,533,USD,2
427313,2026-12-25,760,USD,2
427313,2026-12-26,760,USD,2
427313,2026-12-27,401,USD,2
427313,2026-12-28,326,USD,2
427313,2026-12-29,326,USD,2
427313,2026-12-30,908,USD,2
427313,2026-12-31,1093,USD,2
427313,2027-01-03,254,USD,2
427313,2027-01-10,292,USD,2
427313,2027-01-11,170,USD,2
427313,2027-01-12,170,USD,2
427313,2027-01-13,170,USD,2
427313,2027-01-14,253,USD,2
427313,2027-01-15,418,USD,2
427313,2027-01-16,418,USD,2
427313,2027-01-17,339,USD,2
427313,2027-01-18,253,USD,2
427313,2027-01-19,170,USD,2
427313,2027-01-20,170,USD,2
427313,2027-01-21,251,USD,2
427313,2027-01-22,306,USD,2
427313,2027-01-23,306,USD,2
427313,2027-01-24,251,USD,2
427313,2027-01-25,170,USD,2
427313,2027-01-26,170,USD,2
427313,2027-01-27,170,USD,2
427313,2027-01-28,251,USD,2
427313,2027-01-29,306,USD,2
427313,2027-01-30,306,USD,2
427313,2027-01-31,251,USD,2
427313,2027-02-01,170,USD,2
427313,2027-02-02,170,USD,2
427313,2027-02-03,170,USD,2
427313,2027-02-04,251,USD,2
427313,2027-02-05,306,USD,2
427313,2027-02-06,306,USD,2
427313,2027-02-07,251,USD,2
427313,2027-02-08,170,USD,2
427313,2027-02-09,170,USD,2
427313,2027-02-10,170,USD,2
427313,2027-02-11,251,USD,2
427313,2027-02-12,547,USD,2
427313,2027-02-13,547,USD,2
427313,2027-02-14,442,USD,2
427313,2027-02-15,275,USD,2
427313,2027-02-16,170,USD,2
427313,2027-02-17,170,USD,2
427313,2027-02-18,251,USD,2
427313,2027-02-19,257,USD,2
427313,2027-02-20,257,USD,2
427313,2027-02-21,251,USD,2
427313,2027-02-22,170,USD,2
427313,2027-02-23,170,USD,2
427313,2027-02-24,170,USD,2
427313,2027-02-25,233,USD,2
427313,2027-02-26,306,USD,2
427313,2027-02-27,306,USD,2
427313,2027-02-28,233,USD,2
427313,2027-03-01,233,USD,2
427313,2027-03-02,233,USD,2
427313,2027-03-03,233,USD,2
427313,2027-03-04,307,USD,2
427313,2027-03-05,367,USD,2
427313,2027-03-06,367,USD,2
427313,2027-03-07,307,USD,2
427313,2027-03-08,233,USD,2
427313,2027-03-09,233,USD,2
427313,2027-03-10,233,USD,2
427313,2027-03-11,307,USD,2
427313,2027-03-12,440,USD,2
427313,2027-03-13,440,USD,2
427313,2027-03-14,307,USD,2
427313,2027-03-15,233,USD,2
427313,2027-03-16,233,USD,2
427313,2027-03-17,233,USD,2
427313,2027-03-18,307,USD,2
427313,2027-03-19,440,USD,2
427313,2027-03-20,440,USD,2
427313,2027-03-21,307,USD,2
427313,2027-03-22,233,USD,2
427313,2027-03-23,233,USD,2
427313,2027-03-24,233,USD,2
427313,2027-03-25,307,USD,2
427313,2027-03-26,538,USD,2
427313,2027-03-27,538,USD,2
427313,2027-03-28,456,USD,2
427313,2027-03-29,355,USD,2
427313,2027-03-30,355,USD,2
427313,2027-03-31,355,USD,2
427313,2027-04-01,569,USD,2
427313,2027-04-02,676,USD,2
427313,2027-04-03,676,USD,2
427313,2027-04-04,569,USD,2
427313,2027-04-05,474,USD,2
427313,2027-04-06,474,USD,2
427313,2027-04-07,474,USD,2
427313,2027-04-08,444,USD,2
427313,2027-04-09,529,USD,2
427313,2027-04-10,529,USD,2
427313,2027-04-11,444,USD,2
427313,2027-04-12,251,USD,2
427313,2027-04-13,251,USD,2
427313,2027-04-14,251,USD,2
427313,2027-04-15,303,USD,2
427313,2027-04-16,354,USD,2
427313,2027-04-17,354,USD,2
427313,2027-04-18,303,USD,2
427313,2027-04-19,251,USD,2
427313,2027-04-20,251,USD,2
427313,2027-04-21,251,USD,2
427313,2027-04-22,319,USD,2
427313,2027-04-23,373,USD,2
427313,2027-04-24,373,USD,2
427313,2027-04-25,303,USD,2
427313,2027-04-26,251,USD,2
427313,2027-04-27,251,USD,2
427313,2027-04-28,251,USD,2
427313,2027-04-29,303,USD,2
427313,2027-04-30,354,USD,2
427313,2027-05-01,354,USD,2
427313,2027-05-02,303,USD,2
427313,2027-05-03,251,USD,2
427313,2027-05-04,251,USD,2
427313,2027-05-05,251,USD,2
427313,2027-05-06,439,USD,2
427313,2027-05-07,590,USD,2
427313,2027-05-08,590,USD,2
427313,2027-05-09,442,USD,2
427313,2027-05-10,255,USD,2
427313,2027-05-11,255,USD,2
427313,2027-05-12,256,USD,2
427313,2027-05-13,426,USD,2
427313,2027-05-14,577,USD,2
427313,2027-05-15,581,USD,2
427313,2027-05-16,431,USD,2
427313,2027-05-17,273,USD,2
427313,2027-05-18,275,USD,2
427313,2027-05-19,275,USD,2
427313,2027-05-20,439,USD,2
427313,2027-05-21,593,USD,2
427313,2027-05-22,596,USD,2
427313,2027-05-23,449,USD,2
427313,2027-05-24,279,USD,2
427313,2027-05-25,280,USD,2
427313,2027-05-26,281,USD,2
427313,2027-05-27,511,USD,2
427313,2027-05-28,851,USD,2
427313,2027-05-29,855,USD,2
427313,2027-05-30,546,USD,2
427313,2027-05-31,378,USD,2
427313,2027-06-01,285,USD,2
427313,2027-06-02,273,USD,2
427313,2027-06-03,435,USD,2
427313,2027-06-04,583,USD,2
427313,2027-06-05,583,USD,2
427313,2027-06-06,440,USD,2
427313,2027-06-07,279,USD,2
427313,2027-06-08,279,USD,2
427313,2027-06-09,280,USD,2
427313,2027-06-10,449,USD,2
427313,2027-06-11,598,USD,2
427313,2027-06-12,602,USD,2
427313,2027-06-13,688,USD,2
427313,2027-06-14,503,USD,2
427313,2027-06-15,525,USD,2
427313,2027-06-16,530,USD,2
427313,2027-06-17,465,USD,2
427313,2027-06-18,617,USD,2
427313,2027-06-19,618,USD,2
427313,2027-06-20,471,USD,2
427313,2027-06-21,302,USD,2
427313,2027-06-22,320,USD,2
427313,2027-06-23,304,USD,2
427313,2027-06-24,479,USD,2
427313,2027-06-25,670,USD,2
427313,2027-06-26,706,USD,2
427313,2027-06-27,543,USD,2
427313,2027-06-28,351,USD,2
427313,2027-06-29,353,USD,2
427313,2027-06-30,355,USD,2
427313,2027-07-01,503,USD,2
427313,2027-07-02,1128,USD,2
427313,2027-07-03,1133,USD,2
427313,2027-07-04,562,USD,2
427313,2027-07-05,394,USD,2
427313,2027-07-06,395,USD,2
427313,2027-07-07,395,USD,2
427313,2027-07-08,706,USD,2
427313,2027-07-09,1049,USD,2
427313,2027-07-10,1052,USD,2
427313,2027-07-11,712,USD,2
427313,2027-07-12,406,USD,2
427313,2027-07-13,408,USD,2
427313,2027-07-14,430,USD,2
427313,2027-07-15,721,USD,2
427313,2027-07-16,1068,USD,2
427313,2027-07-17,1068,USD,2
427313,2027-07-18,721,USD,2
427313,2027-07-19,410,USD,2
427313,2027-07-20,410,USD,2
427313,2027-07-21,410,USD,2
427313,2027-07-22,721,USD,2
427313,2027-07-23,1068,USD,2
427313,2027-07-24,1068,USD,2
427313,2027-07-25,721,USD,2
427313,2027-07-26,410,USD,2
427313,2027-07-27,410,USD,2
427313,2027-07-28,410,USD,2
427313,2027-07-29,721,USD,2
427313,2027-07-30,1068,USD,2
427313,2027-07-31,1068,USD,2
427313,2027-08-01,721,USD,2
427313,2027-08-02,410,USD,2
427313,2027-08-03,410,USD,2
427313,2027-08-04,410,USD,2
427313,2027-08-05,721,USD,2
427313,2027-08-06,1068,USD,2
427313,2027-08-07,1068,USD,2
427313,2027-08-08,721,USD,2
427313,2027-08-09,373,USD,2
427313,2027-08-10,373,USD,2
427313,2027-08-11,373,USD,2
427313,2027-08-12,654,USD,2
427313,2027-08-13,969,USD,2
427313,2027-08-14,969,USD,2
427313,2027-08-15,654,USD,2
427313,2027-08-16,373,USD,2
427313,2027-08-17,373,USD,2
427313,2027-08-18,373,USD,2
427313,2027-08-19,654,USD,2
427313,2027-08-20,969,USD,2
427313,2027-08-21,969,USD,2
427313,2027-08-22,654,USD,2
427313,2027-08-23,373,USD,2
427313,2027-08-24,373,USD,2
427313,2027-08-25,373,USD,2
427313,2027-08-26,689,USD,2
427313,2027-08-27,1021,USD,2
427313,2027-08-28,1021,USD,2
427313,2027-08-29,689,USD,2
427313,2027-08-30,393,USD,2
427313,2027-08-31,393,USD,2
427313,2027-09-01,393,USD,2
427313,2027-09-02,509,USD,2
427313,2027-09-03,791,USD,2
427313,2027-09-04,791,USD,2
427313,2027-09-05,534,USD,2
427313,2027-09-06,400,USD,2
427313,2027-09-07,333,USD,2
427313,2027-09-08,333,USD,2
427313,2027-09-09,509,USD,2
427313,2027-09-10,659,USD,2
427313,2027-09-11,659,USD,2
427313,2027-09-12,509,USD,2
427313,2027-09-13,333,USD,2
427313,2027-09-14,333,USD,2
427313,2027-09-15,333,USD,2
427313,2027-09-16,509,USD,2
427313,2027-09-17,659,USD,2
427313,2027-09-18,659,USD,2
427313,2027-09-19,509,USD,2
427313,2027-09-20,333,USD,2
427313,2027-09-21,333,USD,2
427313,2027-09-22,333,USD,2
427313,2027-09-23,509,USD,2
427313,2027-09-24,659,USD,2
427313,2027-09-25,659,USD,2
427313,2027-09-26,509,USD,2
427313,2027-09-27,333,USD,2
427313,2027-09-28,333,USD,2
427313,2027-09-29,333,USD,2
427313,2027-09-30,509,USD,2
427313,2027-01-04,170,USD,2
427313,2027-01-05,170,USD,2
427313,2027-01-06,209,USD,2
427313,2027-01-07,292,USD,2
427313,2027-01-08,362,USD,2
427313,2027-01-09,362,USD,2
427313,2027-01-01,452,USD,2
427313,2027-01-02,452,USD,2
427313,2027-10-01,659,USD,2
427313,2027-10-02,659,USD,2
427313,2027-10-03,509,USD,2
427313,2027-10-04,333,USD,2
427313,2027-10-05,333,USD,2
427313,2027-10-06,333,USD,2
427313,2027-10-07,509,USD,2
427313,2027-10-08,659,USD,2
427313,2027-10-09,659,USD,2
427313,2027-10-10,509,USD,2
427313,2027-10-11,333,USD,2
427313,2027-10-12,333,USD,2
427313,2027-10-13,333,USD,2
427313,2027-10-14,509,USD,2
427313,2027-10-15,659,USD,2
427313,2027-10-16,659,USD,2
427313,2027-10-17,509,USD,2
427313,2027-10-18,333,USD,2
427313,2027-10-19,333,USD,2
427313,2027-10-20,333,USD,2
427313,2027-10-21,509,USD,2
427313,2027-10-22,659,USD,2
427313,2027-10-23,659,USD,2
427313,2027-10-24,509,USD,2
427313,2027-10-25,333,USD,2
427313,2027-10-26,333,USD,2
427313,2027-10-27,333,USD,2
427313,2027-10-28,509,USD,2
427313,2027-10-29,659,USD,2
427313,2027-10-30,659,USD,2
427313,2027-10-31,509,USD,2
427313,2027-11-01,240,USD,2
427313,2027-11-02,240,USD,2
427313,2027-11-03,240,USD,2
427313,2027-11-04,309,USD,2
427313,2027-11-05,374,USD,2
427313,2027-11-06,374,USD,2
427313,2027-11-07,309,USD,2
427313,2027-11-08,240,USD,2
427313,2027-11-09,240,USD,2
427313,2027-11-10,240,USD,2
427313,2027-11-11,309,USD,2
427313,2027-11-12,374,USD,2
427313,2027-11-13,374,USD,2
427313,2027-11-14,309,USD,2
427313,2027-11-15,240,USD,2
427313,2027-11-16,240,USD,2
427313,2027-11-17,240,USD,2
427313,2027-11-18,309,USD,2
427313,2027-11-19,374,USD,2
427313,2027-11-20,374,USD,2
427313,2027-11-21,309,USD,2
427313,2027-11-22,240,USD,2
427313,2027-11-23,240,USD,2
427313,2027-11-24,240,USD,2
427313,2027-11-25,525,USD,2
427313,2027-11-26,636,USD,2
427313,2027-11-27,636,USD,2
427313,2027-11-28,433,USD,2
427313,2027-11-29,219,USD,2
427313,2027-11-30,219,USD,2
427313,2027-12-01,219,USD,2
427313,2027-12-02,259,USD,2
427313,2027-12-03,287,USD,2
427313,2027-12-04,287,USD,2
427313,2027-12-05,259,USD,2
427313,2027-12-06,219,USD,2
427313,2027-12-07,219,USD,2
427313,2027-12-08,219,USD,2
427313,2027-12-09,259,USD,2
427313,2027-12-10,287,USD,2
427313,2027-12-11,287,USD,2
427313,2027-12-12,259,USD,2
427313,2027-12-13,219,USD,2
427313,2027-12-14,219,USD,2
427313,2027-12-15,219,USD,2
427313,2027-12-16,259,USD,2
427313,2027-12-17,431,USD,2
427313,2027-12-18,431,USD,2
427313,2027-12-19,389,USD,2
427313,2027-12-20,329,USD,2
427313,2027-12-21,329,USD,2
427313,2027-12-22,329,USD,2
427313,2027-12-23,389,USD,2
427313,2027-12-24,1005,USD,2
427313,2027-12-25,1005,USD,2
427313,2027-12-26,1005,USD,2
427313,2027-12-27,219,USD,2
427313,2027-12-28,219,USD,2
427313,2027-12-29,219,USD,2
427313,2027-12-30,1105,USD,2
427313,2027-12-31,1105,USD,2
427313,2028-01-01,1105,USD,2
427313,2028-01-02,552,USD,2
427313,2028-01-03,288,USD,2
427313,2028-01-04,288,USD,2
427313,2028-01-05,288,USD,2
427313,2028-01-06,371,USD,2
427313,2028-01-07,449,USD,2
427313,2028-01-08,449,USD,2
427313,2028-01-09,371,USD,2
422608,2026-09-24,316,USD,1
422608,2026-09-25,404,USD,2
422608,2026-09-26,449,USD,2
422608,2026-09-27,373,USD,1
422608,2026-09-28,250,USD,1
422608,2026-09-29,262,USD,1
422608,2026-09-30,322,USD,1
422608,2026-10-01,282,USD,1
422608,2026-10-02,613,USD,2
422608,2026-10-03,613,USD,2
422608,2026-10-04,270,USD,2
422608,2026-10-05,284,USD,2
422608,2026-10-06,284,USD,2
422608,2026-10-07,284,USD,2
422608,2026-10-08,468,USD,1
422608,2026-10-09,492,USD,2
422608,2026-10-10,518,USD,2
422608,2026-10-11,531,USD,1
422608,2026-10-12,300,USD,1
422608,2026-10-13,300,USD,1
422608,2026-10-14,300,USD,1
422608,2026-10-15,400,USD,1
422608,2026-10-16,484,USD,2
422608,2026-10-17,484,USD,2
422608,2026-10-18,400,USD,1
422608,2026-10-19,300,USD,1
422608,2026-10-20,300,USD,1
422608,2026-10-21,300,USD,1
422608,2026-10-22,400,USD,1
422608,2026-10-23,691,USD,2
422608,2026-10-24,840,USD,2
422608,2026-10-25,400,USD,1
422608,2026-10-26,300,USD,1
422608,2026-10-27,300,USD,1
422608,2026-10-28,300,USD,1
422608,2026-10-29,400,USD,2
422608,2026-10-30,554,USD,2
422608,2026-10-31,554,USD,2
422608,2026-11-01,301,USD,2
422608,2026-11-02,273,USD,2
422608,2026-11-03,288,USD,2
422608,2026-11-04,288,USD,2
422608,2026-11-05,284,USD,2
422608,2026-11-06,482,USD,2
422608,2026-11-07,482,USD,2
422608,2026-11-08,271,USD,2
422608,2026-11-09,273,USD,2
422608,2026-11-10,273,USD,2
422608,2026-11-11,273,USD,2
422608,2026-11-12,333,USD,2
422608,2026-11-13,644,USD,2
422608,2026-11-14,644,USD,2
422608,2026-11-15,405,USD,2
422608,2026-11-16,306,USD,2
422608,2026-11-17,273,USD,2
422608,2026-11-18,273,USD,2
422608,2026-11-19,271,USD,2
422608,2026-11-20,419,USD,2
422608,2026-11-21,461,USD,2
422608,2026-11-22,271,USD,2
422608,2026-11-23,273,USD,2
422608,2026-11-24,273,USD,2
422608,2026-11-25,273,USD,2
422608,2026-11-26,464,USD,2
422608,2026-11-27,466,USD,2
422608,2026-11-28,466,USD,2
422608,2026-11-29,301,USD,2
422608,2026-11-30,273,USD,2
422608,2026-12-01,273,USD,2
422608,2026-12-02,273,USD,2
422608,2026-12-03,301,USD,2
422608,2026-12-04,410,USD,2
422608,2026-12-05,410,USD,2
422608,2026-12-06,301,USD,2
422608,2026-12-07,273,USD,2
422608,2026-12-08,273,USD,2
422608,2026-12-09,273,USD,2
422608,2026-12-10,301,USD,2
422608,2026-12-11,410,USD,2
422608,2026-12-12,410,USD,2
422608,2026-12-13,301,USD,2
422608,2026-12-14,273,USD,2
422608,2026-12-15,273,USD,2
422608,2026-12-16,273,USD,2
422608,2026-12-17,326,USD,2
422608,2026-12-18,419,USD,2
422608,2026-12-19,419,USD,2
422608,2026-12-20,326,USD,2
422608,2026-12-21,273,USD,2
422608,2026-12-22,273,USD,2
422608,2026-12-23,273,USD,2
422608,2026-12-24,500,USD,2
422608,2026-12-25,710,USD,2
422608,2026-12-26,710,USD,2
422608,2026-12-27,385,USD,2
422608,2026-12-28,311,USD,2
422608,2026-12-29,311,USD,2
422608,2026-12-30,846,USD,2
422608,2026-12-31,1022,USD,2
422608,2027-01-03,361,USD,2
422608,2027-01-10,380,USD,2
422608,2027-01-11,328,USD,2
422608,2027-01-12,328,USD,2
422608,2027-01-13,328,USD,2
422608,2027-01-14,363,USD,2
422608,2027-01-15,550,USD,2
422608,2027-01-16,550,USD,2
422608,2027-01-17,444,USD,2
422608,2027-01-18,354,USD,2
422608,2027-01-19,328,USD,2
422608,2027-01-20,328,USD,2
422608,2027-01-21,361,USD,2
422608,2027-01-22,415,USD,2
422608,2027-01-23,415,USD,2
422608,2027-01-24,361,USD,2
422608,2027-01-25,328,USD,2
422608,2027-01-26,328,USD,2
422608,2027-01-27,328,USD,2
422608,2027-01-28,361,USD,2
422608,2027-01-29,415,USD,2
422608,2027-01-30,415,USD,2
422608,2027-01-31,361,USD,2
422608,2027-02-01,328,USD,2
422608,2027-02-02,328,USD,2
422608,2027-02-03,328,USD,2
422608,2027-02-04,361,USD,2
422608,2027-02-05,415,USD,2
422608,2027-02-06,415,USD,2
422608,2027-02-07,361,USD,2
422608,2027-02-08,328,USD,2
422608,2027-02-09,328,USD,2
422608,2027-02-10,328,USD,2
422608,2027-02-11,361,USD,2
422608,2027-02-12,719,USD,2
422608,2027-02-13,719,USD,2
422608,2027-02-14,585,USD,2
422608,2027-02-15,385,USD,2
422608,2027-02-16,328,USD,2
422608,2027-02-17,328,USD,2
422608,2027-02-18,361,USD,2
422608,2027-02-19,415,USD,2
422608,2027-02-20,415,USD,2
422608,2027-02-21,361,USD,2
422608,2027-02-22,328,USD,2
422608,2027-02-23,328,USD,2
422608,2027-02-24,328,USD,2
422608,2027-02-25,361,USD,2
422608,2027-02-26,415,USD,2
422608,2027-02-27,415,USD,2
422608,2027-02-28,361,USD,2
422608,2027-03-01,355,USD,2
422608,2027-03-02,355,USD,2
422608,2027-03-03,355,USD,2
422608,2027-03-04,391,USD,2
422608,2027-03-05,481,USD,2
422608,2027-03-06,481,USD,2
422608,2027-03-07,391,USD,2
422608,2027-03-08,355,USD,2
422608,2027-03-09,355,USD,2
422608,2027-03-10,355,USD,2
422608,2027-03-11,391,USD,2
422608,2027-03-12,577,USD,2
422608,2027-03-13,577,USD,2
422608,2027-03-14,391,USD,2
422608,2027-03-15,355,USD,2
422608,2027-03-16,355,USD,2
422608,2027-03-17,355,USD,2
422608,2027-03-18,391,USD,2
422608,2027-03-19,577,USD,2
422608,2027-03-20,577,USD,2
422608,2027-03-21,391,USD,2
422608,2027-03-22,355,USD,2
422608,2027-03-23,355,USD,2
422608,2027-03-24,355,USD,2
422608,2027-03-25,391,USD,2
422608,2027-03-26,713,USD,2
422608,2027-03-27,713,USD,2
422608,2027-03-28,591,USD,2
422608,2027-03-29,478,USD,2
422608,2027-03-30,478,USD,2
422608,2027-03-31,478,USD,2
422608,2027-04-01,803,USD,2
422608,2027-04-02,1008,USD,2
422608,2027-04-03,1008,USD,2
422608,2027-04-04,803,USD,2
422608,2027-04-05,676,USD,2
422608,2027-04-06,676,USD,2
422608,2027-04-07,676,USD,2
422608,2027-04-08,627,USD,2
422608,2027-04-09,792,USD,2
422608,2027-04-10,792,USD,2
422608,2027-04-11,627,USD,2
422608,2027-04-12,360,USD,2
422608,2027-04-13,360,USD,2
422608,2027-04-14,360,USD,2
422608,2027-04-15,423,USD,2
422608,2027-04-16,546,USD,2
422608,2027-04-17,546,USD,2
422608,2027-04-18,423,USD,2
422608,2027-04-19,360,USD,2
422608,2027-04-20,360,USD,2
422608,2027-04-21,360,USD,2
422608,2027-04-22,423,USD,2
422608,2027-04-23,546,USD,2
422608,2027-04-24,546,USD,2
422608,2027-04-25,423,USD,2
422608,2027-04-26,360,USD,2
422608,2027-04-27,360,USD,2
422608,2027-04-28,360,USD,2
422608,2027-04-29,423,USD,2
422608,2027-04-30,546,USD,2
422608,2027-05-01,546,USD,2
422608,2027-05-02,423,USD,2
422608,2027-05-03,360,USD,2
422608,2027-05-04,360,USD,2
422608,2027-05-05,360,USD,2
422608,2027-05-06,744,USD,2
422608,2027-05-07,929,USD,2
422608,2027-05-08,929,USD,2
422608,2027-05-09,747,USD,2
422608,2027-05-10,398,USD,2
422608,2027-05-11,399,USD,2
422608,2027-05-12,399,USD,2
422608,2027-05-13,720,USD,2
422608,2027-05-14,900,USD,2
422608,2027-05-15,901,USD,2
422608,2027-05-16,725,USD,2
422608,2027-05-17,408,USD,2
422608,2027-05-18,408,USD,2
422608,2027-05-19,415,USD,2
422608,2027-05-20,740,USD,2
422608,2027-05-21,924,USD,2
422608,2027-05-22,925,USD,2
422608,2027-05-23,747,USD,2
422608,2027-05-24,423,USD,2
422608,2027-05-25,426,USD,2
422608,2027-05-26,427,USD,2
422608,2027-05-27,844,USD,2
422608,2027-05-28,1314,USD,2
422608,2027-05-29,1324,USD,2
422608,2027-05-30,898,USD,2
422608,2027-05-31,570,USD,2
422608,2027-06-01,428,USD,2
422608,2027-06-02,410,USD,2
422608,2027-06-03,718,USD,2
422608,2027-06-04,894,USD,2
422608,2027-06-05,897,USD,2
422608,2027-06-06,729,USD,2
422608,2027-06-07,419,USD,2
422608,2027-06-08,421,USD,2
422608,2027-06-09,424,USD,2
422608,2027-06-10,738,USD,2
422608,2027-06-11,915,USD,2
422608,2027-06-12,922,USD,2
422608,2027-06-13,1129,USD,2
422608,2027-06-14,742,USD,2
422608,2027-06-15,779,USD,2
422608,2027-06-16,786,USD,2
422608,2027-06-17,758,USD,2
422608,2027-06-18,939,USD,2
422608,2027-06-19,946,USD,2
422608,2027-06-20,765,USD,2
422608,2027-06-21,447,USD,2
422608,2027-06-22,473,USD,2
422608,2027-06-23,451,USD,2
422608,2027-06-24,779,USD,2
422608,2027-06-25,1021,USD,2
422608,2027-06-26,1077,USD,2
422608,2027-06-27,874,USD,2
422608,2027-06-28,516,USD,2
422608,2027-06-29,519,USD,2
422608,2027-06-30,521,USD,2
422608,2027-07-01,807,USD,2
422608,2027-07-02,1462,USD,2
422608,2027-07-03,1466,USD,2
422608,2027-07-04,897,USD,2
422608,2027-07-05,600,USD,2
422608,2027-07-06,603,USD,2
422608,2027-07-07,604,USD,2
422608,2027-07-08,902,USD,2
422608,2027-07-09,1357,USD,2
422608,2027-07-10,1363,USD,2
422608,2027-07-11,911,USD,2
422608,2027-07-12,615,USD,2
422608,2027-07-13,619,USD,2
422608,2027-07-14,651,USD,2
422608,2027-07-15,922,USD,2
422608,2027-07-16,1380,USD,2
422608,2027-07-17,1380,USD,2
422608,2027-07-18,922,USD,2
422608,2027-07-19,621,USD,2
422608,2027-07-20,621,USD,2
422608,2027-07-21,621,USD,2
422608,2027-07-22,922,USD,2
422608,2027-07-23,1380,USD,2
422608,2027-07-24,1380,USD,2
422608,2027-07-25,922,USD,2
422608,2027-07-26,621,USD,2
422608,2027-07-27,621,USD,2
422608,2027-07-28,621,USD,2
422608,2027-07-29,922,USD,2
422608,2027-07-30,1380,USD,2
422608,2027-07-31,1380,USD,2
422608,2027-08-01,922,USD,2
422608,2027-08-02,621,USD,2
422608,2027-08-03,621,USD,2
422608,2027-08-04,621,USD,2
422608,2027-08-05,922,USD,2
422608,2027-08-06,1380,USD,2
422608,2027-08-07,1380,USD,2
422608,2027-08-08,922,USD,2
422608,2027-08-09,564,USD,2
422608,2027-08-10,564,USD,2
422608,2027-08-11,564,USD,2
422608,2027-08-12,836,USD,2
422608,2027-08-13,1253,USD,2
422608,2027-08-14,1253,USD,2
422608,2027-08-15,836,USD,2
422608,2027-08-16,564,USD,2
422608,2027-08-17,564,USD,2
422608,2027-08-18,564,USD,2
422608,2027-08-19,836,USD,2
422608,2027-08-20,1253,USD,2
422608,2027-08-21,1253,USD,2
422608,2027-08-22,836,USD,2
422608,2027-08-23,564,USD,2
422608,2027-08-24,564,USD,2
422608,2027-08-25,564,USD,2
422608,2027-08-26,881,USD,2
422608,2027-08-27,1319,USD,2
422608,2027-08-28,1319,USD,2
422608,2027-08-29,881,USD,2
422608,2027-08-30,594,USD,2
422608,2027-08-31,594,USD,2
422608,2027-09-01,594,USD,2
422608,2027-09-02,809,USD,2
422608,2027-09-03,1194,USD,2
422608,2027-09-04,1194,USD,2
422608,2027-09-05,849,USD,2
422608,2027-09-06,580,USD,2
422608,2027-09-07,483,USD,2
422608,2027-09-08,483,USD,2
422608,2027-09-09,809,USD,2
422608,2027-09-10,995,USD,2
422608,2027-09-11,995,USD,2
422608,2027-09-12,809,USD,2
422608,2027-09-13,483,USD,2
422608,2027-09-14,483,USD,2
422608,2027-09-15,483,USD,2
422608,2027-09-16,809,USD,2
422608,2027-09-17,995,USD,2
422608,2027-09-18,995,USD,2
422608,2027-09-19,809,USD,2
422608,2027-09-20,483,USD,2
422608,2027-09-21,483,USD,2
422608,2027-09-22,483,USD,2
422608,2027-09-23,809,USD,2
422608,2027-09-24,995,USD,2
422608,2027-09-25,995,USD,2
422608,2027-09-26,809,USD,2
422608,2027-09-27,483,USD,2
422608,2027-09-28,483,USD,2
422608,2027-09-29,483,USD,2
422608,2027-09-30,809,USD,2
422608,2027-01-04,328,USD,2
422608,2027-01-05,328,USD,2
422608,2027-01-06,328,USD,2
422608,2027-01-07,380,USD,2
422608,2027-01-08,474,USD,2
422608,2027-01-09,474,USD,2
422608,2027-01-01,518,USD,2
422608,2027-01-02,518,USD,2
422608,2027-10-01,995,USD,2
422608,2027-10-02,995,USD,2
422608,2027-10-03,809,USD,2
422608,2027-10-04,483,USD,2
422608,2027-10-05,483,USD,2
422608,2027-10-06,483,USD,2
422608,2027-10-07,809,USD,2
422608,2027-10-08,995,USD,2
422608,2027-10-09,995,USD,2
422608,2027-10-10,809,USD,2
422608,2027-10-11,483,USD,2
422608,2027-10-12,483,USD,2
422608,2027-10-13,483,USD,2
422608,2027-10-14,809,USD,2
422608,2027-10-15,995,USD,2
422608,2027-10-16,995,USD,2
422608,2027-10-17,809,USD,2
422608,2027-10-18,483,USD,2
422608,2027-10-19,483,USD,2
422608,2027-10-20,483,USD,2
422608,2027-10-21,809,USD,2
422608,2027-10-22,995,USD,2
422608,2027-10-23,995,USD,2
422608,2027-10-24,809,USD,2
422608,2027-10-25,483,USD,2
422608,2027-10-26,483,USD,2
422608,2027-10-27,483,USD,2
422608,2027-10-28,809,USD,2
422608,2027-10-29,995,USD,2
422608,2027-10-30,995,USD,2
422608,2027-10-31,809,USD,2
422608,2027-11-01,324,USD,2
422608,2027-11-02,324,USD,2
422608,2027-11-03,324,USD,2
422608,2027-11-04,394,USD,2
422608,2027-11-05,474,USD,2
422608,2027-11-06,474,USD,2
422608,2027-11-07,394,USD,2
422608,2027-11-08,324,USD,2
422608,2027-11-09,324,USD,2
422608,2027-11-10,324,USD,2
422608,2027-11-11,394,USD,2
422608,2027-11-12,474,USD,2
422608,2027-11-13,474,USD,2
422608,2027-11-14,394,USD,2
422608,2027-11-15,324,USD,2
422608,2027-11-16,324,USD,2
422608,2027-11-17,324,USD,2
422608,2027-11-18,394,USD,2
422608,2027-11-19,474,USD,2
422608,2027-11-20,474,USD,2
422608,2027-11-21,394,USD,2
422608,2027-11-22,324,USD,2
422608,2027-11-23,324,USD,2
422608,2027-11-24,324,USD,2
422608,2027-11-25,670,USD,2
422608,2027-11-26,806,USD,2
422608,2027-11-27,806,USD,2
422608,2027-11-28,552,USD,2
422608,2027-11-29,304,USD,2
422608,2027-11-30,304,USD,2
422608,2027-12-01,304,USD,2
422608,2027-12-02,333,USD,2
422608,2027-12-03,394,USD,2
422608,2027-12-04,394,USD,2
422608,2027-12-05,333,USD,2
422608,2027-12-06,304,USD,2
422608,2027-12-07,304,USD,2
422608,2027-12-08,304,USD,2
422608,2027-12-09,333,USD,2
422608,2027-12-10,394,USD,2
422608,2027-12-11,394,USD,2
422608,2027-12-12,333,USD,2
422608,2027-12-13,304,USD,2
422608,2027-12-14,304,USD,2
422608,2027-12-15,304,USD,2
422608,2027-12-16,333,USD,2
422608,2027-12-17,591,USD,2
422608,2027-12-18,591,USD,2
422608,2027-12-19,500,USD,2
422608,2027-12-20,456,USD,2
422608,2027-12-21,456,USD,2
422608,2027-12-22,456,USD,2
422608,2027-12-23,500,USD,2
422608,2027-12-24,1379,USD,2
422608,2027-12-25,1379,USD,2
422608,2027-12-26,1379,USD,2
422608,2027-12-27,304,USD,2
422608,2027-12-28,304,USD,2
422608,2027-12-29,304,USD,2
422608,2027-12-30,1517,USD,2
422608,2027-12-31,1517,USD,2
422608,2028-01-01,1517,USD,2
422608,2028-01-02,758,USD,2
422608,2028-01-03,389,USD,2
422608,2028-01-04,389,USD,2
422608,2028-01-05,389,USD,2
422608,2028-01-06,473,USD,2
422608,2028-01-07,569,USD,2
422608,2028-01-08,569,USD,2
422608,2028-01-09,473,USD,2
485833,2026-09-24,575,USD,1
485833,2026-09-25,533,USD,2
485833,2026-09-26,658,USD,2
485833,2026-09-27,376,USD,1
485833,2026-09-28,315,USD,1
485833,2026-09-29,330,USD,1
485833,2026-09-30,330,USD,1
485833,2026-10-01,504,USD,1
485833,2026-10-02,530,USD,2
485833,2026-10-03,584,USD,2
485833,2026-10-04,440,USD,1
485833,2026-10-05,378,USD,1
485833,2026-10-06,378,USD,1
485833,2026-10-07,378,USD,1
485833,2026-10-08,504,USD,1
485833,2026-10-09,645,USD,2
485833,2026-10-10,645,USD,2
485833,2026-10-11,504,USD,1
485833,2026-10-12,378,USD,1
485833,2026-10-13,453,USD,2
485833,2026-10-14,453,USD,2
485833,2026-10-15,504,USD,1
485833,2026-10-16,745,USD,2
485833,2026-10-17,763,USD,2
485833,2026-10-18,642,USD,1
485833,2026-10-19,533,USD,1
485833,2026-10-20,378,USD,1
485833,2026-10-21,378,USD,1
485833,2026-10-22,504,USD,1
485833,2026-10-23,961,USD,2
485833,2026-10-24,1169,USD,2
485833,2026-10-25,504,USD,1
485833,2026-10-26,378,USD,1
485833,2026-10-27,378,USD,1
485833,2026-10-28,378,USD,1
485833,2026-10-29,504,USD,2
485833,2026-10-30,854,USD,2
485833,2026-10-31,854,USD,2
485833,2026-11-01,476,USD,2
485833,2026-11-02,344,USD,2
485833,2026-11-03,344,USD,2
485833,2026-11-04,344,USD,2
485833,2026-11-05,428,USD,2
485833,2026-11-06,855,USD,2
485833,2026-11-07,855,USD,2
485833,2026-11-08,428,USD,2
485833,2026-11-09,344,USD,2
485833,2026-11-10,344,USD,2
485833,2026-11-11,344,USD,2
485833,2026-11-12,544,USD,2
485833,2026-11-13,996,USD,2
485833,2026-11-14,996,USD,2
485833,2026-11-15,662,USD,2
485833,2026-11-16,408,USD,2
485833,2026-11-17,344,USD,2
485833,2026-11-18,344,USD,2
485833,2026-11-19,428,USD,2
485833,2026-11-20,650,USD,2
485833,2026-11-21,715,USD,2
485833,2026-11-22,428,USD,2
485833,2026-11-23,344,USD,2
485833,2026-11-24,344,USD,2
485833,2026-11-25,344,USD,2
485833,2026-11-26,708,USD,2
485833,2026-11-27,722,USD,2
485833,2026-11-28,722,USD,2
485833,2026-11-29,476,USD,2
485833,2026-11-30,344,USD,2
485833,2026-12-01,344,USD,2
485833,2026-12-02,344,USD,2
485833,2026-12-03,412,USD,2
485833,2026-12-04,639,USD,2
485833,2026-12-05,639,USD,2
485833,2026-12-06,412,USD,2
485833,2026-12-07,344,USD,2
485833,2026-12-08,344,USD,2
485833,2026-12-09,344,USD,2
485833,2026-12-10,412,USD,2
485833,2026-12-11,639,USD,2
485833,2026-12-12,639,USD,2
485833,2026-12-13,412,USD,2
485833,2026-12-14,344,USD,2
485833,2026-12-15,344,USD,2
485833,2026-12-16,344,USD,2
485833,2026-12-17,525,USD,2
485833,2026-12-18,638,USD,2
485833,2026-12-19,638,USD,2
485833,2026-12-20,553,USD,2
485833,2026-12-21,394,USD,2
485833,2026-12-22,374,USD,2
485833,2026-12-23,374,USD,2
485833,2026-12-24,778,USD,2
485833,2026-12-25,1064,USD,2
485833,2026-12-26,1064,USD,2
485833,2026-12-27,616,USD,2
485833,2026-12-28,494,USD,2
485833,2026-12-29,494,USD,2
485833,2026-12-30,1258,USD,2
485833,2026-12-31,1511,USD,2
485833,2027-01-03,474,USD,2
485833,2027-01-04,414,USD,2
485833,2027-01-05,414,USD,2
485833,2027-01-06,414,USD,2
485833,2027-01-07,496,USD,2
485833,2027-01-08,614,USD,2
485833,2027-01-09,614,USD,2
485833,2027-01-10,496,USD,2
485833,2027-01-11,414,USD,2
485833,2027-01-12,414,USD,2
485833,2027-01-13,414,USD,2
485833,2027-01-14,457,USD,2
485833,2027-01-15,713,USD,2
485833,2027-01-16,713,USD,2
485833,2027-01-17,575,USD,2
485833,2027-01-18,440,USD,2
485833,2027-01-19,414,USD,2
485833,2027-01-20,414,USD,2
485833,2027-01-21,455,USD,2
485833,2027-01-22,522,USD,2
485833,2027-01-23,522,USD,2
485833,2027-01-24,455,USD,2
485833,2027-01-25,414,USD,2
485833,2027-01-26,414,USD,2
485833,2027-01-27,414,USD,2
485833,2027-01-28,455,USD,2
485833,2027-01-29,522,USD,2
485833,2027-01-30,522,USD,2
485833,2027-01-31,455,USD,2
485833,2027-02-01,414,USD,2
485833,2027-02-02,414,USD,2
485833,2027-02-03,414,USD,2
485833,2027-02-04,455,USD,2
485833,2027-02-05,522,USD,2
485833,2027-02-06,522,USD,2
485833,2027-02-07,455,USD,2
485833,2027-02-08,414,USD,2
485833,2027-02-09,414,USD,2
485833,2027-02-10,414,USD,2
485833,2027-02-11,455,USD,2
485833,2027-02-12,929,USD,2
485833,2027-02-13,929,USD,2
485833,2027-02-14,760,USD,2
485833,2027-02-15,474,USD,2
485833,2027-02-16,414,USD,2
485833,2027-02-17,414,USD,2
485833,2027-02-18,455,USD,2
485833,2027-02-19,522,USD,2
485833,2027-02-20,522,USD,2
485833,2027-02-21,455,USD,2
485833,2027-02-22,414,USD,2
485833,2027-02-23,414,USD,2
485833,2027-02-24,414,USD,2
485833,2027-02-25,455,USD,2
485833,2027-02-26,522,USD,2
485833,2027-02-27,522,USD,2
485833,2027-02-28,455,USD,2
485833,2027-03-01,448,USD,2
485833,2027-03-02,448,USD,2
485833,2027-03-03,448,USD,2
485833,2027-03-04,661,USD,2
485833,2027-03-05,785,USD,2
485833,2027-03-06,785,USD,2
485833,2027-03-07,661,USD,2
485833,2027-03-08,448,USD,2
485833,2027-03-09,448,USD,2
485833,2027-03-10,448,USD,2
485833,2027-03-11,661,USD,2
485833,2027-03-12,942,USD,2
485833,2027-03-13,942,USD,2
485833,2027-03-14,661,USD,2
485833,2027-03-15,448,USD,2
485833,2027-03-16,448,USD,2
485833,2027-03-17,448,USD,2
485833,2027-03-18,661,USD,2
485833,2027-03-19,942,USD,2
485833,2027-03-20,942,USD,2
485833,2027-03-21,661,USD,2
485833,2027-03-22,346,USD,2
485833,2027-03-23,346,USD,2
485833,2027-03-24,448,USD,2
485833,2027-03-25,661,USD,2
485833,2027-03-26,1130,USD,2
485833,2027-03-27,1130,USD,2
485833,2027-03-28,948,USD,2
485833,2027-03-29,643,USD,2
485833,2027-03-30,643,USD,2
485833,2027-03-31,643,USD,2
485833,2027-04-01,1301,USD,2
485833,2027-04-02,1543,USD,2
485833,2027-04-03,1543,USD,2
485833,2027-04-04,1301,USD,2
485833,2027-04-05,870,USD,2
485833,2027-04-06,870,USD,2
485833,2027-04-07,870,USD,2
485833,2027-04-08,1020,USD,2
485833,2027-04-09,1214,USD,2
485833,2027-04-10,1214,USD,2
485833,2027-04-11,1020,USD,2
485833,2027-04-12,465,USD,2
485833,2027-04-13,465,USD,2
485833,2027-04-14,465,USD,2
485833,2027-04-15,708,USD,2
485833,2027-04-16,848,USD,2
485833,2027-04-17,848,USD,2
485833,2027-04-18,708,USD,2
485833,2027-04-19,465,USD,2
485833,2027-04-20,465,USD,2
485833,2027-04-21,465,USD,2
485833,2027-04-22,708,USD,2
485833,2027-04-23,848,USD,2
485833,2027-04-24,848,USD,2
485833,2027-04-25,708,USD,2
485833,2027-04-26,465,USD,2
485833,2027-04-27,465,USD,2
485833,2027-04-28,465,USD,2
485833,2027-04-29,708,USD,2
485833,2027-04-30,848,USD,2
485833,2027-05-01,848,USD,2
485833,2027-05-02,708,USD,2
485833,2027-05-03,465,USD,2
485833,2027-05-04,465,USD,2
485833,2027-05-05,465,USD,2
485833,2027-05-06,953,USD,2
485833,2027-05-07,1190,USD,2
485833,2027-05-08,1253,USD,2
485833,2027-05-09,958,USD,2
485833,2027-05-10,590,USD,2
485833,2027-05-11,590,USD,2
485833,2027-05-12,593,USD,2
485833,2027-05-13,924,USD,2
485833,2027-05-14,1157,USD,2
485833,2027-05-15,1161,USD,2
485833,2027-05-16,933,USD,2
485833,2027-05-17,609,USD,2
485833,2027-05-18,611,USD,2
485833,2027-05-19,611,USD,2
485833,2027-05-20,945,USD,2
485833,2027-05-21,1186,USD,2
485833,2027-05-22,1189,USD,2
485833,2027-05-23,958,USD,2
485833,2027-05-24,627,USD,2
485833,2027-05-25,630,USD,2
485833,2027-05-26,633,USD,2
485833,2027-05-27,1083,USD,2
485833,2027-05-28,1677,USD,2
485833,2027-05-29,1688,USD,2
485833,2027-05-30,1144,USD,2
485833,2027-05-31,825,USD,2
485833,2027-06-01,627,USD,2
485833,2027-06-02,600,USD,2
485833,2027-06-03,915,USD,2
485833,2027-06-04,1145,USD,2
485833,2027-06-05,1147,USD,2
485833,2027-06-06,928,USD,2
485833,2027-06-07,612,USD,2
485833,2027-06-08,614,USD,2
485833,2027-06-09,617,USD,2
485833,2027-06-10,939,USD,2
485833,2027-06-11,1172,USD,2
485833,2027-06-12,1174,USD,2
485833,2027-06-13,1432,USD,2
485833,2027-06-14,1074,USD,2
485833,2027-06-15,1137,USD,2
485833,2027-06-16,1138,USD,2
485833,2027-06-17,962,USD,2
485833,2027-06-18,1197,USD,2
485833,2027-06-19,1200,USD,2
485833,2027-06-20,973,USD,2
485833,2027-06-21,646,USD,2
485833,2027-06-22,685,USD,2
485833,2027-06-23,649,USD,2
485833,2027-06-24,988,USD,2
485833,2027-06-25,1297,USD,2
485833,2027-06-26,1366,USD,2
485833,2027-06-27,1108,USD,2
485833,2027-06-28,740,USD,2
485833,2027-06-29,742,USD,2
485833,2027-06-30,747,USD,2
485833,2027-07-01,1022,USD,2
485833,2027-07-02,2046,USD,2
485833,2027-07-03,2052,USD,2
485833,2027-07-04,1138,USD,2
485833,2027-07-05,722,USD,2
485833,2027-07-06,725,USD,2
485833,2027-07-07,728,USD,2
485833,2027-07-08,1138,USD,2
485833,2027-07-09,1900,USD,2
485833,2027-07-10,1903,USD,2
485833,2027-07-11,1148,USD,2
485833,2027-07-12,741,USD,2
485833,2027-07-13,743,USD,2
485833,2027-07-14,783,USD,2
485833,2027-07-15,1160,USD,2
485833,2027-07-16,1928,USD,2
485833,2027-07-17,1928,USD,2
485833,2027-07-18,1160,USD,2
485833,2027-07-19,746,USD,2
485833,2027-07-20,746,USD,2
485833,2027-07-21,746,USD,2
485833,2027-07-22,1160,USD,2
485833,2027-07-23,1928,USD,2
485833,2027-07-24,1928,USD,2
485833,2027-07-25,1160,USD,2
485833,2027-07-26,746,USD,2
485833,2027-07-27,746,USD,2
485833,2027-07-28,746,USD,2
485833,2027-07-29,1160,USD,2
485833,2027-07-30,1928,USD,2
485833,2027-07-31,1928,USD,2
485833,2027-08-01,1160,USD,2
485833,2027-08-02,746,USD,2
485833,2027-08-03,746,USD,2
485833,2027-08-04,746,USD,2
485833,2027-08-05,1160,USD,2
485833,2027-08-06,1928,USD,2
485833,2027-08-07,1928,USD,2
485833,2027-08-08,1160,USD,2
485833,2027-08-09,678,USD,2
485833,2027-08-10,678,USD,2
485833,2027-08-11,678,USD,2
485833,2027-08-12,1053,USD,2
485833,2027-08-13,1749,USD,2
485833,2027-08-14,1749,USD,2
485833,2027-08-15,1053,USD,2
485833,2027-08-16,678,USD,2
485833,2027-08-17,678,USD,2
485833,2027-08-18,678,USD,2
485833,2027-08-19,1053,USD,2
485833,2027-08-20,1749,USD,2
485833,2027-08-21,1749,USD,2
485833,2027-08-22,1053,USD,2
485833,2027-08-23,678,USD,2
485833,2027-08-24,678,USD,2
485833,2027-08-25,678,USD,2
485833,2027-08-26,1109,USD,2
485833,2027-08-27,1842,USD,2
485833,2027-08-28,1842,USD,2
485833,2027-08-29,1109,USD,2
485833,2027-08-30,714,USD,2
485833,2027-08-31,714,USD,2
485833,2027-09-01,714,USD,2
485833,2027-09-02,1021,USD,2
485833,2027-09-03,1511,USD,2
485833,2027-09-04,1511,USD,2
485833,2027-09-05,1072,USD,2
485833,2027-09-06,821,USD,2
485833,2027-09-07,684,USD,2
485833,2027-09-08,684,USD,2
485833,2027-09-09,1021,USD,2
485833,2027-09-10,1259,USD,2
485833,2027-09-11,1259,USD,2
485833,2027-09-12,1021,USD,2
485833,2027-09-13,684,USD,2
485833,2027-09-14,684,USD,2
485833,2027-09-15,684,USD,2
485833,2027-09-16,1021,USD,2
485833,2027-09-17,1259,USD,2
485833,2027-09-18,1259,USD,2
485833,2027-09-19,1021,USD,2
485833,2027-09-20,684,USD,2
485833,2027-09-21,684,USD,2
485833,2027-09-22,684,USD,2
485833,2027-09-23,1021,USD,2
485833,2027-09-24,1259,USD,2
485833,2027-09-25,1259,USD,2
485833,2027-09-26,1021,USD,2
485833,2027-09-27,684,USD,2
485833,2027-09-28,684,USD,2
485833,2027-09-29,684,USD,2
485833,2027-09-30,1021,USD,2
485833,2027-01-01,799,USD,2
485833,2027-01-02,799,USD,2
485833,2027-10-01,1259,USD,2
485833,2027-10-02,1259,USD,2
485833,2027-10-03,1021,USD,2
485833,2027-10-04,684,USD,2
485833,2027-10-05,684,USD,2
485833,2027-10-06,684,USD,2
485833,2027-10-07,1021,USD,2
485833,2027-10-08,1259,USD,2
485833,2027-10-09,1259,USD,2
485833,2027-10-10,1021,USD,2
485833,2027-10-11,684,USD,2
485833,2027-10-12,684,USD,2
485833,2027-10-13,684,USD,2
485833,2027-10-14,1021,USD,2
485833,2027-10-15,1259,USD,2
485833,2027-10-16,1259,USD,2
485833,2027-10-17,1021,USD,2
485833,2027-10-18,684,USD,2
485833,2027-10-19,684,USD,2
485833,2027-10-20,684,USD,2
485833,2027-10-21,1021,USD,2
485833,2027-10-22,1259,USD,2
485833,2027-10-23,1259,USD,2
485833,2027-10-24,1021,USD,2
485833,2027-10-25,684,USD,2
485833,2027-10-26,684,USD,2
485833,2027-10-27,684,USD,2
485833,2027-10-28,1021,USD,2
485833,2027-10-29,1259,USD,2
485833,2027-10-30,1259,USD,2
485833,2027-10-31,1021,USD,2
485833,2027-11-01,391,USD,2
485833,2027-11-02,391,USD,2
485833,2027-11-03,391,USD,2
485833,2027-11-04,494,USD,2
485833,2027-11-05,595,USD,2
485833,2027-11-06,595,USD,2
485833,2027-11-07,494,USD,2
485833,2027-11-08,391,USD,2
485833,2027-11-09,391,USD,2
485833,2027-11-10,391,USD,2
485833,2027-11-11,494,USD,2
485833,2027-11-12,595,USD,2
485833,2027-11-13,595,USD,2
485833,2027-11-14,494,USD,2
485833,2027-11-15,391,USD,2
485833,2027-11-16,391,USD,2
485833,2027-11-17,391,USD,2
485833,2027-11-18,494,USD,2
485833,2027-11-19,595,USD,2
485833,2027-11-20,595,USD,2
485833,2027-11-21,494,USD,2
485833,2027-11-22,391,USD,2
485833,2027-11-23,391,USD,2
485833,2027-11-24,391,USD,2
485833,2027-11-25,840,USD,2
485833,2027-11-26,1012,USD,2
485833,2027-11-27,1012,USD,2
485833,2027-11-28,692,USD,2
485833,2027-11-29,339,USD,2
485833,2027-11-30,339,USD,2
485833,2027-12-01,339,USD,2
485833,2027-12-02,414,USD,2
485833,2027-12-03,574,USD,2
485833,2027-12-04,574,USD,2
485833,2027-12-05,414,USD,2
485833,2027-12-06,339,USD,2
485833,2027-12-07,339,USD,2
485833,2027-12-08,339,USD,2
485833,2027-12-09,414,USD,2
485833,2027-12-10,574,USD,2
485833,2027-12-11,574,USD,2
485833,2027-12-12,414,USD,2
485833,2027-12-13,339,USD,2
485833,2027-12-14,339,USD,2
485833,2027-12-15,339,USD,2
485833,2027-12-16,414,USD,2
485833,2027-12-17,861,USD,2
485833,2027-12-18,861,USD,2
485833,2027-12-19,621,USD,2
485833,2027-12-20,509,USD,2
485833,2027-12-21,509,USD,2
485833,2027-12-22,509,USD,2
485833,2027-12-23,621,USD,2
485833,2027-12-24,2009,USD,2
485833,2027-12-25,2009,USD,2
485833,2027-12-26,2009,USD,2
485833,2027-12-27,339,USD,2
485833,2027-12-28,339,USD,2
485833,2027-12-29,339,USD,2
485833,2027-12-30,2210,USD,2
485833,2027-12-31,2210,USD,2
485833,2028-01-01,2210,USD,2
485833,2028-01-02,1105,USD,2
485833,2028-01-03,469,USD,2
485833,2028-01-04,469,USD,2
485833,2028-01-05,469,USD,2
485833,2028-01-06,593,USD,2
485833,2028-01-07,714,USD,2
485833,2028-01-08,714,USD,2
485833,2028-01-09,593,USD,2
407612,2026-09-24,377,USD,1
407612,2026-09-25,514,USD,2
407612,2026-09-26,514,USD,2
407612,2026-09-27,326,USD,2
407612,2026-09-28,150,USD,1
407612,2026-09-29,150,USD,1
407612,2026-09-30,150,USD,1
407612,2026-10-01,240,USD,1
407612,2026-10-02,375,USD,2
407612,2026-10-03,413,USD,2
407612,2026-10-04,151,USD,1
407612,2026-10-05,180,USD,1
407612,2026-10-06,180,USD,1
407612,2026-10-07,157,USD,1
407612,2026-10-08,240,USD,1
407612,2026-10-09,374,USD,2
407612,2026-10-10,374,USD,2
407612,2026-10-11,269,USD,2
407612,2026-10-12,178,USD,2
407612,2026-10-13,234,USD,2
407612,2026-10-14,234,USD,2
407612,2026-10-15,301,USD,2
407612,2026-10-16,488,USD,2
407612,2026-10-17,488,USD,2
407612,2026-10-18,240,USD,1
407612,2026-10-19,195,USD,2
407612,2026-10-20,195,USD,2
407612,2026-10-21,195,USD,2
407612,2026-10-22,240,USD,1
407612,2026-10-23,496,USD,2
407612,2026-10-24,609,USD,2
407612,2026-10-25,240,USD,1
407612,2026-10-26,180,USD,1
407612,2026-10-27,180,USD,1
407612,2026-10-28,180,USD,1
407612,2026-10-29,240,USD,2
407612,2026-10-30,400,USD,2
407612,2026-10-31,400,USD,2
407612,2026-11-01,254,USD,2
407612,2026-11-02,195,USD,2
407612,2026-11-03,195,USD,2
407612,2026-11-04,195,USD,2
407612,2026-11-05,214,USD,2
407612,2026-11-06,339,USD,2
407612,2026-11-07,339,USD,2
407612,2026-11-08,229,USD,2
407612,2026-11-09,195,USD,2
407612,2026-11-10,195,USD,2
407612,2026-11-11,195,USD,2
407612,2026-11-12,289,USD,2
407612,2026-11-13,558,USD,2
407612,2026-11-14,558,USD,2
407612,2026-11-15,349,USD,2
407612,2026-11-16,217,USD,2
407612,2026-11-17,195,USD,2
407612,2026-11-18,195,USD,2
407612,2026-11-19,229,USD,2
407612,2026-11-20,362,USD,2
407612,2026-11-21,398,USD,2
407612,2026-11-22,229,USD,2
407612,2026-11-23,195,USD,2
407612,2026-11-24,195,USD,2
407612,2026-11-25,195,USD,2
407612,2026-11-26,392,USD,2
407612,2026-11-27,402,USD,2
407612,2026-11-28,402,USD,2
407612,2026-11-29,254,USD,2
407612,2026-11-30,195,USD,2
407612,2026-12-01,195,USD,2
407612,2026-12-02,195,USD,2
407612,2026-12-03,211,USD,2
407612,2026-12-04,349,USD,2
407612,2026-12-05,349,USD,2
407612,2026-12-06,211,USD,2
407612,2026-12-07,195,USD,2
407612,2026-12-08,195,USD,2
407612,2026-12-09,195,USD,2
407612,2026-12-10,211,USD,2
407612,2026-12-11,349,USD,2
407612,2026-12-12,349,USD,2
407612,2026-12-13,211,USD,2
407612,2026-12-14,195,USD,2
407612,2026-12-15,195,USD,2
407612,2026-12-16,195,USD,2
407612,2026-12-17,277,USD,2
407612,2026-12-18,362,USD,2
407612,2026-12-19,362,USD,2
407612,2026-12-20,277,USD,2
407612,2026-12-21,195,USD,2
407612,2026-12-22,195,USD,2
407612,2026-12-23,195,USD,2
407612,2026-12-24,432,USD,2
407612,2026-12-25,636,USD,2
407612,2026-12-26,636,USD,2
407612,2026-12-27,327,USD,2
407612,2026-12-28,255,USD,2
407612,2026-12-29,255,USD,2
407612,2026-12-30,763,USD,2
407612,2026-12-31,912,USD,2
407612,2027-01-03,215,USD,2
407612,2027-01-10,292,USD,2
407612,2027-01-11,195,USD,2
407612,2027-01-12,195,USD,2
407612,2027-01-13,195,USD,2
407612,2027-01-14,253,USD,2
407612,2027-01-15,418,USD,2
407612,2027-01-16,418,USD,2
407612,2027-01-17,339,USD,2
407612,2027-01-18,253,USD,2
407612,2027-01-19,195,USD,2
407612,2027-01-20,195,USD,2
407612,2027-01-21,251,USD,2
407612,2027-01-22,306,USD,2
407612,2027-01-23,306,USD,2
407612,2027-01-24,251,USD,2
407612,2027-01-25,195,USD,2
407612,2027-01-26,195,USD,2
407612,2027-01-27,195,USD,2
407612,2027-01-28,251,USD,2
407612,2027-01-29,306,USD,2
407612,2027-01-30,306,USD,2
407612,2027-01-31,251,USD,2
407612,2027-02-01,195,USD,2
407612,2027-02-02,195,USD,2
407612,2027-02-03,195,USD,2
407612,2027-02-04,251,USD,2
407612,2027-02-05,306,USD,2
407612,2027-02-06,306,USD,2
407612,2027-02-07,251,USD,2
407612,2027-02-08,195,USD,2
407612,2027-02-09,195,USD,2
407612,2027-02-10,195,USD,2
407612,2027-02-11,251,USD,2
407612,2027-02-12,547,USD,2
407612,2027-02-13,547,USD,2
407612,2027-02-14,442,USD,2
407612,2027-02-15,275,USD,2
407612,2027-02-16,195,USD,2
407612,2027-02-17,195,USD,2
407612,2027-02-18,251,USD,2
407612,2027-02-19,306,USD,2
407612,2027-02-20,306,USD,2
407612,2027-02-21,251,USD,2
407612,2027-02-22,195,USD,2
407612,2027-02-23,195,USD,2
407612,2027-02-24,195,USD,2
407612,2027-02-25,233,USD,2
407612,2027-02-26,306,USD,2
407612,2027-02-27,306,USD,2
407612,2027-02-28,233,USD,2
407612,2027-03-01,233,USD,2
407612,2027-03-02,233,USD,2
407612,2027-03-03,233,USD,2
407612,2027-03-04,307,USD,2
407612,2027-03-05,367,USD,2
407612,2027-03-06,367,USD,2
407612,2027-03-07,307,USD,2
407612,2027-03-08,233,USD,2
407612,2027-03-09,233,USD,2
407612,2027-03-10,233,USD,2
407612,2027-03-11,307,USD,2
407612,2027-03-12,440,USD,2
407612,2027-03-13,440,USD,2
407612,2027-03-14,307,USD,2
407612,2027-03-15,233,USD,2
407612,2027-03-16,233,USD,2
407612,2027-03-17,233,USD,2
407612,2027-03-18,307,USD,2
407612,2027-03-19,440,USD,2
407612,2027-03-20,440,USD,2
407612,2027-03-21,307,USD,2
407612,2027-03-22,233,USD,2
407612,2027-03-23,233,USD,2
407612,2027-03-24,233,USD,2
407612,2027-03-25,307,USD,2
407612,2027-03-26,538,USD,2
407612,2027-03-27,538,USD,2
407612,2027-03-28,456,USD,2
407612,2027-03-29,355,USD,2
407612,2027-03-30,355,USD,2
407612,2027-03-31,355,USD,2
407612,2027-04-01,569,USD,2
407612,2027-04-02,676,USD,2
407612,2027-04-03,676,USD,2
407612,2027-04-04,569,USD,2
407612,2027-04-05,474,USD,2
407612,2027-04-06,474,USD,2
407612,2027-04-07,474,USD,2
407612,2027-04-08,444,USD,2
407612,2027-04-09,529,USD,2
407612,2027-04-10,529,USD,2
407612,2027-04-11,444,USD,2
407612,2027-04-12,251,USD,2
407612,2027-04-13,251,USD,2
407612,2027-04-14,251,USD,2
407612,2027-04-15,303,USD,2
407612,2027-04-16,354,USD,2
407612,2027-04-17,354,USD,2
407612,2027-04-18,303,USD,2
407612,2027-04-19,251,USD,2
407612,2027-04-20,251,USD,2
407612,2027-04-21,251,USD,2
407612,2027-04-22,303,USD,2
407612,2027-04-23,354,USD,2
407612,2027-04-24,354,USD,2
407612,2027-04-25,303,USD,2
407612,2027-04-26,251,USD,2
407612,2027-04-27,251,USD,2
407612,2027-04-28,251,USD,2
407612,2027-04-29,303,USD,2
407612,2027-04-30,354,USD,2
407612,2027-05-01,354,USD,2
407612,2027-05-02,303,USD,2
407612,2027-05-03,251,USD,2
407612,2027-05-04,251,USD,2
407612,2027-05-05,251,USD,2
407612,2027-05-06,439,USD,2
407612,2027-05-07,590,USD,2
407612,2027-05-08,590,USD,2
407612,2027-05-09,442,USD,2
407612,2027-05-10,255,USD,2
407612,2027-05-11,255,USD,2
407612,2027-05-12,256,USD,2
407612,2027-05-13,426,USD,2
407612,2027-05-14,577,USD,2
407612,2027-05-15,581,USD,2
407612,2027-05-16,431,USD,2
407612,2027-05-17,273,USD,2
407612,2027-05-18,275,USD,2
407612,2027-05-19,275,USD,2
407612,2027-05-20,439,USD,2
407612,2027-05-21,593,USD,2
407612,2027-05-22,628,USD,2
407612,2027-05-23,473,USD,2
407612,2027-05-24,279,USD,2
407612,2027-05-25,280,USD,2
407612,2027-05-26,281,USD,2
407612,2027-05-27,511,USD,2
407612,2027-05-28,851,USD,2
407612,2027-05-29,855,USD,2
407612,2027-05-30,546,USD,2
407612,2027-05-31,378,USD,2
407612,2027-06-01,285,USD,2
407612,2027-06-02,273,USD,2
407612,2027-06-03,435,USD,2
407612,2027-06-04,583,USD,2
407612,2027-06-05,583,USD,2
407612,2027-06-06,440,USD,2
407612,2027-06-07,279,USD,2
407612,2027-06-08,279,USD,2
407612,2027-06-09,280,USD,2
407612,2027-06-10,449,USD,2
407612,2027-06-11,598,USD,2
407612,2027-06-12,602,USD,2
407612,2027-06-13,688,USD,2
407612,2027-06-14,503,USD,2
407612,2027-06-15,525,USD,2
407612,2027-06-16,530,USD,2
407612,2027-06-17,465,USD,2
407612,2027-06-18,617,USD,2
407612,2027-06-19,618,USD,2
407612,2027-06-20,471,USD,2
407612,2027-06-21,302,USD,2
407612,2027-06-22,320,USD,2
407612,2027-06-23,304,USD,2
407612,2027-06-24,479,USD,2
407612,2027-06-25,670,USD,2
407612,2027-06-26,706,USD,2
407612,2027-06-27,543,USD,2
407612,2027-06-28,351,USD,2
407612,2027-06-29,353,USD,2
407612,2027-06-30,355,USD,2
407612,2027-07-01,503,USD,2
407612,2027-07-02,1128,USD,2
407612,2027-07-03,1133,USD,2
407612,2027-07-04,562,USD,2
407612,2027-07-05,394,USD,2
407612,2027-07-06,395,USD,2
407612,2027-07-07,395,USD,2
407612,2027-07-08,706,USD,2
407612,2027-07-09,1049,USD,2
407612,2027-07-10,1052,USD,2
407612,2027-07-11,712,USD,2
407612,2027-07-12,406,USD,2
407612,2027-07-13,408,USD,2
407612,2027-07-14,430,USD,2
407612,2027-07-15,721,USD,2
407612,2027-07-16,1068,USD,2
407612,2027-07-17,1068,USD,2
407612,2027-07-18,721,USD,2
407612,2027-07-19,410,USD,2
407612,2027-07-20,410,USD,2
407612,2027-07-21,410,USD,2
407612,2027-07-22,721,USD,2
407612,2027-07-23,1068,USD,2
407612,2027-07-24,1068,USD,2
407612,2027-07-25,721,USD,2
407612,2027-07-26,410,USD,2
407612,2027-07-27,410,USD,2
407612,2027-07-28,410,USD,2
407612,2027-07-29,721,USD,2
407612,2027-07-30,1068,USD,2
407612,2027-07-31,1068,USD,2
407612,2027-08-01,721,USD,2
407612,2027-08-02,410,USD,2
407612,2027-08-03,410,USD,2
407612,2027-08-04,410,USD,2
407612,2027-08-05,721,USD,2
407612,2027-08-06,1068,USD,2
407612,2027-08-07,1068,USD,2
407612,2027-08-08,721,USD,2
407612,2027-08-09,373,USD,2
407612,2027-08-10,373,USD,2
407612,2027-08-11,373,USD,2
407612,2027-08-12,654,USD,2
407612,2027-08-13,969,USD,2
407612,2027-08-14,969,USD,2
407612,2027-08-15,654,USD,2
407612,2027-08-16,373,USD,2
407612,2027-08-17,373,USD,2
407612,2027-08-18,373,USD,2
407612,2027-08-19,654,USD,2
407612,2027-08-20,969,USD,2
407612,2027-08-21,969,USD,2
407612,2027-08-22,654,USD,2
407612,2027-08-23,373,USD,2
407612,2027-08-24,373,USD,2
407612,2027-08-25,373,USD,2
407612,2027-08-26,689,USD,2
407612,2027-08-27,1021,USD,2
407612,2027-08-28,1021,USD,2
407612,2027-08-29,689,USD,2
407612,2027-08-30,393,USD,2
407612,2027-08-31,393,USD,2
407612,2027-09-01,393,USD,2
407612,2027-09-02,509,USD,2
407612,2027-09-03,791,USD,2
407612,2027-09-04,791,USD,2
407612,2027-09-05,534,USD,2
407612,2027-09-06,400,USD,2
407612,2027-09-07,333,USD,2
407612,2027-09-08,333,USD,2
407612,2027-09-09,509,USD,2
407612,2027-09-10,659,USD,2
407612,2027-09-11,659,USD,2
407612,2027-09-12,509,USD,2
407612,2027-09-13,333,USD,2
407612,2027-09-14,333,USD,2
407612,2027-09-15,333,USD,2
407612,2027-09-16,509,USD,2
407612,2027-09-17,659,USD,2
407612,2027-09-18,659,USD,2
407612,2027-09-19,509,USD,2
407612,2027-09-20,333,USD,2
407612,2027-09-21,333,USD,2
407612,2027-09-22,333,USD,2
407612,2027-09-23,509,USD,2
407612,2027-09-24,659,USD,2
407612,2027-09-25,659,USD,2
407612,2027-09-26,509,USD,2
407612,2027-09-27,333,USD,2
407612,2027-09-28,333,USD,2
407612,2027-09-29,333,USD,2
407612,2027-09-30,509,USD,2
407612,2027-01-04,195,USD,2
407612,2027-01-05,195,USD,2
407612,2027-01-06,209,USD,2
407612,2027-01-07,292,USD,2
407612,2027-01-08,362,USD,2
407612,2027-01-09,362,USD,2
407612,2027-01-01,370,USD,2
407612,2027-01-02,370,USD,2
407612,2027-10-01,659,USD,2
407612,2027-10-02,659,USD,2
407612,2027-10-03,509,USD,2
407612,2027-10-04,333,USD,2
407612,2027-10-05,333,USD,2
407612,2027-10-06,333,USD,2
407612,2027-10-07,509,USD,2
407612,2027-10-08,659,USD,2
407612,2027-10-09,659,USD,2
407612,2027-10-10,509,USD,2
407612,2027-10-11,333,USD,2
407612,2027-10-12,333,USD,2
407612,2027-10-13,333,USD,2
407612,2027-10-14,509,USD,2
407612,2027-10-15,659,USD,2
407612,2027-10-16,659,USD,2
407612,2027-10-17,509,USD,2
407612,2027-10-18,333,USD,2
407612,2027-10-19,333,USD,2
407612,2027-10-20,333,USD,2
407612,2027-10-21,509,USD,2
407612,2027-10-22,659,USD,2
407612,2027-10-23,659,USD,2
407612,2027-10-24,509,USD,2
407612,2027-10-25,333,USD,2
407612,2027-10-26,333,USD,2
407612,2027-10-27,333,USD,2
407612,2027-10-28,509,USD,2
407612,2027-10-29,659,USD,2
407612,2027-10-30,659,USD,2
407612,2027-10-31,509,USD,2
407612,2027-11-01,240,USD,2
407612,2027-11-02,240,USD,2
407612,2027-11-03,240,USD,2
407612,2027-11-04,309,USD,2
407612,2027-11-05,374,USD,2
407612,2027-11-06,374,USD,2
407612,2027-11-07,309,USD,2
407612,2027-11-08,240,USD,2
407612,2027-11-09,240,USD,2
407612,2027-11-10,240,USD,2
407612,2027-11-11,309,USD,2
407612,2027-11-12,374,USD,2
407612,2027-11-13,374,USD,2
407612,2027-11-14,309,USD,2
407612,2027-11-15,240,USD,2
407612,2027-11-16,240,USD,2
407612,2027-11-17,240,USD,2
407612,2027-11-18,309,USD,2
407612,2027-11-19,374,USD,2
407612,2027-11-20,374,USD,2
407612,2027-11-21,309,USD,2
407612,2027-11-22,240,USD,2
407612,2027-11-23,240,USD,2
407612,2027-11-24,240,USD,2
407612,2027-11-25,525,USD,2
407612,2027-11-26,636,USD,2
407612,2027-11-27,636,USD,2
407612,2027-11-28,433,USD,2
407612,2027-11-29,219,USD,2
407612,2027-11-30,219,USD,2
407612,2027-12-01,219,USD,2
407612,2027-12-02,259,USD,2
407612,2027-12-03,287,USD,2
407612,2027-12-04,287,USD,2
407612,2027-12-05,259,USD,2
407612,2027-12-06,219,USD,2
407612,2027-12-07,219,USD,2
407612,2027-12-08,219,USD,2
407612,2027-12-09,259,USD,2
407612,2027-12-10,287,USD,2
407612,2027-12-11,287,USD,2
407612,2027-12-12,259,USD,2
407612,2027-12-13,219,USD,2
407612,2027-12-14,219,USD,2
407612,2027-12-15,219,USD,2
407612,2027-12-16,259,USD,2
407612,2027-12-17,431,USD,2
407612,2027-12-18,431,USD,2
407612,2027-12-19,389,USD,2
407612,2027-12-20,329,USD,2
407612,2027-12-21,329,USD,2
407612,2027-12-22,329,USD,2
407612,2027-12-23,389,USD,2
407612,2027-12-24,1005,USD,2
407612,2027-12-25,1005,USD,2
407612,2027-12-26,1005,USD,2
407612,2027-12-27,219,USD,2
407612,2027-12-28,219,USD,2
407612,2027-12-29,219,USD,2
407612,2027-12-30,1105,USD,2
407612,2027-12-31,1105,USD,2
407612,2028-01-01,1105,USD,2
407612,2028-01-02,552,USD,2
407612,2028-01-03,288,USD,2
407612,2028-01-04,288,USD,2
407612,2028-01-05,288,USD,2
407612,2028-01-06,371,USD,2
407612,2028-01-07,449,USD,2
407612,2028-01-08,449,USD,2
407612,2028-01-09,371,USD,2
467334,2026-09-24,470,USD,1
467334,2026-09-25,915,USD,2
467334,2026-09-26,915,USD,2
467334,2026-10-01,360,USD,1
467334,2026-10-04,349,USD,1
467334,2026-10-05,236,USD,1
467334,2026-10-06,236,USD,1
467334,2026-10-07,270,USD,1
467334,2026-10-08,360,USD,1
467334,2026-10-09,378,USD,2
467334,2026-10-10,378,USD,2
467334,2026-10-11,360,USD,1
467334,2026-10-12,270,USD,1
467334,2026-10-13,270,USD,1
467334,2026-10-14,270,USD,1
467334,2026-10-29,360,USD,2
467334,2026-10-30,476,USD,2
467334,2026-10-31,476,USD,2
467334,2026-11-01,303,USD,2
467334,2026-11-02,225,USD,2
467334,2026-11-03,225,USD,2
467334,2026-11-04,225,USD,2
467334,2026-11-05,364,USD,2
467334,2026-11-06,492,USD,2
467334,2026-11-07,409,USD,2
467334,2026-11-08,264,USD,2
467334,2026-11-09,302,USD,2
467334,2026-11-10,302,USD,2
467334,2026-11-16,285,USD,2
467334,2026-11-17,225,USD,2
467334,2026-11-18,225,USD,2
467334,2026-11-19,264,USD,2
467334,2026-11-20,308,USD,2
467334,2026-11-21,514,USD,2
467334,2026-11-22,330,USD,2
467334,2026-11-23,288,USD,2
467334,2026-11-24,288,USD,2
467334,2026-11-25,288,USD,2
467334,2026-11-26,492,USD,2
467334,2026-11-27,514,USD,2
467334,2026-11-28,405,USD,2
467334,2026-11-29,329,USD,2
467334,2026-11-30,225,USD,2
467334,2026-12-01,225,USD,2
467334,2026-12-02,225,USD,2
467334,2026-12-03,329,USD,2
467334,2026-12-04,441,USD,2
467334,2026-12-05,441,USD,2
467334,2026-12-06,329,USD,2
467334,2026-12-07,225,USD,2
467334,2026-12-08,225,USD,2
467334,2026-12-09,225,USD,2
467334,2026-12-10,329,USD,2
467334,2026-12-11,441,USD,2
467334,2026-12-12,441,USD,2
467334,2026-12-13,329,USD,2
467334,2026-12-14,225,USD,2
467334,2026-12-15,225,USD,2
467334,2026-12-16,225,USD,2
467334,2026-12-17,329,USD,2
467334,2026-12-18,399,USD,2
467334,2026-12-19,399,USD,2
467334,2026-12-20,329,USD,2
467334,2026-12-21,225,USD,2
467334,2026-12-22,225,USD,2
467334,2026-12-23,225,USD,2
467334,2026-12-24,641,USD,2
467334,2026-12-25,548,USD,2
467334,2026-12-26,548,USD,2
467334,2026-12-27,383,USD,2
467334,2026-12-28,302,USD,2
467334,2026-12-29,225,USD,2
467334,2026-12-30,670,USD,2
467334,2026-12-31,785,USD,2
467334,2027-01-01,456,USD,2
467334,2027-01-02,456,USD,2
467334,2027-01-03,395,USD,2
467334,2027-01-04,225,USD,2
467334,2027-01-05,225,USD,2
467334,2027-01-06,225,USD,2
467334,2027-01-07,395,USD,2
467334,2027-01-08,456,USD,2
467334,2027-01-09,456,USD,2
467334,2027-01-10,553,USD,2
467334,2027-01-11,279,USD,2
467334,2027-01-12,279,USD,2
467334,2027-01-13,279,USD,2
467334,2027-01-14,364,USD,2
467334,2027-01-15,470,USD,2
467334,2027-01-16,421,USD,2
467334,2027-01-17,558,USD,2
467334,2027-01-18,346,USD,2
467334,2027-01-19,279,USD,2
467334,2027-01-20,279,USD,2
467334,2027-01-21,395,USD,2
467334,2027-01-22,456,USD,2
467334,2027-01-23,456,USD,2
467334,2027-01-24,474,USD,2
467334,2027-01-25,279,USD,2
467334,2027-01-26,279,USD,2
467334,2027-01-27,279,USD,2
467334,2027-01-28,395,USD,2
467334,2027-01-29,456,USD,2
467334,2027-01-30,456,USD,2
467334,2027-01-31,474,USD,2
467334,2027-02-01,279,USD,2
467334,2027-02-02,279,USD,2
467334,2027-02-03,279,USD,2
467334,2027-02-04,395,USD,2
467334,2027-02-05,456,USD,2
467334,2027-02-06,456,USD,2
467334,2027-02-07,474,USD,2
467334,2027-02-08,279,USD,2
467334,2027-02-09,279,USD,2
467334,2027-02-10,279,USD,2
467334,2027-02-11,395,USD,2
467334,2027-02-12,703,USD,2
467334,2027-02-13,553,USD,2
467334,2027-02-14,830,USD,2
467334,2027-02-15,385,USD,2
467334,2027-02-16,279,USD,2
467334,2027-02-17,279,USD,2
467334,2027-02-18,395,USD,2
467334,2027-02-19,456,USD,2
467334,2027-02-20,456,USD,2
467334,2027-02-21,474,USD,2
467334,2027-02-22,279,USD,2
467334,2027-02-23,279,USD,2
467334,2027-02-24,279,USD,2
467334,2027-02-25,395,USD,2
467334,2027-02-26,456,USD,2
467334,2027-02-27,456,USD,2
467334,2027-02-28,395,USD,2
467334,2027-03-01,322,USD,2
467334,2027-03-02,322,USD,2
467334,2027-03-03,322,USD,2
467334,2027-03-04,498,USD,2
467334,2027-03-05,628,USD,2
467334,2027-03-06,628,USD,2
467334,2027-03-07,498,USD,2
467334,2027-03-08,322,USD,2
467334,2027-03-09,322,USD,2
467334,2027-03-10,322,USD,2
467334,2027-03-11,498,USD,2
467334,2027-03-12,754,USD,2
467334,2027-03-13,754,USD,2
467334,2027-03-14,498,USD,2
467334,2027-03-15,322,USD,2
467334,2027-03-16,322,USD,2
467334,2027-03-17,322,USD,2
467334,2027-03-18,498,USD,2
467334,2027-03-19,754,USD,2
467334,2027-03-20,754,USD,2
467334,2027-03-21,498,USD,2
467334,2027-03-22,322,USD,2
467334,2027-03-23,322,USD,2
467334,2027-03-24,322,USD,2
467334,2027-03-25,498,USD,2
467334,2027-03-26,901,USD,2
467334,2027-03-27,901,USD,2
467334,2027-03-28,720,USD,2
467334,2027-03-29,524,USD,2
467334,2027-03-30,524,USD,2
467334,2027-03-31,524,USD,2
467334,2027-04-01,972,USD,2
467334,2027-04-02,1164,USD,2
467334,2027-04-03,1164,USD,2
467334,2027-04-04,972,USD,2
467334,2027-04-05,688,USD,2
467334,2027-04-06,688,USD,2
467334,2027-04-07,688,USD,2
467334,2027-04-08,765,USD,2
467334,2027-04-09,915,USD,2
467334,2027-04-10,915,USD,2
467334,2027-04-11,765,USD,2
467334,2027-04-12,365,USD,2
467334,2027-04-13,365,USD,2
467334,2027-04-14,365,USD,2
467334,2027-04-15,533,USD,2
467334,2027-04-16,636,USD,2
467334,2027-04-17,636,USD,2
467334,2027-04-18,533,USD,2
467334,2027-04-19,365,USD,2
467334,2027-04-20,365,USD,2
467334,2027-04-21,365,USD,2
467334,2027-04-22,533,USD,2
467334,2027-04-23,636,USD,2
467334,2027-04-24,636,USD,2
467334,2027-04-25,574,USD,2
467334,2027-04-26,399,USD,2
467334,2027-04-27,399,USD,2
467334,2027-04-28,399,USD,2
467334,2027-04-29,574,USD,2
467334,2027-04-30,680,USD,2
467334,2027-05-01,680,USD,2
467334,2027-05-02,533,USD,2
467334,2027-05-03,365,USD,2
467334,2027-05-04,365,USD,2
467334,2027-05-05,365,USD,2
467334,2027-05-06,779,USD,2
467334,2027-05-07,1157,USD,2
467334,2027-05-08,1157,USD,2
467334,2027-05-09,953,USD,2
467334,2027-05-10,589,USD,2
467334,2027-05-11,592,USD,2
467334,2027-05-12,593,USD,2
467334,2027-05-13,915,USD,2
467334,2027-05-14,1126,USD,2
467334,2027-05-15,1127,USD,2
467334,2027-05-16,922,USD,2
467334,2027-05-17,497,USD,2
467334,2027-05-18,502,USD,2
467334,2027-05-19,502,USD,2
467334,2027-05-20,769,USD,2
467334,2027-05-21,953,USD,2
467334,2027-05-22,957,USD,2
467334,2027-05-23,779,USD,2
467334,2027-05-24,511,USD,2
467334,2027-05-25,514,USD,2
467334,2027-05-26,517,USD,2
467334,2027-05-27,879,USD,2
467334,2027-05-28,1349,USD,2
467334,2027-05-29,1352,USD,2
467334,2027-05-30,938,USD,2
467334,2027-05-31,676,USD,2
467334,2027-06-01,513,USD,2
467334,2027-06-02,489,USD,2
467334,2027-06-03,787,USD,2
467334,2027-06-04,969,USD,2
467334,2027-06-05,972,USD,2
467334,2027-06-06,795,USD,2
467334,2027-06-07,498,USD,2
467334,2027-06-08,500,USD,2
467334,2027-06-09,501,USD,2
467334,2027-06-10,765,USD,2
467334,2027-06-11,938,USD,2
467334,2027-06-12,946,USD,2
467334,2027-06-13,1174,USD,2
467334,2027-06-14,875,USD,2
467334,2027-06-15,920,USD,2
467334,2027-06-16,928,USD,2
467334,2027-06-17,785,USD,2
467334,2027-06-18,962,USD,2
467334,2027-06-19,969,USD,2
467334,2027-06-20,795,USD,2
467334,2027-06-21,530,USD,2
467334,2027-06-22,555,USD,2
467334,2027-06-23,533,USD,2
467334,2027-06-24,806,USD,2
467334,2027-06-25,1042,USD,2
467334,2027-06-26,1100,USD,2
467334,2027-06-27,908,USD,2
467334,2027-06-28,604,USD,2
467334,2027-06-29,606,USD,2
467334,2027-06-30,608,USD,2
467334,2027-07-01,835,USD,2
467334,2027-07-02,1561,USD,2
467334,2027-07-03,1565,USD,2
467334,2027-07-04,929,USD,2
467334,2027-07-05,555,USD,2
467334,2027-07-06,560,USD,2
467334,2027-07-07,562,USD,2
467334,2027-07-08,921,USD,2
467334,2027-07-09,1450,USD,2
467334,2027-07-10,1454,USD,2
467334,2027-07-11,928,USD,2
467334,2027-07-12,571,USD,2
467334,2027-07-13,572,USD,2
467334,2027-07-14,604,USD,2
467334,2027-07-15,938,USD,2
467334,2027-07-16,1472,USD,2
467334,2027-07-17,1472,USD,2
467334,2027-07-18,938,USD,2
467334,2027-07-19,575,USD,2
467334,2027-07-20,575,USD,2
467334,2027-07-21,575,USD,2
467334,2027-07-22,938,USD,2
467334,2027-07-23,1472,USD,2
467334,2027-07-24,1472,USD,2
467334,2027-07-25,938,USD,2
467334,2027-07-26,575,USD,2
467334,2027-07-27,575,USD,2
467334,2027-07-28,575,USD,2
467334,2027-07-29,938,USD,2
467334,2027-07-30,1472,USD,2
467334,2027-07-31,1472,USD,2
467334,2027-08-01,938,USD,2
467334,2027-08-02,575,USD,2
467334,2027-08-03,575,USD,2
467334,2027-08-04,575,USD,2
467334,2027-08-05,938,USD,2
467334,2027-08-06,1472,USD,2
467334,2027-08-07,1472,USD,2
467334,2027-08-08,938,USD,2
467334,2027-08-09,523,USD,2
467334,2027-08-10,523,USD,2
467334,2027-08-11,523,USD,2
467334,2027-08-12,852,USD,2
467334,2027-08-13,1336,USD,2
467334,2027-08-14,1336,USD,2
467334,2027-08-15,852,USD,2
467334,2027-08-16,523,USD,2
467334,2027-08-17,523,USD,2
467334,2027-08-18,523,USD,2
467334,2027-08-19,852,USD,2
467334,2027-08-20,1336,USD,2
467334,2027-08-21,1336,USD,2
467334,2027-08-22,852,USD,2
467334,2027-08-23,523,USD,2
467334,2027-08-24,523,USD,2
467334,2027-08-25,523,USD,2
467334,2027-08-26,897,USD,2
467334,2027-08-27,1407,USD,2
467334,2027-08-28,1407,USD,2
467334,2027-08-29,897,USD,2
467334,2027-08-30,551,USD,2
467334,2027-08-31,551,USD,2
467334,2027-09-01,551,USD,2
467334,2027-09-02,836,USD,2
467334,2027-09-03,1216,USD,2
467334,2027-09-04,1216,USD,2
467334,2027-09-05,877,USD,2
467334,2027-09-06,671,USD,2
467334,2027-09-07,559,USD,2
467334,2027-09-08,559,USD,2
467334,2027-09-09,836,USD,2
467334,2027-09-10,1014,USD,2
467334,2027-09-11,1014,USD,2
467334,2027-09-12,836,USD,2
467334,2027-09-13,559,USD,2
467334,2027-09-14,559,USD,2
467334,2027-09-15,559,USD,2
467334,2027-09-16,836,USD,2
467334,2027-09-17,1014,USD,2
467334,2027-09-18,1014,USD,2
467334,2027-09-19,836,USD,2
467334,2027-09-20,559,USD,2
467334,2027-09-21,559,USD,2
467334,2027-09-22,559,USD,2
467334,2027-09-23,836,USD,2
467334,2027-09-24,1115,USD,2
467334,2027-09-25,1115,USD,2
467334,2027-09-26,919,USD,2
467334,2027-09-27,615,USD,2
467334,2027-09-28,615,USD,2
467334,2027-09-29,615,USD,2
467334,2027-09-30,919,USD,2
467334,2027-10-01,1115,USD,2
467334,2027-10-02,1115,USD,2
467334,2027-10-03,919,USD,2
467334,2027-10-04,559,USD,2
467334,2027-10-05,559,USD,2
467334,2027-10-06,559,USD,2
467334,2027-10-07,836,USD,2
467334,2027-10-08,1014,USD,2
467334,2027-10-09,1014,USD,2
467334,2027-10-10,836,USD,2
467334,2027-10-11,559,USD,2
467334,2027-10-12,559,USD,2
467334,2027-10-13,559,USD,2
467334,2027-10-14,836,USD,2
467334,2027-10-15,1014,USD,2
467334,2027-10-16,1014,USD,2
467334,2027-10-17,836,USD,2
467334,2027-10-18,559,USD,2
467334,2027-10-19,559,USD,2
467334,2027-10-20,559,USD,2
467334,2027-10-21,836,USD,2
467334,2027-10-22,1014,USD,2
467334,2027-10-23,1014,USD,2
467334,2027-10-24,836,USD,2
467334,2027-10-25,559,USD,2
467334,2027-10-26,559,USD,2
467334,2027-10-27,559,USD,2
467334,2027-10-28,836,USD,2
467334,2027-10-29,1014,USD,2
467334,2027-10-30,1014,USD,2
467334,2027-10-31,836,USD,2
467334,2027-11-01,316,USD,2
467334,2027-11-02,316,USD,2
467334,2027-11-03,316,USD,2
467334,2027-11-04,377,USD,2
467334,2027-11-05,454,USD,2
467334,2027-11-06,377,USD,2
467334,2027-11-07,531,USD,2
467334,2027-11-08,316,USD,2
467334,2027-11-09,316,USD,2
467334,2027-11-10,316,USD,2
467334,2027-11-11,377,USD,2
467334,2027-11-12,454,USD,2
467334,2027-11-13,377,USD,2
467334,2027-11-14,531,USD,2
467334,2027-11-15,316,USD,2
467334,2027-11-16,316,USD,2
467334,2027-11-17,316,USD,2
467334,2027-11-18,377,USD,2
467334,2027-11-19,454,USD,2
467334,2027-11-20,377,USD,2
467334,2027-11-21,531,USD,2
467334,2027-11-22,316,USD,2
467334,2027-11-23,316,USD,2
467334,2027-11-24,316,USD,2
467334,2027-11-25,642,USD,2
467334,2027-11-26,772,USD,2
467334,2027-11-27,642,USD,2
467334,2027-11-28,744,USD,2
467334,2027-11-29,263,USD,2
467334,2027-11-30,263,USD,2
467334,2027-12-01,263,USD,2
467334,2027-12-02,335,USD,2
467334,2027-12-03,407,USD,2
467334,2027-12-04,407,USD,2
467334,2027-12-05,335,USD,2
467334,2027-12-06,263,USD,2
467334,2027-12-07,263,USD,2
467334,2027-12-08,263,USD,2
467334,2027-12-09,335,USD,2
467334,2027-12-10,407,USD,2
467334,2027-12-11,407,USD,2
467334,2027-12-12,335,USD,2
467334,2027-12-13,263,USD,2
467334,2027-12-14,263,USD,2
467334,2027-12-15,263,USD,2
467334,2027-12-16,335,USD,2
467334,2027-12-17,611,USD,2
467334,2027-12-18,611,USD,2
467334,2027-12-19,502,USD,2
467334,2027-12-20,394,USD,2
467334,2027-12-21,394,USD,2
467334,2027-12-22,394,USD,2
467334,2027-12-23,502,USD,2
467334,2027-12-24,1425,USD,2
467334,2027-12-25,1425,USD,2
467334,2027-12-26,1425,USD,2
467334,2027-12-27,263,USD,2
467334,2027-12-28,263,USD,2
467334,2027-12-29,263,USD,2
467334,2027-12-30,1567,USD,2
467334,2027-12-31,1567,USD,2
467334,2028-01-01,1567,USD,2
467334,2028-01-02,784,USD,2
467334,2028-01-03,379,USD,2
467334,2028-01-04,379,USD,2
467334,2028-01-05,379,USD,2
467334,2028-01-06,453,USD,2
467334,2028-01-07,545,USD,2
467334,2028-01-08,453,USD,2
467334,2028-01-09,638,USD,2
467334,2026-10-02,381,USD,2
467334,2026-10-03,381,USD,2
467334,2026-09-28,236,USD,1
467334,2026-09-29,236,USD,1
467334,2026-09-30,236,USD,1
467334,2026-09-27,220,USD,1
467334,2026-11-11,225,USD,2
467334,2026-11-12,264,USD,2
467334,2026-11-15,304,USD,2
467334,2026-11-13,476,USD,2
467334,2026-11-14,476,USD,2
467334,2026-10-23,556,USD,2
467334,2026-10-24,613,USD,2
467334,2026-10-22,339,USD,2
467334,2026-10-19,288,USD,2
467334,2026-10-20,288,USD,2
467334,2026-10-21,288,USD,2
467334,2026-10-26,270,USD,1
467334,2026-10-27,270,USD,1
467334,2026-10-28,270,USD,1
467334,2026-10-25,360,USD,1
467334,2026-10-16,549,USD,2
467334,2026-10-17,549,USD,2
467334,2026-10-18,381,USD,2
467334,2026-10-15,360,USD,1
510832,2026-09-24,685,USD,1
510832,2026-09-25,502,USD,1
510832,2026-09-26,825,USD,2
510832,2026-09-27,555,USD,2
510832,2026-09-28,407,USD,2
510832,2026-09-29,523,USD,1
510832,2026-09-30,476,USD,1
510832,2026-10-01,480,USD,1
510832,2026-10-02,533,USD,2
510832,2026-10-03,586,USD,2
510832,2026-10-04,453,USD,1
510832,2026-10-05,360,USD,1
510832,2026-10-06,360,USD,1
510832,2026-10-07,360,USD,1
510832,2026-10-08,765,USD,1
510832,2026-10-09,760,USD,2
510832,2026-10-10,760,USD,2
510832,2026-10-11,701,USD,2
510832,2026-10-12,360,USD,1
510832,2026-10-13,360,USD,1
510832,2026-10-14,360,USD,1
510832,2026-10-15,480,USD,1
510832,2026-10-16,751,USD,2
510832,2026-10-17,751,USD,2
510832,2026-10-18,480,USD,1
510832,2026-10-19,360,USD,1
510832,2026-10-20,360,USD,1
510832,2026-10-21,360,USD,1
510832,2026-10-22,480,USD,1
510832,2026-10-23,966,USD,2
510832,2026-10-24,1177,USD,2
510832,2026-10-25,480,USD,1
510832,2026-10-26,797,USD,2
510832,2026-10-27,797,USD,2
510832,2026-10-28,360,USD,1
510832,2026-10-29,480,USD,2
510832,2026-10-30,994,USD,2
510832,2026-10-31,994,USD,2
510832,2026-11-01,618,USD,2
510832,2026-11-02,315,USD,2
510832,2026-11-03,315,USD,2
510832,2026-11-04,315,USD,2
510832,2026-11-05,341,USD,2
510832,2026-11-06,604,USD,2
510832,2026-11-07,604,USD,2
510832,2026-11-08,325,USD,2
510832,2026-11-09,328,USD,2
510832,2026-11-10,328,USD,2
510832,2026-11-11,328,USD,2
510832,2026-11-12,450,USD,2
510832,2026-11-13,760,USD,2
510832,2026-11-14,760,USD,2
510832,2026-11-15,496,USD,2
510832,2026-11-16,370,USD,2
510832,2026-11-17,328,USD,2
510832,2026-11-18,328,USD,2
510832,2026-11-19,325,USD,2
510832,2026-11-20,494,USD,2
510832,2026-11-21,543,USD,2
510832,2026-11-22,325,USD,2
510832,2026-11-23,328,USD,2
510832,2026-11-24,328,USD,2
510832,2026-11-25,328,USD,2
510832,2026-11-26,652,USD,2
510832,2026-11-27,715,USD,2
510832,2026-11-28,715,USD,2
510832,2026-11-29,361,USD,2
510832,2026-11-30,328,USD,2
510832,2026-12-01,359,USD,2
510832,2026-12-02,359,USD,2
510832,2026-12-03,521,USD,2
510832,2026-12-04,784,USD,2
510832,2026-12-05,744,USD,2
510832,2026-12-06,494,USD,2
510832,2026-12-07,359,USD,2
510832,2026-12-08,359,USD,2
510832,2026-12-09,359,USD,2
510832,2026-12-10,494,USD,2
510832,2026-12-11,744,USD,2
510832,2026-12-12,744,USD,2
510832,2026-12-13,494,USD,2
510832,2026-12-14,359,USD,2
510832,2026-12-15,359,USD,2
510832,2026-12-16,359,USD,2
510832,2026-12-17,494,USD,2
510832,2026-12-18,794,USD,2
510832,2026-12-19,794,USD,2
510832,2026-12-20,719,USD,2
510832,2026-12-21,535,USD,2
510832,2026-12-22,535,USD,2
510832,2026-12-23,535,USD,2
510832,2026-12-24,1307,USD,2
510832,2026-12-25,1117,USD,2
510832,2026-12-26,1117,USD,2
510832,2026-12-27,719,USD,2
510832,2026-12-28,535,USD,2
510832,2026-12-29,535,USD,2
510832,2026-12-30,1284,USD,2
510832,2026-12-31,1502,USD,2
510832,2027-01-01,1295,USD,2
510832,2027-01-02,1295,USD,2
510832,2027-01-03,870,USD,2
510832,2027-01-04,394,USD,2
510832,2027-01-05,394,USD,2
510832,2027-01-06,394,USD,2
510832,2027-01-07,496,USD,2
510832,2027-01-08,614,USD,2
510832,2027-01-09,614,USD,2
510832,2027-01-10,496,USD,2
510832,2027-01-11,394,USD,2
510832,2027-01-12,394,USD,2
510832,2027-01-13,394,USD,2
510832,2027-01-14,436,USD,2
510832,2027-01-15,713,USD,2
510832,2027-01-16,713,USD,2
510832,2027-01-17,575,USD,2
510832,2027-01-18,440,USD,2
510832,2027-01-19,394,USD,2
510832,2027-01-20,394,USD,2
510832,2027-01-21,433,USD,2
510832,2027-01-22,529,USD,2
510832,2027-01-23,529,USD,2
510832,2027-01-24,433,USD,2
510832,2027-01-25,394,USD,2
510832,2027-01-26,394,USD,2
510832,2027-01-27,394,USD,2
510832,2027-01-28,433,USD,2
510832,2027-01-29,529,USD,2
510832,2027-01-30,529,USD,2
510832,2027-01-31,433,USD,2
510832,2027-02-01,394,USD,2
510832,2027-02-02,394,USD,2
510832,2027-02-03,394,USD,2
510832,2027-02-04,433,USD,2
510832,2027-02-05,529,USD,2
510832,2027-02-06,529,USD,2
510832,2027-02-07,433,USD,2
510832,2027-02-08,394,USD,2
510832,2027-02-09,394,USD,2
510832,2027-02-10,394,USD,2
510832,2027-02-11,433,USD,2
510832,2027-02-12,929,USD,2
510832,2027-02-13,929,USD,2
510832,2027-02-14,760,USD,2
510832,2027-02-15,474,USD,2
510832,2027-02-16,394,USD,2
510832,2027-02-17,394,USD,2
510832,2027-02-18,433,USD,2
510832,2027-02-19,529,USD,2
510832,2027-02-20,529,USD,2
510832,2027-02-21,433,USD,2
510832,2027-02-22,394,USD,2
510832,2027-02-23,394,USD,2
510832,2027-02-24,394,USD,2
510832,2027-02-25,433,USD,2
510832,2027-02-26,529,USD,2
510832,2027-02-27,529,USD,2
510832,2027-02-28,433,USD,2
510832,2027-03-01,436,USD,2
510832,2027-03-02,436,USD,2
510832,2027-03-03,436,USD,2
510832,2027-03-04,661,USD,2
510832,2027-03-05,785,USD,2
510832,2027-03-06,785,USD,2
510832,2027-03-07,661,USD,2
510832,2027-03-08,436,USD,2
510832,2027-03-09,436,USD,2
510832,2027-03-10,436,USD,2
510832,2027-03-11,661,USD,2
510832,2027-03-12,942,USD,2
510832,2027-03-13,942,USD,2
510832,2027-03-14,661,USD,2
510832,2027-03-15,436,USD,2
510832,2027-03-16,436,USD,2
510832,2027-03-17,436,USD,2
510832,2027-03-18,661,USD,2
510832,2027-03-19,942,USD,2
510832,2027-03-20,942,USD,2
510832,2027-03-21,661,USD,2
510832,2027-03-22,436,USD,2
510832,2027-03-23,436,USD,2
510832,2027-03-24,436,USD,2
510832,2027-03-25,661,USD,2
510832,2027-03-26,785,USD,2
510832,2027-03-27,785,USD,2
510832,2027-03-28,661,USD,2
510832,2027-03-29,436,USD,2
510832,2027-03-30,436,USD,2
510832,2027-03-31,436,USD,2
510832,2027-04-01,905,USD,2
510832,2027-04-02,1077,USD,2
510832,2027-04-03,1077,USD,2
510832,2027-04-04,905,USD,2
510832,2027-04-05,596,USD,2
510832,2027-04-06,596,USD,2
510832,2027-04-07,596,USD,2
510832,2027-04-08,708,USD,2
510832,2027-04-09,848,USD,2
510832,2027-04-10,848,USD,2
510832,2027-04-11,708,USD,2
510832,2027-04-12,465,USD,2
510832,2027-04-13,465,USD,2
510832,2027-04-14,465,USD,2
510832,2027-04-15,708,USD,2
510832,2027-04-16,848,USD,2
510832,2027-04-17,848,USD,2
510832,2027-04-18,708,USD,2
510832,2027-04-19,465,USD,2
510832,2027-04-20,465,USD,2
510832,2027-04-21,465,USD,2
510832,2027-04-22,1020,USD,2
510832,2027-04-23,1214,USD,2
510832,2027-04-24,1214,USD,2
510832,2027-04-25,1020,USD,2
510832,2027-04-26,679,USD,2
510832,2027-04-27,679,USD,2
510832,2027-04-28,679,USD,2
510832,2027-04-29,1020,USD,2
510832,2027-04-30,1214,USD,2
510832,2027-05-01,1214,USD,2
510832,2027-05-02,1020,USD,2
510832,2027-05-03,679,USD,2
510832,2027-05-04,679,USD,2
510832,2027-05-05,679,USD,2
510832,2027-05-06,953,USD,2
510832,2027-05-07,1190,USD,2
510832,2027-05-08,1190,USD,2
510832,2027-05-09,958,USD,2
510832,2027-05-10,590,USD,2
510832,2027-05-11,492,USD,2
510832,2027-05-12,494,USD,2
510832,2027-05-13,924,USD,2
510832,2027-05-14,1157,USD,2
510832,2027-05-15,1161,USD,2
510832,2027-05-16,933,USD,2
510832,2027-05-17,609,USD,2
510832,2027-05-18,611,USD,2
510832,2027-05-19,611,USD,2
510832,2027-05-20,945,USD,2
510832,2027-05-21,1186,USD,2
510832,2027-05-22,1189,USD,2
510832,2027-05-23,958,USD,2
510832,2027-05-24,627,USD,2
510832,2027-05-25,630,USD,2
510832,2027-05-26,633,USD,2
510832,2027-05-27,1083,USD,2
510832,2027-05-28,1677,USD,2
510832,2027-05-29,1688,USD,2
510832,2027-05-30,1144,USD,2
510832,2027-05-31,825,USD,2
510832,2027-06-01,627,USD,2
510832,2027-06-02,600,USD,2
510832,2027-06-03,915,USD,2
510832,2027-06-04,1145,USD,2
510832,2027-06-05,1147,USD,2
510832,2027-06-06,928,USD,2
510832,2027-06-07,612,USD,2
510832,2027-06-08,614,USD,2
510832,2027-06-09,617,USD,2
510832,2027-06-10,939,USD,2
510832,2027-06-11,1172,USD,2
510832,2027-06-12,1174,USD,2
510832,2027-06-13,1432,USD,2
510832,2027-06-14,1074,USD,2
510832,2027-06-15,1137,USD,2
510832,2027-06-16,1138,USD,2
510832,2027-06-17,962,USD,2
510832,2027-06-18,1197,USD,2
510832,2027-06-19,1200,USD,2
510832,2027-06-20,973,USD,2
510832,2027-06-21,646,USD,2
510832,2027-06-22,685,USD,2
510832,2027-06-23,649,USD,2
510832,2027-06-24,1089,USD,2
510832,2027-06-25,1429,USD,2
510832,2027-06-26,1506,USD,2
510832,2027-06-27,1221,USD,2
510832,2027-06-28,740,USD,2
510832,2027-06-29,742,USD,2
510832,2027-06-30,747,USD,2
510832,2027-07-01,1126,USD,2
510832,2027-07-02,2046,USD,2
510832,2027-07-03,2052,USD,2
510832,2027-07-04,1250,USD,2
510832,2027-07-05,722,USD,2
510832,2027-07-06,725,USD,2
510832,2027-07-07,728,USD,2
510832,2027-07-08,1138,USD,2
510832,2027-07-09,1900,USD,2
510832,2027-07-10,1903,USD,2
510832,2027-07-11,1148,USD,2
510832,2027-07-12,741,USD,2
510832,2027-07-13,743,USD,2
510832,2027-07-14,783,USD,2
510832,2027-07-15,1160,USD,2
510832,2027-07-16,1928,USD,2
510832,2027-07-17,1928,USD,2
510832,2027-07-18,1160,USD,2
510832,2027-07-19,746,USD,2
510832,2027-07-20,746,USD,2
510832,2027-07-21,678,USD,2
510832,2027-07-22,1053,USD,2
510832,2027-07-23,1928,USD,2
510832,2027-07-24,1928,USD,2
510832,2027-07-25,1160,USD,2
510832,2027-07-26,746,USD,2
510832,2027-07-27,746,USD,2
510832,2027-07-28,786,USD,2
510832,2027-07-29,1222,USD,2
510832,2027-07-30,1928,USD,2
510832,2027-07-31,1928,USD,2
510832,2027-08-01,1160,USD,2
510832,2027-08-02,746,USD,2
510832,2027-08-03,746,USD,2
510832,2027-08-04,746,USD,2
510832,2027-08-05,1160,USD,2
510832,2027-08-06,1928,USD,2
510832,2027-08-07,1928,USD,2
510832,2027-08-08,1160,USD,2
510832,2027-08-09,678,USD,2
510832,2027-08-10,678,USD,2
510832,2027-08-11,678,USD,2
510832,2027-08-12,1053,USD,2
510832,2027-08-13,1749,USD,2
510832,2027-08-14,1749,USD,2
510832,2027-08-15,1053,USD,2
510832,2027-08-16,678,USD,2
510832,2027-08-17,678,USD,2
510832,2027-08-18,678,USD,2
510832,2027-08-19,1053,USD,2
510832,2027-08-20,1749,USD,2
510832,2027-08-21,1749,USD,2
510832,2027-08-22,1053,USD,2
510832,2027-08-23,678,USD,2
510832,2027-08-24,678,USD,2
510832,2027-08-25,678,USD,2
510832,2027-08-26,1109,USD,2
510832,2027-08-27,1842,USD,2
510832,2027-08-28,1842,USD,2
510832,2027-08-29,1109,USD,2
510832,2027-08-30,714,USD,2
510832,2027-08-31,714,USD,2
510832,2027-09-01,714,USD,2
510832,2027-09-02,1021,USD,2
510832,2027-09-03,1511,USD,2
510832,2027-09-04,1511,USD,2
510832,2027-09-05,1072,USD,2
510832,2027-09-06,821,USD,2
510832,2027-09-07,684,USD,2
510832,2027-09-08,684,USD,2
510832,2027-09-09,1021,USD,2
510832,2027-09-10,1259,USD,2
510832,2027-09-11,1259,USD,2
510832,2027-09-12,1021,USD,2
510832,2027-09-13,684,USD,2
510832,2027-09-14,684,USD,2
510832,2027-09-15,684,USD,2
510832,2027-09-16,1021,USD,2
510832,2027-09-17,1259,USD,2
510832,2027-09-18,1259,USD,2
510832,2027-09-19,1021,USD,2
510832,2027-09-20,684,USD,2
510832,2027-09-21,684,USD,2
510832,2027-09-22,684,USD,2
510832,2027-09-23,1021,USD,2
510832,2027-09-24,1259,USD,2
510832,2027-09-25,1259,USD,2
510832,2027-09-26,1021,USD,2
510832,2027-09-27,684,USD,2
510832,2027-09-28,684,USD,2
510832,2027-09-29,684,USD,2
510832,2027-09-30,1021,USD,2
510832,2027-10-01,1259,USD,2
510832,2027-10-02,1259,USD,2
510832,2027-10-03,1021,USD,2
510832,2027-10-04,684,USD,2
510832,2027-10-05,684,USD,2
510832,2027-10-06,684,USD,2
510832,2027-10-07,1021,USD,2
510832,2027-10-08,1259,USD,2
510832,2027-10-09,1259,USD,2
510832,2027-10-10,1021,USD,2
510832,2027-10-11,684,USD,2
510832,2027-10-12,684,USD,2
510832,2027-10-13,684,USD,2
510832,2027-10-14,1021,USD,2
510832,2027-10-15,1259,USD,2
510832,2027-10-16,1259,USD,2
510832,2027-10-17,1021,USD,2
510832,2027-10-18,684,USD,2
510832,2027-10-19,684,USD,2
510832,2027-10-20,684,USD,2
510832,2027-10-21,1021,USD,2
510832,2027-10-22,1259,USD,2
510832,2027-10-23,1259,USD,2
510832,2027-10-24,1021,USD,2
510832,2027-10-25,684,USD,2
510832,2027-10-26,684,USD,2
510832,2027-10-27,684,USD,2
510832,2027-10-28,1021,USD,2
510832,2027-10-29,1259,USD,2
510832,2027-10-30,1259,USD,2
510832,2027-10-31,1021,USD,2
510832,2027-11-01,391,USD,2
510832,2027-11-02,391,USD,2
510832,2027-11-03,391,USD,2
510832,2027-11-04,494,USD,2
510832,2027-11-05,1309,USD,2
510832,2027-11-06,1309,USD,2
510832,2027-11-07,1087,USD,2
510832,2027-11-08,391,USD,2
510832,2027-11-09,391,USD,2
510832,2027-11-10,391,USD,2
510832,2027-11-11,494,USD,2
510832,2027-11-12,595,USD,2
510832,2027-11-13,595,USD,2
510832,2027-11-14,494,USD,2
510832,2027-11-15,391,USD,2
510832,2027-11-16,391,USD,2
510832,2027-11-17,391,USD,2
510832,2027-11-18,494,USD,2
510832,2027-11-19,595,USD,2
510832,2027-11-20,595,USD,2
510832,2027-11-21,494,USD,2
510832,2027-11-22,391,USD,2
510832,2027-11-23,391,USD,2
510832,2027-11-24,391,USD,2
510832,2027-11-25,840,USD,2
510832,2027-11-26,1012,USD,2
510832,2027-11-27,1012,USD,2
510832,2027-11-28,692,USD,2
510832,2027-11-29,339,USD,2
510832,2027-11-30,339,USD,2
510832,2027-12-01,339,USD,2
510832,2027-12-02,414,USD,2
510832,2027-12-03,574,USD,2
510832,2027-12-04,574,USD,2
510832,2027-12-05,414,USD,2
510832,2027-12-06,339,USD,2
510832,2027-12-07,339,USD,2
510832,2027-12-08,339,USD,2
510832,2027-12-09,414,USD,2
510832,2027-12-10,574,USD,2
510832,2027-12-11,574,USD,2
510832,2027-12-12,414,USD,2
510832,2027-12-13,339,USD,2
510832,2027-12-14,339,USD,2
510832,2027-12-15,339,USD,2
510832,2027-12-16,414,USD,2
510832,2027-12-17,861,USD,2
510832,2027-12-18,861,USD,2
510832,2027-12-19,621,USD,2
510832,2027-12-20,509,USD,2
510832,2027-12-21,509,USD,2
510832,2027-12-22,509,USD,2
510832,2027-12-23,621,USD,2
510832,2027-12-24,2009,USD,2
510832,2027-12-25,2009,USD,2
510832,2027-12-26,2009,USD,2
510832,2027-12-27,339,USD,2
510832,2027-12-28,339,USD,2
510832,2027-12-29,339,USD,2
510832,2027-12-30,2210,USD,2
510832,2027-12-31,2210,USD,2
510832,2028-01-01,2210,USD,2
510832,2028-01-02,1105,USD,2
510832,2028-01-03,469,USD,2
510832,2028-01-04,469,USD,2
510832,2028-01-05,469,USD,2
510832,2028-01-06,593,USD,2
510832,2028-01-07,714,USD,2
510832,2028-01-08,714,USD,2
510832,2028-01-09,593,USD,2
514132,2026-09-24,466,USD,1
514132,2026-09-25,720,USD,2
514132,2026-09-26,720,USD,2
514132,2026-10-01,400,USD,1
514132,2026-10-04,363,USD,1
514132,2026-10-05,262,USD,1
514132,2026-10-06,262,USD,1
514132,2026-10-07,262,USD,1
514132,2026-10-08,400,USD,1
514132,2026-10-09,374,USD,2
514132,2026-10-10,374,USD,2
514132,2026-10-11,484,USD,2
514132,2026-10-12,353,USD,2
514132,2026-10-13,353,USD,2
514132,2026-10-14,353,USD,2
514132,2026-10-15,484,USD,2
514132,2026-10-16,721,USD,2
514132,2026-10-18,433,USD,2
514132,2026-10-26,471,USD,2
514132,2026-10-27,471,USD,2
514132,2026-10-28,268,USD,2
514132,2026-10-29,453,USD,2
514132,2026-10-30,597,USD,2
514132,2026-10-31,597,USD,2
514132,2026-11-01,250,USD,2
514132,2026-11-02,250,USD,2
514132,2026-11-03,268,USD,2
514132,2026-11-04,268,USD,2
514132,2026-11-05,279,USD,2
514132,2026-11-06,540,USD,2
514132,2026-11-07,540,USD,2
514132,2026-11-08,250,USD,2
514132,2026-11-12,250,USD,2
514132,2026-11-16,250,USD,2
514132,2026-11-17,250,USD,2
514132,2026-11-18,250,USD,2
514132,2026-11-19,250,USD,2
514132,2026-11-20,315,USD,2
514132,2026-11-21,315,USD,2
514132,2026-11-22,250,USD,2
514132,2026-11-23,250,USD,2
514132,2026-11-24,250,USD,2
514132,2026-11-25,250,USD,2
514132,2026-11-26,406,USD,2
514132,2026-11-27,414,USD,2
514132,2026-11-28,414,USD,2
514132,2026-11-29,361,USD,2
514132,2026-11-30,250,USD,2
514132,2026-12-01,250,USD,2
514132,2026-12-02,250,USD,2
514132,2026-12-03,361,USD,2
514132,2026-12-04,460,USD,2
514132,2026-12-05,460,USD,2
514132,2026-12-06,361,USD,2
514132,2026-12-07,250,USD,2
514132,2026-12-08,250,USD,2
514132,2026-12-09,250,USD,2
514132,2026-12-10,361,USD,2
514132,2026-12-11,460,USD,2
514132,2026-12-12,460,USD,2
514132,2026-12-13,361,USD,2
514132,2026-12-14,250,USD,2
514132,2026-12-15,250,USD,2
514132,2026-12-16,250,USD,2
514132,2026-12-17,361,USD,2
514132,2026-12-18,414,USD,2
514132,2026-12-19,414,USD,2
514132,2026-12-20,361,USD,2
514132,2026-12-21,250,USD,2
514132,2026-12-22,250,USD,2
514132,2026-12-23,250,USD,2
514132,2026-12-24,667,USD,2
514132,2026-12-25,570,USD,2
514132,2026-12-26,570,USD,2
514132,2026-12-27,361,USD,2
514132,2026-12-28,250,USD,2
514132,2026-12-29,250,USD,2
514132,2026-12-30,696,USD,2
514132,2026-12-31,814,USD,2
514132,2027-01-01,496,USD,2
514132,2027-01-02,496,USD,2
514132,2027-01-03,433,USD,2
514132,2027-01-04,250,USD,2
514132,2027-01-05,250,USD,2
514132,2027-01-06,250,USD,2
514132,2027-01-07,433,USD,2
514132,2027-01-08,496,USD,2
514132,2027-01-09,496,USD,2
514132,2027-01-10,574,USD,2
514132,2027-01-11,305,USD,2
514132,2027-01-12,305,USD,2
514132,2027-01-13,305,USD,2
514132,2027-01-14,380,USD,2
514132,2027-01-15,466,USD,2
514132,2027-01-16,436,USD,2
514132,2027-01-17,549,USD,2
514132,2027-01-18,368,USD,2
514132,2027-01-19,305,USD,2
514132,2027-01-20,305,USD,2
514132,2027-01-21,433,USD,2
514132,2027-01-22,496,USD,2
514132,2027-01-23,496,USD,2
514132,2027-01-24,494,USD,2
514132,2027-01-25,305,USD,2
514132,2027-01-26,305,USD,2
514132,2027-01-27,305,USD,2
514132,2027-01-28,433,USD,2
514132,2027-01-29,496,USD,2
514132,2027-01-30,496,USD,2
514132,2027-01-31,494,USD,2
514132,2027-02-05,496,USD,2
514132,2027-02-06,496,USD,2
514132,2027-02-07,494,USD,2
514132,2027-02-11,433,USD,2
514132,2027-02-12,730,USD,2
514132,2027-02-15,403,USD,2
514132,2027-02-16,305,USD,2
514132,2027-02-17,305,USD,2
514132,2027-02-18,433,USD,2
514132,2027-02-19,496,USD,2
514132,2027-02-20,496,USD,2
514132,2027-02-21,494,USD,2
514132,2027-02-22,305,USD,2
514132,2027-02-23,305,USD,2
514132,2027-02-24,305,USD,2
514132,2027-02-25,433,USD,2
514132,2027-02-26,496,USD,2
514132,2027-02-27,496,USD,2
514132,2027-02-28,433,USD,2
514132,2027-03-01,337,USD,2
514132,2027-03-02,337,USD,2
514132,2027-03-03,337,USD,2
514132,2027-03-04,519,USD,2
514132,2027-03-05,653,USD,2
514132,2027-03-06,653,USD,2
514132,2027-03-07,519,USD,2
514132,2027-03-08,337,USD,2
514132,2027-03-09,337,USD,2
514132,2027-03-10,337,USD,2
514132,2027-03-11,519,USD,2
514132,2027-03-12,784,USD,2
514132,2027-03-13,784,USD,2
514132,2027-03-14,519,USD,2
514132,2027-03-15,337,USD,2
514132,2027-03-16,337,USD,2
514132,2027-03-17,337,USD,2
514132,2027-03-18,519,USD,2
514132,2027-03-19,784,USD,2
514132,2027-03-20,784,USD,2
514132,2027-03-21,519,USD,2
514132,2027-03-22,337,USD,2
514132,2027-03-23,337,USD,2
514132,2027-03-24,337,USD,2
514132,2027-03-25,519,USD,2
514132,2027-03-26,935,USD,2
514132,2027-03-27,935,USD,2
514132,2027-03-28,752,USD,2
514132,2027-03-29,548,USD,2
514132,2027-03-30,548,USD,2
514132,2027-03-31,548,USD,2
514132,2027-04-01,1012,USD,2
514132,2027-04-02,1210,USD,2
514132,2027-04-03,1210,USD,2
514132,2027-04-04,1012,USD,2
514132,2027-04-05,713,USD,2
514132,2027-04-06,713,USD,2
514132,2027-04-07,713,USD,2
514132,2027-04-08,793,USD,2
514132,2027-04-09,950,USD,2
514132,2027-04-10,950,USD,2
514132,2027-04-11,793,USD,2
514132,2027-04-12,385,USD,2
514132,2027-04-13,385,USD,2
514132,2027-04-14,385,USD,2
514132,2027-04-15,557,USD,2
514132,2027-04-16,661,USD,2
514132,2027-04-17,661,USD,2
514132,2027-04-18,557,USD,2
514132,2027-04-19,385,USD,2
514132,2027-04-20,385,USD,2
514132,2027-04-21,385,USD,2
514132,2027-04-22,557,USD,2
514132,2027-04-23,661,USD,2
514132,2027-04-24,661,USD,2
514132,2027-04-25,557,USD,2
514132,2027-04-26,385,USD,2
514132,2027-04-27,385,USD,2
514132,2027-04-28,385,USD,2
514132,2027-04-29,557,USD,2
514132,2027-04-30,661,USD,2
514132,2027-05-01,661,USD,2
514132,2027-05-02,557,USD,2
514132,2027-05-03,385,USD,2
514132,2027-05-04,385,USD,2
514132,2027-05-05,385,USD,2
514132,2027-05-06,808,USD,2
514132,2027-05-07,1206,USD,2
514132,2027-05-08,1206,USD,2
514132,2027-05-09,987,USD,2
514132,2027-05-10,615,USD,2
514132,2027-05-11,615,USD,2
514132,2027-05-12,615,USD,2
514132,2027-05-13,953,USD,2
514132,2027-05-14,1169,USD,2
514132,2027-05-15,1169,USD,2
514132,2027-05-16,1235,USD,2
514132,2027-05-17,1007,USD,2
514132,2027-05-18,1007,USD,2
514132,2027-05-19,1007,USD,2
514132,2027-05-20,540,USD,2
514132,2027-05-21,832,USD,2
514132,2027-05-22,836,USD,2
514132,2027-05-23,1031,USD,2
514132,2027-05-24,842,USD,2
514132,2027-05-25,844,USD,2
514132,2027-05-26,849,USD,2
514132,2027-05-27,617,USD,2
514132,2027-05-28,901,USD,2
514132,2027-05-29,906,USD,2
514132,2027-05-30,1461,USD,2
514132,2027-05-31,1007,USD,2
514132,2027-06-01,663,USD,2
514132,2027-06-02,636,USD,2
514132,2027-06-03,526,USD,2
514132,2027-06-04,848,USD,2
514132,2027-06-05,852,USD,2
514132,2027-06-06,1042,USD,2
514132,2027-06-07,857,USD,2
514132,2027-06-08,860,USD,2
514132,2027-06-09,864,USD,2
514132,2027-06-10,543,USD,2
514132,2027-06-11,825,USD,2
514132,2027-06-12,829,USD,2
514132,2027-06-13,1533,USD,2
514132,2027-06-14,1426,USD,2
514132,2027-06-15,1507,USD,2
514132,2027-06-16,1507,USD,2
514132,2027-06-17,556,USD,2
514132,2027-06-18,846,USD,2
514132,2027-06-19,848,USD,2
514132,2027-06-20,1038,USD,2
514132,2027-06-21,856,USD,2
514132,2027-06-22,901,USD,2
514132,2027-06-23,860,USD,2
514132,2027-06-24,572,USD,2
514132,2027-06-25,916,USD,2
514132,2027-06-26,969,USD,2
514132,2027-06-27,1182,USD,2
514132,2027-06-28,974,USD,2
514132,2027-06-29,978,USD,2
514132,2027-06-30,981,USD,2
514132,2027-07-01,598,USD,2
514132,2027-07-02,898,USD,2
514132,2027-07-03,903,USD,2
514132,2027-07-04,1682,USD,2
514132,2027-07-05,998,USD,2
514132,2027-07-06,1001,USD,2
514132,2027-07-07,1005,USD,2
514132,2027-07-08,602,USD,2
514132,2027-07-09,988,USD,2
514132,2027-07-10,991,USD,2
514132,2027-07-11,1561,USD,2
514132,2027-07-12,997,USD,2
514132,2027-07-13,1000,USD,2
514132,2027-07-14,1053,USD,2
514132,2027-07-15,615,USD,2
514132,2027-07-16,1005,USD,2
514132,2027-07-17,1005,USD,2
514132,2027-07-18,1576,USD,2
514132,2027-07-19,1005,USD,2
514132,2027-07-20,1005,USD,2
514132,2027-07-21,1005,USD,2
514132,2027-07-22,615,USD,2
514132,2027-07-23,1005,USD,2
514132,2027-07-24,1005,USD,2
514132,2027-07-25,1576,USD,2
514132,2027-07-26,1005,USD,2
514132,2027-07-27,1005,USD,2
514132,2027-07-28,1005,USD,2
514132,2027-07-29,615,USD,2
514132,2027-07-30,1005,USD,2
514132,2027-07-31,1005,USD,2
514132,2027-08-01,1576,USD,2
514132,2027-08-02,1005,USD,2
514132,2027-08-03,1005,USD,2
514132,2027-08-04,1005,USD,2
514132,2027-08-05,615,USD,2
514132,2027-08-06,1005,USD,2
514132,2027-08-07,1005,USD,2
514132,2027-08-08,1576,USD,2
514132,2027-08-09,912,USD,2
514132,2027-08-10,912,USD,2
514132,2027-08-11,912,USD,2
514132,2027-08-12,559,USD,2
514132,2027-08-13,912,USD,2
514132,2027-08-14,912,USD,2
514132,2027-08-15,1429,USD,2
514132,2027-08-16,912,USD,2
514132,2027-08-17,912,USD,2
514132,2027-08-18,912,USD,2
514132,2027-08-19,559,USD,2
514132,2027-08-20,912,USD,2
514132,2027-08-21,912,USD,2
514132,2027-08-22,1429,USD,2
514132,2027-08-23,912,USD,2
514132,2027-08-24,912,USD,2
514132,2027-08-25,912,USD,2
514132,2027-08-26,589,USD,2
514132,2027-08-27,960,USD,2
514132,2027-08-28,960,USD,2
514132,2027-08-29,1505,USD,2
514132,2027-08-30,960,USD,2
514132,2027-08-31,960,USD,2
514132,2027-09-01,960,USD,2
514132,2027-09-02,589,USD,2
514132,2027-09-03,894,USD,2
514132,2027-09-04,894,USD,2
514132,2027-09-05,1301,USD,2
514132,2027-09-06,938,USD,2
514132,2027-09-07,717,USD,2
514132,2027-09-08,717,USD,2
514132,2027-09-09,598,USD,2
514132,2027-09-10,894,USD,2
514132,2027-09-11,894,USD,2
514132,2027-09-12,1085,USD,2
514132,2027-09-13,894,USD,2
514132,2027-09-14,894,USD,2
514132,2027-09-15,894,USD,2
514132,2027-09-16,598,USD,2
514132,2027-09-17,894,USD,2
514132,2027-09-18,894,USD,2
514132,2027-09-19,1085,USD,2
514132,2027-09-20,894,USD,2
514132,2027-09-21,894,USD,2
514132,2027-09-22,894,USD,2
514132,2027-09-23,598,USD,2
514132,2027-09-24,894,USD,2
514132,2027-09-25,894,USD,2
514132,2027-09-26,1193,USD,2
514132,2027-09-27,983,USD,2
514132,2027-09-28,983,USD,2
514132,2027-09-29,983,USD,2
514132,2027-09-30,658,USD,2
514132,2027-10-01,983,USD,2
514132,2027-10-02,983,USD,2
514132,2027-10-03,1193,USD,2
514132,2027-10-04,983,USD,2
514132,2027-10-05,983,USD,2
514132,2027-10-06,983,USD,2
514132,2027-10-07,598,USD,2
514132,2027-10-08,894,USD,2
514132,2027-10-09,894,USD,2
514132,2027-10-10,1085,USD,2
514132,2027-10-11,894,USD,2
514132,2027-10-12,894,USD,2
514132,2027-10-13,894,USD,2
514132,2027-10-14,598,USD,2
514132,2027-10-15,894,USD,2
514132,2027-10-16,894,USD,2
514132,2027-10-17,1085,USD,2
514132,2027-10-18,894,USD,2
514132,2027-10-19,894,USD,2
514132,2027-10-20,894,USD,2
514132,2027-10-21,598,USD,2
514132,2027-10-22,894,USD,2
514132,2027-10-23,894,USD,2
514132,2027-10-24,1085,USD,2
514132,2027-10-25,894,USD,2
514132,2027-10-26,894,USD,2
514132,2027-10-27,894,USD,2
514132,2027-10-28,598,USD,2
514132,2027-10-29,894,USD,2
514132,2027-10-30,894,USD,2
514132,2027-10-31,1085,USD,2
514132,2027-11-01,894,USD,2
514132,2027-11-02,894,USD,2
514132,2027-11-03,894,USD,2
514132,2027-11-04,338,USD,2
514132,2027-11-05,404,USD,2
514132,2027-11-06,485,USD,2
514132,2027-11-07,404,USD,2
514132,2027-11-08,569,USD,2
514132,2027-11-09,569,USD,2
514132,2027-11-10,569,USD,2
514132,2027-11-11,338,USD,2
514132,2027-11-12,404,USD,2
514132,2027-11-13,485,USD,2
514132,2027-11-14,404,USD,2
514132,2027-11-15,569,USD,2
514132,2027-11-16,569,USD,2
514132,2027-11-17,569,USD,2
514132,2027-11-18,338,USD,2
514132,2027-11-19,404,USD,2
514132,2027-11-20,485,USD,2
514132,2027-11-21,404,USD,2
514132,2027-11-22,569,USD,2
514132,2027-11-23,569,USD,2
514132,2027-11-24,569,USD,2
514132,2027-11-25,338,USD,2
514132,2027-11-26,687,USD,2
514132,2027-11-27,826,USD,2
514132,2027-11-28,687,USD,2
514132,2027-11-29,796,USD,2
514132,2027-11-30,796,USD,2
514132,2027-12-01,796,USD,2
514132,2027-12-02,281,USD,2
514132,2027-12-03,359,USD,2
514132,2027-12-04,359,USD,2
514132,2027-12-05,436,USD,2
514132,2027-12-06,359,USD,2
514132,2027-12-07,359,USD,2
514132,2027-12-08,359,USD,2
514132,2027-12-09,281,USD,2
514132,2027-12-10,359,USD,2
514132,2027-12-11,359,USD,2
514132,2027-12-12,436,USD,2
514132,2027-12-13,359,USD,2
514132,2027-12-14,359,USD,2
514132,2027-12-15,359,USD,2
514132,2027-12-16,281,USD,2
514132,2027-12-17,359,USD,2
514132,2027-12-18,359,USD,2
514132,2027-12-19,654,USD,2
514132,2027-12-20,537,USD,2
514132,2027-12-21,537,USD,2
514132,2027-12-22,537,USD,2
514132,2027-12-23,422,USD,2
514132,2027-12-24,537,USD,2
514132,2027-12-25,537,USD,2
514132,2027-12-26,537,USD,2
514132,2027-12-27,1525,USD,2
514132,2027-12-28,1525,USD,2
514132,2027-12-29,1525,USD,2
514132,2027-12-30,281,USD,2
514132,2027-12-31,281,USD,2
514132,2028-01-01,281,USD,2
514132,2028-01-02,1677,USD,2
514132,2028-01-03,839,USD,2
514132,2028-01-04,839,USD,2
514132,2028-01-05,839,USD,2
514132,2028-01-06,405,USD,2
514132,2028-01-07,484,USD,2
514132,2028-01-08,583,USD,2
514132,2028-01-09,484,USD,2
514132,2027-02-01,305,USD,2
514132,2027-02-02,305,USD,2
514132,2027-02-03,305,USD,2
514132,2027-02-08,305,USD,2
514132,2027-02-09,305,USD,2
514132,2027-02-10,305,USD,2
514132,2027-02-04,433,USD,2
514132,2026-10-02,416,USD,2
514132,2026-10-03,416,USD,2
514132,2026-09-28,250,USD,1
514132,2026-09-29,250,USD,1
514132,2026-09-30,250,USD,1
514132,2026-09-27,250,USD,1
514132,2026-11-09,250,USD,2
514132,2026-11-10,250,USD,2
514132,2026-11-11,250,USD,2
514132,2026-11-15,314,USD,2
514132,2026-11-13,497,USD,2
514132,2026-11-14,497,USD,2
514132,2026-10-19,315,USD,2
514132,2026-10-20,262,USD,1
514132,2026-10-21,262,USD,1
514132,2026-10-22,346,USD,1
514132,2026-10-23,719,USD,2
514132,2026-10-24,645,USD,2
514132,2026-10-25,400,USD,1
514132,2026-10-17,443,USD,2
514132,2027-02-13,728,USD,2
514132,2027-02-14,665,USD,2
