Listing ID,PMS Name,Date,Units,No. Booked,No. Blocked,blocking_units,Bookable Units,nightly_revenue,Vacant Units
146908,hostaway,2026-05-24T00:00:00.000000,1,1,0,0,1,0.0,0
146908,hostaway,2026-05-25T00:00:00.000000,1,1,0,0,1,0.0,0
146908,hostaway,2026-05-26T00:00:00.000000,1,1,0,0,1,0.0,0
146908,hostaway,2026-05-27T00:00:00.000000,1,1,0,0,1,0.0,0
146908,hostaway,2026-05-28T00:00:00.000000,1,1,0,0,1,0.0,0
146908,hostaway,2026-05-29T00:00:00.000000,1,1,0,0,1,0.0,0
146908,hostaway,2026-05-30T00:00:00.000000,1,1,0,0,1,0.0,0
146908,hostaway,2026-05-31T00:00:00.000000,1,1,0,0,1,0.0,0
146908,hostaway,2026-06-01T00:00:00.000000,1,1,0,0,1,0.0,0
146908,hostaway,2026-06-02T00:00:00.000000,1,1,0,0,1,0.0,0
146908,hostaway,2026-06-03T00:00:00.000000,1,1,0,0,1,0.0,0
146908,hostaway,2026-06-04T00:00:00.000000,1,1,0,0,1,0.0,0
146908,hostaway,2026-06-05T00:00:00.000000,1,1,0,0,1,0.0,0
146908,hostaway,2026-06-06T00:00:00.000000,1,1,0,0,1,0.0,0
146908,hostaway,2026-06-07T00:00:00.000000,1,1,0,0,1,0.0,0
146908,hostaway,2026-06-08T00:00:00.000000,1,1,0,0,1,0.0,0
146908,hostaway,2026-06-09T00:00:00.000000,1,1,0,0,1,0.0,0
146908,hostaway,2026-06-10T00:00:00.000000,1,1,0,0,1,0.0,0
146908,hostaway,2026-06-11T00:00:00.000000,1,1,0,0,1,0.0,0
146908,hostaway,2026-06-12T00:00:00.000000,1,1,0,0,1,0.0,0
146908,hostaway,2026-06-13T00:00:00.000000,1,1,0,0,1,0.0,0
146908,hostaway,2026-06-14T00:00:00.000000,1,1,0,0,1,0.0,0
146908,hostaway,2026-06-15T00:00:00.000000,1,1,0,0,1,0.0,0
146908,hostaway,2026-06-16T00:00:00.000000,1,1,0,0,1,0.0,0
146908,hostaway,2026-06-17T00:00:00.000000,1,1,0,0,1,0.0,0
146908,hostaway,2026-06-18T00:00:00.000000,1,1,0,0,1,0.0,0
146908,hostaway,2026-06-19T00:00:00.000000,1,1,0,0,1,0.0,0
146908,hostaway,2026-06-20T00:00:00.000000,1,1,0,0,1,0.0,0
146908,hostaway,2026-06-21T00:00:00.000000,1,1,0,0,1,0.0,0
146908,hostaway,2026-06-22T00:00:00.000000,1,1,0,0,1,0.0,0
146908,hostaway,2026-06-23T00:00:00.000000,1,1,0,0,1,571.0,0
146908,hostaway,2026-06-24T00:00:00.000000,1,1,0,0,1,571.0,0
146908,hostaway,2026-06-25T00:00:00.000000,1,1,0,0,1,820.0,0
146908,hostaway,2026-06-26T00:00:00.000000,1,1,0,0,1,1470.0,0
146908,hostaway,2026-06-27T00:00:00.000000,1,1,0,0,1,1470.0,0
146908,hostaway,2026-06-28T00:00:00.000000,1,1,0,0,1,820.0,0
146908,hostaway,2026-06-29T00:00:00.000000,1,0,0,0,1,288.0,1
146908,hostaway,2026-06-30T00:00:00.000000,1,0,0,0,1,288.0,1
146908,hostaway,2026-07-01T00:00:00.000000,1,0,0,0,1,288.0,1
146908,hostaway,2026-07-02T00:00:00.000000,1,0,0,0,1,422.0,1
146908,hostaway,2026-07-03T00:00:00.000000,1,1,0,0,1,1476.0,0
146908,hostaway,2026-07-04T00:00:00.000000,1,1,0,0,1,1476.0,0
146908,hostaway,2026-07-05T00:00:00.000000,1,1,0,0,1,741.0,0
146908,hostaway,2026-07-06T00:00:00.000000,1,1,0,0,1,464.0,0
146908,hostaway,2026-07-07T00:00:00.000000,1,1,0,0,1,464.0,0
146908,hostaway,2026-07-08T00:00:00.000000,1,1,0,0,1,464.0,0
146908,hostaway,2026-07-09T00:00:00.000000,1,1,0,0,1,664.0,0
146908,hostaway,2026-07-10T00:00:00.000000,1,0,0,0,1,957.0,1
146908,hostaway,2026-07-11T00:00:00.000000,1,0,0,0,1,1126.0,1
146908,hostaway,2026-07-12T00:00:00.000000,1,1,0,0,1,561.0,0
146908,hostaway,2026-07-13T00:00:00.000000,1,0,0,0,1,375.0,1
146908,hostaway,2026-07-14T00:00:00.000000,1,0,0,0,1,375.0,1
146908,hostaway,2026-07-15T00:00:00.000000,1,0,0,0,1,375.0,1
146908,hostaway,2026-07-16T00:00:00.000000,1,0,0,0,1,384.0,1
146908,hostaway,2026-07-17T00:00:00.000000,1,1,0,0,1,1126.0,0
146908,hostaway,2026-07-18T00:00:00.000000,1,1,0,0,1,1126.0,0
146908,hostaway,2026-07-19T00:00:00.000000,1,1,0,0,1,550.0,0
146908,hostaway,2026-07-20T00:00:00.000000,1,1,0,0,1,457.0,0
146908,hostaway,2026-07-21T00:00:00.000000,1,1,0,0,1,389.0,0
146908,hostaway,2026-07-22T00:00:00.000000,1,1,0,0,1,351.0,0
146908,hostaway,2026-07-23T00:00:00.000000,1,0,0,0,1,561.0,1
146908,hostaway,2026-07-24T00:00:00.000000,1,0,0,0,1,1126.0,1
146908,hostaway,2026-07-25T00:00:00.000000,1,0,0,0,1,1126.0,1
146908,hostaway,2026-07-26T00:00:00.000000,1,0,0,0,1,561.0,1
146908,hostaway,2026-07-27T00:00:00.000000,1,0,0,0,1,410.0,1
146908,hostaway,2026-07-28T00:00:00.000000,1,0,0,0,1,351.0,1
146908,hostaway,2026-07-29T00:00:00.000000,1,0,0,0,1,351.0,1
146908,hostaway,2026-07-30T00:00:00.000000,1,0,0,0,1,561.0,1
146908,hostaway,2026-07-31T00:00:00.000000,1,0,0,0,1,1237.0,1
146908,hostaway,2026-08-01T00:00:00.000000,1,0,0,0,1,1237.0,1
146908,hostaway,2026-08-02T00:00:00.000000,1,0,0,0,1,561.0,1
146908,hostaway,2026-08-03T00:00:00.000000,1,1,0,0,1,464.0,0
146908,hostaway,2026-08-04T00:00:00.000000,1,1,0,0,1,464.0,0
146908,hostaway,2026-08-05T00:00:00.000000,1,1,0,0,1,464.0,0
146908,hostaway,2026-08-06T00:00:00.000000,1,1,0,0,1,638.0,0
146908,hostaway,2026-08-07T00:00:00.000000,1,1,0,0,1,951.0,0
146908,hostaway,2026-08-08T00:00:00.000000,1,0,0,0,1,1152.0,1
146908,hostaway,2026-08-09T00:00:00.000000,1,0,0,0,1,638.0,1
146908,hostaway,2026-08-10T00:00:00.000000,1,1,0,0,1,464.0,0
146908,hostaway,2026-08-11T00:00:00.000000,1,1,0,0,1,464.0,0
146908,hostaway,2026-08-12T00:00:00.000000,1,1,0,0,1,416.0,0
146908,hostaway,2026-08-13T00:00:00.000000,1,1,0,0,1,638.0,0
146908,hostaway,2026-08-14T00:00:00.000000,1,0,0,0,1,1047.0,1
146908,hostaway,2026-08-15T00:00:00.000000,1,0,0,0,1,1047.0,1
146908,hostaway,2026-08-16T00:00:00.000000,1,0,0,0,1,819.0,1
146908,hostaway,2026-08-17T00:00:00.000000,1,0,0,0,1,571.0,1
146908,hostaway,2026-08-18T00:00:00.000000,1,0,0,0,1,416.0,1
146908,hostaway,2026-08-19T00:00:00.000000,1,0,0,0,1,416.0,1
146908,hostaway,2026-08-20T00:00:00.000000,1,0,0,0,1,457.0,1
146908,hostaway,2026-08-21T00:00:00.000000,1,1,0,0,1,1050.0,0
146908,hostaway,2026-08-22T00:00:00.000000,1,1,0,0,1,1050.0,0
146908,hostaway,2026-08-23T00:00:00.000000,1,0,0,0,1,590.0,1
146908,hostaway,2026-08-24T00:00:00.000000,1,0,0,0,1,490.0,1
146908,hostaway,2026-08-25T00:00:00.000000,1,0,0,0,1,416.0,1
146908,hostaway,2026-08-26T00:00:00.000000,1,0,0,0,1,416.0,1
146908,hostaway,2026-08-27T00:00:00.000000,1,0,0,0,1,638.0,1
146908,hostaway,2026-08-28T00:00:00.000000,1,0,0,0,1,1047.0,1
146908,hostaway,2026-08-29T00:00:00.000000,1,1,0,0,1,1047.0,0
146908,hostaway,2026-08-30T00:00:00.000000,1,1,0,0,1,638.0,0
146908,hostaway,2026-08-31T00:00:00.000000,1,0,0,0,1,490.0,1
146908,hostaway,2026-09-01T00:00:00.000000,1,0,0,0,1,368.0,1
146908,hostaway,2026-09-02T00:00:00.000000,1,0,0,0,1,368.0,1
146908,hostaway,2026-09-03T00:00:00.000000,1,0,0,0,1,478.0,1
146908,hostaway,2026-09-04T00:00:00.000000,1,1,0,0,1,1141.0,0
146908,hostaway,2026-09-05T00:00:00.000000,1,1,0,0,1,1141.0,0
146908,hostaway,2026-09-06T00:00:00.000000,1,0,0,0,1,878.0,1
146908,hostaway,2026-09-07T00:00:00.000000,1,0,0,0,1,603.0,1
146908,hostaway,2026-09-08T00:00:00.000000,1,0,0,0,1,410.0,1
146908,hostaway,2026-09-09T00:00:00.000000,1,0,0,0,1,410.0,1
146908,hostaway,2026-09-10T00:00:00.000000,1,0,0,0,1,478.0,1
146908,hostaway,2026-09-11T00:00:00.000000,1,1,0,0,1,846.0,0
146908,hostaway,2026-09-12T00:00:00.000000,1,1,0,0,1,846.0,0
146908,hostaway,2026-09-13T00:00:00.000000,1,0,0,0,1,579.0,1
146908,hostaway,2026-09-14T00:00:00.000000,1,0,0,0,1,455.0,1
146908,hostaway,2026-09-15T00:00:00.000000,1,0,0,0,1,410.0,1
146908,hostaway,2026-09-16T00:00:00.000000,1,0,0,0,1,410.0,1
146908,hostaway,2026-09-17T00:00:00.000000,1,0,0,0,1,571.0,1
146908,hostaway,2026-09-18T00:00:00.000000,1,0,0,0,1,846.0,1
146908,hostaway,2026-09-19T00:00:00.000000,1,0,0,0,1,846.0,1
146908,hostaway,2026-09-20T00:00:00.000000,1,0,0,0,1,571.0,1
146908,hostaway,2026-09-21T00:00:00.000000,1,0,0,0,1,451.0,1
146908,hostaway,2026-09-22T00:00:00.000000,1,0,0,0,1,451.0,1
146908,hostaway,2026-09-23T00:00:00.000000,1,0,0,0,1,451.0,1
146908,hostaway,2026-09-24T00:00:00.000000,1,0,0,0,1,571.0,1
146908,hostaway,2026-09-25T00:00:00.000000,1,0,0,0,1,846.0,1
146908,hostaway,2026-09-26T00:00:00.000000,1,0,0,0,1,846.0,1
146908,hostaway,2026-09-27T00:00:00.000000,1,1,0,0,1,571.0,0
146908,hostaway,2026-09-28T00:00:00.000000,1,1,0,0,1,410.0,0
146908,hostaway,2026-09-29T00:00:00.000000,1,1,0,0,1,410.0,0
146908,hostaway,2026-09-30T00:00:00.000000,1,0,0,0,1,410.0,1
146908,hostaway,2026-10-01T00:00:00.000000,1,0,0,0,1,501.0,1
146908,hostaway,2026-10-02T00:00:00.000000,1,0,0,0,1,756.0,1
146908,hostaway,2026-10-03T00:00:00.000000,1,0,0,0,1,756.0,1
146908,hostaway,2026-10-04T00:00:00.000000,1,0,0,0,1,501.0,1
146908,hostaway,2026-10-05T00:00:00.000000,1,0,0,0,1,359.0,1
146908,hostaway,2026-10-06T00:00:00.000000,1,0,0,0,1,359.0,1
146908,hostaway,2026-10-07T00:00:00.000000,1,0,0,0,1,359.0,1
146908,hostaway,2026-10-08T00:00:00.000000,1,0,0,0,1,501.0,1
146908,hostaway,2026-10-09T00:00:00.000000,1,0,0,0,1,756.0,1
146908,hostaway,2026-10-10T00:00:00.000000,1,0,0,0,1,756.0,1
146908,hostaway,2026-10-11T00:00:00.000000,1,0,0,0,1,501.0,1
146908,hostaway,2026-10-12T00:00:00.000000,1,0,0,0,1,359.0,1
146908,hostaway,2026-10-13T00:00:00.000000,1,0,0,0,1,359.0,1
146908,hostaway,2026-10-14T00:00:00.000000,1,0,0,0,1,359.0,1
146908,hostaway,2026-10-15T00:00:00.000000,1,0,0,0,1,501.0,1
146908,hostaway,2026-10-16T00:00:00.000000,1,0,0,0,1,829.0,1
146908,hostaway,2026-10-17T00:00:00.000000,1,0,0,0,1,829.0,1
146908,hostaway,2026-10-18T00:00:00.000000,1,0,0,0,1,501.0,1
146908,hostaway,2026-10-19T00:00:00.000000,1,0,0,0,1,359.0,1
146908,hostaway,2026-10-20T00:00:00.000000,1,0,0,0,1,359.0,1
146908,hostaway,2026-10-21T00:00:00.000000,1,0,0,0,1,359.0,1
146908,hostaway,2026-10-22T00:00:00.000000,1,0,0,0,1,501.0,1
146908,hostaway,2026-10-23T00:00:00.000000,1,0,0,0,1,756.0,1
146908,hostaway,2026-10-24T00:00:00.000000,1,0,0,0,1,756.0,1
146908,hostaway,2026-10-25T00:00:00.000000,1,0,0,0,1,501.0,1
146908,hostaway,2026-10-26T00:00:00.000000,1,0,0,0,1,359.0,1
146908,hostaway,2026-10-27T00:00:00.000000,1,0,0,0,1,359.0,1
146908,hostaway,2026-10-28T00:00:00.000000,1,0,0,0,1,359.0,1
146908,hostaway,2026-10-29T00:00:00.000000,1,0,0,0,1,501.0,1
146908,hostaway,2026-10-30T00:00:00.000000,1,0,0,0,1,756.0,1
146908,hostaway,2026-10-31T00:00:00.000000,1,0,0,0,1,756.0,1
146908,hostaway,2026-11-01T00:00:00.000000,1,0,0,0,1,449.0,1
146908,hostaway,2026-11-02T00:00:00.000000,1,0,0,0,1,316.0,1
146908,hostaway,2026-11-03T00:00:00.000000,1,0,0,0,1,316.0,1
146908,hostaway,2026-11-04T00:00:00.000000,1,0,0,0,1,316.0,1
146908,hostaway,2026-11-05T00:00:00.000000,1,0,0,0,1,449.0,1
146908,hostaway,2026-11-06T00:00:00.000000,1,0,0,0,1,666.0,1
146908,hostaway,2026-11-07T00:00:00.000000,1,0,0,0,1,666.0,1
146908,hostaway,2026-11-08T00:00:00.000000,1,0,0,0,1,449.0,1
146908,hostaway,2026-11-09T00:00:00.000000,1,0,0,0,1,316.0,1
146908,hostaway,2026-11-10T00:00:00.000000,1,0,0,0,1,316.0,1
146908,hostaway,2026-11-11T00:00:00.000000,1,0,0,0,1,316.0,1
146908,hostaway,2026-11-12T00:00:00.000000,1,0,0,0,1,449.0,1
146908,hostaway,2026-11-13T00:00:00.000000,1,0,0,0,1,666.0,1
146908,hostaway,2026-11-14T00:00:00.000000,1,0,0,0,1,666.0,1
146908,hostaway,2026-11-15T00:00:00.000000,1,0,0,0,1,449.0,1
146908,hostaway,2026-11-16T00:00:00.000000,1,0,0,0,1,316.0,1
146908,hostaway,2026-11-17T00:00:00.000000,1,0,0,0,1,316.0,1
146908,hostaway,2026-11-18T00:00:00.000000,1,0,0,0,1,316.0,1
146908,hostaway,2026-11-19T00:00:00.000000,1,0,0,0,1,449.0,1
146908,hostaway,2026-11-20T00:00:00.000000,1,0,0,0,1,666.0,1
146908,hostaway,2026-11-21T00:00:00.000000,1,0,0,0,1,666.0,1
146908,hostaway,2026-11-22T00:00:00.000000,1,0,0,0,1,449.0,1
146908,hostaway,2026-11-23T00:00:00.000000,1,0,0,0,1,316.0,1
146908,hostaway,2026-11-24T00:00:00.000000,1,0,0,0,1,316.0,1
146908,hostaway,2026-11-25T00:00:00.000000,1,0,0,0,1,316.0,1
146908,hostaway,2026-11-26T00:00:00.000000,1,0,0,0,1,652.0,1
146908,hostaway,2026-11-27T00:00:00.000000,1,0,0,0,1,666.0,1
146908,hostaway,2026-11-28T00:00:00.000000,1,0,0,0,1,666.0,1
146908,hostaway,2026-11-29T00:00:00.000000,1,0,0,0,1,449.0,1
146908,hostaway,2026-11-30T00:00:00.000000,1,0,0,0,1,316.0,1
146908,hostaway,2026-12-01T00:00:00.000000,1,0,0,0,1,288.0,1
146908,hostaway,2026-12-02T00:00:00.000000,1,0,0,0,1,288.0,1
146908,hostaway,2026-12-03T00:00:00.000000,1,0,0,0,1,383.0,1
146908,hostaway,2026-12-04T00:00:00.000000,1,0,0,0,1,592.0,1
146908,hostaway,2026-12-05T00:00:00.000000,1,0,0,0,1,592.0,1
146908,hostaway,2026-12-06T00:00:00.000000,1,0,0,0,1,383.0,1
146908,hostaway,2026-12-07T00:00:00.000000,1,0,0,0,1,288.0,1
146908,hostaway,2026-12-08T00:00:00.000000,1,0,0,0,1,288.0,1
146908,hostaway,2026-12-09T00:00:00.000000,1,0,0,0,1,288.0,1
146908,hostaway,2026-12-10T00:00:00.000000,1,0,0,0,1,383.0,1
146908,hostaway,2026-12-11T00:00:00.000000,1,0,0,0,1,592.0,1
146908,hostaway,2026-12-12T00:00:00.000000,1,1,0,0,1,592.0,0
146908,hostaway,2026-12-13T00:00:00.000000,1,1,0,0,1,383.0,0
146908,hostaway,2026-12-14T00:00:00.000000,1,1,0,0,1,288.0,0
146908,hostaway,2026-12-15T00:00:00.000000,1,0,0,0,1,288.0,1
146908,hostaway,2026-12-16T00:00:00.000000,1,0,0,0,1,288.0,1
146908,hostaway,2026-12-17T00:00:00.000000,1,0,0,0,1,485.0,1
146908,hostaway,2026-12-18T00:00:00.000000,1,0,0,0,1,730.0,1
146908,hostaway,2026-12-19T00:00:00.000000,1,0,0,0,1,730.0,1
146908,hostaway,2026-12-20T00:00:00.000000,1,0,0,0,1,485.0,1
146908,hostaway,2026-12-21T00:00:00.000000,1,0,0,0,1,343.0,1
146908,hostaway,2026-12-22T00:00:00.000000,1,0,0,0,1,343.0,1
146908,hostaway,2026-12-23T00:00:00.000000,1,0,0,0,1,343.0,1
146908,hostaway,2026-12-24T00:00:00.000000,1,0,0,0,1,716.0,1
146908,hostaway,2026-12-25T00:00:00.000000,1,0,0,0,1,1145.0,1
146908,hostaway,2026-12-26T00:00:00.000000,1,0,0,0,1,1145.0,1
146908,hostaway,2026-12-27T00:00:00.000000,1,0,0,0,1,571.0,1
146908,hostaway,2026-12-28T00:00:00.000000,1,0,0,0,1,462.0,1
146908,hostaway,2026-12-29T00:00:00.000000,1,0,0,0,1,462.0,1
146908,hostaway,2026-12-30T00:00:00.000000,1,0,0,0,1,1350.0,1
146908,hostaway,2026-12-31T00:00:00.000000,1,0,0,0,1,1388.0,1
146908,hostaway,2027-01-01T00:00:00.000000,1,0,0,0,1,615.0,1
146908,hostaway,2027-01-02T00:00:00.000000,1,0,0,0,1,615.0,1
146908,hostaway,2027-01-03T00:00:00.000000,1,0,0,0,1,360.0,1
146908,hostaway,2027-01-04T00:00:00.000000,1,0,0,0,1,288.0,1
146908,hostaway,2027-01-05T00:00:00.000000,1,0,0,0,1,288.0,1
146908,hostaway,2027-01-06T00:00:00.000000,1,0,0,0,1,317.0,1
146908,hostaway,2027-01-07T00:00:00.000000,1,0,0,0,1,360.0,1
146908,hostaway,2027-01-08T00:00:00.000000,1,0,0,0,1,441.0,1
146908,hostaway,2027-01-09T00:00:00.000000,1,0,0,0,1,441.0,1
146908,hostaway,2027-01-10T00:00:00.000000,1,0,0,0,1,360.0,1
146908,hostaway,2027-01-11T00:00:00.000000,1,0,0,0,1,288.0,1
146908,hostaway,2027-01-12T00:00:00.000000,1,0,0,0,1,288.0,1
146908,hostaway,2027-01-13T00:00:00.000000,1,0,0,0,1,288.0,1
146908,hostaway,2027-01-14T00:00:00.000000,1,0,0,0,1,315.0,1
146908,hostaway,2027-01-15T00:00:00.000000,1,0,0,0,1,504.0,1
146908,hostaway,2027-01-16T00:00:00.000000,1,0,0,0,1,504.0,1
146908,hostaway,2027-01-17T00:00:00.000000,1,0,0,0,1,412.0,1
146908,hostaway,2027-01-18T00:00:00.000000,1,0,0,0,1,362.0,1
146908,hostaway,2027-01-19T00:00:00.000000,1,0,0,0,1,288.0,1
146908,hostaway,2027-01-20T00:00:00.000000,1,0,0,0,1,288.0,1
146908,hostaway,2027-01-21T00:00:00.000000,1,0,0,0,1,315.0,1
146908,hostaway,2027-01-22T00:00:00.000000,1,0,0,0,1,379.0,1
146908,hostaway,2027-01-23T00:00:00.000000,1,0,0,0,1,379.0,1
146908,hostaway,2027-01-24T00:00:00.000000,1,0,0,0,1,315.0,1
146908,hostaway,2027-01-25T00:00:00.000000,1,0,0,0,1,288.0,1
146908,hostaway,2027-01-26T00:00:00.000000,1,0,0,0,1,288.0,1
146908,hostaway,2027-01-27T00:00:00.000000,1,0,0,0,1,288.0,1
146908,hostaway,2027-01-28T00:00:00.000000,1,0,0,0,1,315.0,1
146908,hostaway,2027-01-29T00:00:00.000000,1,0,0,0,1,379.0,1
146908,hostaway,2027-01-30T00:00:00.000000,1,0,0,0,1,379.0,1
146908,hostaway,2027-01-31T00:00:00.000000,1,0,0,0,1,315.0,1
146908,hostaway,2027-02-01T00:00:00.000000,1,0,0,0,1,288.0,1
146908,hostaway,2027-02-02T00:00:00.000000,1,0,0,0,1,288.0,1
146908,hostaway,2027-02-03T00:00:00.000000,1,0,0,0,1,288.0,1
146908,hostaway,2027-02-04T00:00:00.000000,1,0,0,0,1,315.0,1
146908,hostaway,2027-02-05T00:00:00.000000,1,0,0,0,1,379.0,1
146908,hostaway,2027-02-06T00:00:00.000000,1,0,0,0,1,379.0,1
146908,hostaway,2027-02-07T00:00:00.000000,1,0,0,0,1,315.0,1
146908,hostaway,2027-02-08T00:00:00.000000,1,0,0,0,1,288.0,1
146908,hostaway,2027-02-09T00:00:00.000000,1,0,0,0,1,288.0,1
146908,hostaway,2027-02-10T00:00:00.000000,1,0,0,0,1,288.0,1
146908,hostaway,2027-02-11T00:00:00.000000,1,0,0,0,1,315.0,1
146908,hostaway,2027-02-12T00:00:00.000000,1,0,0,0,1,552.0,1
146908,hostaway,2027-02-13T00:00:00.000000,1,0,0,0,1,552.0,1
146908,hostaway,2027-02-14T00:00:00.000000,1,0,0,0,1,451.0,1
146908,hostaway,2027-02-15T00:00:00.000000,1,0,0,0,1,393.0,1
146908,hostaway,2027-02-16T00:00:00.000000,1,0,0,0,1,288.0,1
146908,hostaway,2027-02-17T00:00:00.000000,1,0,0,0,1,288.0,1
146908,hostaway,2027-02-18T00:00:00.000000,1,0,0,0,1,315.0,1
146908,hostaway,2027-02-19T00:00:00.000000,1,0,0,0,1,379.0,1
146908,hostaway,2027-02-20T00:00:00.000000,1,0,0,0,1,379.0,1
146908,hostaway,2027-02-21T00:00:00.000000,1,0,0,0,1,315.0,1
146908,hostaway,2027-02-22T00:00:00.000000,1,0,0,0,1,288.0,1
146908,hostaway,2027-02-23T00:00:00.000000,1,0,0,0,1,288.0,1
146908,hostaway,2027-02-24T00:00:00.000000,1,0,0,0,1,288.0,1
146908,hostaway,2027-02-25T00:00:00.000000,1,0,0,0,1,330.0,1
146908,hostaway,2027-02-26T00:00:00.000000,1,0,0,0,1,379.0,1
146908,hostaway,2027-02-27T00:00:00.000000,1,0,0,0,1,379.0,1
146908,hostaway,2027-02-28T00:00:00.000000,1,0,0,0,1,330.0,1
146908,hostaway,2027-03-01T00:00:00.000000,1,0,0,0,1,315.0,1
146908,hostaway,2027-03-02T00:00:00.000000,1,0,0,0,1,315.0,1
146908,hostaway,2027-03-03T00:00:00.000000,1,0,0,0,1,315.0,1
146908,hostaway,2027-03-04T00:00:00.000000,1,0,0,0,1,370.0,1
146908,hostaway,2027-03-05T00:00:00.000000,1,0,0,0,1,429.0,1
146908,hostaway,2027-03-06T00:00:00.000000,1,0,0,0,1,429.0,1
146908,hostaway,2027-03-07T00:00:00.000000,1,0,0,0,1,370.0,1
146908,hostaway,2027-03-08T00:00:00.000000,1,0,0,0,1,315.0,1
146908,hostaway,2027-03-09T00:00:00.000000,1,0,0,0,1,315.0,1
146908,hostaway,2027-03-10T00:00:00.000000,1,0,0,0,1,315.0,1
146908,hostaway,2027-03-11T00:00:00.000000,1,0,0,0,1,370.0,1
146908,hostaway,2027-03-12T00:00:00.000000,1,0,0,0,1,429.0,1
146908,hostaway,2027-03-13T00:00:00.000000,1,0,0,0,1,429.0,1
146908,hostaway,2027-03-14T00:00:00.000000,1,0,0,0,1,370.0,1
146908,hostaway,2027-03-15T00:00:00.000000,1,0,0,0,1,315.0,1
146908,hostaway,2027-03-16T00:00:00.000000,1,0,0,0,1,315.0,1
146908,hostaway,2027-03-17T00:00:00.000000,1,0,0,0,1,315.0,1
146908,hostaway,2027-03-18T00:00:00.000000,1,0,0,0,1,370.0,1
146908,hostaway,2027-03-19T00:00:00.000000,1,0,0,0,1,429.0,1
146908,hostaway,2027-03-20T00:00:00.000000,1,0,0,0,1,429.0,1
146908,hostaway,2027-03-21T00:00:00.000000,1,0,0,0,1,370.0,1
146908,hostaway,2027-03-22T00:00:00.000000,1,0,0,0,1,315.0,1
146908,hostaway,2027-03-23T00:00:00.000000,1,0,0,0,1,315.0,1
146908,hostaway,2027-03-24T00:00:00.000000,1,0,0,0,1,315.0,1
146908,hostaway,2027-03-25T00:00:00.000000,1,0,0,0,1,370.0,1
146908,hostaway,2027-03-26T00:00:00.000000,1,0,0,0,1,618.0,1
146908,hostaway,2027-03-27T00:00:00.000000,1,0,0,0,1,618.0,1
146908,hostaway,2027-03-28T00:00:00.000000,1,0,0,0,1,534.0,1
146908,hostaway,2027-03-29T00:00:00.000000,1,0,0,0,1,451.0,1
146908,hostaway,2027-03-30T00:00:00.000000,1,0,0,0,1,451.0,1
146908,hostaway,2027-03-31T00:00:00.000000,1,0,0,0,1,451.0,1
146908,hostaway,2027-04-01T00:00:00.000000,1,1,0,0,1,618.0,0
146908,hostaway,2027-04-02T00:00:00.000000,1,1,0,0,1,758.0,0
146908,hostaway,2027-04-03T00:00:00.000000,1,0,0,0,1,960.0,1
146908,hostaway,2027-04-04T00:00:00.000000,1,0,0,0,1,783.0,1
146908,hostaway,2027-04-05T00:00:00.000000,1,0,0,0,1,634.0,1
146908,hostaway,2027-04-06T00:00:00.000000,1,0,0,0,1,634.0,1
146908,hostaway,2027-04-07T00:00:00.000000,1,0,0,0,1,634.0,1
146908,hostaway,2027-04-08T00:00:00.000000,1,0,0,0,1,618.0,1
146908,hostaway,2027-04-09T00:00:00.000000,1,0,0,0,1,758.0,1
146908,hostaway,2027-04-10T00:00:00.000000,1,0,0,0,1,758.0,1
146908,hostaway,2027-04-11T00:00:00.000000,1,0,0,0,1,618.0,1
146908,hostaway,2027-04-12T00:00:00.000000,1,0,0,0,1,347.0,1
146908,hostaway,2027-04-13T00:00:00.000000,1,0,0,0,1,347.0,1
146908,hostaway,2027-04-14T00:00:00.000000,1,0,0,0,1,347.0,1
146908,hostaway,2027-04-15T00:00:00.000000,1,0,0,0,1,429.0,1
146908,hostaway,2027-04-16T00:00:00.000000,1,0,0,0,1,532.0,1
146908,hostaway,2027-04-17T00:00:00.000000,1,0,0,0,1,532.0,1
146908,hostaway,2027-04-18T00:00:00.000000,1,0,0,0,1,429.0,1
146908,hostaway,2027-04-19T00:00:00.000000,1,0,0,0,1,347.0,1
146908,hostaway,2027-04-20T00:00:00.000000,1,0,0,0,1,347.0,1
146908,hostaway,2027-04-21T00:00:00.000000,1,0,0,0,1,347.0,1
146908,hostaway,2027-04-22T00:00:00.000000,1,0,0,0,1,429.0,1
146908,hostaway,2027-04-23T00:00:00.000000,1,0,0,0,1,532.0,1
146908,hostaway,2027-04-24T00:00:00.000000,1,0,0,0,1,532.0,1
146908,hostaway,2027-04-25T00:00:00.000000,1,0,0,0,1,429.0,1
146908,hostaway,2027-04-26T00:00:00.000000,1,0,0,0,1,347.0,1
146908,hostaway,2027-04-27T00:00:00.000000,1,0,0,0,1,347.0,1
146908,hostaway,2027-04-28T00:00:00.000000,1,0,0,0,1,347.0,1
146908,hostaway,2027-04-29T00:00:00.000000,1,0,0,0,1,429.0,1
146908,hostaway,2027-04-30T00:00:00.000000,1,0,0,0,1,532.0,1
146908,hostaway,2027-05-01T00:00:00.000000,1,0,0,0,1,532.0,1
146908,hostaway,2027-05-02T00:00:00.000000,1,0,0,0,1,429.0,1
146908,hostaway,2027-05-03T00:00:00.000000,1,0,0,0,1,347.0,1
146908,hostaway,2027-05-04T00:00:00.000000,1,0,0,0,1,347.0,1
146908,hostaway,2027-05-05T00:00:00.000000,1,0,0,0,1,347.0,1
146908,hostaway,2027-05-06T00:00:00.000000,1,0,0,0,1,747.0,1
146908,hostaway,2027-05-07T00:00:00.000000,1,0,0,0,1,885.0,1
146908,hostaway,2027-05-08T00:00:00.000000,1,0,0,0,1,885.0,1
146908,hostaway,2027-05-09T00:00:00.000000,1,0,0,0,1,750.0,1
146908,hostaway,2027-05-10T00:00:00.000000,1,0,0,0,1,428.0,1
146908,hostaway,2027-05-11T00:00:00.000000,1,0,0,0,1,429.0,1
146908,hostaway,2027-05-12T00:00:00.000000,1,0,0,0,1,430.0,1
146908,hostaway,2027-05-13T00:00:00.000000,1,0,0,0,1,721.0,1
146908,hostaway,2027-05-14T00:00:00.000000,1,0,0,0,1,859.0,1
146908,hostaway,2027-05-15T00:00:00.000000,1,0,0,0,1,863.0,1
146908,hostaway,2027-05-16T00:00:00.000000,1,0,0,0,1,769.0,1
146908,hostaway,2027-05-17T00:00:00.000000,1,0,0,0,1,466.0,1
146908,hostaway,2027-05-18T00:00:00.000000,1,0,0,0,1,468.0,1
146908,hostaway,2027-05-19T00:00:00.000000,1,0,0,0,1,470.0,1
146908,hostaway,2027-05-20T00:00:00.000000,1,0,0,0,1,780.0,1
146908,hostaway,2027-05-21T00:00:00.000000,1,0,0,0,1,931.0,1
146908,hostaway,2027-05-22T00:00:00.000000,1,0,0,0,1,934.0,1
146908,hostaway,2027-05-23T00:00:00.000000,1,0,0,0,1,790.0,1
146908,hostaway,2027-05-24T00:00:00.000000,1,0,0,0,1,483.0,1
146908,hostaway,2027-05-25T00:00:00.000000,1,0,0,0,1,485.0,1
146908,hostaway,2027-05-26T00:00:00.000000,1,0,0,0,1,486.0,1
146908,hostaway,2027-05-27T00:00:00.000000,1,0,0,0,1,888.0,1
146908,hostaway,2027-05-28T00:00:00.000000,1,0,0,0,1,1386.0,1
146908,hostaway,2027-05-29T00:00:00.000000,1,0,0,0,1,1390.0,1
146908,hostaway,2027-05-30T00:00:00.000000,1,0,0,0,1,994.0,1
146908,hostaway,2027-05-31T00:00:00.000000,1,0,0,0,1,669.0,1
146908,hostaway,2027-06-01T00:00:00.000000,1,0,0,0,1,555.0,1
146908,hostaway,2027-06-02T00:00:00.000000,1,0,0,0,1,532.0,1
146908,hostaway,2027-06-03T00:00:00.000000,1,0,0,0,1,871.0,1
146908,hostaway,2027-06-04T00:00:00.000000,1,0,0,0,1,1035.0,1
146908,hostaway,2027-06-05T00:00:00.000000,1,0,0,0,1,1038.0,1
146908,hostaway,2027-06-06T00:00:00.000000,1,0,0,0,1,880.0,1
146908,hostaway,2027-06-07T00:00:00.000000,1,0,0,0,1,543.0,1
146908,hostaway,2027-06-08T00:00:00.000000,1,0,0,0,1,546.0,1
146908,hostaway,2027-06-09T00:00:00.000000,1,0,0,0,1,548.0,1
146908,hostaway,2027-06-10T00:00:00.000000,1,0,0,0,1,893.0,1
146908,hostaway,2027-06-11T00:00:00.000000,1,0,0,0,1,1059.0,1
146908,hostaway,2027-06-12T00:00:00.000000,1,0,0,0,1,1063.0,1
146908,hostaway,2027-06-13T00:00:00.000000,1,0,0,0,1,903.0,1
146908,hostaway,2027-06-14T00:00:00.000000,1,0,0,0,1,558.0,1
146908,hostaway,2027-06-15T00:00:00.000000,1,0,0,0,1,588.0,1
146908,hostaway,2027-06-16T00:00:00.000000,1,0,0,0,1,590.0,1
146908,hostaway,2027-06-17T00:00:00.000000,1,0,0,0,1,915.0,1
146908,hostaway,2027-06-18T00:00:00.000000,1,0,0,0,1,1084.0,1
146908,hostaway,2027-06-19T00:00:00.000000,1,0,0,0,1,1088.0,1
146908,hostaway,2027-06-20T00:00:00.000000,1,0,0,0,1,926.0,1
146908,hostaway,2027-06-21T00:00:00.000000,1,0,0,0,1,575.0,1
146908,hostaway,2027-06-22T00:00:00.000000,1,0,0,0,1,604.0,1
146908,hostaway,2027-06-23T00:00:00.000000,1,0,0,0,1,579.0,1
146908,hostaway,2027-06-24T00:00:00.000000,1,0,0,0,1,935.0,1
146908,hostaway,2027-06-25T00:00:00.000000,1,0,0,0,1,1102.0,1
146908,hostaway,2027-06-26T00:00:00.000000,1,0,0,0,1,1102.0,1
146908,hostaway,2027-06-27T00:00:00.000000,1,0,0,0,1,935.0,1
146908,hostaway,2027-06-28T00:00:00.000000,1,0,0,0,1,579.0,1
146908,hostaway,2027-06-29T00:00:00.000000,1,0,0,0,1,579.0,1
146908,hostaway,2027-06-30T00:00:00.000000,1,0,0,0,1,579.0,1
146908,hostaway,2027-07-01T00:00:00.000000,1,0,0,0,1,935.0,1
146908,hostaway,2027-07-02T00:00:00.000000,1,0,0,0,1,1662.0,1
146908,hostaway,2027-07-03T00:00:00.000000,1,0,0,0,1,1662.0,1
146908,hostaway,2027-07-04T00:00:00.000000,1,0,0,0,1,1028.0,1
146908,hostaway,2027-07-05T00:00:00.000000,1,0,0,0,1,629.0,1
146908,hostaway,2027-07-06T00:00:00.000000,1,0,0,0,1,629.0,1
146908,hostaway,2027-07-07T00:00:00.000000,1,0,0,0,1,629.0,1
146908,hostaway,2027-07-08T00:00:00.000000,1,0,0,0,1,1019.0,1
146908,hostaway,2027-07-09T00:00:00.000000,1,0,0,0,1,1511.0,1
146908,hostaway,2027-07-10T00:00:00.000000,1,0,0,0,1,1511.0,1
146908,hostaway,2027-07-11T00:00:00.000000,1,0,0,0,1,1019.0,1
146908,hostaway,2027-07-12T00:00:00.000000,1,0,0,0,1,629.0,1
146908,hostaway,2027-07-13T00:00:00.000000,1,0,0,0,1,629.0,1
146908,hostaway,2027-07-14T00:00:00.000000,1,0,0,0,1,629.0,1
146908,hostaway,2027-07-15T00:00:00.000000,1,0,0,0,1,1019.0,1
146908,hostaway,2027-07-16T00:00:00.000000,1,0,0,0,1,1511.0,1
146908,hostaway,2027-07-17T00:00:00.000000,1,0,0,0,1,1511.0,1
146908,hostaway,2027-07-18T00:00:00.000000,1,0,0,0,1,1019.0,1
146908,hostaway,2027-07-19T00:00:00.000000,1,0,0,0,1,629.0,1
146908,hostaway,2027-07-20T00:00:00.000000,1,0,0,0,1,629.0,1
146908,hostaway,2027-07-21T00:00:00.000000,1,0,0,0,1,629.0,1
146908,hostaway,2027-07-22T00:00:00.000000,1,0,0,0,1,1019.0,1
146908,hostaway,2027-07-23T00:00:00.000000,1,0,0,0,1,1511.0,1
146908,hostaway,2027-07-24T00:00:00.000000,1,0,0,0,1,1511.0,1
146908,hostaway,2027-07-25T00:00:00.000000,1,0,0,0,1,1019.0,1
146908,hostaway,2027-07-26T00:00:00.000000,1,0,0,0,1,629.0,1
146908,hostaway,2027-07-27T00:00:00.000000,1,0,0,0,1,629.0,1
146908,hostaway,2027-07-28T00:00:00.000000,1,0,0,0,1,629.0,1
146908,hostaway,2027-07-29T00:00:00.000000,1,0,0,0,1,1019.0,1
146908,hostaway,2027-07-30T00:00:00.000000,1,0,0,0,1,1511.0,1
146908,hostaway,2027-07-31T00:00:00.000000,1,0,0,0,1,1511.0,1
146908,hostaway,2027-08-01T00:00:00.000000,1,0,0,0,1,1019.0,1
146908,hostaway,2027-08-02T00:00:00.000000,1,0,0,0,1,629.0,1
146908,hostaway,2027-08-03T00:00:00.000000,1,0,0,0,1,629.0,1
146908,hostaway,2027-08-04T00:00:00.000000,1,0,0,0,1,629.0,1
146908,hostaway,2027-08-05T00:00:00.000000,1,0,0,0,1,1019.0,1
146908,hostaway,2027-08-06T00:00:00.000000,1,0,0,0,1,1511.0,1
146908,hostaway,2027-08-07T00:00:00.000000,1,0,0,0,1,1511.0,1
146908,hostaway,2027-08-08T00:00:00.000000,1,0,0,0,1,1019.0,1
146908,hostaway,2027-08-09T00:00:00.000000,1,0,0,0,1,629.0,1
146908,hostaway,2027-08-10T00:00:00.000000,1,0,0,0,1,629.0,1
146908,hostaway,2027-08-11T00:00:00.000000,1,0,0,0,1,629.0,1
146908,hostaway,2027-08-12T00:00:00.000000,1,0,0,0,1,1019.0,1
146908,hostaway,2027-08-13T00:00:00.000000,1,0,0,0,1,1511.0,1
146908,hostaway,2027-08-14T00:00:00.000000,1,0,0,0,1,1511.0,1
146908,hostaway,2027-08-15T00:00:00.000000,1,0,0,0,1,1019.0,1
146908,hostaway,2027-08-16T00:00:00.000000,1,0,0,0,1,629.0,1
146908,hostaway,2027-08-17T00:00:00.000000,1,0,0,0,1,629.0,1
146908,hostaway,2027-08-18T00:00:00.000000,1,0,0,0,1,629.0,1
146908,hostaway,2027-08-19T00:00:00.000000,1,0,0,0,1,1019.0,1
146908,hostaway,2027-08-20T00:00:00.000000,1,0,0,0,1,1511.0,1
146908,hostaway,2027-08-21T00:00:00.000000,1,0,0,0,1,1511.0,1
146908,hostaway,2027-08-22T00:00:00.000000,1,0,0,0,1,1019.0,1
146908,hostaway,2027-08-23T00:00:00.000000,1,0,0,0,1,629.0,1
146908,hostaway,2027-08-24T00:00:00.000000,1,0,0,0,1,629.0,1
146908,hostaway,2027-08-25T00:00:00.000000,1,0,0,0,1,629.0,1
146908,hostaway,2027-08-26T00:00:00.000000,1,0,0,0,1,1019.0,1
146908,hostaway,2027-08-27T00:00:00.000000,1,0,0,0,1,1511.0,1
146908,hostaway,2027-08-28T00:00:00.000000,1,0,0,0,1,1511.0,1
146908,hostaway,2027-08-29T00:00:00.000000,1,0,0,0,1,1019.0,1
146908,hostaway,2027-08-30T00:00:00.000000,1,0,0,0,1,629.0,1
146908,hostaway,2027-08-31T00:00:00.000000,1,0,0,0,1,629.0,1
146908,hostaway,2027-09-01T00:00:00.000000,1,0,0,0,1,629.0,1
146908,hostaway,2027-09-02T00:00:00.000000,1,0,0,0,1,935.0,1
146908,hostaway,2027-09-03T00:00:00.000000,1,0,0,0,1,1323.0,1
146908,hostaway,2027-09-04T00:00:00.000000,1,0,0,0,1,1323.0,1
146908,hostaway,2027-09-05T00:00:00.000000,1,0,0,0,1,981.0,1
146908,hostaway,2027-09-06T00:00:00.000000,1,0,0,0,1,695.0,1
146908,hostaway,2027-09-07T00:00:00.000000,1,0,0,0,1,579.0,1
146908,hostaway,2027-09-08T00:00:00.000000,1,0,0,0,1,579.0,1
146908,hostaway,2027-09-09T00:00:00.000000,1,0,0,0,1,935.0,1
146908,hostaway,2027-09-10T00:00:00.000000,1,0,0,0,1,1102.0,1
146908,hostaway,2027-09-11T00:00:00.000000,1,0,0,0,1,1102.0,1
146908,hostaway,2027-09-12T00:00:00.000000,1,0,0,0,1,935.0,1
146908,hostaway,2027-09-13T00:00:00.000000,1,0,0,0,1,579.0,1
146908,hostaway,2027-09-14T00:00:00.000000,1,0,0,0,1,579.0,1
146908,hostaway,2027-09-15T00:00:00.000000,1,0,0,0,1,579.0,1
146908,hostaway,2027-09-16T00:00:00.000000,1,0,0,0,1,935.0,1
146908,hostaway,2027-09-17T00:00:00.000000,1,0,0,0,1,1102.0,1
146908,hostaway,2027-09-18T00:00:00.000000,1,0,0,0,1,1102.0,1
146908,hostaway,2027-09-19T00:00:00.000000,1,0,0,0,1,935.0,1
146908,hostaway,2027-09-20T00:00:00.000000,1,0,0,0,1,579.0,1
146908,hostaway,2027-09-21T00:00:00.000000,1,0,0,0,1,579.0,1
146908,hostaway,2027-09-22T00:00:00.000000,1,0,0,0,1,579.0,1
146908,hostaway,2027-09-23T00:00:00.000000,1,0,0,0,1,935.0,1
146908,hostaway,2027-09-24T00:00:00.000000,1,0,0,0,1,1102.0,1
146908,hostaway,2027-09-25T00:00:00.000000,1,0,0,0,1,1102.0,1
146908,hostaway,2027-09-26T00:00:00.000000,1,0,0,0,1,935.0,1
146908,hostaway,2027-09-27T00:00:00.000000,1,0,0,0,1,579.0,1
146908,hostaway,2027-09-28T00:00:00.000000,1,0,0,0,1,579.0,1
146908,hostaway,2027-09-29T00:00:00.000000,1,0,0,0,1,579.0,1
146908,hostaway,2027-09-30T00:00:00.000000,1,0,0,0,1,935.0,1
146908,hostaway,2027-10-01T00:00:00.000000,1,0,0,0,1,1102.0,1
146908,hostaway,2027-10-02T00:00:00.000000,1,0,0,0,1,1102.0,1
146908,hostaway,2027-10-03T00:00:00.000000,1,0,0,0,1,935.0,1
146908,hostaway,2027-10-04T00:00:00.000000,1,0,0,0,1,579.0,1
146908,hostaway,2027-10-05T00:00:00.000000,1,0,0,0,1,579.0,1
146908,hostaway,2027-10-06T00:00:00.000000,1,0,0,0,1,579.0,1
146908,hostaway,2027-10-07T00:00:00.000000,1,0,0,0,1,935.0,1
146908,hostaway,2027-10-08T00:00:00.000000,1,0,0,0,1,1102.0,1
146908,hostaway,2027-10-09T00:00:00.000000,1,0,0,0,1,1102.0,1
146908,hostaway,2027-10-10T00:00:00.000000,1,0,0,0,1,935.0,1
146908,hostaway,2027-10-11T00:00:00.000000,1,0,0,0,1,579.0,1
146908,hostaway,2027-10-12T00:00:00.000000,1,0,0,0,1,579.0,1
146908,hostaway,2027-10-13T00:00:00.000000,1,0,0,0,1,579.0,1
146908,hostaway,2027-10-14T00:00:00.000000,1,0,0,0,1,935.0,1
146908,hostaway,2027-10-15T00:00:00.000000,1,0,0,0,1,1102.0,1
146908,hostaway,2027-10-16T00:00:00.000000,1,0,0,0,1,1102.0,1
146908,hostaway,2027-10-17T00:00:00.000000,1,0,0,0,1,935.0,1
146908,hostaway,2027-10-18T00:00:00.000000,1,0,0,0,1,579.0,1
146908,hostaway,2027-10-19T00:00:00.000000,1,0,0,0,1,579.0,1
146908,hostaway,2027-10-20T00:00:00.000000,1,0,0,0,1,579.0,1
146908,hostaway,2027-10-21T00:00:00.000000,1,0,0,0,1,935.0,1
146908,hostaway,2027-10-22T00:00:00.000000,1,0,0,0,1,1102.0,1
146908,hostaway,2027-10-23T00:00:00.000000,1,0,0,0,1,1102.0,1
146908,hostaway,2027-10-24T00:00:00.000000,1,0,0,0,1,935.0,1
146908,hostaway,2027-10-25T00:00:00.000000,1,0,0,0,1,579.0,1
146908,hostaway,2027-10-26T00:00:00.000000,1,0,0,0,1,579.0,1
146908,hostaway,2027-10-27T00:00:00.000000,1,0,0,0,1,579.0,1
146908,hostaway,2027-10-28T00:00:00.000000,1,0,0,0,1,935.0,1
146908,hostaway,2027-10-29T00:00:00.000000,1,0,0,0,1,1102.0,1
146908,hostaway,2027-10-30T00:00:00.000000,1,0,0,0,1,1102.0,1
146908,hostaway,2027-10-31T00:00:00.000000,1,0,0,0,1,935.0,1
146908,hostaway,2027-11-01T00:00:00.000000,1,0,0,0,1,369.0,1
146908,hostaway,2027-11-02T00:00:00.000000,1,0,0,0,1,369.0,1
146908,hostaway,2027-11-03T00:00:00.000000,1,0,0,0,1,369.0,1
146908,hostaway,2027-11-04T00:00:00.000000,1,0,0,0,1,419.0,1
146908,hostaway,2027-11-05T00:00:00.000000,1,0,0,0,1,499.0,1
146908,hostaway,2027-11-06T00:00:00.000000,1,0,0,0,1,499.0,1
146908,hostaway,2027-11-07T00:00:00.000000,1,0,0,0,1,419.0,1
146908,hostaway,2027-11-08T00:00:00.000000,1,0,0,0,1,369.0,1
146908,hostaway,2027-11-09T00:00:00.000000,1,0,0,0,1,369.0,1
146908,hostaway,2027-11-10T00:00:00.000000,1,0,0,0,1,369.0,1
146908,hostaway,2027-11-11T00:00:00.000000,1,0,0,0,1,419.0,1
146908,hostaway,2027-11-12T00:00:00.000000,1,0,0,0,1,499.0,1
146908,hostaway,2027-11-13T00:00:00.000000,1,0,0,0,1,499.0,1
146908,hostaway,2027-11-14T00:00:00.000000,1,0,0,0,1,419.0,1
146908,hostaway,2027-11-15T00:00:00.000000,1,0,0,0,1,369.0,1
146908,hostaway,2027-11-16T00:00:00.000000,1,0,0,0,1,369.0,1
146908,hostaway,2027-11-17T00:00:00.000000,1,0,0,0,1,369.0,1
146908,hostaway,2027-11-18T00:00:00.000000,1,0,0,0,1,419.0,1
146908,hostaway,2027-11-19T00:00:00.000000,1,0,0,0,1,499.0,1
146908,hostaway,2027-11-20T00:00:00.000000,1,0,0,0,1,499.0,1
146908,hostaway,2027-11-21T00:00:00.000000,1,0,0,0,1,419.0,1
146908,hostaway,2027-11-22T00:00:00.000000,1,0,0,0,1,369.0,1
146908,hostaway,2027-11-23T00:00:00.000000,1,0,0,0,1,369.0,1
146908,hostaway,2027-11-24T00:00:00.000000,1,0,0,0,1,369.0,1
146908,hostaway,2027-11-25T00:00:00.000000,1,0,0,0,1,712.0,1
146908,hostaway,2027-11-26T00:00:00.000000,1,0,0,0,1,848.0,1
146908,hostaway,2027-11-27T00:00:00.000000,1,0,0,0,1,848.0,1
146908,hostaway,2027-11-28T00:00:00.000000,1,0,0,0,1,587.0,1
146908,hostaway,2027-11-29T00:00:00.000000,1,0,0,0,1,329.0,1
146908,hostaway,2027-11-30T00:00:00.000000,1,0,0,0,1,329.0,1
146908,hostaway,2027-12-01T00:00:00.000000,1,0,0,0,1,329.0,1
146908,hostaway,2027-12-02T00:00:00.000000,1,0,0,0,1,379.0,1
146908,hostaway,2027-12-03T00:00:00.000000,1,0,0,0,1,449.0,1
146908,hostaway,2027-12-04T00:00:00.000000,1,0,0,0,1,449.0,1
146908,hostaway,2027-12-05T00:00:00.000000,1,0,0,0,1,379.0,1
146908,hostaway,2027-12-06T00:00:00.000000,1,0,0,0,1,329.0,1
146908,hostaway,2027-12-07T00:00:00.000000,1,0,0,0,1,329.0,1
146908,hostaway,2027-12-08T00:00:00.000000,1,0,0,0,1,329.0,1
146908,hostaway,2027-12-09T00:00:00.000000,1,0,0,0,1,379.0,1
146908,hostaway,2027-12-10T00:00:00.000000,1,0,0,0,1,449.0,1
146908,hostaway,2027-12-11T00:00:00.000000,1,0,0,0,1,449.0,1
146908,hostaway,2027-12-12T00:00:00.000000,1,0,0,0,1,379.0,1
146908,hostaway,2027-12-13T00:00:00.000000,1,0,0,0,1,329.0,1
146908,hostaway,2027-12-14T00:00:00.000000,1,0,0,0,1,329.0,1
146908,hostaway,2027-12-15T00:00:00.000000,1,0,0,0,1,329.0,1
146908,hostaway,2027-12-16T00:00:00.000000,1,0,0,0,1,379.0,1
146908,hostaway,2027-12-17T00:00:00.000000,1,0,0,0,1,674.0,1
146908,hostaway,2027-12-18T00:00:00.000000,1,0,0,0,1,674.0,1
146908,hostaway,2027-12-19T00:00:00.000000,1,0,0,0,1,569.0,1
146908,hostaway,2027-12-20T00:00:00.000000,1,0,0,0,1,494.0,1
146908,hostaway,2027-12-21T00:00:00.000000,1,0,0,0,1,494.0,1
146908,hostaway,2027-12-22T00:00:00.000000,1,0,0,0,1,494.0,1
146908,hostaway,2027-12-23T00:00:00.000000,1,0,0,0,1,569.0,1
146908,hostaway,2027-12-24T00:00:00.000000,1,0,0,0,1,1572.0,1
146908,hostaway,2027-12-25T00:00:00.000000,1,0,0,0,1,1572.0,1
146908,hostaway,2027-12-26T00:00:00.000000,1,0,0,0,1,1572.0,1
146908,hostaway,2027-12-27T00:00:00.000000,1,0,0,0,1,329.0,1
146908,hostaway,2027-12-28T00:00:00.000000,1,0,0,0,1,329.0,1
146908,hostaway,2027-12-29T00:00:00.000000,1,0,0,0,1,329.0,1
146908,hostaway,2027-12-30T00:00:00.000000,1,0,0,0,1,1729.0,1
146908,hostaway,2027-12-31T00:00:00.000000,1,0,0,0,1,1729.0,1
146908,hostaway,2028-01-01T00:00:00.000000,1,0,0,0,1,1729.0,1
146908,hostaway,2028-01-02T00:00:00.000000,1,0,0,0,1,864.0,1
146908,hostaway,2028-01-03T00:00:00.000000,1,0,0,0,1,443.0,1
146908,hostaway,2028-01-04T00:00:00.000000,1,0,0,0,1,443.0,1
146908,hostaway,2028-01-05T00:00:00.000000,1,0,0,0,1,443.0,1
146908,hostaway,2028-01-06T00:00:00.000000,1,0,0,0,1,503.0,1
146908,hostaway,2028-01-07T00:00:00.000000,1,0,0,0,1,599.0,1
146908,hostaway,2028-01-08T00:00:00.000000,1,0,0,0,1,599.0,1
146908,hostaway,2028-01-09T00:00:00.000000,1,0,0,0,1,503.0,1
146944,hostaway,2026-05-24T00:00:00.000000,1,0,0,0,1,0.0,1
146944,hostaway,2026-05-25T00:00:00.000000,1,0,0,0,1,0.0,1
146944,hostaway,2026-05-26T00:00:00.000000,1,0,0,0,1,0.0,1
146944,hostaway,2026-05-27T00:00:00.000000,1,0,0,0,1,0.0,1
146944,hostaway,2026-05-28T00:00:00.000000,1,1,0,0,1,0.0,0
146944,hostaway,2026-05-29T00:00:00.000000,1,1,0,0,1,0.0,0
146944,hostaway,2026-05-30T00:00:00.000000,1,1,0,0,1,0.0,0
146944,hostaway,2026-05-31T00:00:00.000000,1,1,0,0,1,0.0,0
146944,hostaway,2026-06-01T00:00:00.000000,1,0,0,0,1,0.0,1
146944,hostaway,2026-06-02T00:00:00.000000,1,0,0,0,1,0.0,1
146944,hostaway,2026-06-03T00:00:00.000000,1,1,0,0,1,0.0,0
146944,hostaway,2026-06-04T00:00:00.000000,1,1,0,0,1,0.0,0
146944,hostaway,2026-06-05T00:00:00.000000,1,1,0,0,1,0.0,0
146944,hostaway,2026-06-06T00:00:00.000000,1,1,0,0,1,0.0,0
146944,hostaway,2026-06-07T00:00:00.000000,1,0,0,0,1,0.0,1
146944,hostaway,2026-06-08T00:00:00.000000,1,1,0,0,1,0.0,0
146944,hostaway,2026-06-09T00:00:00.000000,1,0,0,0,1,0.0,1
146944,hostaway,2026-06-10T00:00:00.000000,1,0,0,0,1,0.0,1
146944,hostaway,2026-06-11T00:00:00.000000,1,0,0,0,1,0.0,1
146944,hostaway,2026-06-12T00:00:00.000000,1,1,0,0,1,0.0,0
146944,hostaway,2026-06-13T00:00:00.000000,1,1,0,0,1,0.0,0
146944,hostaway,2026-06-14T00:00:00.000000,1,1,0,0,1,0.0,0
146944,hostaway,2026-06-15T00:00:00.000000,1,1,0,0,1,0.0,0
146944,hostaway,2026-06-16T00:00:00.000000,1,0,0,0,1,0.0,1
146944,hostaway,2026-06-17T00:00:00.000000,1,1,0,0,1,0.0,0
146944,hostaway,2026-06-18T00:00:00.000000,1,0,0,0,1,0.0,1
146944,hostaway,2026-06-19T00:00:00.000000,1,0,0,0,1,0.0,1
146944,hostaway,2026-06-20T00:00:00.000000,1,1,0,0,1,0.0,0
146944,hostaway,2026-06-21T00:00:00.000000,1,1,0,0,1,0.0,0
146944,hostaway,2026-06-22T00:00:00.000000,1,0,0,0,1,0.0,1
146944,hostaway,2026-06-23T00:00:00.000000,1,0,0,0,1,236.0,1
146944,hostaway,2026-06-24T00:00:00.000000,1,1,0,0,1,368.0,0
146944,hostaway,2026-06-25T00:00:00.000000,1,1,0,0,1,518.0,0
146944,hostaway,2026-06-26T00:00:00.000000,1,1,0,0,1,1014.0,0
146944,hostaway,2026-06-27T00:00:00.000000,1,1,0,0,1,1014.0,0
146944,hostaway,2026-06-28T00:00:00.000000,1,1,0,0,1,435.0,0
146944,hostaway,2026-06-29T00:00:00.000000,1,1,0,0,1,362.0,0
146944,hostaway,2026-06-30T00:00:00.000000,1,1,0,0,1,362.0,0
146944,hostaway,2026-07-01T00:00:00.000000,1,1,0,0,1,362.0,0
146944,hostaway,2026-07-02T00:00:00.000000,1,1,0,0,1,575.0,0
146944,hostaway,2026-07-03T00:00:00.000000,1,1,0,0,1,1264.0,0
146944,hostaway,2026-07-04T00:00:00.000000,1,1,0,0,1,1264.0,0
146944,hostaway,2026-07-05T00:00:00.000000,1,1,0,0,1,464.0,0
146944,hostaway,2026-07-06T00:00:00.000000,1,0,0,0,1,306.0,1
146944,hostaway,2026-07-07T00:00:00.000000,1,1,0,0,1,368.0,0
146944,hostaway,2026-07-08T00:00:00.000000,1,1,0,0,1,368.0,0
146944,hostaway,2026-07-09T00:00:00.000000,1,0,0,0,1,436.0,1
146944,hostaway,2026-07-10T00:00:00.000000,1,0,0,0,1,825.0,1
146944,hostaway,2026-07-11T00:00:00.000000,1,0,0,0,1,971.0,1
146944,hostaway,2026-07-12T00:00:00.000000,1,0,0,0,1,436.0,1
146944,hostaway,2026-07-13T00:00:00.000000,1,0,0,0,1,306.0,1
146944,hostaway,2026-07-14T00:00:00.000000,1,0,0,0,1,306.0,1
146944,hostaway,2026-07-15T00:00:00.000000,1,0,0,0,1,306.0,1
146944,hostaway,2026-07-16T00:00:00.000000,1,1,0,0,1,518.0,0
146944,hostaway,2026-07-17T00:00:00.000000,1,1,0,0,1,1145.0,0
146944,hostaway,2026-07-18T00:00:00.000000,1,1,0,0,1,1145.0,0
146944,hostaway,2026-07-19T00:00:00.000000,1,1,0,0,1,518.0,0
146944,hostaway,2026-07-20T00:00:00.000000,1,1,0,0,1,368.0,0
146944,hostaway,2026-07-21T00:00:00.000000,1,1,0,0,1,368.0,0
146944,hostaway,2026-07-22T00:00:00.000000,1,1,0,0,1,368.0,0
146944,hostaway,2026-07-23T00:00:00.000000,1,0,0,0,1,436.0,1
146944,hostaway,2026-07-24T00:00:00.000000,1,0,0,0,1,971.0,1
146944,hostaway,2026-07-25T00:00:00.000000,1,1,0,0,1,1145.0,0
146944,hostaway,2026-07-26T00:00:00.000000,1,1,0,0,1,518.0,0
146944,hostaway,2026-07-27T00:00:00.000000,1,1,0,0,1,368.0,0
146944,hostaway,2026-07-28T00:00:00.000000,1,1,0,0,1,368.0,0
146944,hostaway,2026-07-29T00:00:00.000000,1,1,0,0,1,368.0,0
146944,hostaway,2026-07-30T00:00:00.000000,1,1,0,0,1,518.0,0
146944,hostaway,2026-07-31T00:00:00.000000,1,0,0,0,1,1145.0,1
146944,hostaway,2026-08-01T00:00:00.000000,1,0,0,0,1,1145.0,1
146944,hostaway,2026-08-02T00:00:00.000000,1,0,0,0,1,518.0,1
146944,hostaway,2026-08-03T00:00:00.000000,1,0,0,0,1,434.0,1
146944,hostaway,2026-08-04T00:00:00.000000,1,0,0,0,1,368.0,1
146944,hostaway,2026-08-05T00:00:00.000000,1,0,0,0,1,368.0,1
146944,hostaway,2026-08-06T00:00:00.000000,1,0,0,0,1,571.0,1
146944,hostaway,2026-08-07T00:00:00.000000,1,0,0,0,1,846.0,1
146944,hostaway,2026-08-08T00:00:00.000000,1,0,0,0,1,931.0,1
146944,hostaway,2026-08-09T00:00:00.000000,1,1,0,0,1,571.0,0
146944,hostaway,2026-08-10T00:00:00.000000,1,1,0,0,1,631.0,0
146944,hostaway,2026-08-11T00:00:00.000000,1,1,0,0,1,541.0,0
146944,hostaway,2026-08-12T00:00:00.000000,1,0,0,0,1,405.0,1
146944,hostaway,2026-08-13T00:00:00.000000,1,0,0,0,1,571.0,1
146944,hostaway,2026-08-14T00:00:00.000000,1,0,0,0,1,846.0,1
146944,hostaway,2026-08-15T00:00:00.000000,1,0,0,0,1,846.0,1
146944,hostaway,2026-08-16T00:00:00.000000,1,0,0,0,1,730.0,1
146944,hostaway,2026-08-17T00:00:00.000000,1,0,0,0,1,510.0,1
146944,hostaway,2026-08-18T00:00:00.000000,1,0,0,0,1,368.0,1
146944,hostaway,2026-08-19T00:00:00.000000,1,1,0,0,1,410.0,0
146944,hostaway,2026-08-20T00:00:00.000000,1,1,0,0,1,571.0,0
146944,hostaway,2026-08-21T00:00:00.000000,1,0,0,0,1,934.0,1
146944,hostaway,2026-08-22T00:00:00.000000,1,0,0,0,1,1075.0,1
146944,hostaway,2026-08-23T00:00:00.000000,1,0,0,0,1,571.0,1
146944,hostaway,2026-08-24T00:00:00.000000,1,0,0,0,1,434.0,1
146944,hostaway,2026-08-25T00:00:00.000000,1,0,0,0,1,368.0,1
146944,hostaway,2026-08-26T00:00:00.000000,1,0,0,0,1,368.0,1
146944,hostaway,2026-08-27T00:00:00.000000,1,0,0,0,1,571.0,1
146944,hostaway,2026-08-28T00:00:00.000000,1,0,0,0,1,846.0,1
146944,hostaway,2026-08-29T00:00:00.000000,1,0,0,0,1,846.0,1
146944,hostaway,2026-08-30T00:00:00.000000,1,0,0,0,1,571.0,1
146944,hostaway,2026-08-31T00:00:00.000000,1,0,0,0,1,434.0,1
146944,hostaway,2026-09-01T00:00:00.000000,1,0,0,0,1,322.0,1
146944,hostaway,2026-09-02T00:00:00.000000,1,0,0,0,1,322.0,1
146944,hostaway,2026-09-03T00:00:00.000000,1,0,0,0,1,501.0,1
146944,hostaway,2026-09-04T00:00:00.000000,1,0,0,0,1,1176.0,1
146944,hostaway,2026-09-05T00:00:00.000000,1,0,0,0,1,1176.0,1
146944,hostaway,2026-09-06T00:00:00.000000,1,0,0,0,1,872.0,1
146944,hostaway,2026-09-07T00:00:00.000000,1,0,0,0,1,526.0,1
146944,hostaway,2026-09-08T00:00:00.000000,1,0,0,0,1,359.0,1
146944,hostaway,2026-09-09T00:00:00.000000,1,0,0,0,1,359.0,1
146944,hostaway,2026-09-10T00:00:00.000000,1,0,0,0,1,416.0,1
146944,hostaway,2026-09-11T00:00:00.000000,1,1,0,0,1,872.0,0
146944,hostaway,2026-09-12T00:00:00.000000,1,1,0,0,1,872.0,0
146944,hostaway,2026-09-13T00:00:00.000000,1,0,0,0,1,506.0,1
146944,hostaway,2026-09-14T00:00:00.000000,1,0,0,0,1,397.0,1
146944,hostaway,2026-09-15T00:00:00.000000,1,0,0,0,1,359.0,1
146944,hostaway,2026-09-16T00:00:00.000000,1,0,0,0,1,359.0,1
146944,hostaway,2026-09-17T00:00:00.000000,1,0,0,0,1,501.0,1
146944,hostaway,2026-09-18T00:00:00.000000,1,0,0,0,1,756.0,1
146944,hostaway,2026-09-19T00:00:00.000000,1,0,0,0,1,756.0,1
146944,hostaway,2026-09-20T00:00:00.000000,1,0,0,0,1,501.0,1
146944,hostaway,2026-09-21T00:00:00.000000,1,0,0,0,1,394.0,1
146944,hostaway,2026-09-22T00:00:00.000000,1,0,0,0,1,394.0,1
146944,hostaway,2026-09-23T00:00:00.000000,1,0,0,0,1,394.0,1
146944,hostaway,2026-09-24T00:00:00.000000,1,0,0,0,1,501.0,1
146944,hostaway,2026-09-25T00:00:00.000000,1,0,0,0,1,756.0,1
146944,hostaway,2026-09-26T00:00:00.000000,1,0,0,0,1,756.0,1
146944,hostaway,2026-09-27T00:00:00.000000,1,0,0,0,1,501.0,1
146944,hostaway,2026-09-28T00:00:00.000000,1,0,0,0,1,359.0,1
146944,hostaway,2026-09-29T00:00:00.000000,1,0,0,0,1,359.0,1
146944,hostaway,2026-09-30T00:00:00.000000,1,0,0,0,1,359.0,1
146944,hostaway,2026-10-01T00:00:00.000000,1,0,0,0,1,449.0,1
146944,hostaway,2026-10-02T00:00:00.000000,1,0,0,0,1,666.0,1
146944,hostaway,2026-10-03T00:00:00.000000,1,0,0,0,1,666.0,1
146944,hostaway,2026-10-04T00:00:00.000000,1,0,0,0,1,449.0,1
146944,hostaway,2026-10-05T00:00:00.000000,1,0,0,0,1,316.0,1
146944,hostaway,2026-10-06T00:00:00.000000,1,0,0,0,1,316.0,1
146944,hostaway,2026-10-07T00:00:00.000000,1,1,0,0,1,316.0,0
146944,hostaway,2026-10-08T00:00:00.000000,1,1,0,0,1,449.0,0
146944,hostaway,2026-10-09T00:00:00.000000,1,0,0,0,1,666.0,1
146944,hostaway,2026-10-10T00:00:00.000000,1,0,0,0,1,666.0,1
146944,hostaway,2026-10-11T00:00:00.000000,1,0,0,0,1,449.0,1
146944,hostaway,2026-10-12T00:00:00.000000,1,0,0,0,1,316.0,1
146944,hostaway,2026-10-13T00:00:00.000000,1,0,0,0,1,316.0,1
146944,hostaway,2026-10-14T00:00:00.000000,1,0,0,0,1,316.0,1
146944,hostaway,2026-10-15T00:00:00.000000,1,0,0,0,1,449.0,1
146944,hostaway,2026-10-16T00:00:00.000000,1,0,0,0,1,736.0,1
146944,hostaway,2026-10-17T00:00:00.000000,1,0,0,0,1,736.0,1
146944,hostaway,2026-10-18T00:00:00.000000,1,0,0,0,1,449.0,1
146944,hostaway,2026-10-19T00:00:00.000000,1,0,0,0,1,316.0,1
146944,hostaway,2026-10-20T00:00:00.000000,1,0,0,0,1,316.0,1
146944,hostaway,2026-10-21T00:00:00.000000,1,0,0,0,1,316.0,1
146944,hostaway,2026-10-22T00:00:00.000000,1,0,0,0,1,449.0,1
146944,hostaway,2026-10-23T00:00:00.000000,1,0,0,0,1,666.0,1
146944,hostaway,2026-10-24T00:00:00.000000,1,0,0,0,1,666.0,1
146944,hostaway,2026-10-25T00:00:00.000000,1,0,0,0,1,449.0,1
146944,hostaway,2026-10-26T00:00:00.000000,1,0,0,0,1,316.0,1
146944,hostaway,2026-10-27T00:00:00.000000,1,0,0,0,1,316.0,1
146944,hostaway,2026-10-28T00:00:00.000000,1,0,0,0,1,316.0,1
146944,hostaway,2026-10-29T00:00:00.000000,1,0,0,0,1,449.0,1
146944,hostaway,2026-10-30T00:00:00.000000,1,0,0,0,1,666.0,1
146944,hostaway,2026-10-31T00:00:00.000000,1,0,0,0,1,666.0,1
146944,hostaway,2026-11-01T00:00:00.000000,1,0,0,0,1,383.0,1
146944,hostaway,2026-11-02T00:00:00.000000,1,0,0,0,1,276.0,1
146944,hostaway,2026-11-03T00:00:00.000000,1,0,0,0,1,276.0,1
146944,hostaway,2026-11-04T00:00:00.000000,1,0,0,0,1,276.0,1
146944,hostaway,2026-11-05T00:00:00.000000,1,0,0,0,1,383.0,1
146944,hostaway,2026-11-06T00:00:00.000000,1,0,0,0,1,592.0,1
146944,hostaway,2026-11-07T00:00:00.000000,1,0,0,0,1,592.0,1
146944,hostaway,2026-11-08T00:00:00.000000,1,0,0,0,1,383.0,1
146944,hostaway,2026-11-09T00:00:00.000000,1,0,0,0,1,276.0,1
146944,hostaway,2026-11-10T00:00:00.000000,1,0,0,0,1,276.0,1
146944,hostaway,2026-11-11T00:00:00.000000,1,0,0,0,1,276.0,1
146944,hostaway,2026-11-12T00:00:00.000000,1,0,0,0,1,383.0,1
146944,hostaway,2026-11-13T00:00:00.000000,1,0,0,0,1,592.0,1
146944,hostaway,2026-11-14T00:00:00.000000,1,0,0,0,1,592.0,1
146944,hostaway,2026-11-15T00:00:00.000000,1,0,0,0,1,383.0,1
146944,hostaway,2026-11-16T00:00:00.000000,1,0,0,0,1,276.0,1
146944,hostaway,2026-11-17T00:00:00.000000,1,0,0,0,1,276.0,1
146944,hostaway,2026-11-18T00:00:00.000000,1,0,0,0,1,276.0,1
146944,hostaway,2026-11-19T00:00:00.000000,1,0,0,0,1,383.0,1
146944,hostaway,2026-11-20T00:00:00.000000,1,0,0,0,1,592.0,1
146944,hostaway,2026-11-21T00:00:00.000000,1,0,0,0,1,592.0,1
146944,hostaway,2026-11-22T00:00:00.000000,1,0,0,0,1,383.0,1
146944,hostaway,2026-11-23T00:00:00.000000,1,0,0,0,1,276.0,1
146944,hostaway,2026-11-24T00:00:00.000000,1,0,0,0,1,276.0,1
146944,hostaway,2026-11-25T00:00:00.000000,1,0,0,0,1,276.0,1
146944,hostaway,2026-11-26T00:00:00.000000,1,0,0,0,1,585.0,1
146944,hostaway,2026-11-27T00:00:00.000000,1,0,0,0,1,592.0,1
146944,hostaway,2026-11-28T00:00:00.000000,1,0,0,0,1,592.0,1
146944,hostaway,2026-11-29T00:00:00.000000,1,0,0,0,1,383.0,1
146944,hostaway,2026-11-30T00:00:00.000000,1,0,0,0,1,276.0,1
146944,hostaway,2026-12-01T00:00:00.000000,1,0,0,0,1,237.0,1
146944,hostaway,2026-12-02T00:00:00.000000,1,0,0,0,1,237.0,1
146944,hostaway,2026-12-03T00:00:00.000000,1,0,0,0,1,337.0,1
146944,hostaway,2026-12-04T00:00:00.000000,1,0,0,0,1,518.0,1
146944,hostaway,2026-12-05T00:00:00.000000,1,0,0,0,1,518.0,1
146944,hostaway,2026-12-06T00:00:00.000000,1,0,0,0,1,337.0,1
146944,hostaway,2026-12-07T00:00:00.000000,1,0,0,0,1,237.0,1
146944,hostaway,2026-12-08T00:00:00.000000,1,0,0,0,1,237.0,1
146944,hostaway,2026-12-09T00:00:00.000000,1,0,0,0,1,237.0,1
146944,hostaway,2026-12-10T00:00:00.000000,1,0,0,0,1,337.0,1
146944,hostaway,2026-12-11T00:00:00.000000,1,0,0,0,1,518.0,1
146944,hostaway,2026-12-12T00:00:00.000000,1,0,0,0,1,518.0,1
146944,hostaway,2026-12-13T00:00:00.000000,1,0,0,0,1,337.0,1
146944,hostaway,2026-12-14T00:00:00.000000,1,0,0,0,1,237.0,1
146944,hostaway,2026-12-15T00:00:00.000000,1,0,0,0,1,237.0,1
146944,hostaway,2026-12-16T00:00:00.000000,1,0,0,0,1,237.0,1
146944,hostaway,2026-12-17T00:00:00.000000,1,0,0,0,1,428.0,1
146944,hostaway,2026-12-18T00:00:00.000000,1,0,0,0,1,646.0,1
146944,hostaway,2026-12-19T00:00:00.000000,1,0,0,0,1,646.0,1
146944,hostaway,2026-12-20T00:00:00.000000,1,0,0,0,1,428.0,1
146944,hostaway,2026-12-21T00:00:00.000000,1,0,0,0,1,297.0,1
146944,hostaway,2026-12-22T00:00:00.000000,1,0,0,0,1,297.0,1
146944,hostaway,2026-12-23T00:00:00.000000,1,0,0,0,1,297.0,1
146944,hostaway,2026-12-24T00:00:00.000000,1,0,0,0,1,634.0,1
146944,hostaway,2026-12-25T00:00:00.000000,1,0,0,0,1,1015.0,1
146944,hostaway,2026-12-26T00:00:00.000000,1,0,0,0,1,1015.0,1
146944,hostaway,2026-12-27T00:00:00.000000,1,0,0,0,1,501.0,1
146944,hostaway,2026-12-28T00:00:00.000000,1,0,0,0,1,393.0,1
146944,hostaway,2026-12-29T00:00:00.000000,1,0,0,0,1,393.0,1
146944,hostaway,2026-12-30T00:00:00.000000,1,0,0,0,1,1204.0,1
146944,hostaway,2026-12-31T00:00:00.000000,1,0,0,0,1,1236.0,1
146944,hostaway,2027-01-01T00:00:00.000000,1,0,0,0,1,551.0,1
146944,hostaway,2027-01-02T00:00:00.000000,1,0,0,0,1,551.0,1
146944,hostaway,2027-01-03T00:00:00.000000,1,0,0,0,1,317.0,1
146944,hostaway,2027-01-04T00:00:00.000000,1,0,0,0,1,236.0,1
146944,hostaway,2027-01-05T00:00:00.000000,1,0,0,0,1,236.0,1
146944,hostaway,2027-01-06T00:00:00.000000,1,0,0,0,1,271.0,1
146944,hostaway,2027-01-07T00:00:00.000000,1,0,0,0,1,330.0,1
146944,hostaway,2027-01-08T00:00:00.000000,1,0,0,0,1,383.0,1
146944,hostaway,2027-01-09T00:00:00.000000,1,0,0,0,1,383.0,1
146944,hostaway,2027-01-10T00:00:00.000000,1,0,0,0,1,330.0,1
146944,hostaway,2027-01-11T00:00:00.000000,1,0,0,0,1,236.0,1
146944,hostaway,2027-01-12T00:00:00.000000,1,0,0,0,1,236.0,1
146944,hostaway,2027-01-13T00:00:00.000000,1,0,0,0,1,236.0,1
146944,hostaway,2027-01-14T00:00:00.000000,1,0,0,0,1,278.0,1
146944,hostaway,2027-01-15T00:00:00.000000,1,0,0,0,1,447.0,1
146944,hostaway,2027-01-16T00:00:00.000000,1,0,0,0,1,447.0,1
146944,hostaway,2027-01-17T00:00:00.000000,1,0,0,0,1,374.0,1
146944,hostaway,2027-01-18T00:00:00.000000,1,0,0,0,1,298.0,1
146944,hostaway,2027-01-19T00:00:00.000000,1,0,0,0,1,236.0,1
146944,hostaway,2027-01-20T00:00:00.000000,1,0,0,0,1,236.0,1
146944,hostaway,2027-01-21T00:00:00.000000,1,0,0,0,1,278.0,1
146944,hostaway,2027-01-22T00:00:00.000000,1,0,0,0,1,332.0,1
146944,hostaway,2027-01-23T00:00:00.000000,1,0,0,0,1,332.0,1
146944,hostaway,2027-01-24T00:00:00.000000,1,0,0,0,1,278.0,1
146944,hostaway,2027-01-25T00:00:00.000000,1,0,0,0,1,236.0,1
146944,hostaway,2027-01-26T00:00:00.000000,1,0,0,0,1,236.0,1
146944,hostaway,2027-01-27T00:00:00.000000,1,0,0,0,1,236.0,1
146944,hostaway,2027-01-28T00:00:00.000000,1,0,0,0,1,278.0,1
146944,hostaway,2027-01-29T00:00:00.000000,1,0,0,0,1,332.0,1
146944,hostaway,2027-01-30T00:00:00.000000,1,0,0,0,1,332.0,1
146944,hostaway,2027-01-31T00:00:00.000000,1,0,0,0,1,278.0,1
146944,hostaway,2027-02-01T00:00:00.000000,1,0,0,0,1,236.0,1
146944,hostaway,2027-02-02T00:00:00.000000,1,0,0,0,1,236.0,1
146944,hostaway,2027-02-03T00:00:00.000000,1,0,0,0,1,236.0,1
146944,hostaway,2027-02-04T00:00:00.000000,1,0,0,0,1,278.0,1
146944,hostaway,2027-02-05T00:00:00.000000,1,0,0,0,1,332.0,1
146944,hostaway,2027-02-06T00:00:00.000000,1,0,0,0,1,332.0,1
146944,hostaway,2027-02-07T00:00:00.000000,1,0,0,0,1,278.0,1
146944,hostaway,2027-02-08T00:00:00.000000,1,0,0,0,1,236.0,1
146944,hostaway,2027-02-09T00:00:00.000000,1,0,0,0,1,236.0,1
146944,hostaway,2027-02-10T00:00:00.000000,1,0,0,0,1,236.0,1
146944,hostaway,2027-02-11T00:00:00.000000,1,0,0,0,1,278.0,1
146944,hostaway,2027-02-12T00:00:00.000000,1,0,0,0,1,484.0,1
146944,hostaway,2027-02-13T00:00:00.000000,1,0,0,0,1,484.0,1
146944,hostaway,2027-02-14T00:00:00.000000,1,0,0,0,1,404.0,1
146944,hostaway,2027-02-15T00:00:00.000000,1,0,0,0,1,330.0,1
146944,hostaway,2027-02-16T00:00:00.000000,1,0,0,0,1,236.0,1
146944,hostaway,2027-02-17T00:00:00.000000,1,0,0,0,1,236.0,1
146944,hostaway,2027-02-18T00:00:00.000000,1,0,0,0,1,278.0,1
146944,hostaway,2027-02-19T00:00:00.000000,1,0,0,0,1,332.0,1
146944,hostaway,2027-02-20T00:00:00.000000,1,0,0,0,1,332.0,1
146944,hostaway,2027-02-21T00:00:00.000000,1,0,0,0,1,278.0,1
146944,hostaway,2027-02-22T00:00:00.000000,1,0,0,0,1,236.0,1
146944,hostaway,2027-02-23T00:00:00.000000,1,0,0,0,1,236.0,1
146944,hostaway,2027-02-24T00:00:00.000000,1,0,0,0,1,236.0,1
146944,hostaway,2027-02-25T00:00:00.000000,1,0,0,0,1,275.0,1
146944,hostaway,2027-02-26T00:00:00.000000,1,0,0,0,1,332.0,1
146944,hostaway,2027-02-27T00:00:00.000000,1,0,0,0,1,332.0,1
146944,hostaway,2027-02-28T00:00:00.000000,1,0,0,0,1,275.0,1
146944,hostaway,2027-03-01T00:00:00.000000,1,0,0,0,1,256.0,1
146944,hostaway,2027-03-02T00:00:00.000000,1,0,0,0,1,256.0,1
146944,hostaway,2027-03-03T00:00:00.000000,1,0,0,0,1,256.0,1
146944,hostaway,2027-03-04T00:00:00.000000,1,0,0,0,1,295.0,1
146944,hostaway,2027-03-05T00:00:00.000000,1,0,0,0,1,358.0,1
146944,hostaway,2027-03-06T00:00:00.000000,1,0,0,0,1,358.0,1
146944,hostaway,2027-03-07T00:00:00.000000,1,0,0,0,1,295.0,1
146944,hostaway,2027-03-08T00:00:00.000000,1,0,0,0,1,256.0,1
146944,hostaway,2027-03-09T00:00:00.000000,1,0,0,0,1,256.0,1
146944,hostaway,2027-03-10T00:00:00.000000,1,0,0,0,1,256.0,1
146944,hostaway,2027-03-11T00:00:00.000000,1,0,0,0,1,295.0,1
146944,hostaway,2027-03-12T00:00:00.000000,1,0,0,0,1,358.0,1
146944,hostaway,2027-03-13T00:00:00.000000,1,0,0,0,1,358.0,1
146944,hostaway,2027-03-14T00:00:00.000000,1,0,0,0,1,295.0,1
146944,hostaway,2027-03-15T00:00:00.000000,1,0,0,0,1,256.0,1
146944,hostaway,2027-03-16T00:00:00.000000,1,0,0,0,1,256.0,1
146944,hostaway,2027-03-17T00:00:00.000000,1,0,0,0,1,256.0,1
146944,hostaway,2027-03-18T00:00:00.000000,1,0,0,0,1,295.0,1
146944,hostaway,2027-03-19T00:00:00.000000,1,0,0,0,1,358.0,1
146944,hostaway,2027-03-20T00:00:00.000000,1,0,0,0,1,358.0,1
146944,hostaway,2027-03-21T00:00:00.000000,1,0,0,0,1,295.0,1
146944,hostaway,2027-03-22T00:00:00.000000,1,0,0,0,1,256.0,1
146944,hostaway,2027-03-23T00:00:00.000000,1,0,0,0,1,256.0,1
146944,hostaway,2027-03-24T00:00:00.000000,1,0,0,0,1,256.0,1
146944,hostaway,2027-03-25T00:00:00.000000,1,0,0,0,1,295.0,1
146944,hostaway,2027-03-26T00:00:00.000000,1,0,0,0,1,516.0,1
146944,hostaway,2027-03-27T00:00:00.000000,1,0,0,0,1,516.0,1
146944,hostaway,2027-03-28T00:00:00.000000,1,0,0,0,1,424.0,1
146944,hostaway,2027-03-29T00:00:00.000000,1,0,0,0,1,370.0,1
146944,hostaway,2027-03-30T00:00:00.000000,1,0,0,0,1,370.0,1
146944,hostaway,2027-03-31T00:00:00.000000,1,0,0,0,1,370.0,1
146944,hostaway,2027-04-01T00:00:00.000000,1,0,0,0,1,609.0,1
146944,hostaway,2027-04-02T00:00:00.000000,1,0,0,0,1,724.0,1
146944,hostaway,2027-04-03T00:00:00.000000,1,0,0,0,1,724.0,1
146944,hostaway,2027-04-04T00:00:00.000000,1,0,0,0,1,609.0,1
146944,hostaway,2027-04-05T00:00:00.000000,1,0,0,0,1,492.0,1
146944,hostaway,2027-04-06T00:00:00.000000,1,0,0,0,1,492.0,1
146944,hostaway,2027-04-07T00:00:00.000000,1,0,0,0,1,492.0,1
146944,hostaway,2027-04-08T00:00:00.000000,1,0,0,0,1,478.0,1
146944,hostaway,2027-04-09T00:00:00.000000,1,0,0,0,1,571.0,1
146944,hostaway,2027-04-10T00:00:00.000000,1,0,0,0,1,571.0,1
146944,hostaway,2027-04-11T00:00:00.000000,1,0,0,0,1,478.0,1
146944,hostaway,2027-04-12T00:00:00.000000,1,0,0,0,1,275.0,1
146944,hostaway,2027-04-13T00:00:00.000000,1,0,0,0,1,275.0,1
146944,hostaway,2027-04-14T00:00:00.000000,1,0,0,0,1,275.0,1
146944,hostaway,2027-04-15T00:00:00.000000,1,0,0,0,1,330.0,1
146944,hostaway,2027-04-16T00:00:00.000000,1,0,0,0,1,391.0,1
146944,hostaway,2027-04-17T00:00:00.000000,1,0,0,0,1,391.0,1
146944,hostaway,2027-04-18T00:00:00.000000,1,0,0,0,1,330.0,1
146944,hostaway,2027-04-19T00:00:00.000000,1,0,0,0,1,275.0,1
146944,hostaway,2027-04-20T00:00:00.000000,1,0,0,0,1,275.0,1
146944,hostaway,2027-04-21T00:00:00.000000,1,0,0,0,1,275.0,1
146944,hostaway,2027-04-22T00:00:00.000000,1,0,0,0,1,330.0,1
146944,hostaway,2027-04-23T00:00:00.000000,1,0,0,0,1,391.0,1
146944,hostaway,2027-04-24T00:00:00.000000,1,0,0,0,1,391.0,1
146944,hostaway,2027-04-25T00:00:00.000000,1,0,0,0,1,330.0,1
146944,hostaway,2027-04-26T00:00:00.000000,1,0,0,0,1,275.0,1
146944,hostaway,2027-04-27T00:00:00.000000,1,0,0,0,1,275.0,1
146944,hostaway,2027-04-28T00:00:00.000000,1,0,0,0,1,275.0,1
146944,hostaway,2027-04-29T00:00:00.000000,1,0,0,0,1,330.0,1
146944,hostaway,2027-04-30T00:00:00.000000,1,0,0,0,1,391.0,1
146944,hostaway,2027-05-01T00:00:00.000000,1,0,0,0,1,391.0,1
146944,hostaway,2027-05-02T00:00:00.000000,1,0,0,0,1,330.0,1
146944,hostaway,2027-05-03T00:00:00.000000,1,0,0,0,1,275.0,1
146944,hostaway,2027-05-04T00:00:00.000000,1,0,0,0,1,275.0,1
146944,hostaway,2027-05-05T00:00:00.000000,1,0,0,0,1,275.0,1
146944,hostaway,2027-05-06T00:00:00.000000,1,0,0,0,1,547.0,1
146944,hostaway,2027-05-07T00:00:00.000000,1,0,0,0,1,663.0,1
146944,hostaway,2027-05-08T00:00:00.000000,1,0,0,0,1,663.0,1
146944,hostaway,2027-05-09T00:00:00.000000,1,0,0,0,1,551.0,1
146944,hostaway,2027-05-10T00:00:00.000000,1,0,0,0,1,307.0,1
146944,hostaway,2027-05-11T00:00:00.000000,1,0,0,0,1,311.0,1
146944,hostaway,2027-05-12T00:00:00.000000,1,0,0,0,1,313.0,1
146944,hostaway,2027-05-13T00:00:00.000000,1,0,0,0,1,530.0,1
146944,hostaway,2027-05-14T00:00:00.000000,1,0,0,0,1,646.0,1
146944,hostaway,2027-05-15T00:00:00.000000,1,0,0,0,1,646.0,1
146944,hostaway,2027-05-16T00:00:00.000000,1,0,0,0,1,569.0,1
146944,hostaway,2027-05-17T00:00:00.000000,1,0,0,0,1,336.0,1
146944,hostaway,2027-05-18T00:00:00.000000,1,0,0,0,1,337.0,1
146944,hostaway,2027-05-19T00:00:00.000000,1,0,0,0,1,337.0,1
146944,hostaway,2027-05-20T00:00:00.000000,1,0,0,0,1,573.0,1
146944,hostaway,2027-05-21T00:00:00.000000,1,0,0,0,1,695.0,1
146944,hostaway,2027-05-22T00:00:00.000000,1,0,0,0,1,699.0,1
146944,hostaway,2027-05-23T00:00:00.000000,1,0,0,0,1,582.0,1
146944,hostaway,2027-05-24T00:00:00.000000,1,0,0,0,1,349.0,1
146944,hostaway,2027-05-25T00:00:00.000000,1,0,0,0,1,349.0,1
146944,hostaway,2027-05-26T00:00:00.000000,1,0,0,0,1,351.0,1
146944,hostaway,2027-05-27T00:00:00.000000,1,0,0,0,1,654.0,1
146944,hostaway,2027-05-28T00:00:00.000000,1,0,0,0,1,1042.0,1
146944,hostaway,2027-05-29T00:00:00.000000,1,0,0,0,1,1046.0,1
146944,hostaway,2027-05-30T00:00:00.000000,1,0,0,0,1,733.0,1
146944,hostaway,2027-05-31T00:00:00.000000,1,0,0,0,1,486.0,1
146944,hostaway,2027-06-01T00:00:00.000000,1,0,0,0,1,402.0,1
146944,hostaway,2027-06-02T00:00:00.000000,1,0,0,0,1,385.0,1
146944,hostaway,2027-06-03T00:00:00.000000,1,0,0,0,1,643.0,1
146944,hostaway,2027-06-04T00:00:00.000000,1,0,0,0,1,775.0,1
146944,hostaway,2027-06-05T00:00:00.000000,1,0,0,0,1,778.0,1
146944,hostaway,2027-06-06T00:00:00.000000,1,0,0,0,1,652.0,1
146944,hostaway,2027-06-07T00:00:00.000000,1,0,0,0,1,395.0,1
146944,hostaway,2027-06-08T00:00:00.000000,1,0,0,0,1,397.0,1
146944,hostaway,2027-06-09T00:00:00.000000,1,0,0,0,1,399.0,1
146944,hostaway,2027-06-10T00:00:00.000000,1,0,0,0,1,660.0,1
146944,hostaway,2027-06-11T00:00:00.000000,1,0,0,0,1,796.0,1
146944,hostaway,2027-06-12T00:00:00.000000,1,0,0,0,1,799.0,1
146944,hostaway,2027-06-13T00:00:00.000000,1,0,0,0,1,669.0,1
146944,hostaway,2027-06-14T00:00:00.000000,1,0,0,0,1,408.0,1
146944,hostaway,2027-06-15T00:00:00.000000,1,0,0,0,1,430.0,1
146944,hostaway,2027-06-16T00:00:00.000000,1,0,0,0,1,432.0,1
146944,hostaway,2027-06-17T00:00:00.000000,1,0,0,0,1,678.0,1
146944,hostaway,2027-06-18T00:00:00.000000,1,0,0,0,1,817.0,1
146944,hostaway,2027-06-19T00:00:00.000000,1,0,0,0,1,821.0,1
146944,hostaway,2027-06-20T00:00:00.000000,1,0,0,0,1,687.0,1
146944,hostaway,2027-06-21T00:00:00.000000,1,0,0,0,1,422.0,1
146944,hostaway,2027-06-22T00:00:00.000000,1,0,0,0,1,445.0,1
146944,hostaway,2027-06-23T00:00:00.000000,1,0,0,0,1,426.0,1
146944,hostaway,2027-06-24T00:00:00.000000,1,0,0,0,1,695.0,1
146944,hostaway,2027-06-25T00:00:00.000000,1,0,0,0,1,833.0,1
146944,hostaway,2027-06-26T00:00:00.000000,1,0,0,0,1,833.0,1
146944,hostaway,2027-06-27T00:00:00.000000,1,0,0,0,1,695.0,1
146944,hostaway,2027-06-28T00:00:00.000000,1,0,0,0,1,426.0,1
146944,hostaway,2027-06-29T00:00:00.000000,1,0,0,0,1,426.0,1
146944,hostaway,2027-06-30T00:00:00.000000,1,0,0,0,1,426.0,1
146944,hostaway,2027-07-01T00:00:00.000000,1,0,0,0,1,695.0,1
146944,hostaway,2027-07-02T00:00:00.000000,1,0,0,0,1,1340.0,1
146944,hostaway,2027-07-03T00:00:00.000000,1,0,0,0,1,1340.0,1
146944,hostaway,2027-07-04T00:00:00.000000,1,0,0,0,1,764.0,1
146944,hostaway,2027-07-05T00:00:00.000000,1,0,0,0,1,551.0,1
146944,hostaway,2027-07-06T00:00:00.000000,1,0,0,0,1,551.0,1
146944,hostaway,2027-07-07T00:00:00.000000,1,0,0,0,1,551.0,1
146944,hostaway,2027-07-08T00:00:00.000000,1,0,0,0,1,862.0,1
146944,hostaway,2027-07-09T00:00:00.000000,1,0,0,0,1,1219.0,1
146944,hostaway,2027-07-10T00:00:00.000000,1,0,0,0,1,1219.0,1
146944,hostaway,2027-07-11T00:00:00.000000,1,0,0,0,1,862.0,1
146944,hostaway,2027-07-12T00:00:00.000000,1,0,0,0,1,551.0,1
146944,hostaway,2027-07-13T00:00:00.000000,1,0,0,0,1,551.0,1
146944,hostaway,2027-07-14T00:00:00.000000,1,0,0,0,1,551.0,1
146944,hostaway,2027-07-15T00:00:00.000000,1,0,0,0,1,862.0,1
146944,hostaway,2027-07-16T00:00:00.000000,1,0,0,0,1,1219.0,1
146944,hostaway,2027-07-17T00:00:00.000000,1,0,0,0,1,1219.0,1
146944,hostaway,2027-07-18T00:00:00.000000,1,0,0,0,1,862.0,1
146944,hostaway,2027-07-19T00:00:00.000000,1,0,0,0,1,551.0,1
146944,hostaway,2027-07-20T00:00:00.000000,1,0,0,0,1,551.0,1
146944,hostaway,2027-07-21T00:00:00.000000,1,0,0,0,1,551.0,1
146944,hostaway,2027-07-22T00:00:00.000000,1,0,0,0,1,862.0,1
146944,hostaway,2027-07-23T00:00:00.000000,1,0,0,0,1,1219.0,1
146944,hostaway,2027-07-24T00:00:00.000000,1,0,0,0,1,1219.0,1
146944,hostaway,2027-07-25T00:00:00.000000,1,0,0,0,1,862.0,1
146944,hostaway,2027-07-26T00:00:00.000000,1,0,0,0,1,551.0,1
146944,hostaway,2027-07-27T00:00:00.000000,1,0,0,0,1,551.0,1
146944,hostaway,2027-07-28T00:00:00.000000,1,0,0,0,1,551.0,1
146944,hostaway,2027-07-29T00:00:00.000000,1,0,0,0,1,862.0,1
146944,hostaway,2027-07-30T00:00:00.000000,1,0,0,0,1,1219.0,1
146944,hostaway,2027-07-31T00:00:00.000000,1,0,0,0,1,1219.0,1
146944,hostaway,2027-08-01T00:00:00.000000,1,0,0,0,1,862.0,1
146944,hostaway,2027-08-02T00:00:00.000000,1,0,0,0,1,551.0,1
146944,hostaway,2027-08-03T00:00:00.000000,1,0,0,0,1,551.0,1
146944,hostaway,2027-08-04T00:00:00.000000,1,0,0,0,1,551.0,1
146944,hostaway,2027-08-05T00:00:00.000000,1,0,0,0,1,862.0,1
146944,hostaway,2027-08-06T00:00:00.000000,1,0,0,0,1,1219.0,1
146944,hostaway,2027-08-07T00:00:00.000000,1,0,0,0,1,1219.0,1
146944,hostaway,2027-08-08T00:00:00.000000,1,0,0,0,1,862.0,1
146944,hostaway,2027-08-09T00:00:00.000000,1,0,0,0,1,551.0,1
146944,hostaway,2027-08-10T00:00:00.000000,1,0,0,0,1,551.0,1
146944,hostaway,2027-08-11T00:00:00.000000,1,0,0,0,1,551.0,1
146944,hostaway,2027-08-12T00:00:00.000000,1,0,0,0,1,862.0,1
146944,hostaway,2027-08-13T00:00:00.000000,1,0,0,0,1,1219.0,1
146944,hostaway,2027-08-14T00:00:00.000000,1,0,0,0,1,1219.0,1
146944,hostaway,2027-08-15T00:00:00.000000,1,0,0,0,1,862.0,1
146944,hostaway,2027-08-16T00:00:00.000000,1,0,0,0,1,551.0,1
146944,hostaway,2027-08-17T00:00:00.000000,1,0,0,0,1,551.0,1
146944,hostaway,2027-08-18T00:00:00.000000,1,0,0,0,1,551.0,1
146944,hostaway,2027-08-19T00:00:00.000000,1,0,0,0,1,862.0,1
146944,hostaway,2027-08-20T00:00:00.000000,1,0,0,0,1,1219.0,1
146944,hostaway,2027-08-21T00:00:00.000000,1,0,0,0,1,1219.0,1
146944,hostaway,2027-08-22T00:00:00.000000,1,0,0,0,1,862.0,1
146944,hostaway,2027-08-23T00:00:00.000000,1,0,0,0,1,551.0,1
146944,hostaway,2027-08-24T00:00:00.000000,1,0,0,0,1,551.0,1
146944,hostaway,2027-08-25T00:00:00.000000,1,0,0,0,1,551.0,1
146944,hostaway,2027-08-26T00:00:00.000000,1,0,0,0,1,862.0,1
146944,hostaway,2027-08-27T00:00:00.000000,1,0,0,0,1,1219.0,1
146944,hostaway,2027-08-28T00:00:00.000000,1,0,0,0,1,1219.0,1
146944,hostaway,2027-08-29T00:00:00.000000,1,0,0,0,1,862.0,1
146944,hostaway,2027-08-30T00:00:00.000000,1,0,0,0,1,551.0,1
146944,hostaway,2027-08-31T00:00:00.000000,1,0,0,0,1,551.0,1
146944,hostaway,2027-09-01T00:00:00.000000,1,0,0,0,1,551.0,1
146944,hostaway,2027-09-02T00:00:00.000000,1,0,0,0,1,695.0,1
146944,hostaway,2027-09-03T00:00:00.000000,1,0,0,0,1,999.0,1
146944,hostaway,2027-09-04T00:00:00.000000,1,0,0,0,1,999.0,1
146944,hostaway,2027-09-05T00:00:00.000000,1,0,0,0,1,730.0,1
146944,hostaway,2027-09-06T00:00:00.000000,1,0,0,0,1,511.0,1
146944,hostaway,2027-09-07T00:00:00.000000,1,0,0,0,1,426.0,1
146944,hostaway,2027-09-08T00:00:00.000000,1,0,0,0,1,426.0,1
146944,hostaway,2027-09-09T00:00:00.000000,1,0,0,0,1,695.0,1
146944,hostaway,2027-09-10T00:00:00.000000,1,0,0,0,1,833.0,1
146944,hostaway,2027-09-11T00:00:00.000000,1,0,0,0,1,833.0,1
146944,hostaway,2027-09-12T00:00:00.000000,1,0,0,0,1,695.0,1
146944,hostaway,2027-09-13T00:00:00.000000,1,0,0,0,1,426.0,1
146944,hostaway,2027-09-14T00:00:00.000000,1,0,0,0,1,426.0,1
146944,hostaway,2027-09-15T00:00:00.000000,1,0,0,0,1,426.0,1
146944,hostaway,2027-09-16T00:00:00.000000,1,0,0,0,1,695.0,1
146944,hostaway,2027-09-17T00:00:00.000000,1,0,0,0,1,833.0,1
146944,hostaway,2027-09-18T00:00:00.000000,1,0,0,0,1,833.0,1
146944,hostaway,2027-09-19T00:00:00.000000,1,0,0,0,1,695.0,1
146944,hostaway,2027-09-20T00:00:00.000000,1,0,0,0,1,426.0,1
146944,hostaway,2027-09-21T00:00:00.000000,1,0,0,0,1,426.0,1
146944,hostaway,2027-09-22T00:00:00.000000,1,0,0,0,1,426.0,1
146944,hostaway,2027-09-23T00:00:00.000000,1,0,0,0,1,695.0,1
146944,hostaway,2027-09-24T00:00:00.000000,1,0,0,0,1,833.0,1
146944,hostaway,2027-09-25T00:00:00.000000,1,0,0,0,1,833.0,1
146944,hostaway,2027-09-26T00:00:00.000000,1,0,0,0,1,695.0,1
146944,hostaway,2027-09-27T00:00:00.000000,1,0,0,0,1,426.0,1
146944,hostaway,2027-09-28T00:00:00.000000,1,0,0,0,1,426.0,1
146944,hostaway,2027-09-29T00:00:00.000000,1,0,0,0,1,426.0,1
146944,hostaway,2027-09-30T00:00:00.000000,1,0,0,0,1,695.0,1
146944,hostaway,2027-10-01T00:00:00.000000,1,0,0,0,1,833.0,1
146944,hostaway,2027-10-02T00:00:00.000000,1,0,0,0,1,833.0,1
146944,hostaway,2027-10-03T00:00:00.000000,1,0,0,0,1,695.0,1
146944,hostaway,2027-10-04T00:00:00.000000,1,0,0,0,1,426.0,1
146944,hostaway,2027-10-05T00:00:00.000000,1,0,0,0,1,426.0,1
146944,hostaway,2027-10-06T00:00:00.000000,1,0,0,0,1,426.0,1
146944,hostaway,2027-10-07T00:00:00.000000,1,0,0,0,1,695.0,1
146944,hostaway,2027-10-08T00:00:00.000000,1,0,0,0,1,833.0,1
146944,hostaway,2027-10-09T00:00:00.000000,1,0,0,0,1,833.0,1
146944,hostaway,2027-10-10T00:00:00.000000,1,0,0,0,1,695.0,1
146944,hostaway,2027-10-11T00:00:00.000000,1,0,0,0,1,426.0,1
146944,hostaway,2027-10-12T00:00:00.000000,1,0,0,0,1,426.0,1
146944,hostaway,2027-10-13T00:00:00.000000,1,0,0,0,1,426.0,1
146944,hostaway,2027-10-14T00:00:00.000000,1,0,0,0,1,695.0,1
146944,hostaway,2027-10-15T00:00:00.000000,1,0,0,0,1,833.0,1
146944,hostaway,2027-10-16T00:00:00.000000,1,0,0,0,1,833.0,1
146944,hostaway,2027-10-17T00:00:00.000000,1,0,0,0,1,695.0,1
146944,hostaway,2027-10-18T00:00:00.000000,1,0,0,0,1,426.0,1
146944,hostaway,2027-10-19T00:00:00.000000,1,0,0,0,1,426.0,1
146944,hostaway,2027-10-20T00:00:00.000000,1,0,0,0,1,426.0,1
146944,hostaway,2027-10-21T00:00:00.000000,1,0,0,0,1,695.0,1
146944,hostaway,2027-10-22T00:00:00.000000,1,0,0,0,1,833.0,1
146944,hostaway,2027-10-23T00:00:00.000000,1,0,0,0,1,833.0,1
146944,hostaway,2027-10-24T00:00:00.000000,1,0,0,0,1,695.0,1
146944,hostaway,2027-10-25T00:00:00.000000,1,0,0,0,1,426.0,1
146944,hostaway,2027-10-26T00:00:00.000000,1,0,0,0,1,426.0,1
146944,hostaway,2027-10-27T00:00:00.000000,1,0,0,0,1,426.0,1
146944,hostaway,2027-10-28T00:00:00.000000,1,0,0,0,1,695.0,1
146944,hostaway,2027-10-29T00:00:00.000000,1,0,0,0,1,833.0,1
146944,hostaway,2027-10-30T00:00:00.000000,1,0,0,0,1,833.0,1
146944,hostaway,2027-10-31T00:00:00.000000,1,0,0,0,1,695.0,1
146944,hostaway,2027-11-01T00:00:00.000000,1,0,0,0,1,312.0,1
146944,hostaway,2027-11-02T00:00:00.000000,1,0,0,0,1,312.0,1
146944,hostaway,2027-11-03T00:00:00.000000,1,0,0,0,1,312.0,1
146944,hostaway,2027-11-04T00:00:00.000000,1,0,0,0,1,379.0,1
146944,hostaway,2027-11-05T00:00:00.000000,1,0,0,0,1,444.0,1
146944,hostaway,2027-11-06T00:00:00.000000,1,0,0,0,1,444.0,1
146944,hostaway,2027-11-07T00:00:00.000000,1,0,0,0,1,379.0,1
146944,hostaway,2027-11-08T00:00:00.000000,1,0,0,0,1,312.0,1
146944,hostaway,2027-11-09T00:00:00.000000,1,0,0,0,1,312.0,1
146944,hostaway,2027-11-10T00:00:00.000000,1,0,0,0,1,312.0,1
146944,hostaway,2027-11-11T00:00:00.000000,1,0,0,0,1,379.0,1
146944,hostaway,2027-11-12T00:00:00.000000,1,0,0,0,1,444.0,1
146944,hostaway,2027-11-13T00:00:00.000000,1,0,0,0,1,444.0,1
146944,hostaway,2027-11-14T00:00:00.000000,1,0,0,0,1,379.0,1
146944,hostaway,2027-11-15T00:00:00.000000,1,0,0,0,1,312.0,1
146944,hostaway,2027-11-16T00:00:00.000000,1,0,0,0,1,312.0,1
146944,hostaway,2027-11-17T00:00:00.000000,1,0,0,0,1,312.0,1
146944,hostaway,2027-11-18T00:00:00.000000,1,0,0,0,1,379.0,1
146944,hostaway,2027-11-19T00:00:00.000000,1,0,0,0,1,444.0,1
146944,hostaway,2027-11-20T00:00:00.000000,1,0,0,0,1,444.0,1
146944,hostaway,2027-11-21T00:00:00.000000,1,0,0,0,1,379.0,1
146944,hostaway,2027-11-22T00:00:00.000000,1,0,0,0,1,312.0,1
146944,hostaway,2027-11-23T00:00:00.000000,1,0,0,0,1,312.0,1
146944,hostaway,2027-11-24T00:00:00.000000,1,0,0,0,1,312.0,1
146944,hostaway,2027-11-25T00:00:00.000000,1,0,0,0,1,644.0,1
146944,hostaway,2027-11-26T00:00:00.000000,1,0,0,0,1,755.0,1
146944,hostaway,2027-11-27T00:00:00.000000,1,0,0,0,1,755.0,1
146944,hostaway,2027-11-28T00:00:00.000000,1,0,0,0,1,531.0,1
146944,hostaway,2027-11-29T00:00:00.000000,1,0,0,0,1,288.0,1
146944,hostaway,2027-11-30T00:00:00.000000,1,0,0,0,1,288.0,1
146944,hostaway,2027-12-01T00:00:00.000000,1,0,0,0,1,288.0,1
146944,hostaway,2027-12-02T00:00:00.000000,1,0,0,0,1,314.0,1
146944,hostaway,2027-12-03T00:00:00.000000,1,0,0,0,1,333.0,1
146944,hostaway,2027-12-04T00:00:00.000000,1,0,0,0,1,333.0,1
146944,hostaway,2027-12-05T00:00:00.000000,1,0,0,0,1,314.0,1
146944,hostaway,2027-12-06T00:00:00.000000,1,0,0,0,1,288.0,1
146944,hostaway,2027-12-07T00:00:00.000000,1,0,0,0,1,288.0,1
146944,hostaway,2027-12-08T00:00:00.000000,1,0,0,0,1,288.0,1
146944,hostaway,2027-12-09T00:00:00.000000,1,0,0,0,1,314.0,1
146944,hostaway,2027-12-10T00:00:00.000000,1,0,0,0,1,333.0,1
146944,hostaway,2027-12-11T00:00:00.000000,1,0,0,0,1,333.0,1
146944,hostaway,2027-12-12T00:00:00.000000,1,0,0,0,1,314.0,1
146944,hostaway,2027-12-13T00:00:00.000000,1,0,0,0,1,288.0,1
146944,hostaway,2027-12-14T00:00:00.000000,1,0,0,0,1,288.0,1
146944,hostaway,2027-12-15T00:00:00.000000,1,0,0,0,1,288.0,1
146944,hostaway,2027-12-16T00:00:00.000000,1,0,0,0,1,314.0,1
146944,hostaway,2027-12-17T00:00:00.000000,1,0,0,0,1,500.0,1
146944,hostaway,2027-12-18T00:00:00.000000,1,0,0,0,1,500.0,1
146944,hostaway,2027-12-19T00:00:00.000000,1,0,0,0,1,471.0,1
146944,hostaway,2027-12-20T00:00:00.000000,1,0,0,0,1,432.0,1
146944,hostaway,2027-12-21T00:00:00.000000,1,0,0,0,1,432.0,1
146944,hostaway,2027-12-22T00:00:00.000000,1,0,0,0,1,432.0,1
146944,hostaway,2027-12-23T00:00:00.000000,1,0,0,0,1,471.0,1
146944,hostaway,2027-12-24T00:00:00.000000,1,0,0,0,1,1166.0,1
146944,hostaway,2027-12-25T00:00:00.000000,1,0,0,0,1,1166.0,1
146944,hostaway,2027-12-26T00:00:00.000000,1,0,0,0,1,1166.0,1
146944,hostaway,2027-12-27T00:00:00.000000,1,0,0,0,1,288.0,1
146944,hostaway,2027-12-28T00:00:00.000000,1,0,0,0,1,288.0,1
146944,hostaway,2027-12-29T00:00:00.000000,1,0,0,0,1,288.0,1
146944,hostaway,2027-12-30T00:00:00.000000,1,0,0,0,1,1282.0,1
146944,hostaway,2027-12-31T00:00:00.000000,1,0,0,0,1,1282.0,1
146944,hostaway,2028-01-01T00:00:00.000000,1,0,0,0,1,1282.0,1
146944,hostaway,2028-01-02T00:00:00.000000,1,0,0,0,1,641.0,1
146944,hostaway,2028-01-03T00:00:00.000000,1,0,0,0,1,374.0,1
146944,hostaway,2028-01-04T00:00:00.000000,1,0,0,0,1,374.0,1
146944,hostaway,2028-01-05T00:00:00.000000,1,0,0,0,1,374.0,1
146944,hostaway,2028-01-06T00:00:00.000000,1,0,0,0,1,455.0,1
146944,hostaway,2028-01-07T00:00:00.000000,1,0,0,0,1,533.0,1
146944,hostaway,2028-01-08T00:00:00.000000,1,0,0,0,1,533.0,1
146944,hostaway,2028-01-09T00:00:00.000000,1,0,0,0,1,455.0,1
260001,hostaway,2026-05-24T00:00:00.000000,1,1,0,0,1,0.0,0
260001,hostaway,2026-05-25T00:00:00.000000,1,1,0,0,1,0.0,0
260001,hostaway,2026-05-26T00:00:00.000000,1,1,0,0,1,0.0,0
260001,hostaway,2026-05-27T00:00:00.000000,1,1,0,0,1,0.0,0
260001,hostaway,2026-05-28T00:00:00.000000,1,1,0,0,1,0.0,0
260001,hostaway,2026-05-29T00:00:00.000000,1,1,0,0,1,0.0,0
260001,hostaway,2026-05-30T00:00:00.000000,1,1,0,0,1,0.0,0
260001,hostaway,2026-05-31T00:00:00.000000,1,1,0,0,1,0.0,0
260001,hostaway,2026-06-01T00:00:00.000000,1,1,0,0,1,0.0,0
260001,hostaway,2026-06-02T00:00:00.000000,1,1,0,0,1,0.0,0
260001,hostaway,2026-06-03T00:00:00.000000,1,1,0,0,1,0.0,0
260001,hostaway,2026-06-04T00:00:00.000000,1,1,0,0,1,0.0,0
260001,hostaway,2026-06-05T00:00:00.000000,1,1,0,0,1,0.0,0
260001,hostaway,2026-06-06T00:00:00.000000,1,1,0,0,1,0.0,0
260001,hostaway,2026-06-07T00:00:00.000000,1,1,0,0,1,0.0,0
260001,hostaway,2026-06-08T00:00:00.000000,1,0,0,0,1,0.0,1
260001,hostaway,2026-06-09T00:00:00.000000,1,1,0,0,1,0.0,0
260001,hostaway,2026-06-10T00:00:00.000000,1,1,0,0,1,0.0,0
260001,hostaway,2026-06-11T00:00:00.000000,1,1,0,0,1,0.0,0
260001,hostaway,2026-06-12T00:00:00.000000,1,1,0,0,1,0.0,0
260001,hostaway,2026-06-13T00:00:00.000000,1,1,0,0,1,0.0,0
260001,hostaway,2026-06-14T00:00:00.000000,1,1,0,0,1,0.0,0
260001,hostaway,2026-06-15T00:00:00.000000,1,1,0,0,1,0.0,0
260001,hostaway,2026-06-16T00:00:00.000000,1,1,0,0,1,0.0,0
260001,hostaway,2026-06-17T00:00:00.000000,1,0,0,0,1,0.0,1
260001,hostaway,2026-06-18T00:00:00.000000,1,0,0,0,1,0.0,1
260001,hostaway,2026-06-19T00:00:00.000000,1,1,0,0,1,0.0,0
260001,hostaway,2026-06-20T00:00:00.000000,1,1,0,0,1,0.0,0
260001,hostaway,2026-06-21T00:00:00.000000,1,1,0,0,1,0.0,0
260001,hostaway,2026-06-22T00:00:00.000000,1,0,0,0,1,0.0,1
260001,hostaway,2026-06-23T00:00:00.000000,1,0,0,0,1,288.0,1
260001,hostaway,2026-06-24T00:00:00.000000,1,1,0,0,1,558.0,0
260001,hostaway,2026-06-25T00:00:00.000000,1,1,0,0,1,726.0,0
260001,hostaway,2026-06-26T00:00:00.000000,1,1,0,0,1,674.0,0
260001,hostaway,2026-06-27T00:00:00.000000,1,1,0,0,1,716.0,0
260001,hostaway,2026-06-28T00:00:00.000000,1,0,0,0,1,369.0,1
260001,hostaway,2026-06-29T00:00:00.000000,1,1,0,0,1,664.0,0
260001,hostaway,2026-06-30T00:00:00.000000,1,1,0,0,1,571.0,0
260001,hostaway,2026-07-01T00:00:00.000000,1,0,0,0,1,288.0,1
260001,hostaway,2026-07-02T00:00:00.000000,1,0,0,0,1,538.0,1
260001,hostaway,2026-07-03T00:00:00.000000,1,0,0,0,1,1061.0,1
260001,hostaway,2026-07-04T00:00:00.000000,1,0,0,0,1,1261.0,1
260001,hostaway,2026-07-05T00:00:00.000000,1,1,0,0,1,634.0,0
260001,hostaway,2026-07-06T00:00:00.000000,1,1,0,0,1,410.0,0
260001,hostaway,2026-07-07T00:00:00.000000,1,1,0,0,1,351.0,0
260001,hostaway,2026-07-08T00:00:00.000000,1,1,0,0,1,351.0,0
260001,hostaway,2026-07-09T00:00:00.000000,1,0,0,0,1,386.0,1
260001,hostaway,2026-07-10T00:00:00.000000,1,1,0,0,1,1074.0,0
260001,hostaway,2026-07-11T00:00:00.000000,1,1,0,0,1,1074.0,0
260001,hostaway,2026-07-12T00:00:00.000000,1,1,0,0,1,532.0,0
260001,hostaway,2026-07-13T00:00:00.000000,1,1,0,0,1,571.0,0
260001,hostaway,2026-07-14T00:00:00.000000,1,1,0,0,1,464.0,0
260001,hostaway,2026-07-15T00:00:00.000000,1,1,0,0,1,464.0,0
260001,hostaway,2026-07-16T00:00:00.000000,1,0,0,0,1,532.0,1
260001,hostaway,2026-07-17T00:00:00.000000,1,0,0,0,1,1074.0,1
260001,hostaway,2026-07-18T00:00:00.000000,1,0,0,0,1,1074.0,1
260001,hostaway,2026-07-19T00:00:00.000000,1,0,0,0,1,532.0,1
260001,hostaway,2026-07-20T00:00:00.000000,1,1,0,0,1,457.0,0
260001,hostaway,2026-07-21T00:00:00.000000,1,1,0,0,1,389.0,0
260001,hostaway,2026-07-22T00:00:00.000000,1,1,0,0,1,351.0,0
260001,hostaway,2026-07-23T00:00:00.000000,1,1,0,0,1,532.0,0
260001,hostaway,2026-07-24T00:00:00.000000,1,0,0,0,1,1074.0,1
260001,hostaway,2026-07-25T00:00:00.000000,1,0,0,0,1,1074.0,1
260001,hostaway,2026-07-26T00:00:00.000000,1,0,0,0,1,532.0,1
260001,hostaway,2026-07-27T00:00:00.000000,1,0,0,0,1,410.0,1
260001,hostaway,2026-07-28T00:00:00.000000,1,0,0,0,1,351.0,1
260001,hostaway,2026-07-29T00:00:00.000000,1,0,0,0,1,351.0,1
260001,hostaway,2026-07-30T00:00:00.000000,1,0,0,0,1,532.0,1
260001,hostaway,2026-07-31T00:00:00.000000,1,0,0,0,1,1074.0,1
260001,hostaway,2026-08-01T00:00:00.000000,1,1,0,0,1,1269.0,0
260001,hostaway,2026-08-02T00:00:00.000000,1,1,0,0,1,632.0,0
260001,hostaway,2026-08-03T00:00:00.000000,1,0,0,0,1,402.0,1
260001,hostaway,2026-08-04T00:00:00.000000,1,0,0,0,1,341.0,1
260001,hostaway,2026-08-05T00:00:00.000000,1,0,0,0,1,341.0,1
260001,hostaway,2026-08-06T00:00:00.000000,1,0,0,0,1,374.0,1
260001,hostaway,2026-08-07T00:00:00.000000,1,1,0,0,1,802.0,0
260001,hostaway,2026-08-08T00:00:00.000000,1,1,0,0,1,802.0,0
260001,hostaway,2026-08-09T00:00:00.000000,1,0,0,0,1,536.0,1
260001,hostaway,2026-08-10T00:00:00.000000,1,0,0,0,1,646.0,1
260001,hostaway,2026-08-11T00:00:00.000000,1,0,0,0,1,556.0,1
260001,hostaway,2026-08-12T00:00:00.000000,1,0,0,0,1,375.0,1
260001,hostaway,2026-08-13T00:00:00.000000,1,1,0,0,1,536.0,0
260001,hostaway,2026-08-14T00:00:00.000000,1,1,0,0,1,802.0,0
260001,hostaway,2026-08-15T00:00:00.000000,1,0,0,0,1,802.0,1
260001,hostaway,2026-08-16T00:00:00.000000,1,1,0,0,1,536.0,0
260001,hostaway,2026-08-17T00:00:00.000000,1,1,0,0,1,449.0,0
260001,hostaway,2026-08-18T00:00:00.000000,1,1,0,0,1,381.0,0
260001,hostaway,2026-08-19T00:00:00.000000,1,1,0,0,1,341.0,0
260001,hostaway,2026-08-20T00:00:00.000000,1,0,0,0,1,536.0,1
260001,hostaway,2026-08-21T00:00:00.000000,1,0,0,0,1,802.0,1
260001,hostaway,2026-08-22T00:00:00.000000,1,0,0,0,1,922.0,1
260001,hostaway,2026-08-23T00:00:00.000000,1,0,0,0,1,536.0,1
260001,hostaway,2026-08-24T00:00:00.000000,1,1,0,0,1,402.0,0
260001,hostaway,2026-08-25T00:00:00.000000,1,1,0,0,1,341.0,0
260001,hostaway,2026-08-26T00:00:00.000000,1,1,0,0,1,341.0,0
260001,hostaway,2026-08-27T00:00:00.000000,1,1,0,0,1,536.0,0
260001,hostaway,2026-08-28T00:00:00.000000,1,1,0,0,1,802.0,0
260001,hostaway,2026-08-29T00:00:00.000000,1,1,0,0,1,802.0,0
260001,hostaway,2026-08-30T00:00:00.000000,1,0,0,0,1,536.0,1
260001,hostaway,2026-08-31T00:00:00.000000,1,0,0,0,1,402.0,1
260001,hostaway,2026-09-01T00:00:00.000000,1,0,0,0,1,299.0,1
260001,hostaway,2026-09-02T00:00:00.000000,1,0,0,0,1,299.0,1
260001,hostaway,2026-09-03T00:00:00.000000,1,0,0,0,1,466.0,1
260001,hostaway,2026-09-04T00:00:00.000000,1,0,0,0,1,1107.0,1
260001,hostaway,2026-09-05T00:00:00.000000,1,1,0,0,1,868.0,0
260001,hostaway,2026-09-06T00:00:00.000000,1,1,0,0,1,590.0,0
260001,hostaway,2026-09-07T00:00:00.000000,1,1,0,0,1,501.0,0
260001,hostaway,2026-09-08T00:00:00.000000,1,1,0,0,1,336.0,0
260001,hostaway,2026-09-09T00:00:00.000000,1,1,0,0,1,336.0,0
260001,hostaway,2026-09-10T00:00:00.000000,1,1,0,0,1,466.0,0
260001,hostaway,2026-09-11T00:00:00.000000,1,1,0,0,1,954.0,0
260001,hostaway,2026-09-12T00:00:00.000000,1,0,0,0,1,954.0,1
260001,hostaway,2026-09-13T00:00:00.000000,1,1,0,0,1,466.0,0
260001,hostaway,2026-09-14T00:00:00.000000,1,1,0,0,1,336.0,0
260001,hostaway,2026-09-15T00:00:00.000000,1,0,0,0,1,336.0,1
260001,hostaway,2026-09-16T00:00:00.000000,1,0,0,0,1,336.0,1
260001,hostaway,2026-09-17T00:00:00.000000,1,0,0,0,1,466.0,1
260001,hostaway,2026-09-18T00:00:00.000000,1,0,0,0,1,708.0,1
260001,hostaway,2026-09-19T00:00:00.000000,1,0,0,0,1,708.0,1
260001,hostaway,2026-09-20T00:00:00.000000,1,1,0,0,1,466.0,0
260001,hostaway,2026-09-21T00:00:00.000000,1,1,0,0,1,336.0,0
260001,hostaway,2026-09-22T00:00:00.000000,1,1,0,0,1,336.0,0
260001,hostaway,2026-09-23T00:00:00.000000,1,0,0,0,1,369.0,1
260001,hostaway,2026-09-24T00:00:00.000000,1,0,0,0,1,466.0,1
260001,hostaway,2026-09-25T00:00:00.000000,1,0,0,0,1,708.0,1
260001,hostaway,2026-09-26T00:00:00.000000,1,0,0,0,1,708.0,1
260001,hostaway,2026-09-27T00:00:00.000000,1,0,0,0,1,466.0,1
260001,hostaway,2026-09-28T00:00:00.000000,1,0,0,0,1,336.0,1
260001,hostaway,2026-09-29T00:00:00.000000,1,0,0,0,1,336.0,1
260001,hostaway,2026-09-30T00:00:00.000000,1,0,0,0,1,336.0,1
260001,hostaway,2026-10-01T00:00:00.000000,1,0,0,0,1,410.0,1
260001,hostaway,2026-10-02T00:00:00.000000,1,0,0,0,1,630.0,1
260001,hostaway,2026-10-03T00:00:00.000000,1,0,0,0,1,630.0,1
260001,hostaway,2026-10-04T00:00:00.000000,1,0,0,0,1,410.0,1
260001,hostaway,2026-10-05T00:00:00.000000,1,0,0,0,1,296.0,1
260001,hostaway,2026-10-06T00:00:00.000000,1,0,0,0,1,296.0,1
260001,hostaway,2026-10-07T00:00:00.000000,1,0,0,0,1,296.0,1
260001,hostaway,2026-10-08T00:00:00.000000,1,1,0,0,1,410.0,0
260001,hostaway,2026-10-09T00:00:00.000000,1,1,0,0,1,630.0,0
260001,hostaway,2026-10-10T00:00:00.000000,1,1,0,0,1,630.0,0
260001,hostaway,2026-10-11T00:00:00.000000,1,1,0,0,1,410.0,0
260001,hostaway,2026-10-12T00:00:00.000000,1,0,0,0,1,296.0,1
260001,hostaway,2026-10-13T00:00:00.000000,1,0,0,0,1,296.0,1
260001,hostaway,2026-10-14T00:00:00.000000,1,0,0,0,1,296.0,1
260001,hostaway,2026-10-15T00:00:00.000000,1,0,0,0,1,410.0,1
260001,hostaway,2026-10-16T00:00:00.000000,1,0,0,0,1,695.0,1
260001,hostaway,2026-10-17T00:00:00.000000,1,0,0,0,1,695.0,1
260001,hostaway,2026-10-18T00:00:00.000000,1,0,0,0,1,410.0,1
260001,hostaway,2026-10-19T00:00:00.000000,1,0,0,0,1,296.0,1
260001,hostaway,2026-10-20T00:00:00.000000,1,0,0,0,1,296.0,1
260001,hostaway,2026-10-21T00:00:00.000000,1,0,0,0,1,296.0,1
260001,hostaway,2026-10-22T00:00:00.000000,1,0,0,0,1,410.0,1
260001,hostaway,2026-10-23T00:00:00.000000,1,0,0,0,1,630.0,1
260001,hostaway,2026-10-24T00:00:00.000000,1,0,0,0,1,630.0,1
260001,hostaway,2026-10-25T00:00:00.000000,1,1,0,0,1,410.0,0
260001,hostaway,2026-10-26T00:00:00.000000,1,1,0,0,1,296.0,0
260001,hostaway,2026-10-27T00:00:00.000000,1,1,0,0,1,296.0,0
260001,hostaway,2026-10-28T00:00:00.000000,1,0,0,0,1,296.0,1
260001,hostaway,2026-10-29T00:00:00.000000,1,0,0,0,1,410.0,1
260001,hostaway,2026-10-30T00:00:00.000000,1,0,0,0,1,630.0,1
260001,hostaway,2026-10-31T00:00:00.000000,1,0,0,0,1,630.0,1
260001,hostaway,2026-11-01T00:00:00.000000,1,0,0,0,1,360.0,1
260001,hostaway,2026-11-02T00:00:00.000000,1,0,0,0,1,288.0,1
260001,hostaway,2026-11-03T00:00:00.000000,1,0,0,0,1,288.0,1
260001,hostaway,2026-11-04T00:00:00.000000,1,0,0,0,1,288.0,1
260001,hostaway,2026-11-05T00:00:00.000000,1,0,0,0,1,360.0,1
260001,hostaway,2026-11-06T00:00:00.000000,1,0,0,0,1,554.0,1
260001,hostaway,2026-11-07T00:00:00.000000,1,0,0,0,1,554.0,1
260001,hostaway,2026-11-08T00:00:00.000000,1,1,0,0,1,360.0,0
260001,hostaway,2026-11-09T00:00:00.000000,1,1,0,0,1,288.0,0
260001,hostaway,2026-11-10T00:00:00.000000,1,0,0,0,1,288.0,1
260001,hostaway,2026-11-11T00:00:00.000000,1,0,0,0,1,288.0,1
260001,hostaway,2026-11-12T00:00:00.000000,1,0,0,0,1,360.0,1
260001,hostaway,2026-11-13T00:00:00.000000,1,0,0,0,1,554.0,1
260001,hostaway,2026-11-14T00:00:00.000000,1,0,0,0,1,554.0,1
260001,hostaway,2026-11-15T00:00:00.000000,1,0,0,0,1,360.0,1
260001,hostaway,2026-11-16T00:00:00.000000,1,0,0,0,1,288.0,1
260001,hostaway,2026-11-17T00:00:00.000000,1,0,0,0,1,288.0,1
260001,hostaway,2026-11-18T00:00:00.000000,1,0,0,0,1,288.0,1
260001,hostaway,2026-11-19T00:00:00.000000,1,0,0,0,1,360.0,1
260001,hostaway,2026-11-20T00:00:00.000000,1,0,0,0,1,554.0,1
260001,hostaway,2026-11-21T00:00:00.000000,1,0,0,0,1,554.0,1
260001,hostaway,2026-11-22T00:00:00.000000,1,0,0,0,1,360.0,1
260001,hostaway,2026-11-23T00:00:00.000000,1,0,0,0,1,288.0,1
260001,hostaway,2026-11-24T00:00:00.000000,1,0,0,0,1,288.0,1
260001,hostaway,2026-11-25T00:00:00.000000,1,0,0,0,1,288.0,1
260001,hostaway,2026-11-26T00:00:00.000000,1,0,0,0,1,551.0,1
260001,hostaway,2026-11-27T00:00:00.000000,1,0,0,0,1,554.0,1
260001,hostaway,2026-11-28T00:00:00.000000,1,0,0,0,1,554.0,1
260001,hostaway,2026-11-29T00:00:00.000000,1,0,0,0,1,360.0,1
260001,hostaway,2026-11-30T00:00:00.000000,1,0,0,0,1,288.0,1
260001,hostaway,2026-12-01T00:00:00.000000,1,0,0,0,1,288.0,1
260001,hostaway,2026-12-02T00:00:00.000000,1,0,0,0,1,288.0,1
260001,hostaway,2026-12-03T00:00:00.000000,1,0,0,0,1,317.0,1
260001,hostaway,2026-12-04T00:00:00.000000,1,0,0,0,1,486.0,1
260001,hostaway,2026-12-05T00:00:00.000000,1,0,0,0,1,486.0,1
260001,hostaway,2026-12-06T00:00:00.000000,1,0,0,0,1,317.0,1
260001,hostaway,2026-12-07T00:00:00.000000,1,0,0,0,1,288.0,1
260001,hostaway,2026-12-08T00:00:00.000000,1,0,0,0,1,288.0,1
260001,hostaway,2026-12-09T00:00:00.000000,1,0,0,0,1,288.0,1
260001,hostaway,2026-12-10T00:00:00.000000,1,0,0,0,1,317.0,1
260001,hostaway,2026-12-11T00:00:00.000000,1,0,0,0,1,486.0,1
260001,hostaway,2026-12-12T00:00:00.000000,1,0,0,0,1,486.0,1
260001,hostaway,2026-12-13T00:00:00.000000,1,0,0,0,1,317.0,1
260001,hostaway,2026-12-14T00:00:00.000000,1,0,0,0,1,288.0,1
260001,hostaway,2026-12-15T00:00:00.000000,1,0,0,0,1,288.0,1
260001,hostaway,2026-12-16T00:00:00.000000,1,0,0,0,1,288.0,1
260001,hostaway,2026-12-17T00:00:00.000000,1,0,0,0,1,393.0,1
260001,hostaway,2026-12-18T00:00:00.000000,1,0,0,0,1,610.0,1
260001,hostaway,2026-12-19T00:00:00.000000,1,0,0,0,1,610.0,1
260001,hostaway,2026-12-20T00:00:00.000000,1,0,0,0,1,393.0,1
260001,hostaway,2026-12-21T00:00:00.000000,1,0,0,0,1,288.0,1
260001,hostaway,2026-12-22T00:00:00.000000,1,0,0,0,1,288.0,1
260001,hostaway,2026-12-23T00:00:00.000000,1,0,0,0,1,288.0,1
260001,hostaway,2026-12-24T00:00:00.000000,1,0,0,0,1,603.0,1
260001,hostaway,2026-12-25T00:00:00.000000,1,0,0,0,1,960.0,1
260001,hostaway,2026-12-26T00:00:00.000000,1,0,0,0,1,960.0,1
260001,hostaway,2026-12-27T00:00:00.000000,1,1,0,0,1,358.0,0
260001,hostaway,2026-12-28T00:00:00.000000,1,1,0,0,1,288.0,0
260001,hostaway,2026-12-29T00:00:00.000000,1,0,0,0,1,366.0,1
260001,hostaway,2026-12-30T00:00:00.000000,1,0,0,0,1,1141.0,1
260001,hostaway,2026-12-31T00:00:00.000000,1,0,0,0,1,1165.0,1
260001,hostaway,2027-01-01T00:00:00.000000,1,0,0,0,1,516.0,1
260001,hostaway,2027-01-02T00:00:00.000000,1,0,0,0,1,516.0,1
260001,hostaway,2027-01-03T00:00:00.000000,1,0,0,0,1,296.0,1
260001,hostaway,2027-01-04T00:00:00.000000,1,0,0,0,1,288.0,1
260001,hostaway,2027-01-05T00:00:00.000000,1,0,0,0,1,288.0,1
260001,hostaway,2027-01-06T00:00:00.000000,1,0,0,0,1,317.0,1
260001,hostaway,2027-01-07T00:00:00.000000,1,1,0,0,1,315.0,0
260001,hostaway,2027-01-08T00:00:00.000000,1,1,0,0,1,379.0,0
260001,hostaway,2027-01-09T00:00:00.000000,1,1,0,0,1,379.0,0
260001,hostaway,2027-01-10T00:00:00.000000,1,0,0,0,1,360.0,1
260001,hostaway,2027-01-11T00:00:00.000000,1,0,0,0,1,288.0,1
260001,hostaway,2027-01-12T00:00:00.000000,1,0,0,0,1,288.0,1
260001,hostaway,2027-01-13T00:00:00.000000,1,0,0,0,1,288.0,1
260001,hostaway,2027-01-14T00:00:00.000000,1,0,0,0,1,315.0,1
260001,hostaway,2027-01-15T00:00:00.000000,1,0,0,0,1,504.0,1
260001,hostaway,2027-01-16T00:00:00.000000,1,0,0,0,1,504.0,1
260001,hostaway,2027-01-17T00:00:00.000000,1,0,0,0,1,412.0,1
260001,hostaway,2027-01-18T00:00:00.000000,1,0,0,0,1,362.0,1
260001,hostaway,2027-01-19T00:00:00.000000,1,0,0,0,1,288.0,1
260001,hostaway,2027-01-20T00:00:00.000000,1,0,0,0,1,288.0,1
260001,hostaway,2027-01-21T00:00:00.000000,1,0,0,0,1,315.0,1
260001,hostaway,2027-01-22T00:00:00.000000,1,0,0,0,1,379.0,1
260001,hostaway,2027-01-23T00:00:00.000000,1,0,0,0,1,379.0,1
260001,hostaway,2027-01-24T00:00:00.000000,1,0,0,0,1,315.0,1
260001,hostaway,2027-01-25T00:00:00.000000,1,0,0,0,1,288.0,1
260001,hostaway,2027-01-26T00:00:00.000000,1,0,0,0,1,288.0,1
260001,hostaway,2027-01-27T00:00:00.000000,1,0,0,0,1,288.0,1
260001,hostaway,2027-01-28T00:00:00.000000,1,0,0,0,1,315.0,1
260001,hostaway,2027-01-29T00:00:00.000000,1,0,0,0,1,379.0,1
260001,hostaway,2027-01-30T00:00:00.000000,1,0,0,0,1,379.0,1
260001,hostaway,2027-01-31T00:00:00.000000,1,0,0,0,1,315.0,1
260001,hostaway,2027-02-01T00:00:00.000000,1,0,0,0,1,288.0,1
260001,hostaway,2027-02-02T00:00:00.000000,1,0,0,0,1,288.0,1
260001,hostaway,2027-02-03T00:00:00.000000,1,0,0,0,1,288.0,1
260001,hostaway,2027-02-04T00:00:00.000000,1,0,0,0,1,315.0,1
260001,hostaway,2027-02-05T00:00:00.000000,1,0,0,0,1,379.0,1
260001,hostaway,2027-02-06T00:00:00.000000,1,0,0,0,1,379.0,1
260001,hostaway,2027-02-07T00:00:00.000000,1,0,0,0,1,315.0,1
260001,hostaway,2027-02-08T00:00:00.000000,1,0,0,0,1,288.0,1
260001,hostaway,2027-02-09T00:00:00.000000,1,0,0,0,1,288.0,1
260001,hostaway,2027-02-10T00:00:00.000000,1,0,0,0,1,288.0,1
260001,hostaway,2027-02-11T00:00:00.000000,1,0,0,0,1,315.0,1
260001,hostaway,2027-02-12T00:00:00.000000,1,0,0,0,1,552.0,1
260001,hostaway,2027-02-13T00:00:00.000000,1,0,0,0,1,552.0,1
260001,hostaway,2027-02-14T00:00:00.000000,1,0,0,0,1,451.0,1
260001,hostaway,2027-02-15T00:00:00.000000,1,0,0,0,1,393.0,1
260001,hostaway,2027-02-16T00:00:00.000000,1,0,0,0,1,288.0,1
260001,hostaway,2027-02-17T00:00:00.000000,1,0,0,0,1,288.0,1
260001,hostaway,2027-02-18T00:00:00.000000,1,0,0,0,1,315.0,1
260001,hostaway,2027-02-19T00:00:00.000000,1,0,0,0,1,379.0,1
260001,hostaway,2027-02-20T00:00:00.000000,1,0,0,0,1,379.0,1
260001,hostaway,2027-02-21T00:00:00.000000,1,0,0,0,1,315.0,1
260001,hostaway,2027-02-22T00:00:00.000000,1,0,0,0,1,288.0,1
260001,hostaway,2027-02-23T00:00:00.000000,1,0,0,0,1,288.0,1
260001,hostaway,2027-02-24T00:00:00.000000,1,0,0,0,1,288.0,1
260001,hostaway,2027-02-25T00:00:00.000000,1,0,0,0,1,343.0,1
260001,hostaway,2027-02-26T00:00:00.000000,1,0,0,0,1,379.0,1
260001,hostaway,2027-02-27T00:00:00.000000,1,0,0,0,1,379.0,1
260001,hostaway,2027-02-28T00:00:00.000000,1,0,0,0,1,343.0,1
260001,hostaway,2027-03-01T00:00:00.000000,1,0,0,0,1,326.0,1
260001,hostaway,2027-03-02T00:00:00.000000,1,0,0,0,1,326.0,1
260001,hostaway,2027-03-03T00:00:00.000000,1,0,0,0,1,326.0,1
260001,hostaway,2027-03-04T00:00:00.000000,1,0,0,0,1,447.0,1
260001,hostaway,2027-03-05T00:00:00.000000,1,0,0,0,1,487.0,1
260001,hostaway,2027-03-06T00:00:00.000000,1,0,0,0,1,487.0,1
260001,hostaway,2027-03-07T00:00:00.000000,1,0,0,0,1,447.0,1
260001,hostaway,2027-03-08T00:00:00.000000,1,0,0,0,1,326.0,1
260001,hostaway,2027-03-09T00:00:00.000000,1,0,0,0,1,326.0,1
260001,hostaway,2027-03-10T00:00:00.000000,1,0,0,0,1,326.0,1
260001,hostaway,2027-03-11T00:00:00.000000,1,0,0,0,1,447.0,1
260001,hostaway,2027-03-12T00:00:00.000000,1,0,0,0,1,487.0,1
260001,hostaway,2027-03-13T00:00:00.000000,1,0,0,0,1,487.0,1
260001,hostaway,2027-03-14T00:00:00.000000,1,0,0,0,1,447.0,1
260001,hostaway,2027-03-15T00:00:00.000000,1,0,0,0,1,326.0,1
260001,hostaway,2027-03-16T00:00:00.000000,1,0,0,0,1,326.0,1
260001,hostaway,2027-03-17T00:00:00.000000,1,0,0,0,1,326.0,1
260001,hostaway,2027-03-18T00:00:00.000000,1,0,0,0,1,447.0,1
260001,hostaway,2027-03-19T00:00:00.000000,1,0,0,0,1,487.0,1
260001,hostaway,2027-03-20T00:00:00.000000,1,0,0,0,1,487.0,1
260001,hostaway,2027-03-21T00:00:00.000000,1,0,0,0,1,447.0,1
260001,hostaway,2027-03-22T00:00:00.000000,1,0,0,0,1,326.0,1
260001,hostaway,2027-03-23T00:00:00.000000,1,0,0,0,1,326.0,1
260001,hostaway,2027-03-24T00:00:00.000000,1,0,0,0,1,326.0,1
260001,hostaway,2027-03-25T00:00:00.000000,1,0,0,0,1,447.0,1
260001,hostaway,2027-03-26T00:00:00.000000,1,0,0,0,1,699.0,1
260001,hostaway,2027-03-27T00:00:00.000000,1,0,0,0,1,699.0,1
260001,hostaway,2027-03-28T00:00:00.000000,1,0,0,0,1,643.0,1
260001,hostaway,2027-03-29T00:00:00.000000,1,0,0,0,1,466.0,1
260001,hostaway,2027-03-30T00:00:00.000000,1,0,0,0,1,466.0,1
260001,hostaway,2027-03-31T00:00:00.000000,1,0,0,0,1,466.0,1
260001,hostaway,2027-04-01T00:00:00.000000,1,0,0,0,1,914.0,1
260001,hostaway,2027-04-02T00:00:00.000000,1,0,0,0,1,1103.0,1
260001,hostaway,2027-04-03T00:00:00.000000,1,1,0,0,1,872.0,0
260001,hostaway,2027-04-04T00:00:00.000000,1,1,0,0,1,723.0,0
260001,hostaway,2027-04-05T00:00:00.000000,1,1,0,0,1,516.0,0
260001,hostaway,2027-04-06T00:00:00.000000,1,1,0,0,1,516.0,0
260001,hostaway,2027-04-07T00:00:00.000000,1,1,0,0,1,516.0,0
260001,hostaway,2027-04-08T00:00:00.000000,1,0,0,0,1,723.0,1
260001,hostaway,2027-04-09T00:00:00.000000,1,0,0,0,1,872.0,1
260001,hostaway,2027-04-10T00:00:00.000000,1,0,0,0,1,872.0,1
260001,hostaway,2027-04-11T00:00:00.000000,1,0,0,0,1,723.0,1
260001,hostaway,2027-04-12T00:00:00.000000,1,0,0,0,1,358.0,1
260001,hostaway,2027-04-13T00:00:00.000000,1,0,0,0,1,358.0,1
260001,hostaway,2027-04-14T00:00:00.000000,1,0,0,0,1,358.0,1
260001,hostaway,2027-04-15T00:00:00.000000,1,0,0,0,1,504.0,1
260001,hostaway,2027-04-16T00:00:00.000000,1,0,0,0,1,613.0,1
260001,hostaway,2027-04-17T00:00:00.000000,1,0,0,0,1,613.0,1
260001,hostaway,2027-04-18T00:00:00.000000,1,0,0,0,1,504.0,1
260001,hostaway,2027-04-19T00:00:00.000000,1,0,0,0,1,358.0,1
260001,hostaway,2027-04-20T00:00:00.000000,1,0,0,0,1,358.0,1
260001,hostaway,2027-04-21T00:00:00.000000,1,0,0,0,1,358.0,1
260001,hostaway,2027-04-22T00:00:00.000000,1,0,0,0,1,504.0,1
260001,hostaway,2027-04-23T00:00:00.000000,1,0,0,0,1,613.0,1
260001,hostaway,2027-04-24T00:00:00.000000,1,0,0,0,1,613.0,1
260001,hostaway,2027-04-25T00:00:00.000000,1,0,0,0,1,504.0,1
260001,hostaway,2027-04-26T00:00:00.000000,1,0,0,0,1,358.0,1
260001,hostaway,2027-04-27T00:00:00.000000,1,0,0,0,1,358.0,1
260001,hostaway,2027-04-28T00:00:00.000000,1,0,0,0,1,358.0,1
260001,hostaway,2027-04-29T00:00:00.000000,1,0,0,0,1,504.0,1
260001,hostaway,2027-04-30T00:00:00.000000,1,0,0,0,1,613.0,1
260001,hostaway,2027-05-01T00:00:00.000000,1,0,0,0,1,613.0,1
260001,hostaway,2027-05-02T00:00:00.000000,1,0,0,0,1,504.0,1
260001,hostaway,2027-05-03T00:00:00.000000,1,0,0,0,1,358.0,1
260001,hostaway,2027-05-04T00:00:00.000000,1,0,0,0,1,358.0,1
260001,hostaway,2027-05-05T00:00:00.000000,1,0,0,0,1,358.0,1
260001,hostaway,2027-05-06T00:00:00.000000,1,0,0,0,1,716.0,1
260001,hostaway,2027-05-07T00:00:00.000000,1,0,0,0,1,850.0,1
260001,hostaway,2027-05-08T00:00:00.000000,1,0,0,0,1,850.0,1
260001,hostaway,2027-05-09T00:00:00.000000,1,0,0,0,1,718.0,1
260001,hostaway,2027-05-10T00:00:00.000000,1,1,0,0,1,424.0,0
260001,hostaway,2027-05-11T00:00:00.000000,1,1,0,0,1,427.0,0
260001,hostaway,2027-05-12T00:00:00.000000,1,0,0,0,1,428.0,1
260001,hostaway,2027-05-13T00:00:00.000000,1,0,0,0,1,695.0,1
260001,hostaway,2027-05-14T00:00:00.000000,1,0,0,0,1,828.0,1
260001,hostaway,2027-05-15T00:00:00.000000,1,0,0,0,1,828.0,1
260001,hostaway,2027-05-16T00:00:00.000000,1,0,0,0,1,741.0,1
260001,hostaway,2027-05-17T00:00:00.000000,1,0,0,0,1,464.0,1
260001,hostaway,2027-05-18T00:00:00.000000,1,0,0,0,1,466.0,1
260001,hostaway,2027-05-19T00:00:00.000000,1,0,0,0,1,466.0,1
260001,hostaway,2027-05-20T00:00:00.000000,1,0,0,0,1,753.0,1
260001,hostaway,2027-05-21T00:00:00.000000,1,0,0,0,1,893.0,1
260001,hostaway,2027-05-22T00:00:00.000000,1,0,0,0,1,897.0,1
260001,hostaway,2027-05-23T00:00:00.000000,1,0,0,0,1,760.0,1
260001,hostaway,2027-05-24T00:00:00.000000,1,0,0,0,1,476.0,1
260001,hostaway,2027-05-25T00:00:00.000000,1,0,0,0,1,480.0,1
260001,hostaway,2027-05-26T00:00:00.000000,1,0,0,0,1,484.0,1
260001,hostaway,2027-05-27T00:00:00.000000,1,0,0,0,1,853.0,1
260001,hostaway,2027-05-28T00:00:00.000000,1,0,0,0,1,1332.0,1
260001,hostaway,2027-05-29T00:00:00.000000,1,0,0,0,1,1336.0,1
260001,hostaway,2027-05-30T00:00:00.000000,1,0,0,0,1,954.0,1
260001,hostaway,2027-05-31T00:00:00.000000,1,0,0,0,1,666.0,1
260001,hostaway,2027-06-01T00:00:00.000000,1,0,0,0,1,553.0,1
260001,hostaway,2027-06-02T00:00:00.000000,1,0,0,0,1,528.0,1
260001,hostaway,2027-06-03T00:00:00.000000,1,0,0,0,1,837.0,1
260001,hostaway,2027-06-04T00:00:00.000000,1,0,0,0,1,994.0,1
260001,hostaway,2027-06-05T00:00:00.000000,1,0,0,0,1,997.0,1
260001,hostaway,2027-06-06T00:00:00.000000,1,0,0,0,1,847.0,1
260001,hostaway,2027-06-07T00:00:00.000000,1,0,0,0,1,538.0,1
260001,hostaway,2027-06-08T00:00:00.000000,1,0,0,0,1,541.0,1
260001,hostaway,2027-06-09T00:00:00.000000,1,0,0,0,1,544.0,1
260001,hostaway,2027-06-10T00:00:00.000000,1,0,0,0,1,859.0,1
260001,hostaway,2027-06-11T00:00:00.000000,1,0,0,0,1,1018.0,1
260001,hostaway,2027-06-12T00:00:00.000000,1,0,0,0,1,1022.0,1
260001,hostaway,2027-06-13T00:00:00.000000,1,1,0,0,1,869.0,0
260001,hostaway,2027-06-14T00:00:00.000000,1,1,0,0,1,555.0,0
260001,hostaway,2027-06-15T00:00:00.000000,1,1,0,0,1,585.0,0
260001,hostaway,2027-06-16T00:00:00.000000,1,1,0,0,1,588.0,0
260001,hostaway,2027-06-17T00:00:00.000000,1,0,0,0,1,882.0,1
260001,hostaway,2027-06-18T00:00:00.000000,1,0,0,0,1,1043.0,1
260001,hostaway,2027-06-19T00:00:00.000000,1,0,0,0,1,1047.0,1
260001,hostaway,2027-06-20T00:00:00.000000,1,0,0,0,1,891.0,1
260001,hostaway,2027-06-21T00:00:00.000000,1,0,0,0,1,572.0,1
260001,hostaway,2027-06-22T00:00:00.000000,1,0,0,0,1,601.0,1
260001,hostaway,2027-06-23T00:00:00.000000,1,0,0,0,1,576.0,1
260001,hostaway,2027-06-24T00:00:00.000000,1,0,0,0,1,900.0,1
260001,hostaway,2027-06-25T00:00:00.000000,1,0,0,0,1,1061.0,1
260001,hostaway,2027-06-26T00:00:00.000000,1,0,0,0,1,1061.0,1
260001,hostaway,2027-06-27T00:00:00.000000,1,0,0,0,1,900.0,1
260001,hostaway,2027-06-28T00:00:00.000000,1,0,0,0,1,576.0,1
260001,hostaway,2027-06-29T00:00:00.000000,1,0,0,0,1,576.0,1
260001,hostaway,2027-06-30T00:00:00.000000,1,0,0,0,1,576.0,1
260001,hostaway,2027-07-01T00:00:00.000000,1,0,0,0,1,900.0,1
260001,hostaway,2027-07-02T00:00:00.000000,1,0,0,0,1,1662.0,1
260001,hostaway,2027-07-03T00:00:00.000000,1,0,0,0,1,1662.0,1
260001,hostaway,2027-07-04T00:00:00.000000,1,0,0,0,1,990.0,1
260001,hostaway,2027-07-05T00:00:00.000000,1,0,0,0,1,629.0,1
260001,hostaway,2027-07-06T00:00:00.000000,1,0,0,0,1,629.0,1
260001,hostaway,2027-07-07T00:00:00.000000,1,0,0,0,1,629.0,1
260001,hostaway,2027-07-08T00:00:00.000000,1,0,0,0,1,1019.0,1
260001,hostaway,2027-07-09T00:00:00.000000,1,0,0,0,1,1511.0,1
260001,hostaway,2027-07-10T00:00:00.000000,1,0,0,0,1,1511.0,1
260001,hostaway,2027-07-11T00:00:00.000000,1,0,0,0,1,1019.0,1
260001,hostaway,2027-07-12T00:00:00.000000,1,0,0,0,1,629.0,1
260001,hostaway,2027-07-13T00:00:00.000000,1,0,0,0,1,629.0,1
260001,hostaway,2027-07-14T00:00:00.000000,1,0,0,0,1,629.0,1
260001,hostaway,2027-07-15T00:00:00.000000,1,0,0,0,1,1019.0,1
260001,hostaway,2027-07-16T00:00:00.000000,1,0,0,0,1,1511.0,1
260001,hostaway,2027-07-17T00:00:00.000000,1,0,0,0,1,1511.0,1
260001,hostaway,2027-07-18T00:00:00.000000,1,0,0,0,1,1019.0,1
260001,hostaway,2027-07-19T00:00:00.000000,1,0,0,0,1,629.0,1
260001,hostaway,2027-07-20T00:00:00.000000,1,0,0,0,1,629.0,1
260001,hostaway,2027-07-21T00:00:00.000000,1,0,0,0,1,629.0,1
260001,hostaway,2027-07-22T00:00:00.000000,1,0,0,0,1,1019.0,1
260001,hostaway,2027-07-23T00:00:00.000000,1,0,0,0,1,1511.0,1
260001,hostaway,2027-07-24T00:00:00.000000,1,0,0,0,1,1511.0,1
260001,hostaway,2027-07-25T00:00:00.000000,1,0,0,0,1,1019.0,1
260001,hostaway,2027-07-26T00:00:00.000000,1,0,0,0,1,629.0,1
260001,hostaway,2027-07-27T00:00:00.000000,1,0,0,0,1,629.0,1
260001,hostaway,2027-07-28T00:00:00.000000,1,0,0,0,1,629.0,1
260001,hostaway,2027-07-29T00:00:00.000000,1,0,0,0,1,1019.0,1
260001,hostaway,2027-07-30T00:00:00.000000,1,0,0,0,1,1511.0,1
260001,hostaway,2027-07-31T00:00:00.000000,1,0,0,0,1,1511.0,1
260001,hostaway,2027-08-01T00:00:00.000000,1,0,0,0,1,1019.0,1
260001,hostaway,2027-08-02T00:00:00.000000,1,0,0,0,1,629.0,1
260001,hostaway,2027-08-03T00:00:00.000000,1,0,0,0,1,629.0,1
260001,hostaway,2027-08-04T00:00:00.000000,1,0,0,0,1,629.0,1
260001,hostaway,2027-08-05T00:00:00.000000,1,0,0,0,1,1019.0,1
260001,hostaway,2027-08-06T00:00:00.000000,1,0,0,0,1,1511.0,1
260001,hostaway,2027-08-07T00:00:00.000000,1,0,0,0,1,1511.0,1
260001,hostaway,2027-08-08T00:00:00.000000,1,0,0,0,1,1019.0,1
260001,hostaway,2027-08-09T00:00:00.000000,1,0,0,0,1,629.0,1
260001,hostaway,2027-08-10T00:00:00.000000,1,0,0,0,1,629.0,1
260001,hostaway,2027-08-11T00:00:00.000000,1,0,0,0,1,629.0,1
260001,hostaway,2027-08-12T00:00:00.000000,1,0,0,0,1,1019.0,1
260001,hostaway,2027-08-13T00:00:00.000000,1,0,0,0,1,1511.0,1
260001,hostaway,2027-08-14T00:00:00.000000,1,0,0,0,1,1511.0,1
260001,hostaway,2027-08-15T00:00:00.000000,1,0,0,0,1,1019.0,1
260001,hostaway,2027-08-16T00:00:00.000000,1,0,0,0,1,629.0,1
260001,hostaway,2027-08-17T00:00:00.000000,1,0,0,0,1,629.0,1
260001,hostaway,2027-08-18T00:00:00.000000,1,0,0,0,1,629.0,1
260001,hostaway,2027-08-19T00:00:00.000000,1,0,0,0,1,1019.0,1
260001,hostaway,2027-08-20T00:00:00.000000,1,0,0,0,1,1511.0,1
260001,hostaway,2027-08-21T00:00:00.000000,1,0,0,0,1,1511.0,1
260001,hostaway,2027-08-22T00:00:00.000000,1,0,0,0,1,1019.0,1
260001,hostaway,2027-08-23T00:00:00.000000,1,0,0,0,1,629.0,1
260001,hostaway,2027-08-24T00:00:00.000000,1,0,0,0,1,629.0,1
260001,hostaway,2027-08-25T00:00:00.000000,1,0,0,0,1,629.0,1
260001,hostaway,2027-08-26T00:00:00.000000,1,0,0,0,1,1019.0,1
260001,hostaway,2027-08-27T00:00:00.000000,1,0,0,0,1,1511.0,1
260001,hostaway,2027-08-28T00:00:00.000000,1,0,0,0,1,1511.0,1
260001,hostaway,2027-08-29T00:00:00.000000,1,0,0,0,1,1019.0,1
260001,hostaway,2027-08-30T00:00:00.000000,1,0,0,0,1,629.0,1
260001,hostaway,2027-08-31T00:00:00.000000,1,0,0,0,1,629.0,1
260001,hostaway,2027-09-01T00:00:00.000000,1,0,0,0,1,629.0,1
260001,hostaway,2027-09-02T00:00:00.000000,1,0,0,0,1,900.0,1
260001,hostaway,2027-09-03T00:00:00.000000,1,0,0,0,1,1274.0,1
260001,hostaway,2027-09-04T00:00:00.000000,1,0,0,0,1,1274.0,1
260001,hostaway,2027-09-05T00:00:00.000000,1,0,0,0,1,945.0,1
260001,hostaway,2027-09-06T00:00:00.000000,1,0,0,0,1,692.0,1
260001,hostaway,2027-09-07T00:00:00.000000,1,0,0,0,1,576.0,1
260001,hostaway,2027-09-08T00:00:00.000000,1,0,0,0,1,576.0,1
260001,hostaway,2027-09-09T00:00:00.000000,1,0,0,0,1,900.0,1
260001,hostaway,2027-09-10T00:00:00.000000,1,0,0,0,1,1061.0,1
260001,hostaway,2027-09-11T00:00:00.000000,1,0,0,0,1,1061.0,1
260001,hostaway,2027-09-12T00:00:00.000000,1,0,0,0,1,900.0,1
260001,hostaway,2027-09-13T00:00:00.000000,1,0,0,0,1,576.0,1
260001,hostaway,2027-09-14T00:00:00.000000,1,0,0,0,1,576.0,1
260001,hostaway,2027-09-15T00:00:00.000000,1,0,0,0,1,576.0,1
260001,hostaway,2027-09-16T00:00:00.000000,1,0,0,0,1,900.0,1
260001,hostaway,2027-09-17T00:00:00.000000,1,0,0,0,1,1061.0,1
260001,hostaway,2027-09-18T00:00:00.000000,1,0,0,0,1,1061.0,1
260001,hostaway,2027-09-19T00:00:00.000000,1,0,0,0,1,900.0,1
260001,hostaway,2027-09-20T00:00:00.000000,1,0,0,0,1,576.0,1
260001,hostaway,2027-09-21T00:00:00.000000,1,0,0,0,1,576.0,1
260001,hostaway,2027-09-22T00:00:00.000000,1,0,0,0,1,576.0,1
260001,hostaway,2027-09-23T00:00:00.000000,1,0,0,0,1,900.0,1
260001,hostaway,2027-09-24T00:00:00.000000,1,0,0,0,1,1061.0,1
260001,hostaway,2027-09-25T00:00:00.000000,1,0,0,0,1,1061.0,1
260001,hostaway,2027-09-26T00:00:00.000000,1,0,0,0,1,900.0,1
260001,hostaway,2027-09-27T00:00:00.000000,1,0,0,0,1,576.0,1
260001,hostaway,2027-09-28T00:00:00.000000,1,0,0,0,1,576.0,1
260001,hostaway,2027-09-29T00:00:00.000000,1,0,0,0,1,576.0,1
260001,hostaway,2027-09-30T00:00:00.000000,1,0,0,0,1,900.0,1
260001,hostaway,2027-10-01T00:00:00.000000,1,0,0,0,1,1061.0,1
260001,hostaway,2027-10-02T00:00:00.000000,1,0,0,0,1,1061.0,1
260001,hostaway,2027-10-03T00:00:00.000000,1,0,0,0,1,900.0,1
260001,hostaway,2027-10-04T00:00:00.000000,1,0,0,0,1,576.0,1
260001,hostaway,2027-10-05T00:00:00.000000,1,0,0,0,1,576.0,1
260001,hostaway,2027-10-06T00:00:00.000000,1,0,0,0,1,576.0,1
260001,hostaway,2027-10-07T00:00:00.000000,1,0,0,0,1,900.0,1
260001,hostaway,2027-10-08T00:00:00.000000,1,0,0,0,1,1061.0,1
260001,hostaway,2027-10-09T00:00:00.000000,1,0,0,0,1,1061.0,1
260001,hostaway,2027-10-10T00:00:00.000000,1,0,0,0,1,900.0,1
260001,hostaway,2027-10-11T00:00:00.000000,1,0,0,0,1,576.0,1
260001,hostaway,2027-10-12T00:00:00.000000,1,0,0,0,1,576.0,1
260001,hostaway,2027-10-13T00:00:00.000000,1,0,0,0,1,576.0,1
260001,hostaway,2027-10-14T00:00:00.000000,1,0,0,0,1,900.0,1
260001,hostaway,2027-10-15T00:00:00.000000,1,0,0,0,1,1061.0,1
260001,hostaway,2027-10-16T00:00:00.000000,1,0,0,0,1,1061.0,1
260001,hostaway,2027-10-17T00:00:00.000000,1,0,0,0,1,900.0,1
260001,hostaway,2027-10-18T00:00:00.000000,1,0,0,0,1,576.0,1
260001,hostaway,2027-10-19T00:00:00.000000,1,0,0,0,1,576.0,1
260001,hostaway,2027-10-20T00:00:00.000000,1,0,0,0,1,576.0,1
260001,hostaway,2027-10-21T00:00:00.000000,1,0,0,0,1,900.0,1
260001,hostaway,2027-10-22T00:00:00.000000,1,0,0,0,1,1061.0,1
260001,hostaway,2027-10-23T00:00:00.000000,1,0,0,0,1,1061.0,1
260001,hostaway,2027-10-24T00:00:00.000000,1,0,0,0,1,900.0,1
260001,hostaway,2027-10-25T00:00:00.000000,1,0,0,0,1,576.0,1
260001,hostaway,2027-10-26T00:00:00.000000,1,0,0,0,1,576.0,1
260001,hostaway,2027-10-27T00:00:00.000000,1,0,0,0,1,576.0,1
260001,hostaway,2027-10-28T00:00:00.000000,1,0,0,0,1,900.0,1
260001,hostaway,2027-10-29T00:00:00.000000,1,0,0,0,1,1061.0,1
260001,hostaway,2027-10-30T00:00:00.000000,1,0,0,0,1,1061.0,1
260001,hostaway,2027-10-31T00:00:00.000000,1,0,0,0,1,900.0,1
260001,hostaway,2027-11-01T00:00:00.000000,1,0,0,0,1,369.0,1
260001,hostaway,2027-11-02T00:00:00.000000,1,0,0,0,1,369.0,1
260001,hostaway,2027-11-03T00:00:00.000000,1,0,0,0,1,369.0,1
260001,hostaway,2027-11-04T00:00:00.000000,1,0,0,0,1,419.0,1
260001,hostaway,2027-11-05T00:00:00.000000,1,0,0,0,1,499.0,1
260001,hostaway,2027-11-06T00:00:00.000000,1,0,0,0,1,499.0,1
260001,hostaway,2027-11-07T00:00:00.000000,1,0,0,0,1,419.0,1
260001,hostaway,2027-11-08T00:00:00.000000,1,0,0,0,1,369.0,1
260001,hostaway,2027-11-09T00:00:00.000000,1,0,0,0,1,369.0,1
260001,hostaway,2027-11-10T00:00:00.000000,1,0,0,0,1,369.0,1
260001,hostaway,2027-11-11T00:00:00.000000,1,0,0,0,1,419.0,1
260001,hostaway,2027-11-12T00:00:00.000000,1,0,0,0,1,499.0,1
260001,hostaway,2027-11-13T00:00:00.000000,1,0,0,0,1,499.0,1
260001,hostaway,2027-11-14T00:00:00.000000,1,0,0,0,1,419.0,1
260001,hostaway,2027-11-15T00:00:00.000000,1,0,0,0,1,369.0,1
260001,hostaway,2027-11-16T00:00:00.000000,1,0,0,0,1,369.0,1
260001,hostaway,2027-11-17T00:00:00.000000,1,0,0,0,1,369.0,1
260001,hostaway,2027-11-18T00:00:00.000000,1,0,0,0,1,419.0,1
260001,hostaway,2027-11-19T00:00:00.000000,1,0,0,0,1,499.0,1
260001,hostaway,2027-11-20T00:00:00.000000,1,0,0,0,1,499.0,1
260001,hostaway,2027-11-21T00:00:00.000000,1,0,0,0,1,419.0,1
260001,hostaway,2027-11-22T00:00:00.000000,1,0,0,0,1,369.0,1
260001,hostaway,2027-11-23T00:00:00.000000,1,0,0,0,1,369.0,1
260001,hostaway,2027-11-24T00:00:00.000000,1,0,0,0,1,369.0,1
260001,hostaway,2027-11-25T00:00:00.000000,1,0,0,0,1,712.0,1
260001,hostaway,2027-11-26T00:00:00.000000,1,0,0,0,1,848.0,1
260001,hostaway,2027-11-27T00:00:00.000000,1,0,0,0,1,848.0,1
260001,hostaway,2027-11-28T00:00:00.000000,1,0,0,0,1,587.0,1
260001,hostaway,2027-11-29T00:00:00.000000,1,0,0,0,1,329.0,1
260001,hostaway,2027-11-30T00:00:00.000000,1,0,0,0,1,329.0,1
260001,hostaway,2027-12-01T00:00:00.000000,1,0,0,0,1,329.0,1
260001,hostaway,2027-12-02T00:00:00.000000,1,0,0,0,1,379.0,1
260001,hostaway,2027-12-03T00:00:00.000000,1,0,0,0,1,449.0,1
260001,hostaway,2027-12-04T00:00:00.000000,1,0,0,0,1,449.0,1
260001,hostaway,2027-12-05T00:00:00.000000,1,0,0,0,1,379.0,1
260001,hostaway,2027-12-06T00:00:00.000000,1,0,0,0,1,329.0,1
260001,hostaway,2027-12-07T00:00:00.000000,1,0,0,0,1,329.0,1
260001,hostaway,2027-12-08T00:00:00.000000,1,0,0,0,1,329.0,1
260001,hostaway,2027-12-09T00:00:00.000000,1,0,0,0,1,379.0,1
260001,hostaway,2027-12-10T00:00:00.000000,1,0,0,0,1,449.0,1
260001,hostaway,2027-12-11T00:00:00.000000,1,0,0,0,1,449.0,1
260001,hostaway,2027-12-12T00:00:00.000000,1,0,0,0,1,379.0,1
260001,hostaway,2027-12-13T00:00:00.000000,1,0,0,0,1,329.0,1
260001,hostaway,2027-12-14T00:00:00.000000,1,0,0,0,1,329.0,1
260001,hostaway,2027-12-15T00:00:00.000000,1,0,0,0,1,329.0,1
260001,hostaway,2027-12-16T00:00:00.000000,1,0,0,0,1,379.0,1
260001,hostaway,2027-12-17T00:00:00.000000,1,0,0,0,1,674.0,1
260001,hostaway,2027-12-18T00:00:00.000000,1,0,0,0,1,674.0,1
260001,hostaway,2027-12-19T00:00:00.000000,1,0,0,0,1,569.0,1
260001,hostaway,2027-12-20T00:00:00.000000,1,0,0,0,1,494.0,1
260001,hostaway,2027-12-21T00:00:00.000000,1,0,0,0,1,494.0,1
260001,hostaway,2027-12-22T00:00:00.000000,1,0,0,0,1,494.0,1
260001,hostaway,2027-12-23T00:00:00.000000,1,0,0,0,1,569.0,1
260001,hostaway,2027-12-24T00:00:00.000000,1,0,0,0,1,1572.0,1
260001,hostaway,2027-12-25T00:00:00.000000,1,0,0,0,1,1572.0,1
260001,hostaway,2027-12-26T00:00:00.000000,1,0,0,0,1,1572.0,1
260001,hostaway,2027-12-27T00:00:00.000000,1,0,0,0,1,329.0,1
260001,hostaway,2027-12-28T00:00:00.000000,1,0,0,0,1,329.0,1
260001,hostaway,2027-12-29T00:00:00.000000,1,0,0,0,1,329.0,1
260001,hostaway,2027-12-30T00:00:00.000000,1,0,0,0,1,1729.0,1
260001,hostaway,2027-12-31T00:00:00.000000,1,0,0,0,1,1729.0,1
260001,hostaway,2028-01-01T00:00:00.000000,1,0,0,0,1,1729.0,1
260001,hostaway,2028-01-02T00:00:00.000000,1,0,0,0,1,864.0,1
260001,hostaway,2028-01-03T00:00:00.000000,1,0,0,0,1,443.0,1
260001,hostaway,2028-01-04T00:00:00.000000,1,0,0,0,1,443.0,1
260001,hostaway,2028-01-05T00:00:00.000000,1,0,0,0,1,443.0,1
260001,hostaway,2028-01-06T00:00:00.000000,1,0,0,0,1,503.0,1
260001,hostaway,2028-01-07T00:00:00.000000,1,0,0,0,1,599.0,1
260001,hostaway,2028-01-08T00:00:00.000000,1,0,0,0,1,599.0,1
260001,hostaway,2028-01-09T00:00:00.000000,1,0,0,0,1,503.0,1
146946,hostaway,2026-05-24T00:00:00.000000,1,1,0,0,1,0.0,0
146946,hostaway,2026-05-25T00:00:00.000000,1,1,0,0,1,0.0,0
146946,hostaway,2026-05-26T00:00:00.000000,1,0,0,0,1,0.0,1
146946,hostaway,2026-05-27T00:00:00.000000,1,1,0,0,1,0.0,0
146946,hostaway,2026-05-28T00:00:00.000000,1,0,0,0,1,0.0,1
146946,hostaway,2026-05-29T00:00:00.000000,1,1,0,0,1,0.0,0
146946,hostaway,2026-05-30T00:00:00.000000,1,1,0,0,1,0.0,0
146946,hostaway,2026-05-31T00:00:00.000000,1,1,0,0,1,0.0,0
146946,hostaway,2026-06-01T00:00:00.000000,1,1,0,0,1,0.0,0
146946,hostaway,2026-06-02T00:00:00.000000,1,1,0,0,1,0.0,0
146946,hostaway,2026-06-03T00:00:00.000000,1,1,0,0,1,0.0,0
146946,hostaway,2026-06-04T00:00:00.000000,1,1,0,0,1,0.0,0
146946,hostaway,2026-06-05T00:00:00.000000,1,0,0,0,1,0.0,1
146946,hostaway,2026-06-06T00:00:00.000000,1,1,0,0,1,0.0,0
146946,hostaway,2026-06-07T00:00:00.000000,1,0,0,0,1,0.0,1
146946,hostaway,2026-06-08T00:00:00.000000,1,1,0,0,1,0.0,0
146946,hostaway,2026-06-09T00:00:00.000000,1,1,0,0,1,0.0,0
146946,hostaway,2026-06-10T00:00:00.000000,1,1,0,0,1,0.0,0
146946,hostaway,2026-06-11T00:00:00.000000,1,1,0,0,1,0.0,0
146946,hostaway,2026-06-12T00:00:00.000000,1,1,0,0,1,0.0,0
146946,hostaway,2026-06-13T00:00:00.000000,1,1,0,0,1,0.0,0
146946,hostaway,2026-06-14T00:00:00.000000,1,1,0,0,1,0.0,0
146946,hostaway,2026-06-15T00:00:00.000000,1,0,0,0,1,0.0,1
146946,hostaway,2026-06-16T00:00:00.000000,1,0,0,0,1,0.0,1
146946,hostaway,2026-06-17T00:00:00.000000,1,1,0,0,1,0.0,0
146946,hostaway,2026-06-18T00:00:00.000000,1,0,0,0,1,0.0,1
146946,hostaway,2026-06-19T00:00:00.000000,1,1,0,0,1,0.0,0
146946,hostaway,2026-06-20T00:00:00.000000,1,1,0,0,1,0.0,0
146946,hostaway,2026-06-21T00:00:00.000000,1,0,0,0,1,0.0,1
146946,hostaway,2026-06-22T00:00:00.000000,1,0,0,0,1,0.0,1
146946,hostaway,2026-06-23T00:00:00.000000,1,0,0,0,1,200.0,1
146946,hostaway,2026-06-24T00:00:00.000000,1,1,0,0,1,200.0,0
146946,hostaway,2026-06-25T00:00:00.000000,1,1,0,0,1,218.0,0
146946,hostaway,2026-06-26T00:00:00.000000,1,1,0,0,1,459.0,0
146946,hostaway,2026-06-27T00:00:00.000000,1,1,0,0,1,459.0,0
146946,hostaway,2026-06-28T00:00:00.000000,1,1,0,0,1,295.0,0
146946,hostaway,2026-06-29T00:00:00.000000,1,1,0,0,1,237.0,0
146946,hostaway,2026-06-30T00:00:00.000000,1,0,0,0,1,131.0,1
146946,hostaway,2026-07-01T00:00:00.000000,1,0,0,0,1,131.0,1
146946,hostaway,2026-07-02T00:00:00.000000,1,0,0,0,1,256.0,1
146946,hostaway,2026-07-03T00:00:00.000000,1,0,0,0,1,434.0,1
146946,hostaway,2026-07-04T00:00:00.000000,1,0,0,0,1,516.0,1
146946,hostaway,2026-07-05T00:00:00.000000,1,0,0,0,1,275.0,1
146946,hostaway,2026-07-06T00:00:00.000000,1,1,0,0,1,193.0,0
146946,hostaway,2026-07-07T00:00:00.000000,1,1,0,0,1,159.0,0
146946,hostaway,2026-07-08T00:00:00.000000,1,1,0,0,1,159.0,0
146946,hostaway,2026-07-09T00:00:00.000000,1,1,0,0,1,257.0,0
146946,hostaway,2026-07-10T00:00:00.000000,1,1,0,0,1,466.0,0
146946,hostaway,2026-07-11T00:00:00.000000,1,1,0,0,1,466.0,0
146946,hostaway,2026-07-12T00:00:00.000000,1,1,0,0,1,236.0,0
146946,hostaway,2026-07-13T00:00:00.000000,1,1,0,0,1,211.0,0
146946,hostaway,2026-07-14T00:00:00.000000,1,1,0,0,1,135.0,0
146946,hostaway,2026-07-15T00:00:00.000000,1,1,0,0,1,135.0,0
146946,hostaway,2026-07-16T00:00:00.000000,1,1,0,0,1,236.0,0
146946,hostaway,2026-07-17T00:00:00.000000,1,1,0,0,1,466.0,0
146946,hostaway,2026-07-18T00:00:00.000000,1,1,0,0,1,466.0,0
146946,hostaway,2026-07-19T00:00:00.000000,1,0,0,0,1,236.0,1
146946,hostaway,2026-07-20T00:00:00.000000,1,1,0,0,1,176.0,0
146946,hostaway,2026-07-21T00:00:00.000000,1,1,0,0,1,152.0,0
146946,hostaway,2026-07-22T00:00:00.000000,1,1,0,0,1,135.0,0
146946,hostaway,2026-07-23T00:00:00.000000,1,1,0,0,1,168.0,0
146946,hostaway,2026-07-24T00:00:00.000000,1,0,0,0,1,466.0,1
146946,hostaway,2026-07-25T00:00:00.000000,1,0,0,0,1,466.0,1
146946,hostaway,2026-07-26T00:00:00.000000,1,0,0,0,1,236.0,1
146946,hostaway,2026-07-27T00:00:00.000000,1,0,0,0,1,159.0,1
146946,hostaway,2026-07-28T00:00:00.000000,1,1,0,0,1,152.0,0
146946,hostaway,2026-07-29T00:00:00.000000,1,1,0,0,1,152.0,0
146946,hostaway,2026-07-30T00:00:00.000000,1,0,0,0,1,236.0,1
146946,hostaway,2026-07-31T00:00:00.000000,1,0,0,0,1,466.0,1
146946,hostaway,2026-08-01T00:00:00.000000,1,0,0,0,1,466.0,1
146946,hostaway,2026-08-02T00:00:00.000000,1,0,0,0,1,236.0,1
146946,hostaway,2026-08-03T00:00:00.000000,1,0,0,0,1,256.0,1
146946,hostaway,2026-08-04T00:00:00.000000,1,0,0,0,1,223.0,1
146946,hostaway,2026-08-05T00:00:00.000000,1,0,0,0,1,223.0,1
146946,hostaway,2026-08-06T00:00:00.000000,1,1,0,0,1,341.0,0
146946,hostaway,2026-08-07T00:00:00.000000,1,1,0,0,1,534.0,0
146946,hostaway,2026-08-08T00:00:00.000000,1,1,0,0,1,534.0,0
146946,hostaway,2026-08-09T00:00:00.000000,1,0,0,0,1,341.0,1
146946,hostaway,2026-08-10T00:00:00.000000,1,0,0,0,1,412.0,1
146946,hostaway,2026-08-11T00:00:00.000000,1,0,0,0,1,349.0,1
146946,hostaway,2026-08-12T00:00:00.000000,1,0,0,0,1,245.0,1
146946,hostaway,2026-08-13T00:00:00.000000,1,0,0,0,1,341.0,1
146946,hostaway,2026-08-14T00:00:00.000000,1,0,0,0,1,534.0,1
146946,hostaway,2026-08-15T00:00:00.000000,1,0,0,0,1,534.0,1
146946,hostaway,2026-08-16T00:00:00.000000,1,0,0,0,1,379.0,1
146946,hostaway,2026-08-17T00:00:00.000000,1,0,0,0,1,256.0,1
146946,hostaway,2026-08-18T00:00:00.000000,1,0,0,0,1,223.0,1
146946,hostaway,2026-08-19T00:00:00.000000,1,0,0,0,1,223.0,1
146946,hostaway,2026-08-20T00:00:00.000000,1,0,0,0,1,341.0,1
146946,hostaway,2026-08-21T00:00:00.000000,1,0,0,0,1,592.0,1
146946,hostaway,2026-08-22T00:00:00.000000,1,0,0,0,1,682.0,1
146946,hostaway,2026-08-23T00:00:00.000000,1,0,0,0,1,341.0,1
146946,hostaway,2026-08-24T00:00:00.000000,1,0,0,0,1,256.0,1
146946,hostaway,2026-08-25T00:00:00.000000,1,0,0,0,1,223.0,1
146946,hostaway,2026-08-26T00:00:00.000000,1,0,0,0,1,223.0,1
146946,hostaway,2026-08-27T00:00:00.000000,1,0,0,0,1,341.0,1
146946,hostaway,2026-08-28T00:00:00.000000,1,0,0,0,1,534.0,1
146946,hostaway,2026-08-29T00:00:00.000000,1,0,0,0,1,534.0,1
146946,hostaway,2026-08-30T00:00:00.000000,1,0,0,0,1,341.0,1
146946,hostaway,2026-08-31T00:00:00.000000,1,0,0,0,1,256.0,1
146946,hostaway,2026-09-01T00:00:00.000000,1,0,0,0,1,210.0,1
146946,hostaway,2026-09-02T00:00:00.000000,1,0,0,0,1,210.0,1
146946,hostaway,2026-09-03T00:00:00.000000,1,0,0,0,1,318.0,1
146946,hostaway,2026-09-04T00:00:00.000000,1,0,0,0,1,871.0,1
146946,hostaway,2026-09-05T00:00:00.000000,1,1,0,0,1,615.0,0
146946,hostaway,2026-09-06T00:00:00.000000,1,1,0,0,1,399.0,0
146946,hostaway,2026-09-07T00:00:00.000000,1,0,0,0,1,337.0,1
146946,hostaway,2026-09-08T00:00:00.000000,1,0,0,0,1,235.0,1
146946,hostaway,2026-09-09T00:00:00.000000,1,0,0,0,1,235.0,1
146946,hostaway,2026-09-10T00:00:00.000000,1,0,0,0,1,318.0,1
146946,hostaway,2026-09-11T00:00:00.000000,1,0,0,0,1,681.0,1
146946,hostaway,2026-09-12T00:00:00.000000,1,0,0,0,1,681.0,1
146946,hostaway,2026-09-13T00:00:00.000000,1,0,0,0,1,410.0,1
146946,hostaway,2026-09-14T00:00:00.000000,1,0,0,0,1,256.0,1
146946,hostaway,2026-09-15T00:00:00.000000,1,0,0,0,1,235.0,1
146946,hostaway,2026-09-16T00:00:00.000000,1,0,0,0,1,235.0,1
146946,hostaway,2026-09-17T00:00:00.000000,1,0,0,0,1,318.0,1
146946,hostaway,2026-09-18T00:00:00.000000,1,0,0,0,1,501.0,1
146946,hostaway,2026-09-19T00:00:00.000000,1,0,0,0,1,501.0,1
146946,hostaway,2026-09-20T00:00:00.000000,1,0,0,0,1,318.0,1
146946,hostaway,2026-09-21T00:00:00.000000,1,0,0,0,1,258.0,1
146946,hostaway,2026-09-22T00:00:00.000000,1,0,0,0,1,258.0,1
146946,hostaway,2026-09-23T00:00:00.000000,1,0,0,0,1,258.0,1
146946,hostaway,2026-09-24T00:00:00.000000,1,0,0,0,1,318.0,1
146946,hostaway,2026-09-25T00:00:00.000000,1,0,0,0,1,501.0,1
146946,hostaway,2026-09-26T00:00:00.000000,1,0,0,0,1,501.0,1
146946,hostaway,2026-09-27T00:00:00.000000,1,1,0,0,1,318.0,0
146946,hostaway,2026-09-28T00:00:00.000000,1,1,0,0,1,235.0,0
146946,hostaway,2026-09-29T00:00:00.000000,1,0,0,0,1,235.0,1
146946,hostaway,2026-09-30T00:00:00.000000,1,0,0,0,1,235.0,1
146946,hostaway,2026-10-01T00:00:00.000000,1,0,0,0,1,277.0,1
146946,hostaway,2026-10-02T00:00:00.000000,1,0,0,0,1,430.0,1
146946,hostaway,2026-10-03T00:00:00.000000,1,0,0,0,1,430.0,1
146946,hostaway,2026-10-04T00:00:00.000000,1,0,0,0,1,277.0,1
146946,hostaway,2026-10-05T00:00:00.000000,1,0,0,0,1,196.0,1
146946,hostaway,2026-10-06T00:00:00.000000,1,0,0,0,1,196.0,1
146946,hostaway,2026-10-07T00:00:00.000000,1,0,0,0,1,196.0,1
146946,hostaway,2026-10-08T00:00:00.000000,1,0,0,0,1,277.0,1
146946,hostaway,2026-10-09T00:00:00.000000,1,0,0,0,1,430.0,1
146946,hostaway,2026-10-10T00:00:00.000000,1,0,0,0,1,430.0,1
146946,hostaway,2026-10-11T00:00:00.000000,1,0,0,0,1,277.0,1
146946,hostaway,2026-10-12T00:00:00.000000,1,0,0,0,1,196.0,1
146946,hostaway,2026-10-13T00:00:00.000000,1,0,0,0,1,196.0,1
146946,hostaway,2026-10-14T00:00:00.000000,1,0,0,0,1,196.0,1
146946,hostaway,2026-10-15T00:00:00.000000,1,0,0,0,1,277.0,1
146946,hostaway,2026-10-16T00:00:00.000000,1,0,0,0,1,478.0,1
146946,hostaway,2026-10-17T00:00:00.000000,1,0,0,0,1,478.0,1
146946,hostaway,2026-10-18T00:00:00.000000,1,0,0,0,1,277.0,1
146946,hostaway,2026-10-19T00:00:00.000000,1,0,0,0,1,196.0,1
146946,hostaway,2026-10-20T00:00:00.000000,1,0,0,0,1,196.0,1
146946,hostaway,2026-10-21T00:00:00.000000,1,0,0,0,1,196.0,1
146946,hostaway,2026-10-22T00:00:00.000000,1,0,0,0,1,277.0,1
146946,hostaway,2026-10-23T00:00:00.000000,1,0,0,0,1,430.0,1
146946,hostaway,2026-10-24T00:00:00.000000,1,0,0,0,1,430.0,1
146946,hostaway,2026-10-25T00:00:00.000000,1,0,0,0,1,277.0,1
146946,hostaway,2026-10-26T00:00:00.000000,1,0,0,0,1,196.0,1
146946,hostaway,2026-10-27T00:00:00.000000,1,0,0,0,1,196.0,1
146946,hostaway,2026-10-28T00:00:00.000000,1,0,0,0,1,196.0,1
146946,hostaway,2026-10-29T00:00:00.000000,1,0,0,0,1,277.0,1
146946,hostaway,2026-10-30T00:00:00.000000,1,0,0,0,1,430.0,1
146946,hostaway,2026-10-31T00:00:00.000000,1,0,0,0,1,430.0,1
146946,hostaway,2026-11-01T00:00:00.000000,1,0,0,0,1,248.0,1
146946,hostaway,2026-11-02T00:00:00.000000,1,0,0,0,1,158.0,1
146946,hostaway,2026-11-03T00:00:00.000000,1,0,0,0,1,158.0,1
146946,hostaway,2026-11-04T00:00:00.000000,1,0,0,0,1,158.0,1
146946,hostaway,2026-11-05T00:00:00.000000,1,0,0,0,1,248.0,1
146946,hostaway,2026-11-06T00:00:00.000000,1,0,0,0,1,378.0,1
146946,hostaway,2026-11-07T00:00:00.000000,1,0,0,0,1,378.0,1
146946,hostaway,2026-11-08T00:00:00.000000,1,0,0,0,1,248.0,1
146946,hostaway,2026-11-09T00:00:00.000000,1,0,0,0,1,158.0,1
146946,hostaway,2026-11-10T00:00:00.000000,1,0,0,0,1,158.0,1
146946,hostaway,2026-11-11T00:00:00.000000,1,0,0,0,1,158.0,1
146946,hostaway,2026-11-12T00:00:00.000000,1,0,0,0,1,248.0,1
146946,hostaway,2026-11-13T00:00:00.000000,1,0,0,0,1,378.0,1
146946,hostaway,2026-11-14T00:00:00.000000,1,0,0,0,1,378.0,1
146946,hostaway,2026-11-15T00:00:00.000000,1,0,0,0,1,248.0,1
146946,hostaway,2026-11-16T00:00:00.000000,1,0,0,0,1,158.0,1
146946,hostaway,2026-11-17T00:00:00.000000,1,0,0,0,1,158.0,1
146946,hostaway,2026-11-18T00:00:00.000000,1,0,0,0,1,158.0,1
146946,hostaway,2026-11-19T00:00:00.000000,1,0,0,0,1,248.0,1
146946,hostaway,2026-11-20T00:00:00.000000,1,0,0,0,1,378.0,1
146946,hostaway,2026-11-21T00:00:00.000000,1,0,0,0,1,378.0,1
146946,hostaway,2026-11-22T00:00:00.000000,1,0,0,0,1,248.0,1
146946,hostaway,2026-11-23T00:00:00.000000,1,0,0,0,1,158.0,1
146946,hostaway,2026-11-24T00:00:00.000000,1,0,0,0,1,158.0,1
146946,hostaway,2026-11-25T00:00:00.000000,1,0,0,0,1,158.0,1
146946,hostaway,2026-11-26T00:00:00.000000,1,0,0,0,1,378.0,1
146946,hostaway,2026-11-27T00:00:00.000000,1,0,0,0,1,378.0,1
146946,hostaway,2026-11-28T00:00:00.000000,1,0,0,0,1,378.0,1
146946,hostaway,2026-11-29T00:00:00.000000,1,0,0,0,1,248.0,1
146946,hostaway,2026-11-30T00:00:00.000000,1,0,0,0,1,158.0,1
146946,hostaway,2026-12-01T00:00:00.000000,1,0,0,0,1,143.0,1
146946,hostaway,2026-12-02T00:00:00.000000,1,0,0,0,1,143.0,1
146946,hostaway,2026-12-03T00:00:00.000000,1,0,0,0,1,215.0,1
146946,hostaway,2026-12-04T00:00:00.000000,1,0,0,0,1,336.0,1
146946,hostaway,2026-12-05T00:00:00.000000,1,0,0,0,1,336.0,1
146946,hostaway,2026-12-06T00:00:00.000000,1,0,0,0,1,215.0,1
146946,hostaway,2026-12-07T00:00:00.000000,1,0,0,0,1,143.0,1
146946,hostaway,2026-12-08T00:00:00.000000,1,0,0,0,1,143.0,1
146946,hostaway,2026-12-09T00:00:00.000000,1,0,0,0,1,143.0,1
146946,hostaway,2026-12-10T00:00:00.000000,1,0,0,0,1,215.0,1
146946,hostaway,2026-12-11T00:00:00.000000,1,0,0,0,1,336.0,1
146946,hostaway,2026-12-12T00:00:00.000000,1,0,0,0,1,336.0,1
146946,hostaway,2026-12-13T00:00:00.000000,1,0,0,0,1,215.0,1
146946,hostaway,2026-12-14T00:00:00.000000,1,0,0,0,1,143.0,1
146946,hostaway,2026-12-15T00:00:00.000000,1,0,0,0,1,143.0,1
146946,hostaway,2026-12-16T00:00:00.000000,1,0,0,0,1,143.0,1
146946,hostaway,2026-12-17T00:00:00.000000,1,0,0,0,1,263.0,1
146946,hostaway,2026-12-18T00:00:00.000000,1,0,0,0,1,428.0,1
146946,hostaway,2026-12-19T00:00:00.000000,1,0,0,0,1,428.0,1
146946,hostaway,2026-12-20T00:00:00.000000,1,0,0,0,1,263.0,1
146946,hostaway,2026-12-21T00:00:00.000000,1,0,0,0,1,196.0,1
146946,hostaway,2026-12-22T00:00:00.000000,1,0,0,0,1,196.0,1
146946,hostaway,2026-12-23T00:00:00.000000,1,0,0,0,1,196.0,1
146946,hostaway,2026-12-24T00:00:00.000000,1,0,0,0,1,410.0,1
146946,hostaway,2026-12-25T00:00:00.000000,1,0,0,0,1,681.0,1
146946,hostaway,2026-12-26T00:00:00.000000,1,0,0,0,1,681.0,1
146946,hostaway,2026-12-27T00:00:00.000000,1,0,0,0,1,315.0,1
146946,hostaway,2026-12-28T00:00:00.000000,1,0,0,0,1,253.0,1
146946,hostaway,2026-12-29T00:00:00.000000,1,0,0,0,1,253.0,1
146946,hostaway,2026-12-30T00:00:00.000000,1,0,0,0,1,810.0,1
146946,hostaway,2026-12-31T00:00:00.000000,1,0,0,0,1,837.0,1
146946,hostaway,2027-01-01T00:00:00.000000,1,0,0,0,1,349.0,1
146946,hostaway,2027-01-02T00:00:00.000000,1,0,0,0,1,349.0,1
146946,hostaway,2027-01-03T00:00:00.000000,1,0,0,0,1,196.0,1
146946,hostaway,2027-01-04T00:00:00.000000,1,0,0,0,1,158.0,1
146946,hostaway,2027-01-05T00:00:00.000000,1,0,0,0,1,158.0,1
146946,hostaway,2027-01-06T00:00:00.000000,1,0,0,0,1,190.0,1
146946,hostaway,2027-01-07T00:00:00.000000,1,0,0,0,1,263.0,1
146946,hostaway,2027-01-08T00:00:00.000000,1,0,0,0,1,322.0,1
146946,hostaway,2027-01-09T00:00:00.000000,1,0,0,0,1,322.0,1
146946,hostaway,2027-01-10T00:00:00.000000,1,0,0,0,1,263.0,1
146946,hostaway,2027-01-11T00:00:00.000000,1,0,0,0,1,158.0,1
146946,hostaway,2027-01-12T00:00:00.000000,1,0,0,0,1,158.0,1
146946,hostaway,2027-01-13T00:00:00.000000,1,0,0,0,1,158.0,1
146946,hostaway,2027-01-14T00:00:00.000000,1,0,0,0,1,219.0,1
146946,hostaway,2027-01-15T00:00:00.000000,1,0,0,0,1,366.0,1
146946,hostaway,2027-01-16T00:00:00.000000,1,0,0,0,1,366.0,1
146946,hostaway,2027-01-17T00:00:00.000000,1,0,0,0,1,297.0,1
146946,hostaway,2027-01-18T00:00:00.000000,1,0,0,0,1,227.0,1
146946,hostaway,2027-01-19T00:00:00.000000,1,0,0,0,1,158.0,1
146946,hostaway,2027-01-20T00:00:00.000000,1,0,0,0,1,158.0,1
146946,hostaway,2027-01-21T00:00:00.000000,1,0,0,0,1,219.0,1
146946,hostaway,2027-01-22T00:00:00.000000,1,0,0,0,1,277.0,1
146946,hostaway,2027-01-23T00:00:00.000000,1,0,0,0,1,277.0,1
146946,hostaway,2027-01-24T00:00:00.000000,1,0,0,0,1,219.0,1
146946,hostaway,2027-01-25T00:00:00.000000,1,0,0,0,1,158.0,1
146946,hostaway,2027-01-26T00:00:00.000000,1,0,0,0,1,158.0,1
146946,hostaway,2027-01-27T00:00:00.000000,1,0,0,0,1,158.0,1
146946,hostaway,2027-01-28T00:00:00.000000,1,0,0,0,1,219.0,1
146946,hostaway,2027-01-29T00:00:00.000000,1,0,0,0,1,277.0,1
146946,hostaway,2027-01-30T00:00:00.000000,1,0,0,0,1,277.0,1
146946,hostaway,2027-01-31T00:00:00.000000,1,0,0,0,1,219.0,1
146946,hostaway,2027-02-01T00:00:00.000000,1,0,0,0,1,158.0,1
146946,hostaway,2027-02-02T00:00:00.000000,1,0,0,0,1,158.0,1
146946,hostaway,2027-02-03T00:00:00.000000,1,0,0,0,1,158.0,1
146946,hostaway,2027-02-04T00:00:00.000000,1,0,0,0,1,219.0,1
146946,hostaway,2027-02-05T00:00:00.000000,1,0,0,0,1,277.0,1
146946,hostaway,2027-02-06T00:00:00.000000,1,0,0,0,1,277.0,1
146946,hostaway,2027-02-07T00:00:00.000000,1,0,0,0,1,219.0,1
146946,hostaway,2027-02-08T00:00:00.000000,1,0,0,0,1,158.0,1
146946,hostaway,2027-02-09T00:00:00.000000,1,0,0,0,1,158.0,1
146946,hostaway,2027-02-10T00:00:00.000000,1,0,0,0,1,158.0,1
146946,hostaway,2027-02-11T00:00:00.000000,1,0,0,0,1,219.0,1
146946,hostaway,2027-02-12T00:00:00.000000,1,0,0,0,1,397.0,1
146946,hostaway,2027-02-13T00:00:00.000000,1,0,0,0,1,397.0,1
146946,hostaway,2027-02-14T00:00:00.000000,1,0,0,0,1,322.0,1
146946,hostaway,2027-02-15T00:00:00.000000,1,0,0,0,1,240.0,1
146946,hostaway,2027-02-16T00:00:00.000000,1,0,0,0,1,158.0,1
146946,hostaway,2027-02-17T00:00:00.000000,1,0,0,0,1,158.0,1
146946,hostaway,2027-02-18T00:00:00.000000,1,0,0,0,1,219.0,1
146946,hostaway,2027-02-19T00:00:00.000000,1,0,0,0,1,277.0,1
146946,hostaway,2027-02-20T00:00:00.000000,1,0,0,0,1,277.0,1
146946,hostaway,2027-02-21T00:00:00.000000,1,0,0,0,1,219.0,1
146946,hostaway,2027-02-22T00:00:00.000000,1,0,0,0,1,158.0,1
146946,hostaway,2027-02-23T00:00:00.000000,1,0,0,0,1,158.0,1
146946,hostaway,2027-02-24T00:00:00.000000,1,0,0,0,1,158.0,1
146946,hostaway,2027-02-25T00:00:00.000000,1,0,0,0,1,215.0,1
146946,hostaway,2027-02-26T00:00:00.000000,1,0,0,0,1,277.0,1
146946,hostaway,2027-02-27T00:00:00.000000,1,0,0,0,1,277.0,1
146946,hostaway,2027-02-28T00:00:00.000000,1,0,0,0,1,215.0,1
146946,hostaway,2027-03-01T00:00:00.000000,1,0,0,0,1,197.0,1
146946,hostaway,2027-03-02T00:00:00.000000,1,0,0,0,1,197.0,1
146946,hostaway,2027-03-03T00:00:00.000000,1,0,0,0,1,197.0,1
146946,hostaway,2027-03-04T00:00:00.000000,1,0,0,0,1,256.0,1
146946,hostaway,2027-03-05T00:00:00.000000,1,0,0,0,1,297.0,1
146946,hostaway,2027-03-06T00:00:00.000000,1,0,0,0,1,297.0,1
146946,hostaway,2027-03-07T00:00:00.000000,1,0,0,0,1,256.0,1
146946,hostaway,2027-03-08T00:00:00.000000,1,0,0,0,1,197.0,1
146946,hostaway,2027-03-09T00:00:00.000000,1,0,0,0,1,197.0,1
146946,hostaway,2027-03-10T00:00:00.000000,1,0,0,0,1,197.0,1
146946,hostaway,2027-03-11T00:00:00.000000,1,0,0,0,1,256.0,1
146946,hostaway,2027-03-12T00:00:00.000000,1,0,0,0,1,297.0,1
146946,hostaway,2027-03-13T00:00:00.000000,1,0,0,0,1,297.0,1
146946,hostaway,2027-03-14T00:00:00.000000,1,0,0,0,1,256.0,1
146946,hostaway,2027-03-15T00:00:00.000000,1,0,0,0,1,197.0,1
146946,hostaway,2027-03-16T00:00:00.000000,1,0,0,0,1,197.0,1
146946,hostaway,2027-03-17T00:00:00.000000,1,0,0,0,1,197.0,1
146946,hostaway,2027-03-18T00:00:00.000000,1,0,0,0,1,256.0,1
146946,hostaway,2027-03-19T00:00:00.000000,1,0,0,0,1,297.0,1
146946,hostaway,2027-03-20T00:00:00.000000,1,0,0,0,1,297.0,1
146946,hostaway,2027-03-21T00:00:00.000000,1,0,0,0,1,256.0,1
146946,hostaway,2027-03-22T00:00:00.000000,1,0,0,0,1,197.0,1
146946,hostaway,2027-03-23T00:00:00.000000,1,0,0,0,1,197.0,1
146946,hostaway,2027-03-24T00:00:00.000000,1,0,0,0,1,197.0,1
146946,hostaway,2027-03-25T00:00:00.000000,1,0,0,0,1,256.0,1
146946,hostaway,2027-03-26T00:00:00.000000,1,0,0,0,1,432.0,1
146946,hostaway,2027-03-27T00:00:00.000000,1,0,0,0,1,432.0,1
146946,hostaway,2027-03-28T00:00:00.000000,1,0,0,0,1,370.0,1
146946,hostaway,2027-03-29T00:00:00.000000,1,0,0,0,1,296.0,1
146946,hostaway,2027-03-30T00:00:00.000000,1,0,0,0,1,296.0,1
146946,hostaway,2027-03-31T00:00:00.000000,1,0,0,0,1,296.0,1
146946,hostaway,2027-04-01T00:00:00.000000,1,0,0,0,1,495.0,1
146946,hostaway,2027-04-02T00:00:00.000000,1,0,0,0,1,586.0,1
146946,hostaway,2027-04-03T00:00:00.000000,1,0,0,0,1,586.0,1
146946,hostaway,2027-04-04T00:00:00.000000,1,0,0,0,1,495.0,1
146946,hostaway,2027-04-05T00:00:00.000000,1,0,0,0,1,416.0,1
146946,hostaway,2027-04-06T00:00:00.000000,1,0,0,0,1,416.0,1
146946,hostaway,2027-04-07T00:00:00.000000,1,0,0,0,1,416.0,1
146946,hostaway,2027-04-08T00:00:00.000000,1,0,0,0,1,391.0,1
146946,hostaway,2027-04-09T00:00:00.000000,1,0,0,0,1,462.0,1
146946,hostaway,2027-04-10T00:00:00.000000,1,0,0,0,1,462.0,1
146946,hostaway,2027-04-11T00:00:00.000000,1,0,0,0,1,391.0,1
146946,hostaway,2027-04-12T00:00:00.000000,1,0,0,0,1,227.0,1
146946,hostaway,2027-04-13T00:00:00.000000,1,0,0,0,1,227.0,1
146946,hostaway,2027-04-14T00:00:00.000000,1,0,0,0,1,227.0,1
146946,hostaway,2027-04-15T00:00:00.000000,1,0,0,0,1,275.0,1
146946,hostaway,2027-04-16T00:00:00.000000,1,0,0,0,1,317.0,1
146946,hostaway,2027-04-17T00:00:00.000000,1,0,0,0,1,317.0,1
146946,hostaway,2027-04-18T00:00:00.000000,1,0,0,0,1,275.0,1
146946,hostaway,2027-04-19T00:00:00.000000,1,0,0,0,1,227.0,1
146946,hostaway,2027-04-20T00:00:00.000000,1,0,0,0,1,227.0,1
146946,hostaway,2027-04-21T00:00:00.000000,1,0,0,0,1,227.0,1
146946,hostaway,2027-04-22T00:00:00.000000,1,0,0,0,1,275.0,1
146946,hostaway,2027-04-23T00:00:00.000000,1,0,0,0,1,317.0,1
146946,hostaway,2027-04-24T00:00:00.000000,1,0,0,0,1,317.0,1
146946,hostaway,2027-04-25T00:00:00.000000,1,0,0,0,1,275.0,1
146946,hostaway,2027-04-26T00:00:00.000000,1,0,0,0,1,227.0,1
146946,hostaway,2027-04-27T00:00:00.000000,1,0,0,0,1,227.0,1
146946,hostaway,2027-04-28T00:00:00.000000,1,0,0,0,1,227.0,1
146946,hostaway,2027-04-29T00:00:00.000000,1,0,0,0,1,275.0,1
146946,hostaway,2027-04-30T00:00:00.000000,1,0,0,0,1,317.0,1
146946,hostaway,2027-05-01T00:00:00.000000,1,0,0,0,1,317.0,1
146946,hostaway,2027-05-02T00:00:00.000000,1,0,0,0,1,275.0,1
146946,hostaway,2027-05-03T00:00:00.000000,1,0,0,0,1,227.0,1
146946,hostaway,2027-05-04T00:00:00.000000,1,0,0,0,1,227.0,1
146946,hostaway,2027-05-05T00:00:00.000000,1,0,0,0,1,227.0,1
146946,hostaway,2027-05-06T00:00:00.000000,1,0,0,0,1,385.0,1
146946,hostaway,2027-05-07T00:00:00.000000,1,0,0,0,1,514.0,1
146946,hostaway,2027-05-08T00:00:00.000000,1,0,0,0,1,514.0,1
146946,hostaway,2027-05-09T00:00:00.000000,1,0,0,0,1,387.0,1
146946,hostaway,2027-05-10T00:00:00.000000,1,0,0,0,1,235.0,1
146946,hostaway,2027-05-11T00:00:00.000000,1,0,0,0,1,236.0,1
146946,hostaway,2027-05-12T00:00:00.000000,1,0,0,0,1,236.0,1
146946,hostaway,2027-05-13T00:00:00.000000,1,0,0,0,1,376.0,1
146946,hostaway,2027-05-14T00:00:00.000000,1,0,0,0,1,501.0,1
146946,hostaway,2027-05-15T00:00:00.000000,1,0,0,0,1,504.0,1
146946,hostaway,2027-05-16T00:00:00.000000,1,0,0,0,1,402.0,1
146946,hostaway,2027-05-17T00:00:00.000000,1,0,0,0,1,256.0,1
146946,hostaway,2027-05-18T00:00:00.000000,1,0,0,0,1,256.0,1
146946,hostaway,2027-05-19T00:00:00.000000,1,0,0,0,1,256.0,1
146946,hostaway,2027-05-20T00:00:00.000000,1,0,0,0,1,408.0,1
146946,hostaway,2027-05-21T00:00:00.000000,1,0,0,0,1,548.0,1
146946,hostaway,2027-05-22T00:00:00.000000,1,0,0,0,1,550.0,1
146946,hostaway,2027-05-23T00:00:00.000000,1,0,0,0,1,414.0,1
146946,hostaway,2027-05-24T00:00:00.000000,1,0,0,0,1,267.0,1
146946,hostaway,2027-05-25T00:00:00.000000,1,0,0,0,1,273.0,1
146946,hostaway,2027-05-26T00:00:00.000000,1,0,0,0,1,275.0,1
146946,hostaway,2027-05-27T00:00:00.000000,1,0,0,0,1,472.0,1
146946,hostaway,2027-05-28T00:00:00.000000,1,0,0,0,1,817.0,1
146946,hostaway,2027-05-29T00:00:00.000000,1,0,0,0,1,820.0,1
146946,hostaway,2027-05-30T00:00:00.000000,1,0,0,0,1,532.0,1
146946,hostaway,2027-05-31T00:00:00.000000,1,0,0,0,1,376.0,1
146946,hostaway,2027-06-01T00:00:00.000000,1,0,0,0,1,313.0,1
146946,hostaway,2027-06-02T00:00:00.000000,1,0,0,0,1,297.0,1
146946,hostaway,2027-06-03T00:00:00.000000,1,0,0,0,1,466.0,1
146946,hostaway,2027-06-04T00:00:00.000000,1,0,0,0,1,613.0,1
146946,hostaway,2027-06-05T00:00:00.000000,1,0,0,0,1,615.0,1
146946,hostaway,2027-06-06T00:00:00.000000,1,0,0,0,1,472.0,1
146946,hostaway,2027-06-07T00:00:00.000000,1,0,0,0,1,305.0,1
146946,hostaway,2027-06-08T00:00:00.000000,1,0,0,0,1,307.0,1
146946,hostaway,2027-06-09T00:00:00.000000,1,0,0,0,1,309.0,1
146946,hostaway,2027-06-10T00:00:00.000000,1,0,0,0,1,480.0,1
146946,hostaway,2027-06-11T00:00:00.000000,1,0,0,0,1,631.0,1
146946,hostaway,2027-06-12T00:00:00.000000,1,0,0,0,1,633.0,1
146946,hostaway,2027-06-13T00:00:00.000000,1,0,0,0,1,487.0,1
146946,hostaway,2027-06-14T00:00:00.000000,1,0,0,0,1,317.0,1
146946,hostaway,2027-06-15T00:00:00.000000,1,0,0,0,1,336.0,1
146946,hostaway,2027-06-16T00:00:00.000000,1,0,0,0,1,337.0,1
146946,hostaway,2027-06-17T00:00:00.000000,1,0,0,0,1,495.0,1
146946,hostaway,2027-06-18T00:00:00.000000,1,0,0,0,1,648.0,1
146946,hostaway,2027-06-19T00:00:00.000000,1,0,0,0,1,651.0,1
146946,hostaway,2027-06-20T00:00:00.000000,1,0,0,0,1,502.0,1
146946,hostaway,2027-06-21T00:00:00.000000,1,0,0,0,1,329.0,1
146946,hostaway,2027-06-22T00:00:00.000000,1,0,0,0,1,347.0,1
146946,hostaway,2027-06-23T00:00:00.000000,1,0,0,0,1,333.0,1
146946,hostaway,2027-06-24T00:00:00.000000,1,0,0,0,1,509.0,1
146946,hostaway,2027-06-25T00:00:00.000000,1,0,0,0,1,659.0,1
146946,hostaway,2027-06-26T00:00:00.000000,1,0,0,0,1,659.0,1
146946,hostaway,2027-06-27T00:00:00.000000,1,0,0,0,1,509.0,1
146946,hostaway,2027-06-28T00:00:00.000000,1,0,0,0,1,333.0,1
146946,hostaway,2027-06-29T00:00:00.000000,1,0,0,0,1,333.0,1
146946,hostaway,2027-06-30T00:00:00.000000,1,0,0,0,1,333.0,1
146946,hostaway,2027-07-01T00:00:00.000000,1,0,0,0,1,509.0,1
146946,hostaway,2027-07-02T00:00:00.000000,1,0,0,0,1,1123.0,1
146946,hostaway,2027-07-03T00:00:00.000000,1,0,0,0,1,1123.0,1
146946,hostaway,2027-07-04T00:00:00.000000,1,0,0,0,1,560.0,1
146946,hostaway,2027-07-05T00:00:00.000000,1,0,0,0,1,393.0,1
146946,hostaway,2027-07-06T00:00:00.000000,1,0,0,0,1,393.0,1
146946,hostaway,2027-07-07T00:00:00.000000,1,0,0,0,1,393.0,1
146946,hostaway,2027-07-08T00:00:00.000000,1,0,0,0,1,689.0,1
146946,hostaway,2027-07-09T00:00:00.000000,1,0,0,0,1,1021.0,1
146946,hostaway,2027-07-10T00:00:00.000000,1,0,0,0,1,1021.0,1
146946,hostaway,2027-07-11T00:00:00.000000,1,0,0,0,1,689.0,1
146946,hostaway,2027-07-12T00:00:00.000000,1,0,0,0,1,393.0,1
146946,hostaway,2027-07-13T00:00:00.000000,1,0,0,0,1,393.0,1
146946,hostaway,2027-07-14T00:00:00.000000,1,0,0,0,1,393.0,1
146946,hostaway,2027-07-15T00:00:00.000000,1,0,0,0,1,689.0,1
146946,hostaway,2027-07-16T00:00:00.000000,1,0,0,0,1,1021.0,1
146946,hostaway,2027-07-17T00:00:00.000000,1,0,0,0,1,1021.0,1
146946,hostaway,2027-07-18T00:00:00.000000,1,0,0,0,1,689.0,1
146946,hostaway,2027-07-19T00:00:00.000000,1,0,0,0,1,393.0,1
146946,hostaway,2027-07-20T00:00:00.000000,1,0,0,0,1,393.0,1
146946,hostaway,2027-07-21T00:00:00.000000,1,0,0,0,1,393.0,1
146946,hostaway,2027-07-22T00:00:00.000000,1,0,0,0,1,689.0,1
146946,hostaway,2027-07-23T00:00:00.000000,1,0,0,0,1,1021.0,1
146946,hostaway,2027-07-24T00:00:00.000000,1,0,0,0,1,1021.0,1
146946,hostaway,2027-07-25T00:00:00.000000,1,0,0,0,1,689.0,1
146946,hostaway,2027-07-26T00:00:00.000000,1,0,0,0,1,393.0,1
146946,hostaway,2027-07-27T00:00:00.000000,1,0,0,0,1,393.0,1
146946,hostaway,2027-07-28T00:00:00.000000,1,0,0,0,1,393.0,1
146946,hostaway,2027-07-29T00:00:00.000000,1,0,0,0,1,689.0,1
146946,hostaway,2027-07-30T00:00:00.000000,1,0,0,0,1,1021.0,1
146946,hostaway,2027-07-31T00:00:00.000000,1,0,0,0,1,1021.0,1
146946,hostaway,2027-08-01T00:00:00.000000,1,0,0,0,1,689.0,1
146946,hostaway,2027-08-02T00:00:00.000000,1,0,0,0,1,393.0,1
146946,hostaway,2027-08-03T00:00:00.000000,1,0,0,0,1,393.0,1
146946,hostaway,2027-08-04T00:00:00.000000,1,0,0,0,1,393.0,1
146946,hostaway,2027-08-05T00:00:00.000000,1,0,0,0,1,689.0,1
146946,hostaway,2027-08-06T00:00:00.000000,1,0,0,0,1,1021.0,1
146946,hostaway,2027-08-07T00:00:00.000000,1,0,0,0,1,1021.0,1
146946,hostaway,2027-08-08T00:00:00.000000,1,0,0,0,1,689.0,1
146946,hostaway,2027-08-09T00:00:00.000000,1,0,0,0,1,393.0,1
146946,hostaway,2027-08-10T00:00:00.000000,1,0,0,0,1,393.0,1
146946,hostaway,2027-08-11T00:00:00.000000,1,0,0,0,1,393.0,1
146946,hostaway,2027-08-12T00:00:00.000000,1,0,0,0,1,689.0,1
146946,hostaway,2027-08-13T00:00:00.000000,1,0,0,0,1,1021.0,1
146946,hostaway,2027-08-14T00:00:00.000000,1,0,0,0,1,1021.0,1
146946,hostaway,2027-08-15T00:00:00.000000,1,0,0,0,1,689.0,1
146946,hostaway,2027-08-16T00:00:00.000000,1,0,0,0,1,393.0,1
146946,hostaway,2027-08-17T00:00:00.000000,1,0,0,0,1,393.0,1
146946,hostaway,2027-08-18T00:00:00.000000,1,0,0,0,1,393.0,1
146946,hostaway,2027-08-19T00:00:00.000000,1,0,0,0,1,689.0,1
146946,hostaway,2027-08-20T00:00:00.000000,1,0,0,0,1,1021.0,1
146946,hostaway,2027-08-21T00:00:00.000000,1,0,0,0,1,1021.0,1
146946,hostaway,2027-08-22T00:00:00.000000,1,0,0,0,1,689.0,1
146946,hostaway,2027-08-23T00:00:00.000000,1,0,0,0,1,393.0,1
146946,hostaway,2027-08-24T00:00:00.000000,1,0,0,0,1,393.0,1
146946,hostaway,2027-08-25T00:00:00.000000,1,0,0,0,1,393.0,1
146946,hostaway,2027-08-26T00:00:00.000000,1,0,0,0,1,689.0,1
146946,hostaway,2027-08-27T00:00:00.000000,1,0,0,0,1,1021.0,1
146946,hostaway,2027-08-28T00:00:00.000000,1,0,0,0,1,1021.0,1
146946,hostaway,2027-08-29T00:00:00.000000,1,0,0,0,1,689.0,1
146946,hostaway,2027-08-30T00:00:00.000000,1,0,0,0,1,393.0,1
146946,hostaway,2027-08-31T00:00:00.000000,1,0,0,0,1,393.0,1
146946,hostaway,2027-09-01T00:00:00.000000,1,0,0,0,1,393.0,1
146946,hostaway,2027-09-02T00:00:00.000000,1,0,0,0,1,509.0,1
146946,hostaway,2027-09-03T00:00:00.000000,1,0,0,0,1,791.0,1
146946,hostaway,2027-09-04T00:00:00.000000,1,0,0,0,1,791.0,1
146946,hostaway,2027-09-05T00:00:00.000000,1,0,0,0,1,534.0,1
146946,hostaway,2027-09-06T00:00:00.000000,1,0,0,0,1,400.0,1
146946,hostaway,2027-09-07T00:00:00.000000,1,0,0,0,1,333.0,1
146946,hostaway,2027-09-08T00:00:00.000000,1,0,0,0,1,333.0,1
146946,hostaway,2027-09-09T00:00:00.000000,1,0,0,0,1,509.0,1
146946,hostaway,2027-09-10T00:00:00.000000,1,0,0,0,1,659.0,1
146946,hostaway,2027-09-11T00:00:00.000000,1,0,0,0,1,659.0,1
146946,hostaway,2027-09-12T00:00:00.000000,1,0,0,0,1,509.0,1
146946,hostaway,2027-09-13T00:00:00.000000,1,0,0,0,1,333.0,1
146946,hostaway,2027-09-14T00:00:00.000000,1,0,0,0,1,333.0,1
146946,hostaway,2027-09-15T00:00:00.000000,1,0,0,0,1,333.0,1
146946,hostaway,2027-09-16T00:00:00.000000,1,0,0,0,1,509.0,1
146946,hostaway,2027-09-17T00:00:00.000000,1,0,0,0,1,659.0,1
146946,hostaway,2027-09-18T00:00:00.000000,1,0,0,0,1,659.0,1
146946,hostaway,2027-09-19T00:00:00.000000,1,0,0,0,1,509.0,1
146946,hostaway,2027-09-20T00:00:00.000000,1,0,0,0,1,333.0,1
146946,hostaway,2027-09-21T00:00:00.000000,1,0,0,0,1,333.0,1
146946,hostaway,2027-09-22T00:00:00.000000,1,0,0,0,1,333.0,1
146946,hostaway,2027-09-23T00:00:00.000000,1,0,0,0,1,509.0,1
146946,hostaway,2027-09-24T00:00:00.000000,1,0,0,0,1,659.0,1
146946,hostaway,2027-09-25T00:00:00.000000,1,0,0,0,1,659.0,1
146946,hostaway,2027-09-26T00:00:00.000000,1,0,0,0,1,509.0,1
146946,hostaway,2027-09-27T00:00:00.000000,1,0,0,0,1,333.0,1
146946,hostaway,2027-09-28T00:00:00.000000,1,0,0,0,1,333.0,1
146946,hostaway,2027-09-29T00:00:00.000000,1,0,0,0,1,333.0,1
146946,hostaway,2027-09-30T00:00:00.000000,1,0,0,0,1,509.0,1
146946,hostaway,2027-10-01T00:00:00.000000,1,0,0,0,1,659.0,1
146946,hostaway,2027-10-02T00:00:00.000000,1,0,0,0,1,659.0,1
146946,hostaway,2027-10-03T00:00:00.000000,1,0,0,0,1,509.0,1
146946,hostaway,2027-10-04T00:00:00.000000,1,0,0,0,1,333.0,1
146946,hostaway,2027-10-05T00:00:00.000000,1,0,0,0,1,333.0,1
146946,hostaway,2027-10-06T00:00:00.000000,1,0,0,0,1,333.0,1
146946,hostaway,2027-10-07T00:00:00.000000,1,0,0,0,1,509.0,1
146946,hostaway,2027-10-08T00:00:00.000000,1,0,0,0,1,659.0,1
146946,hostaway,2027-10-09T00:00:00.000000,1,0,0,0,1,659.0,1
146946,hostaway,2027-10-10T00:00:00.000000,1,0,0,0,1,509.0,1
146946,hostaway,2027-10-11T00:00:00.000000,1,0,0,0,1,333.0,1
146946,hostaway,2027-10-12T00:00:00.000000,1,0,0,0,1,333.0,1
146946,hostaway,2027-10-13T00:00:00.000000,1,0,0,0,1,333.0,1
146946,hostaway,2027-10-14T00:00:00.000000,1,0,0,0,1,509.0,1
146946,hostaway,2027-10-15T00:00:00.000000,1,0,0,0,1,659.0,1
146946,hostaway,2027-10-16T00:00:00.000000,1,0,0,0,1,659.0,1
146946,hostaway,2027-10-17T00:00:00.000000,1,0,0,0,1,509.0,1
146946,hostaway,2027-10-18T00:00:00.000000,1,0,0,0,1,333.0,1
146946,hostaway,2027-10-19T00:00:00.000000,1,0,0,0,1,333.0,1
146946,hostaway,2027-10-20T00:00:00.000000,1,0,0,0,1,333.0,1
146946,hostaway,2027-10-21T00:00:00.000000,1,0,0,0,1,509.0,1
146946,hostaway,2027-10-22T00:00:00.000000,1,0,0,0,1,659.0,1
146946,hostaway,2027-10-23T00:00:00.000000,1,0,0,0,1,659.0,1
146946,hostaway,2027-10-24T00:00:00.000000,1,0,0,0,1,509.0,1
146946,hostaway,2027-10-25T00:00:00.000000,1,0,0,0,1,333.0,1
146946,hostaway,2027-10-26T00:00:00.000000,1,0,0,0,1,333.0,1
146946,hostaway,2027-10-27T00:00:00.000000,1,0,0,0,1,333.0,1
146946,hostaway,2027-10-28T00:00:00.000000,1,0,0,0,1,509.0,1
146946,hostaway,2027-10-29T00:00:00.000000,1,0,0,0,1,659.0,1
146946,hostaway,2027-10-30T00:00:00.000000,1,0,0,0,1,659.0,1
146946,hostaway,2027-10-31T00:00:00.000000,1,0,0,0,1,509.0,1
146946,hostaway,2027-11-01T00:00:00.000000,1,0,0,0,1,240.0,1
146946,hostaway,2027-11-02T00:00:00.000000,1,0,0,0,1,240.0,1
146946,hostaway,2027-11-03T00:00:00.000000,1,0,0,0,1,240.0,1
146946,hostaway,2027-11-04T00:00:00.000000,1,0,0,0,1,309.0,1
146946,hostaway,2027-11-05T00:00:00.000000,1,0,0,0,1,374.0,1
146946,hostaway,2027-11-06T00:00:00.000000,1,0,0,0,1,374.0,1
146946,hostaway,2027-11-07T00:00:00.000000,1,0,0,0,1,309.0,1
146946,hostaway,2027-11-08T00:00:00.000000,1,0,0,0,1,240.0,1
146946,hostaway,2027-11-09T00:00:00.000000,1,0,0,0,1,240.0,1
146946,hostaway,2027-11-10T00:00:00.000000,1,0,0,0,1,240.0,1
146946,hostaway,2027-11-11T00:00:00.000000,1,0,0,0,1,309.0,1
146946,hostaway,2027-11-12T00:00:00.000000,1,0,0,0,1,374.0,1
146946,hostaway,2027-11-13T00:00:00.000000,1,0,0,0,1,374.0,1
146946,hostaway,2027-11-14T00:00:00.000000,1,0,0,0,1,309.0,1
146946,hostaway,2027-11-15T00:00:00.000000,1,0,0,0,1,240.0,1
146946,hostaway,2027-11-16T00:00:00.000000,1,0,0,0,1,240.0,1
146946,hostaway,2027-11-17T00:00:00.000000,1,0,0,0,1,240.0,1
146946,hostaway,2027-11-18T00:00:00.000000,1,0,0,0,1,309.0,1
146946,hostaway,2027-11-19T00:00:00.000000,1,0,0,0,1,374.0,1
146946,hostaway,2027-11-20T00:00:00.000000,1,0,0,0,1,374.0,1
146946,hostaway,2027-11-21T00:00:00.000000,1,0,0,0,1,309.0,1
146946,hostaway,2027-11-22T00:00:00.000000,1,0,0,0,1,240.0,1
146946,hostaway,2027-11-23T00:00:00.000000,1,0,0,0,1,240.0,1
146946,hostaway,2027-11-24T00:00:00.000000,1,0,0,0,1,240.0,1
146946,hostaway,2027-11-25T00:00:00.000000,1,0,0,0,1,525.0,1
146946,hostaway,2027-11-26T00:00:00.000000,1,0,0,0,1,636.0,1
146946,hostaway,2027-11-27T00:00:00.000000,1,0,0,0,1,636.0,1
146946,hostaway,2027-11-28T00:00:00.000000,1,0,0,0,1,433.0,1
146946,hostaway,2027-11-29T00:00:00.000000,1,0,0,0,1,219.0,1
146946,hostaway,2027-11-30T00:00:00.000000,1,0,0,0,1,219.0,1
146946,hostaway,2027-12-01T00:00:00.000000,1,0,0,0,1,219.0,1
146946,hostaway,2027-12-02T00:00:00.000000,1,0,0,0,1,259.0,1
146946,hostaway,2027-12-03T00:00:00.000000,1,0,0,0,1,287.0,1
146946,hostaway,2027-12-04T00:00:00.000000,1,0,0,0,1,287.0,1
146946,hostaway,2027-12-05T00:00:00.000000,1,0,0,0,1,259.0,1
146946,hostaway,2027-12-06T00:00:00.000000,1,0,0,0,1,219.0,1
146946,hostaway,2027-12-07T00:00:00.000000,1,0,0,0,1,219.0,1
146946,hostaway,2027-12-08T00:00:00.000000,1,0,0,0,1,219.0,1
146946,hostaway,2027-12-09T00:00:00.000000,1,0,0,0,1,259.0,1
146946,hostaway,2027-12-10T00:00:00.000000,1,0,0,0,1,287.0,1
146946,hostaway,2027-12-11T00:00:00.000000,1,0,0,0,1,287.0,1
146946,hostaway,2027-12-12T00:00:00.000000,1,0,0,0,1,259.0,1
146946,hostaway,2027-12-13T00:00:00.000000,1,0,0,0,1,219.0,1
146946,hostaway,2027-12-14T00:00:00.000000,1,0,0,0,1,219.0,1
146946,hostaway,2027-12-15T00:00:00.000000,1,0,0,0,1,219.0,1
146946,hostaway,2027-12-16T00:00:00.000000,1,0,0,0,1,259.0,1
146946,hostaway,2027-12-17T00:00:00.000000,1,0,0,0,1,431.0,1
146946,hostaway,2027-12-18T00:00:00.000000,1,0,0,0,1,431.0,1
146946,hostaway,2027-12-19T00:00:00.000000,1,0,0,0,1,389.0,1
146946,hostaway,2027-12-20T00:00:00.000000,1,0,0,0,1,329.0,1
146946,hostaway,2027-12-21T00:00:00.000000,1,0,0,0,1,329.0,1
146946,hostaway,2027-12-22T00:00:00.000000,1,0,0,0,1,329.0,1
146946,hostaway,2027-12-23T00:00:00.000000,1,0,0,0,1,389.0,1
146946,hostaway,2027-12-24T00:00:00.000000,1,0,0,0,1,1005.0,1
146946,hostaway,2027-12-25T00:00:00.000000,1,0,0,0,1,1005.0,1
146946,hostaway,2027-12-26T00:00:00.000000,1,0,0,0,1,1005.0,1
146946,hostaway,2027-12-27T00:00:00.000000,1,0,0,0,1,219.0,1
146946,hostaway,2027-12-28T00:00:00.000000,1,0,0,0,1,219.0,1
146946,hostaway,2027-12-29T00:00:00.000000,1,0,0,0,1,219.0,1
146946,hostaway,2027-12-30T00:00:00.000000,1,0,0,0,1,1105.0,1
146946,hostaway,2027-12-31T00:00:00.000000,1,0,0,0,1,1105.0,1
146946,hostaway,2028-01-01T00:00:00.000000,1,0,0,0,1,1105.0,1
146946,hostaway,2028-01-02T00:00:00.000000,1,0,0,0,1,552.0,1
146946,hostaway,2028-01-03T00:00:00.000000,1,0,0,0,1,288.0,1
146946,hostaway,2028-01-04T00:00:00.000000,1,0,0,0,1,288.0,1
146946,hostaway,2028-01-05T00:00:00.000000,1,0,0,0,1,288.0,1
146946,hostaway,2028-01-06T00:00:00.000000,1,0,0,0,1,371.0,1
146946,hostaway,2028-01-07T00:00:00.000000,1,0,0,0,1,449.0,1
146946,hostaway,2028-01-08T00:00:00.000000,1,0,0,0,1,449.0,1
146946,hostaway,2028-01-09T00:00:00.000000,1,0,0,0,1,371.0,1
278502,hostaway,2026-05-24T00:00:00.000000,1,0,0,0,1,0.0,1
278502,hostaway,2026-05-25T00:00:00.000000,1,0,0,0,1,0.0,1
278502,hostaway,2026-05-26T00:00:00.000000,1,1,0,0,1,0.0,0
278502,hostaway,2026-05-27T00:00:00.000000,1,0,0,0,1,0.0,1
278502,hostaway,2026-05-28T00:00:00.000000,1,0,0,0,1,0.0,1
278502,hostaway,2026-05-29T00:00:00.000000,1,1,0,0,1,0.0,0
278502,hostaway,2026-05-30T00:00:00.000000,1,1,0,0,1,0.0,0
278502,hostaway,2026-05-31T00:00:00.000000,1,1,0,0,1,0.0,0
278502,hostaway,2026-06-01T00:00:00.000000,1,1,0,0,1,0.0,0
278502,hostaway,2026-06-02T00:00:00.000000,1,1,0,0,1,0.0,0
278502,hostaway,2026-06-03T00:00:00.000000,1,1,0,0,1,0.0,0
278502,hostaway,2026-06-04T00:00:00.000000,1,1,0,0,1,0.0,0
278502,hostaway,2026-06-05T00:00:00.000000,1,1,0,0,1,0.0,0
278502,hostaway,2026-06-06T00:00:00.000000,1,1,0,0,1,0.0,0
278502,hostaway,2026-06-07T00:00:00.000000,1,0,0,0,1,0.0,1
278502,hostaway,2026-06-08T00:00:00.000000,1,0,0,0,1,0.0,1
278502,hostaway,2026-06-09T00:00:00.000000,1,0,0,0,1,0.0,1
278502,hostaway,2026-06-10T00:00:00.000000,1,1,0,0,1,0.0,0
278502,hostaway,2026-06-11T00:00:00.000000,1,1,0,0,1,0.0,0
278502,hostaway,2026-06-12T00:00:00.000000,1,1,0,0,1,0.0,0
278502,hostaway,2026-06-13T00:00:00.000000,1,1,0,0,1,0.0,0
278502,hostaway,2026-06-14T00:00:00.000000,1,0,0,0,1,0.0,1
278502,hostaway,2026-06-15T00:00:00.000000,1,1,0,0,1,0.0,0
278502,hostaway,2026-06-16T00:00:00.000000,1,1,0,0,1,0.0,0
278502,hostaway,2026-06-17T00:00:00.000000,1,0,0,0,1,0.0,1
278502,hostaway,2026-06-18T00:00:00.000000,1,0,0,0,1,0.0,1
278502,hostaway,2026-06-19T00:00:00.000000,1,1,0,0,1,0.0,0
278502,hostaway,2026-06-20T00:00:00.000000,1,1,0,0,1,0.0,0
278502,hostaway,2026-06-21T00:00:00.000000,1,1,0,0,1,0.0,0
278502,hostaway,2026-06-22T00:00:00.000000,1,1,0,0,1,0.0,0
278502,hostaway,2026-06-23T00:00:00.000000,1,0,0,0,1,210.0,1
278502,hostaway,2026-06-24T00:00:00.000000,1,1,0,0,1,432.0,0
278502,hostaway,2026-06-25T00:00:00.000000,1,1,0,0,1,577.0,0
278502,hostaway,2026-06-26T00:00:00.000000,1,1,0,0,1,286.0,0
278502,hostaway,2026-06-27T00:00:00.000000,1,1,0,0,1,328.0,0
278502,hostaway,2026-06-28T00:00:00.000000,1,0,0,0,1,249.0,1
278502,hostaway,2026-06-29T00:00:00.000000,1,0,0,0,1,210.0,1
278502,hostaway,2026-06-30T00:00:00.000000,1,1,0,0,1,294.0,0
278502,hostaway,2026-07-01T00:00:00.000000,1,0,0,0,1,210.0,1
278502,hostaway,2026-07-02T00:00:00.000000,1,1,0,0,1,402.0,0
278502,hostaway,2026-07-03T00:00:00.000000,1,1,0,0,1,1181.0,0
278502,hostaway,2026-07-04T00:00:00.000000,1,1,0,0,1,1181.0,0
278502,hostaway,2026-07-05T00:00:00.000000,1,0,0,0,1,346.0,1
278502,hostaway,2026-07-06T00:00:00.000000,1,1,0,0,1,339.0,0
278502,hostaway,2026-07-07T00:00:00.000000,1,1,0,0,1,292.0,0
278502,hostaway,2026-07-08T00:00:00.000000,1,1,0,0,1,324.0,0
278502,hostaway,2026-07-09T00:00:00.000000,1,1,0,0,1,397.0,0
278502,hostaway,2026-07-10T00:00:00.000000,1,0,0,0,1,722.0,1
278502,hostaway,2026-07-11T00:00:00.000000,1,0,0,0,1,849.0,1
278502,hostaway,2026-07-12T00:00:00.000000,1,0,0,0,1,397.0,1
278502,hostaway,2026-07-13T00:00:00.000000,1,0,0,0,1,273.0,1
278502,hostaway,2026-07-14T00:00:00.000000,1,0,0,0,1,273.0,1
278502,hostaway,2026-07-15T00:00:00.000000,1,0,0,0,1,273.0,1
278502,hostaway,2026-07-16T00:00:00.000000,1,0,0,0,1,286.0,1
278502,hostaway,2026-07-17T00:00:00.000000,1,1,0,0,1,1063.0,0
278502,hostaway,2026-07-18T00:00:00.000000,1,1,0,0,1,1063.0,0
278502,hostaway,2026-07-19T00:00:00.000000,1,1,0,0,1,397.0,0
278502,hostaway,2026-07-20T00:00:00.000000,1,1,0,0,1,338.0,0
278502,hostaway,2026-07-21T00:00:00.000000,1,0,0,0,1,286.0,1
278502,hostaway,2026-07-22T00:00:00.000000,1,0,0,0,1,261.0,1
278502,hostaway,2026-07-23T00:00:00.000000,1,0,0,0,1,397.0,1
278502,hostaway,2026-07-24T00:00:00.000000,1,0,0,0,1,849.0,1
278502,hostaway,2026-07-25T00:00:00.000000,1,0,0,0,1,849.0,1
278502,hostaway,2026-07-26T00:00:00.000000,1,0,0,0,1,397.0,1
278502,hostaway,2026-07-27T00:00:00.000000,1,0,0,0,1,301.0,1
278502,hostaway,2026-07-28T00:00:00.000000,1,0,0,0,1,261.0,1
278502,hostaway,2026-07-29T00:00:00.000000,1,0,0,0,1,261.0,1
278502,hostaway,2026-07-30T00:00:00.000000,1,0,0,0,1,286.0,1
278502,hostaway,2026-07-31T00:00:00.000000,1,1,0,0,1,1004.0,0
278502,hostaway,2026-08-01T00:00:00.000000,1,1,0,0,1,1004.0,0
278502,hostaway,2026-08-02T00:00:00.000000,1,0,0,0,1,420.0,1
278502,hostaway,2026-08-03T00:00:00.000000,1,1,0,0,1,351.0,0
278502,hostaway,2026-08-04T00:00:00.000000,1,1,0,0,1,301.0,0
278502,hostaway,2026-08-05T00:00:00.000000,1,0,0,0,1,301.0,1
278502,hostaway,2026-08-06T00:00:00.000000,1,0,0,0,1,474.0,1
278502,hostaway,2026-08-07T00:00:00.000000,1,0,0,0,1,708.0,1
278502,hostaway,2026-08-08T00:00:00.000000,1,0,0,0,1,779.0,1
278502,hostaway,2026-08-09T00:00:00.000000,1,0,0,0,1,474.0,1
278502,hostaway,2026-08-10T00:00:00.000000,1,1,0,0,1,358.0,0
278502,hostaway,2026-08-11T00:00:00.000000,1,1,0,0,1,358.0,0
278502,hostaway,2026-08-12T00:00:00.000000,1,0,0,0,1,331.0,1
278502,hostaway,2026-08-13T00:00:00.000000,1,0,0,0,1,474.0,1
278502,hostaway,2026-08-14T00:00:00.000000,1,0,0,0,1,708.0,1
278502,hostaway,2026-08-15T00:00:00.000000,1,0,0,0,1,708.0,1
278502,hostaway,2026-08-16T00:00:00.000000,1,0,0,0,1,506.0,1
278502,hostaway,2026-08-17T00:00:00.000000,1,0,0,0,1,320.0,1
278502,hostaway,2026-08-18T00:00:00.000000,1,0,0,0,1,301.0,1
278502,hostaway,2026-08-19T00:00:00.000000,1,0,0,0,1,301.0,1
278502,hostaway,2026-08-20T00:00:00.000000,1,0,0,0,1,474.0,1
278502,hostaway,2026-08-21T00:00:00.000000,1,0,0,0,1,781.0,1
278502,hostaway,2026-08-22T00:00:00.000000,1,1,0,0,1,781.0,0
278502,hostaway,2026-08-23T00:00:00.000000,1,1,0,0,1,474.0,0
278502,hostaway,2026-08-24T00:00:00.000000,1,0,0,0,1,351.0,1
278502,hostaway,2026-08-25T00:00:00.000000,1,0,0,0,1,301.0,1
278502,hostaway,2026-08-26T00:00:00.000000,1,0,0,0,1,301.0,1
278502,hostaway,2026-08-27T00:00:00.000000,1,0,0,0,1,474.0,1
278502,hostaway,2026-08-28T00:00:00.000000,1,0,0,0,1,708.0,1
278502,hostaway,2026-08-29T00:00:00.000000,1,0,0,0,1,708.0,1
278502,hostaway,2026-08-30T00:00:00.000000,1,0,0,0,1,474.0,1
278502,hostaway,2026-08-31T00:00:00.000000,1,0,0,0,1,351.0,1
278502,hostaway,2026-09-01T00:00:00.000000,1,1,0,0,1,313.0,0
278502,hostaway,2026-09-02T00:00:00.000000,1,1,0,0,1,313.0,0
278502,hostaway,2026-09-03T00:00:00.000000,1,0,0,0,1,432.0,1
278502,hostaway,2026-09-04T00:00:00.000000,1,0,0,0,1,1046.0,1
278502,hostaway,2026-09-05T00:00:00.000000,1,0,0,0,1,1046.0,1
278502,hostaway,2026-09-06T00:00:00.000000,1,0,0,0,1,772.0,1
278502,hostaway,2026-09-07T00:00:00.000000,1,0,0,0,1,466.0,1
278502,hostaway,2026-09-08T00:00:00.000000,1,1,0,0,1,313.0,0
278502,hostaway,2026-09-09T00:00:00.000000,1,1,0,0,1,313.0,0
278502,hostaway,2026-09-10T00:00:00.000000,1,0,0,0,1,432.0,1
278502,hostaway,2026-09-11T00:00:00.000000,1,0,0,0,1,896.0,1
278502,hostaway,2026-09-12T00:00:00.000000,1,0,0,0,1,896.0,1
278502,hostaway,2026-09-13T00:00:00.000000,1,0,0,0,1,564.0,1
278502,hostaway,2026-09-14T00:00:00.000000,1,0,0,0,1,341.0,1
278502,hostaway,2026-09-15T00:00:00.000000,1,0,0,0,1,313.0,1
278502,hostaway,2026-09-16T00:00:00.000000,1,0,0,0,1,313.0,1
278502,hostaway,2026-09-17T00:00:00.000000,1,0,0,0,1,432.0,1
278502,hostaway,2026-09-18T00:00:00.000000,1,0,0,0,1,664.0,1
278502,hostaway,2026-09-19T00:00:00.000000,1,0,0,0,1,664.0,1
278502,hostaway,2026-09-20T00:00:00.000000,1,0,0,0,1,432.0,1
278502,hostaway,2026-09-21T00:00:00.000000,1,0,0,0,1,345.0,1
278502,hostaway,2026-09-22T00:00:00.000000,1,1,0,0,1,313.0,0
278502,hostaway,2026-09-23T00:00:00.000000,1,1,0,0,1,313.0,0
278502,hostaway,2026-09-24T00:00:00.000000,1,0,0,0,1,432.0,1
278502,hostaway,2026-09-25T00:00:00.000000,1,0,0,0,1,664.0,1
278502,hostaway,2026-09-26T00:00:00.000000,1,0,0,0,1,664.0,1
278502,hostaway,2026-09-27T00:00:00.000000,1,0,0,0,1,432.0,1
278502,hostaway,2026-09-28T00:00:00.000000,1,0,0,0,1,313.0,1
278502,hostaway,2026-09-29T00:00:00.000000,1,0,0,0,1,313.0,1
278502,hostaway,2026-09-30T00:00:00.000000,1,0,0,0,1,313.0,1
278502,hostaway,2026-10-01T00:00:00.000000,1,0,0,0,1,381.0,1
278502,hostaway,2026-10-02T00:00:00.000000,1,0,0,0,1,590.0,1
278502,hostaway,2026-10-03T00:00:00.000000,1,0,0,0,1,590.0,1
278502,hostaway,2026-10-04T00:00:00.000000,1,0,0,0,1,381.0,1
278502,hostaway,2026-10-05T00:00:00.000000,1,0,0,0,1,276.0,1
278502,hostaway,2026-10-06T00:00:00.000000,1,0,0,0,1,276.0,1
278502,hostaway,2026-10-07T00:00:00.000000,1,0,0,0,1,276.0,1
278502,hostaway,2026-10-08T00:00:00.000000,1,0,0,0,1,381.0,1
278502,hostaway,2026-10-09T00:00:00.000000,1,0,0,0,1,590.0,1
278502,hostaway,2026-10-10T00:00:00.000000,1,0,0,0,1,590.0,1
278502,hostaway,2026-10-11T00:00:00.000000,1,0,0,0,1,381.0,1
278502,hostaway,2026-10-12T00:00:00.000000,1,0,0,0,1,276.0,1
278502,hostaway,2026-10-13T00:00:00.000000,1,0,0,0,1,276.0,1
278502,hostaway,2026-10-14T00:00:00.000000,1,0,0,0,1,276.0,1
278502,hostaway,2026-10-15T00:00:00.000000,1,0,0,0,1,381.0,1
278502,hostaway,2026-10-16T00:00:00.000000,1,0,0,0,1,646.0,1
278502,hostaway,2026-10-17T00:00:00.000000,1,0,0,0,1,646.0,1
278502,hostaway,2026-10-18T00:00:00.000000,1,0,0,0,1,381.0,1
278502,hostaway,2026-10-19T00:00:00.000000,1,0,0,0,1,276.0,1
278502,hostaway,2026-10-20T00:00:00.000000,1,0,0,0,1,276.0,1
278502,hostaway,2026-10-21T00:00:00.000000,1,0,0,0,1,276.0,1
278502,hostaway,2026-10-22T00:00:00.000000,1,0,0,0,1,381.0,1
278502,hostaway,2026-10-23T00:00:00.000000,1,0,0,0,1,590.0,1
278502,hostaway,2026-10-24T00:00:00.000000,1,0,0,0,1,590.0,1
278502,hostaway,2026-10-25T00:00:00.000000,1,0,0,0,1,381.0,1
278502,hostaway,2026-10-26T00:00:00.000000,1,0,0,0,1,276.0,1
278502,hostaway,2026-10-27T00:00:00.000000,1,0,0,0,1,276.0,1
278502,hostaway,2026-10-28T00:00:00.000000,1,0,0,0,1,276.0,1
278502,hostaway,2026-10-29T00:00:00.000000,1,0,0,0,1,381.0,1
278502,hostaway,2026-10-30T00:00:00.000000,1,0,0,0,1,590.0,1
278502,hostaway,2026-10-31T00:00:00.000000,1,0,0,0,1,590.0,1
278502,hostaway,2026-11-01T00:00:00.000000,1,0,0,0,1,332.0,1
278502,hostaway,2026-11-02T00:00:00.000000,1,0,0,0,1,276.0,1
278502,hostaway,2026-11-03T00:00:00.000000,1,0,0,0,1,276.0,1
278502,hostaway,2026-11-04T00:00:00.000000,1,0,0,0,1,276.0,1
278502,hostaway,2026-11-05T00:00:00.000000,1,1,0,0,1,332.0,0
278502,hostaway,2026-11-06T00:00:00.000000,1,1,0,0,1,528.0,0
278502,hostaway,2026-11-07T00:00:00.000000,1,1,0,0,1,528.0,0
278502,hostaway,2026-11-08T00:00:00.000000,1,0,0,0,1,366.0,1
278502,hostaway,2026-11-09T00:00:00.000000,1,0,0,0,1,276.0,1
278502,hostaway,2026-11-10T00:00:00.000000,1,0,0,0,1,276.0,1
278502,hostaway,2026-11-11T00:00:00.000000,1,0,0,0,1,276.0,1
278502,hostaway,2026-11-12T00:00:00.000000,1,1,0,0,1,332.0,0
278502,hostaway,2026-11-13T00:00:00.000000,1,1,0,0,1,528.0,0
278502,hostaway,2026-11-14T00:00:00.000000,1,1,0,0,1,528.0,0
278502,hostaway,2026-11-15T00:00:00.000000,1,0,0,0,1,366.0,1
278502,hostaway,2026-11-16T00:00:00.000000,1,0,0,0,1,276.0,1
278502,hostaway,2026-11-17T00:00:00.000000,1,0,0,0,1,276.0,1
278502,hostaway,2026-11-18T00:00:00.000000,1,0,0,0,1,276.0,1
278502,hostaway,2026-11-19T00:00:00.000000,1,0,0,0,1,366.0,1
278502,hostaway,2026-11-20T00:00:00.000000,1,0,0,0,1,582.0,1
278502,hostaway,2026-11-21T00:00:00.000000,1,0,0,0,1,582.0,1
278502,hostaway,2026-11-22T00:00:00.000000,1,0,0,0,1,366.0,1
278502,hostaway,2026-11-23T00:00:00.000000,1,0,0,0,1,276.0,1
278502,hostaway,2026-11-24T00:00:00.000000,1,0,0,0,1,276.0,1
278502,hostaway,2026-11-25T00:00:00.000000,1,0,0,0,1,276.0,1
278502,hostaway,2026-11-26T00:00:00.000000,1,0,0,0,1,564.0,1
278502,hostaway,2026-11-27T00:00:00.000000,1,0,0,0,1,582.0,1
278502,hostaway,2026-11-28T00:00:00.000000,1,0,0,0,1,582.0,1
278502,hostaway,2026-11-29T00:00:00.000000,1,0,0,0,1,366.0,1
278502,hostaway,2026-11-30T00:00:00.000000,1,0,0,0,1,276.0,1
278502,hostaway,2026-12-01T00:00:00.000000,1,0,0,0,1,237.0,1
278502,hostaway,2026-12-02T00:00:00.000000,1,0,0,0,1,237.0,1
278502,hostaway,2026-12-03T00:00:00.000000,1,0,0,0,1,295.0,1
278502,hostaway,2026-12-04T00:00:00.000000,1,0,0,0,1,451.0,1
278502,hostaway,2026-12-05T00:00:00.000000,1,0,0,0,1,451.0,1
278502,hostaway,2026-12-06T00:00:00.000000,1,0,0,0,1,295.0,1
278502,hostaway,2026-12-07T00:00:00.000000,1,0,0,0,1,214.0,1
278502,hostaway,2026-12-08T00:00:00.000000,1,0,0,0,1,214.0,1
278502,hostaway,2026-12-09T00:00:00.000000,1,0,0,0,1,214.0,1
278502,hostaway,2026-12-10T00:00:00.000000,1,0,0,0,1,295.0,1
278502,hostaway,2026-12-11T00:00:00.000000,1,0,0,0,1,451.0,1
278502,hostaway,2026-12-12T00:00:00.000000,1,0,0,0,1,451.0,1
278502,hostaway,2026-12-13T00:00:00.000000,1,0,0,0,1,295.0,1
278502,hostaway,2026-12-14T00:00:00.000000,1,0,0,0,1,214.0,1
278502,hostaway,2026-12-15T00:00:00.000000,1,0,0,0,1,214.0,1
278502,hostaway,2026-12-16T00:00:00.000000,1,0,0,0,1,214.0,1
278502,hostaway,2026-12-17T00:00:00.000000,1,0,0,0,1,364.0,1
278502,hostaway,2026-12-18T00:00:00.000000,1,0,0,0,1,571.0,1
278502,hostaway,2026-12-19T00:00:00.000000,1,0,0,0,1,571.0,1
278502,hostaway,2026-12-20T00:00:00.000000,1,0,0,0,1,364.0,1
278502,hostaway,2026-12-21T00:00:00.000000,1,0,0,0,1,257.0,1
278502,hostaway,2026-12-22T00:00:00.000000,1,0,0,0,1,257.0,1
278502,hostaway,2026-12-23T00:00:00.000000,1,0,0,0,1,257.0,1
278502,hostaway,2026-12-24T00:00:00.000000,1,0,0,0,1,556.0,1
278502,hostaway,2026-12-25T00:00:00.000000,1,0,0,0,1,906.0,1
278502,hostaway,2026-12-26T00:00:00.000000,1,0,0,0,1,906.0,1
278502,hostaway,2026-12-27T00:00:00.000000,1,0,0,0,1,430.0,1
278502,hostaway,2026-12-28T00:00:00.000000,1,0,0,0,1,347.0,1
278502,hostaway,2026-12-29T00:00:00.000000,1,0,0,0,1,347.0,1
278502,hostaway,2026-12-30T00:00:00.000000,1,0,0,0,1,1071.0,1
278502,hostaway,2026-12-31T00:00:00.000000,1,0,0,0,1,1098.0,1
278502,hostaway,2027-01-01T00:00:00.000000,1,0,0,0,1,474.0,1
278502,hostaway,2027-01-02T00:00:00.000000,1,0,0,0,1,474.0,1
278502,hostaway,2027-01-03T00:00:00.000000,1,0,0,0,1,276.0,1
278502,hostaway,2027-01-04T00:00:00.000000,1,0,0,0,1,215.0,1
278502,hostaway,2027-01-05T00:00:00.000000,1,0,0,0,1,215.0,1
278502,hostaway,2027-01-06T00:00:00.000000,1,0,0,0,1,248.0,1
278502,hostaway,2027-01-07T00:00:00.000000,1,0,0,0,1,315.0,1
278502,hostaway,2027-01-08T00:00:00.000000,1,0,0,0,1,368.0,1
278502,hostaway,2027-01-09T00:00:00.000000,1,0,0,0,1,368.0,1
278502,hostaway,2027-01-10T00:00:00.000000,1,0,0,0,1,315.0,1
278502,hostaway,2027-01-11T00:00:00.000000,1,0,0,0,1,215.0,1
278502,hostaway,2027-01-12T00:00:00.000000,1,0,0,0,1,215.0,1
278502,hostaway,2027-01-13T00:00:00.000000,1,0,0,0,1,215.0,1
278502,hostaway,2027-01-14T00:00:00.000000,1,0,0,0,1,274.0,1
278502,hostaway,2027-01-15T00:00:00.000000,1,0,0,0,1,418.0,1
278502,hostaway,2027-01-16T00:00:00.000000,1,0,0,0,1,418.0,1
278502,hostaway,2027-01-17T00:00:00.000000,1,0,0,0,1,359.0,1
278502,hostaway,2027-01-18T00:00:00.000000,1,0,0,0,1,278.0,1
278502,hostaway,2027-01-19T00:00:00.000000,1,0,0,0,1,215.0,1
278502,hostaway,2027-01-20T00:00:00.000000,1,0,0,0,1,215.0,1
278502,hostaway,2027-01-21T00:00:00.000000,1,0,0,0,1,274.0,1
278502,hostaway,2027-01-22T00:00:00.000000,1,0,0,0,1,317.0,1
278502,hostaway,2027-01-23T00:00:00.000000,1,0,0,0,1,317.0,1
278502,hostaway,2027-01-24T00:00:00.000000,1,0,0,0,1,274.0,1
278502,hostaway,2027-01-25T00:00:00.000000,1,0,0,0,1,215.0,1
278502,hostaway,2027-01-26T00:00:00.000000,1,0,0,0,1,215.0,1
278502,hostaway,2027-01-27T00:00:00.000000,1,0,0,0,1,215.0,1
278502,hostaway,2027-01-28T00:00:00.000000,1,0,0,0,1,274.0,1
278502,hostaway,2027-01-29T00:00:00.000000,1,0,0,0,1,317.0,1
278502,hostaway,2027-01-30T00:00:00.000000,1,0,0,0,1,317.0,1
278502,hostaway,2027-01-31T00:00:00.000000,1,0,0,0,1,274.0,1
278502,hostaway,2027-02-01T00:00:00.000000,1,0,0,0,1,215.0,1
278502,hostaway,2027-02-02T00:00:00.000000,1,0,0,0,1,215.0,1
278502,hostaway,2027-02-03T00:00:00.000000,1,0,0,0,1,215.0,1
278502,hostaway,2027-02-04T00:00:00.000000,1,0,0,0,1,274.0,1
278502,hostaway,2027-02-05T00:00:00.000000,1,0,0,0,1,317.0,1
278502,hostaway,2027-02-06T00:00:00.000000,1,0,0,0,1,317.0,1
278502,hostaway,2027-02-07T00:00:00.000000,1,0,0,0,1,274.0,1
278502,hostaway,2027-02-08T00:00:00.000000,1,0,0,0,1,215.0,1
278502,hostaway,2027-02-09T00:00:00.000000,1,0,0,0,1,215.0,1
278502,hostaway,2027-02-10T00:00:00.000000,1,0,0,0,1,215.0,1
278502,hostaway,2027-02-11T00:00:00.000000,1,0,0,0,1,274.0,1
278502,hostaway,2027-02-12T00:00:00.000000,1,0,0,0,1,455.0,1
278502,hostaway,2027-02-13T00:00:00.000000,1,0,0,0,1,455.0,1
278502,hostaway,2027-02-14T00:00:00.000000,1,0,0,0,1,389.0,1
278502,hostaway,2027-02-15T00:00:00.000000,1,0,0,0,1,307.0,1
278502,hostaway,2027-02-16T00:00:00.000000,1,0,0,0,1,215.0,1
278502,hostaway,2027-02-17T00:00:00.000000,1,0,0,0,1,215.0,1
278502,hostaway,2027-02-18T00:00:00.000000,1,0,0,0,1,274.0,1
278502,hostaway,2027-02-19T00:00:00.000000,1,0,0,0,1,317.0,1
278502,hostaway,2027-02-20T00:00:00.000000,1,0,0,0,1,317.0,1
278502,hostaway,2027-02-21T00:00:00.000000,1,0,0,0,1,274.0,1
278502,hostaway,2027-02-22T00:00:00.000000,1,0,0,0,1,215.0,1
278502,hostaway,2027-02-23T00:00:00.000000,1,0,0,0,1,215.0,1
278502,hostaway,2027-02-24T00:00:00.000000,1,0,0,0,1,215.0,1
278502,hostaway,2027-02-25T00:00:00.000000,1,0,0,0,1,255.0,1
278502,hostaway,2027-02-26T00:00:00.000000,1,0,0,0,1,317.0,1
278502,hostaway,2027-02-27T00:00:00.000000,1,0,0,0,1,317.0,1
278502,hostaway,2027-02-28T00:00:00.000000,1,0,0,0,1,255.0,1
278502,hostaway,2027-03-01T00:00:00.000000,1,0,0,0,1,237.0,1
278502,hostaway,2027-03-02T00:00:00.000000,1,0,0,0,1,237.0,1
278502,hostaway,2027-03-03T00:00:00.000000,1,0,0,0,1,237.0,1
278502,hostaway,2027-03-04T00:00:00.000000,1,0,0,0,1,279.0,1
278502,hostaway,2027-03-05T00:00:00.000000,1,0,0,0,1,334.0,1
278502,hostaway,2027-03-06T00:00:00.000000,1,0,0,0,1,334.0,1
278502,hostaway,2027-03-07T00:00:00.000000,1,0,0,0,1,279.0,1
278502,hostaway,2027-03-08T00:00:00.000000,1,0,0,0,1,237.0,1
278502,hostaway,2027-03-09T00:00:00.000000,1,0,0,0,1,237.0,1
278502,hostaway,2027-03-10T00:00:00.000000,1,0,0,0,1,237.0,1
278502,hostaway,2027-03-11T00:00:00.000000,1,0,0,0,1,279.0,1
278502,hostaway,2027-03-12T00:00:00.000000,1,0,0,0,1,334.0,1
278502,hostaway,2027-03-13T00:00:00.000000,1,0,0,0,1,334.0,1
278502,hostaway,2027-03-14T00:00:00.000000,1,0,0,0,1,279.0,1
278502,hostaway,2027-03-15T00:00:00.000000,1,0,0,0,1,237.0,1
278502,hostaway,2027-03-16T00:00:00.000000,1,0,0,0,1,237.0,1
278502,hostaway,2027-03-17T00:00:00.000000,1,0,0,0,1,237.0,1
278502,hostaway,2027-03-18T00:00:00.000000,1,0,0,0,1,279.0,1
278502,hostaway,2027-03-19T00:00:00.000000,1,0,0,0,1,334.0,1
278502,hostaway,2027-03-20T00:00:00.000000,1,0,0,0,1,334.0,1
278502,hostaway,2027-03-21T00:00:00.000000,1,0,0,0,1,279.0,1
278502,hostaway,2027-03-22T00:00:00.000000,1,0,0,0,1,237.0,1
278502,hostaway,2027-03-23T00:00:00.000000,1,0,0,0,1,237.0,1
278502,hostaway,2027-03-24T00:00:00.000000,1,0,0,0,1,237.0,1
278502,hostaway,2027-03-25T00:00:00.000000,1,0,0,0,1,279.0,1
278502,hostaway,2027-03-26T00:00:00.000000,1,0,0,0,1,485.0,1
278502,hostaway,2027-03-27T00:00:00.000000,1,0,0,0,1,485.0,1
278502,hostaway,2027-03-28T00:00:00.000000,1,0,0,0,1,412.0,1
278502,hostaway,2027-03-29T00:00:00.000000,1,0,0,0,1,343.0,1
278502,hostaway,2027-03-30T00:00:00.000000,1,0,0,0,1,343.0,1
278502,hostaway,2027-03-31T00:00:00.000000,1,0,0,0,1,343.0,1
278502,hostaway,2027-04-01T00:00:00.000000,1,0,0,0,1,568.0,1
278502,hostaway,2027-04-02T00:00:00.000000,1,0,0,0,1,699.0,1
278502,hostaway,2027-04-03T00:00:00.000000,1,0,0,0,1,699.0,1
278502,hostaway,2027-04-04T00:00:00.000000,1,0,0,0,1,568.0,1
278502,hostaway,2027-04-05T00:00:00.000000,1,0,0,0,1,470.0,1
278502,hostaway,2027-04-06T00:00:00.000000,1,0,0,0,1,470.0,1
278502,hostaway,2027-04-07T00:00:00.000000,1,0,0,0,1,470.0,1
278502,hostaway,2027-04-08T00:00:00.000000,1,0,0,0,1,447.0,1
278502,hostaway,2027-04-09T00:00:00.000000,1,0,0,0,1,551.0,1
278502,hostaway,2027-04-10T00:00:00.000000,1,0,0,0,1,551.0,1
278502,hostaway,2027-04-11T00:00:00.000000,1,0,0,0,1,447.0,1
278502,hostaway,2027-04-12T00:00:00.000000,1,0,0,0,1,256.0,1
278502,hostaway,2027-04-13T00:00:00.000000,1,0,0,0,1,256.0,1
278502,hostaway,2027-04-14T00:00:00.000000,1,0,0,0,1,256.0,1
278502,hostaway,2027-04-15T00:00:00.000000,1,0,0,0,1,311.0,1
278502,hostaway,2027-04-16T00:00:00.000000,1,0,0,0,1,379.0,1
278502,hostaway,2027-04-17T00:00:00.000000,1,0,0,0,1,379.0,1
278502,hostaway,2027-04-18T00:00:00.000000,1,0,0,0,1,311.0,1
278502,hostaway,2027-04-19T00:00:00.000000,1,0,0,0,1,256.0,1
278502,hostaway,2027-04-20T00:00:00.000000,1,0,0,0,1,256.0,1
278502,hostaway,2027-04-21T00:00:00.000000,1,0,0,0,1,256.0,1
278502,hostaway,2027-04-22T00:00:00.000000,1,0,0,0,1,311.0,1
278502,hostaway,2027-04-23T00:00:00.000000,1,0,0,0,1,379.0,1
278502,hostaway,2027-04-24T00:00:00.000000,1,0,0,0,1,379.0,1
278502,hostaway,2027-04-25T00:00:00.000000,1,0,0,0,1,311.0,1
278502,hostaway,2027-04-26T00:00:00.000000,1,0,0,0,1,256.0,1
278502,hostaway,2027-04-27T00:00:00.000000,1,0,0,0,1,256.0,1
278502,hostaway,2027-04-28T00:00:00.000000,1,0,0,0,1,256.0,1
278502,hostaway,2027-04-29T00:00:00.000000,1,0,0,0,1,311.0,1
278502,hostaway,2027-04-30T00:00:00.000000,1,0,0,0,1,379.0,1
278502,hostaway,2027-05-01T00:00:00.000000,1,0,0,0,1,379.0,1
278502,hostaway,2027-05-02T00:00:00.000000,1,0,0,0,1,311.0,1
278502,hostaway,2027-05-03T00:00:00.000000,1,0,0,0,1,256.0,1
278502,hostaway,2027-05-04T00:00:00.000000,1,0,0,0,1,256.0,1
278502,hostaway,2027-05-05T00:00:00.000000,1,0,0,0,1,256.0,1
278502,hostaway,2027-05-06T00:00:00.000000,1,0,0,0,1,526.0,1
278502,hostaway,2027-05-07T00:00:00.000000,1,0,0,0,1,627.0,1
278502,hostaway,2027-05-08T00:00:00.000000,1,0,0,0,1,627.0,1
278502,hostaway,2027-05-09T00:00:00.000000,1,0,0,0,1,530.0,1
278502,hostaway,2027-05-10T00:00:00.000000,1,0,0,0,1,296.0,1
278502,hostaway,2027-05-11T00:00:00.000000,1,0,0,0,1,278.0,1
278502,hostaway,2027-05-12T00:00:00.000000,1,0,0,0,1,278.0,1
278502,hostaway,2027-05-13T00:00:00.000000,1,0,0,0,1,485.0,1
278502,hostaway,2027-05-14T00:00:00.000000,1,0,0,0,1,575.0,1
278502,hostaway,2027-05-15T00:00:00.000000,1,0,0,0,1,575.0,1
278502,hostaway,2027-05-16T00:00:00.000000,1,0,0,0,1,516.0,1
278502,hostaway,2027-05-17T00:00:00.000000,1,0,0,0,1,311.0,1
278502,hostaway,2027-05-18T00:00:00.000000,1,0,0,0,1,313.0,1
278502,hostaway,2027-05-19T00:00:00.000000,1,0,0,0,1,315.0,1
278502,hostaway,2027-05-20T00:00:00.000000,1,0,0,0,1,528.0,1
278502,hostaway,2027-05-21T00:00:00.000000,1,0,0,0,1,630.0,1
278502,hostaway,2027-05-22T00:00:00.000000,1,0,0,0,1,630.0,1
278502,hostaway,2027-05-23T00:00:00.000000,1,0,0,0,1,532.0,1
278502,hostaway,2027-05-24T00:00:00.000000,1,0,0,0,1,318.0,1
278502,hostaway,2027-05-25T00:00:00.000000,1,0,0,0,1,318.0,1
278502,hostaway,2027-05-26T00:00:00.000000,1,0,0,0,1,319.0,1
278502,hostaway,2027-05-27T00:00:00.000000,1,0,0,0,1,603.0,1
278502,hostaway,2027-05-28T00:00:00.000000,1,0,0,0,1,937.0,1
278502,hostaway,2027-05-29T00:00:00.000000,1,0,0,0,1,945.0,1
278502,hostaway,2027-05-30T00:00:00.000000,1,0,0,0,1,675.0,1
278502,hostaway,2027-05-31T00:00:00.000000,1,0,0,0,1,447.0,1
278502,hostaway,2027-06-01T00:00:00.000000,1,0,0,0,1,370.0,1
278502,hostaway,2027-06-02T00:00:00.000000,1,0,0,0,1,355.0,1
278502,hostaway,2027-06-03T00:00:00.000000,1,0,0,0,1,592.0,1
278502,hostaway,2027-06-04T00:00:00.000000,1,0,0,0,1,699.0,1
278502,hostaway,2027-06-05T00:00:00.000000,1,0,0,0,1,702.0,1
278502,hostaway,2027-06-06T00:00:00.000000,1,0,0,0,1,598.0,1
278502,hostaway,2027-06-07T00:00:00.000000,1,0,0,0,1,362.0,1
278502,hostaway,2027-06-08T00:00:00.000000,1,0,0,0,1,364.0,1
278502,hostaway,2027-06-09T00:00:00.000000,1,0,0,0,1,366.0,1
278502,hostaway,2027-06-10T00:00:00.000000,1,0,0,0,1,610.0,1
278502,hostaway,2027-06-11T00:00:00.000000,1,0,0,0,1,718.0,1
278502,hostaway,2027-06-12T00:00:00.000000,1,0,0,0,1,721.0,1
278502,hostaway,2027-06-13T00:00:00.000000,1,0,0,0,1,616.0,1
278502,hostaway,2027-06-14T00:00:00.000000,1,0,0,0,1,376.0,1
278502,hostaway,2027-06-15T00:00:00.000000,1,0,0,0,1,397.0,1
278502,hostaway,2027-06-16T00:00:00.000000,1,0,0,0,1,399.0,1
278502,hostaway,2027-06-17T00:00:00.000000,1,0,0,0,1,627.0,1
278502,hostaway,2027-06-18T00:00:00.000000,1,0,0,0,1,738.0,1
278502,hostaway,2027-06-19T00:00:00.000000,1,0,0,0,1,740.0,1
278502,hostaway,2027-06-20T00:00:00.000000,1,0,0,0,1,634.0,1
278502,hostaway,2027-06-21T00:00:00.000000,1,0,0,0,1,389.0,1
278502,hostaway,2027-06-22T00:00:00.000000,1,0,0,0,1,410.0,1
278502,hostaway,2027-06-23T00:00:00.000000,1,0,0,0,1,393.0,1
278502,hostaway,2027-06-24T00:00:00.000000,1,0,0,0,1,641.0,1
278502,hostaway,2027-06-25T00:00:00.000000,1,0,0,0,1,752.0,1
278502,hostaway,2027-06-26T00:00:00.000000,1,0,0,0,1,752.0,1
278502,hostaway,2027-06-27T00:00:00.000000,1,0,0,0,1,641.0,1
278502,hostaway,2027-06-28T00:00:00.000000,1,0,0,0,1,393.0,1
278502,hostaway,2027-06-29T00:00:00.000000,1,0,0,0,1,393.0,1
278502,hostaway,2027-06-30T00:00:00.000000,1,0,0,0,1,393.0,1
278502,hostaway,2027-07-01T00:00:00.000000,1,0,0,0,1,641.0,1
278502,hostaway,2027-07-02T00:00:00.000000,1,0,0,0,1,1261.0,1
278502,hostaway,2027-07-03T00:00:00.000000,1,0,0,0,1,1261.0,1
278502,hostaway,2027-07-04T00:00:00.000000,1,0,0,0,1,705.0,1
278502,hostaway,2027-07-05T00:00:00.000000,1,0,0,0,1,478.0,1
278502,hostaway,2027-07-06T00:00:00.000000,1,0,0,0,1,478.0,1
278502,hostaway,2027-07-07T00:00:00.000000,1,0,0,0,1,478.0,1
278502,hostaway,2027-07-08T00:00:00.000000,1,0,0,0,1,753.0,1
278502,hostaway,2027-07-09T00:00:00.000000,1,0,0,0,1,1147.0,1
278502,hostaway,2027-07-10T00:00:00.000000,1,0,0,0,1,1147.0,1
278502,hostaway,2027-07-11T00:00:00.000000,1,0,0,0,1,753.0,1
278502,hostaway,2027-07-12T00:00:00.000000,1,0,0,0,1,478.0,1
278502,hostaway,2027-07-13T00:00:00.000000,1,0,0,0,1,478.0,1
278502,hostaway,2027-07-14T00:00:00.000000,1,0,0,0,1,478.0,1
278502,hostaway,2027-07-15T00:00:00.000000,1,0,0,0,1,753.0,1
278502,hostaway,2027-07-16T00:00:00.000000,1,0,0,0,1,1147.0,1
278502,hostaway,2027-07-17T00:00:00.000000,1,0,0,0,1,1147.0,1
278502,hostaway,2027-07-18T00:00:00.000000,1,0,0,0,1,753.0,1
278502,hostaway,2027-07-19T00:00:00.000000,1,0,0,0,1,478.0,1
278502,hostaway,2027-07-20T00:00:00.000000,1,0,0,0,1,478.0,1
278502,hostaway,2027-07-21T00:00:00.000000,1,0,0,0,1,478.0,1
278502,hostaway,2027-07-22T00:00:00.000000,1,0,0,0,1,753.0,1
278502,hostaway,2027-07-23T00:00:00.000000,1,0,0,0,1,1147.0,1
278502,hostaway,2027-07-24T00:00:00.000000,1,0,0,0,1,1147.0,1
278502,hostaway,2027-07-25T00:00:00.000000,1,0,0,0,1,753.0,1
278502,hostaway,2027-07-26T00:00:00.000000,1,0,0,0,1,478.0,1
278502,hostaway,2027-07-27T00:00:00.000000,1,0,0,0,1,478.0,1
278502,hostaway,2027-07-28T00:00:00.000000,1,0,0,0,1,478.0,1
278502,hostaway,2027-07-29T00:00:00.000000,1,0,0,0,1,753.0,1
278502,hostaway,2027-07-30T00:00:00.000000,1,0,0,0,1,1147.0,1
278502,hostaway,2027-07-31T00:00:00.000000,1,0,0,0,1,1147.0,1
278502,hostaway,2027-08-01T00:00:00.000000,1,0,0,0,1,753.0,1
278502,hostaway,2027-08-02T00:00:00.000000,1,0,0,0,1,478.0,1
278502,hostaway,2027-08-03T00:00:00.000000,1,0,0,0,1,478.0,1
278502,hostaway,2027-08-04T00:00:00.000000,1,0,0,0,1,478.0,1
278502,hostaway,2027-08-05T00:00:00.000000,1,0,0,0,1,753.0,1
278502,hostaway,2027-08-06T00:00:00.000000,1,0,0,0,1,1147.0,1
278502,hostaway,2027-08-07T00:00:00.000000,1,0,0,0,1,1147.0,1
278502,hostaway,2027-08-08T00:00:00.000000,1,0,0,0,1,753.0,1
278502,hostaway,2027-08-09T00:00:00.000000,1,0,0,0,1,478.0,1
278502,hostaway,2027-08-10T00:00:00.000000,1,0,0,0,1,478.0,1
278502,hostaway,2027-08-11T00:00:00.000000,1,0,0,0,1,478.0,1
278502,hostaway,2027-08-12T00:00:00.000000,1,0,0,0,1,753.0,1
278502,hostaway,2027-08-13T00:00:00.000000,1,0,0,0,1,1147.0,1
278502,hostaway,2027-08-14T00:00:00.000000,1,0,0,0,1,1147.0,1
278502,hostaway,2027-08-15T00:00:00.000000,1,0,0,0,1,753.0,1
278502,hostaway,2027-08-16T00:00:00.000000,1,0,0,0,1,478.0,1
278502,hostaway,2027-08-17T00:00:00.000000,1,0,0,0,1,478.0,1
278502,hostaway,2027-08-18T00:00:00.000000,1,0,0,0,1,478.0,1
278502,hostaway,2027-08-19T00:00:00.000000,1,0,0,0,1,753.0,1
278502,hostaway,2027-08-20T00:00:00.000000,1,0,0,0,1,1147.0,1
278502,hostaway,2027-08-21T00:00:00.000000,1,0,0,0,1,1147.0,1
278502,hostaway,2027-08-22T00:00:00.000000,1,0,0,0,1,753.0,1
278502,hostaway,2027-08-23T00:00:00.000000,1,0,0,0,1,478.0,1
278502,hostaway,2027-08-24T00:00:00.000000,1,0,0,0,1,478.0,1
278502,hostaway,2027-08-25T00:00:00.000000,1,0,0,0,1,478.0,1
278502,hostaway,2027-08-26T00:00:00.000000,1,0,0,0,1,753.0,1
278502,hostaway,2027-08-27T00:00:00.000000,1,0,0,0,1,1147.0,1
278502,hostaway,2027-08-28T00:00:00.000000,1,0,0,0,1,1147.0,1
278502,hostaway,2027-08-29T00:00:00.000000,1,0,0,0,1,753.0,1
278502,hostaway,2027-08-30T00:00:00.000000,1,0,0,0,1,478.0,1
278502,hostaway,2027-08-31T00:00:00.000000,1,0,0,0,1,478.0,1
278502,hostaway,2027-09-01T00:00:00.000000,1,0,0,0,1,478.0,1
278502,hostaway,2027-09-02T00:00:00.000000,1,0,0,0,1,641.0,1
278502,hostaway,2027-09-03T00:00:00.000000,1,0,0,0,1,903.0,1
278502,hostaway,2027-09-04T00:00:00.000000,1,0,0,0,1,903.0,1
278502,hostaway,2027-09-05T00:00:00.000000,1,0,0,0,1,673.0,1
278502,hostaway,2027-09-06T00:00:00.000000,1,0,0,0,1,472.0,1
278502,hostaway,2027-09-07T00:00:00.000000,1,0,0,0,1,393.0,1
278502,hostaway,2027-09-08T00:00:00.000000,1,0,0,0,1,393.0,1
278502,hostaway,2027-09-09T00:00:00.000000,1,0,0,0,1,641.0,1
278502,hostaway,2027-09-10T00:00:00.000000,1,0,0,0,1,752.0,1
278502,hostaway,2027-09-11T00:00:00.000000,1,0,0,0,1,752.0,1
278502,hostaway,2027-09-12T00:00:00.000000,1,0,0,0,1,641.0,1
278502,hostaway,2027-09-13T00:00:00.000000,1,0,0,0,1,393.0,1
278502,hostaway,2027-09-14T00:00:00.000000,1,0,0,0,1,393.0,1
278502,hostaway,2027-09-15T00:00:00.000000,1,0,0,0,1,393.0,1
278502,hostaway,2027-09-16T00:00:00.000000,1,0,0,0,1,641.0,1
278502,hostaway,2027-09-17T00:00:00.000000,1,0,0,0,1,752.0,1
278502,hostaway,2027-09-18T00:00:00.000000,1,0,0,0,1,752.0,1
278502,hostaway,2027-09-19T00:00:00.000000,1,0,0,0,1,641.0,1
278502,hostaway,2027-09-20T00:00:00.000000,1,0,0,0,1,393.0,1
278502,hostaway,2027-09-21T00:00:00.000000,1,0,0,0,1,393.0,1
278502,hostaway,2027-09-22T00:00:00.000000,1,0,0,0,1,393.0,1
278502,hostaway,2027-09-23T00:00:00.000000,1,0,0,0,1,641.0,1
278502,hostaway,2027-09-24T00:00:00.000000,1,0,0,0,1,752.0,1
278502,hostaway,2027-09-25T00:00:00.000000,1,0,0,0,1,752.0,1
278502,hostaway,2027-09-26T00:00:00.000000,1,0,0,0,1,641.0,1
278502,hostaway,2027-09-27T00:00:00.000000,1,0,0,0,1,393.0,1
278502,hostaway,2027-09-28T00:00:00.000000,1,0,0,0,1,393.0,1
278502,hostaway,2027-09-29T00:00:00.000000,1,0,0,0,1,393.0,1
278502,hostaway,2027-09-30T00:00:00.000000,1,0,0,0,1,641.0,1
278502,hostaway,2027-10-01T00:00:00.000000,1,0,0,0,1,752.0,1
278502,hostaway,2027-10-02T00:00:00.000000,1,0,0,0,1,752.0,1
278502,hostaway,2027-10-03T00:00:00.000000,1,0,0,0,1,641.0,1
278502,hostaway,2027-10-04T00:00:00.000000,1,0,0,0,1,393.0,1
278502,hostaway,2027-10-05T00:00:00.000000,1,0,0,0,1,393.0,1
278502,hostaway,2027-10-06T00:00:00.000000,1,0,0,0,1,393.0,1
278502,hostaway,2027-10-07T00:00:00.000000,1,0,0,0,1,641.0,1
278502,hostaway,2027-10-08T00:00:00.000000,1,0,0,0,1,752.0,1
278502,hostaway,2027-10-09T00:00:00.000000,1,0,0,0,1,752.0,1
278502,hostaway,2027-10-10T00:00:00.000000,1,0,0,0,1,641.0,1
278502,hostaway,2027-10-11T00:00:00.000000,1,0,0,0,1,393.0,1
278502,hostaway,2027-10-12T00:00:00.000000,1,0,0,0,1,393.0,1
278502,hostaway,2027-10-13T00:00:00.000000,1,0,0,0,1,393.0,1
278502,hostaway,2027-10-14T00:00:00.000000,1,0,0,0,1,641.0,1
278502,hostaway,2027-10-15T00:00:00.000000,1,0,0,0,1,752.0,1
278502,hostaway,2027-10-16T00:00:00.000000,1,0,0,0,1,752.0,1
278502,hostaway,2027-10-17T00:00:00.000000,1,0,0,0,1,641.0,1
278502,hostaway,2027-10-18T00:00:00.000000,1,0,0,0,1,393.0,1
278502,hostaway,2027-10-19T00:00:00.000000,1,0,0,0,1,393.0,1
278502,hostaway,2027-10-20T00:00:00.000000,1,0,0,0,1,393.0,1
278502,hostaway,2027-10-21T00:00:00.000000,1,0,0,0,1,641.0,1
278502,hostaway,2027-10-22T00:00:00.000000,1,0,0,0,1,752.0,1
278502,hostaway,2027-10-23T00:00:00.000000,1,0,0,0,1,752.0,1
278502,hostaway,2027-10-24T00:00:00.000000,1,0,0,0,1,641.0,1
278502,hostaway,2027-10-25T00:00:00.000000,1,0,0,0,1,393.0,1
278502,hostaway,2027-10-26T00:00:00.000000,1,0,0,0,1,393.0,1
278502,hostaway,2027-10-27T00:00:00.000000,1,0,0,0,1,393.0,1
278502,hostaway,2027-10-28T00:00:00.000000,1,0,0,0,1,641.0,1
278502,hostaway,2027-10-29T00:00:00.000000,1,0,0,0,1,752.0,1
278502,hostaway,2027-10-30T00:00:00.000000,1,0,0,0,1,752.0,1
278502,hostaway,2027-10-31T00:00:00.000000,1,0,0,0,1,641.0,1
278502,hostaway,2027-11-01T00:00:00.000000,1,0,0,0,1,280.0,1
278502,hostaway,2027-11-02T00:00:00.000000,1,0,0,0,1,280.0,1
278502,hostaway,2027-11-03T00:00:00.000000,1,0,0,0,1,280.0,1
278502,hostaway,2027-11-04T00:00:00.000000,1,0,0,0,1,349.0,1
278502,hostaway,2027-11-05T00:00:00.000000,1,0,0,0,1,404.0,1
278502,hostaway,2027-11-06T00:00:00.000000,1,0,0,0,1,404.0,1
278502,hostaway,2027-11-07T00:00:00.000000,1,0,0,0,1,349.0,1
278502,hostaway,2027-11-08T00:00:00.000000,1,0,0,0,1,280.0,1
278502,hostaway,2027-11-09T00:00:00.000000,1,0,0,0,1,280.0,1
278502,hostaway,2027-11-10T00:00:00.000000,1,0,0,0,1,280.0,1
278502,hostaway,2027-11-11T00:00:00.000000,1,0,0,0,1,349.0,1
278502,hostaway,2027-11-12T00:00:00.000000,1,0,0,0,1,404.0,1
278502,hostaway,2027-11-13T00:00:00.000000,1,0,0,0,1,404.0,1
278502,hostaway,2027-11-14T00:00:00.000000,1,0,0,0,1,349.0,1
278502,hostaway,2027-11-15T00:00:00.000000,1,0,0,0,1,280.0,1
278502,hostaway,2027-11-16T00:00:00.000000,1,0,0,0,1,280.0,1
278502,hostaway,2027-11-17T00:00:00.000000,1,0,0,0,1,280.0,1
278502,hostaway,2027-11-18T00:00:00.000000,1,0,0,0,1,349.0,1
278502,hostaway,2027-11-19T00:00:00.000000,1,0,0,0,1,404.0,1
278502,hostaway,2027-11-20T00:00:00.000000,1,0,0,0,1,404.0,1
278502,hostaway,2027-11-21T00:00:00.000000,1,0,0,0,1,349.0,1
278502,hostaway,2027-11-22T00:00:00.000000,1,0,0,0,1,280.0,1
278502,hostaway,2027-11-23T00:00:00.000000,1,0,0,0,1,280.0,1
278502,hostaway,2027-11-24T00:00:00.000000,1,0,0,0,1,280.0,1
278502,hostaway,2027-11-25T00:00:00.000000,1,0,0,0,1,593.0,1
278502,hostaway,2027-11-26T00:00:00.000000,1,0,0,0,1,687.0,1
278502,hostaway,2027-11-27T00:00:00.000000,1,0,0,0,1,687.0,1
278502,hostaway,2027-11-28T00:00:00.000000,1,0,0,0,1,489.0,1
278502,hostaway,2027-11-29T00:00:00.000000,1,0,0,0,1,244.0,1
278502,hostaway,2027-11-30T00:00:00.000000,1,0,0,0,1,244.0,1
278502,hostaway,2027-12-01T00:00:00.000000,1,0,0,0,1,244.0,1
278502,hostaway,2027-12-02T00:00:00.000000,1,0,0,0,1,279.0,1
278502,hostaway,2027-12-03T00:00:00.000000,1,0,0,0,1,303.0,1
278502,hostaway,2027-12-04T00:00:00.000000,1,0,0,0,1,303.0,1
278502,hostaway,2027-12-05T00:00:00.000000,1,0,0,0,1,279.0,1
278502,hostaway,2027-12-06T00:00:00.000000,1,0,0,0,1,244.0,1
278502,hostaway,2027-12-07T00:00:00.000000,1,0,0,0,1,244.0,1
278502,hostaway,2027-12-08T00:00:00.000000,1,0,0,0,1,244.0,1
278502,hostaway,2027-12-09T00:00:00.000000,1,0,0,0,1,279.0,1
278502,hostaway,2027-12-10T00:00:00.000000,1,0,0,0,1,303.0,1
278502,hostaway,2027-12-11T00:00:00.000000,1,0,0,0,1,303.0,1
278502,hostaway,2027-12-12T00:00:00.000000,1,0,0,0,1,279.0,1
278502,hostaway,2027-12-13T00:00:00.000000,1,0,0,0,1,244.0,1
278502,hostaway,2027-12-14T00:00:00.000000,1,0,0,0,1,244.0,1
278502,hostaway,2027-12-15T00:00:00.000000,1,0,0,0,1,244.0,1
278502,hostaway,2027-12-16T00:00:00.000000,1,0,0,0,1,279.0,1
278502,hostaway,2027-12-17T00:00:00.000000,1,0,0,0,1,455.0,1
278502,hostaway,2027-12-18T00:00:00.000000,1,0,0,0,1,455.0,1
278502,hostaway,2027-12-19T00:00:00.000000,1,0,0,0,1,419.0,1
278502,hostaway,2027-12-20T00:00:00.000000,1,0,0,0,1,366.0,1
278502,hostaway,2027-12-21T00:00:00.000000,1,0,0,0,1,366.0,1
278502,hostaway,2027-12-22T00:00:00.000000,1,0,0,0,1,366.0,1
278502,hostaway,2027-12-23T00:00:00.000000,1,0,0,0,1,419.0,1
278502,hostaway,2027-12-24T00:00:00.000000,1,0,0,0,1,1061.0,1
278502,hostaway,2027-12-25T00:00:00.000000,1,0,0,0,1,1061.0,1
278502,hostaway,2027-12-26T00:00:00.000000,1,0,0,0,1,1061.0,1
278502,hostaway,2027-12-27T00:00:00.000000,1,0,0,0,1,244.0,1
278502,hostaway,2027-12-28T00:00:00.000000,1,0,0,0,1,244.0,1
278502,hostaway,2027-12-29T00:00:00.000000,1,0,0,0,1,244.0,1
278502,hostaway,2027-12-30T00:00:00.000000,1,0,0,0,1,1167.0,1
278502,hostaway,2027-12-31T00:00:00.000000,1,0,0,0,1,1167.0,1
278502,hostaway,2028-01-01T00:00:00.000000,1,0,0,0,1,1167.0,1
278502,hostaway,2028-01-02T00:00:00.000000,1,0,0,0,1,583.0,1
278502,hostaway,2028-01-03T00:00:00.000000,1,0,0,0,1,336.0,1
278502,hostaway,2028-01-04T00:00:00.000000,1,0,0,0,1,336.0,1
278502,hostaway,2028-01-05T00:00:00.000000,1,0,0,0,1,336.0,1
278502,hostaway,2028-01-06T00:00:00.000000,1,0,0,0,1,419.0,1
278502,hostaway,2028-01-07T00:00:00.000000,1,0,0,0,1,485.0,1
278502,hostaway,2028-01-08T00:00:00.000000,1,0,0,0,1,485.0,1
278502,hostaway,2028-01-09T00:00:00.000000,1,0,0,0,1,419.0,1
345316,hostaway,2026-05-24T00:00:00.000000,1,0,0,0,1,0.0,1
345316,hostaway,2026-05-25T00:00:00.000000,1,1,0,0,1,0.0,0
345316,hostaway,2026-05-26T00:00:00.000000,1,1,0,0,1,0.0,0
345316,hostaway,2026-05-27T00:00:00.000000,1,1,0,0,1,0.0,0
345316,hostaway,2026-05-28T00:00:00.000000,1,1,0,0,1,0.0,0
345316,hostaway,2026-05-29T00:00:00.000000,1,1,0,0,1,0.0,0
345316,hostaway,2026-05-30T00:00:00.000000,1,1,0,0,1,0.0,0
345316,hostaway,2026-05-31T00:00:00.000000,1,1,0,0,1,0.0,0
345316,hostaway,2026-06-01T00:00:00.000000,1,1,0,0,1,0.0,0
345316,hostaway,2026-06-02T00:00:00.000000,1,1,0,0,1,0.0,0
345316,hostaway,2026-06-03T00:00:00.000000,1,1,0,0,1,0.0,0
345316,hostaway,2026-06-04T00:00:00.000000,1,1,0,0,1,0.0,0
345316,hostaway,2026-06-05T00:00:00.000000,1,1,0,0,1,0.0,0
345316,hostaway,2026-06-06T00:00:00.000000,1,1,0,0,1,0.0,0
345316,hostaway,2026-06-07T00:00:00.000000,1,0,0,0,1,0.0,1
345316,hostaway,2026-06-08T00:00:00.000000,1,1,0,0,1,0.0,0
345316,hostaway,2026-06-09T00:00:00.000000,1,1,0,0,1,0.0,0
345316,hostaway,2026-06-10T00:00:00.000000,1,1,0,0,1,0.0,0
345316,hostaway,2026-06-11T00:00:00.000000,1,0,0,0,1,0.0,1
345316,hostaway,2026-06-12T00:00:00.000000,1,1,0,0,1,0.0,0
345316,hostaway,2026-06-13T00:00:00.000000,1,1,0,0,1,0.0,0
345316,hostaway,2026-06-14T00:00:00.000000,1,0,0,0,1,0.0,1
345316,hostaway,2026-06-15T00:00:00.000000,1,1,0,0,1,0.0,0
345316,hostaway,2026-06-16T00:00:00.000000,1,1,0,0,1,0.0,0
345316,hostaway,2026-06-17T00:00:00.000000,1,1,0,0,1,0.0,0
345316,hostaway,2026-06-18T00:00:00.000000,1,1,0,0,1,0.0,0
345316,hostaway,2026-06-19T00:00:00.000000,1,1,0,0,1,0.0,0
345316,hostaway,2026-06-20T00:00:00.000000,1,1,0,0,1,0.0,0
345316,hostaway,2026-06-21T00:00:00.000000,1,1,0,0,1,0.0,0
345316,hostaway,2026-06-22T00:00:00.000000,1,1,0,0,1,0.0,0
345316,hostaway,2026-06-23T00:00:00.000000,1,1,0,0,1,630.0,0
345316,hostaway,2026-06-24T00:00:00.000000,1,1,0,0,1,446.0,0
345316,hostaway,2026-06-25T00:00:00.000000,1,0,0,0,1,539.0,1
345316,hostaway,2026-06-26T00:00:00.000000,1,1,0,0,1,842.0,0
345316,hostaway,2026-06-27T00:00:00.000000,1,1,0,0,1,842.0,0
345316,hostaway,2026-06-28T00:00:00.000000,1,1,0,0,1,538.0,0
345316,hostaway,2026-06-29T00:00:00.000000,1,1,0,0,1,450.0,0
345316,hostaway,2026-06-30T00:00:00.000000,1,1,0,0,1,480.0,0
345316,hostaway,2026-07-01T00:00:00.000000,1,1,0,0,1,480.0,0
345316,hostaway,2026-07-02T00:00:00.000000,1,0,0,0,1,583.0,1
345316,hostaway,2026-07-03T00:00:00.000000,1,0,0,0,1,789.0,1
345316,hostaway,2026-07-04T00:00:00.000000,1,1,0,0,1,1472.0,0
345316,hostaway,2026-07-05T00:00:00.000000,1,1,0,0,1,738.0,0
345316,hostaway,2026-07-06T00:00:00.000000,1,1,0,0,1,339.0,0
345316,hostaway,2026-07-07T00:00:00.000000,1,0,0,0,1,450.0,1
345316,hostaway,2026-07-08T00:00:00.000000,1,1,0,0,1,451.0,0
345316,hostaway,2026-07-09T00:00:00.000000,1,1,0,0,1,664.0,0
345316,hostaway,2026-07-10T00:00:00.000000,1,1,0,0,1,1331.0,0
345316,hostaway,2026-07-11T00:00:00.000000,1,1,0,0,1,1331.0,0
345316,hostaway,2026-07-12T00:00:00.000000,1,0,0,0,1,617.0,1
345316,hostaway,2026-07-13T00:00:00.000000,1,1,0,0,1,571.0,0
345316,hostaway,2026-07-14T00:00:00.000000,1,1,0,0,1,451.0,0
345316,hostaway,2026-07-15T00:00:00.000000,1,1,0,0,1,451.0,0
345316,hostaway,2026-07-16T00:00:00.000000,1,0,0,0,1,617.0,1
345316,hostaway,2026-07-17T00:00:00.000000,1,0,0,0,1,1222.0,1
345316,hostaway,2026-07-18T00:00:00.000000,1,1,0,0,1,1331.0,0
345316,hostaway,2026-07-19T00:00:00.000000,1,1,0,0,1,664.0,0
345316,hostaway,2026-07-20T00:00:00.000000,1,1,0,0,1,446.0,0
345316,hostaway,2026-07-21T00:00:00.000000,1,1,0,0,1,381.0,0
345316,hostaway,2026-07-22T00:00:00.000000,1,1,0,0,1,339.0,0
345316,hostaway,2026-07-23T00:00:00.000000,1,1,0,0,1,561.0,0
345316,hostaway,2026-07-24T00:00:00.000000,1,0,0,0,1,1222.0,1
345316,hostaway,2026-07-25T00:00:00.000000,1,0,0,0,1,1222.0,1
345316,hostaway,2026-07-26T00:00:00.000000,1,1,0,0,1,664.0,0
345316,hostaway,2026-07-27T00:00:00.000000,1,1,0,0,1,532.0,0
345316,hostaway,2026-07-28T00:00:00.000000,1,0,0,0,1,373.0,1
345316,hostaway,2026-07-29T00:00:00.000000,1,0,0,0,1,373.0,1
345316,hostaway,2026-07-30T00:00:00.000000,1,1,0,0,1,664.0,0
345316,hostaway,2026-07-31T00:00:00.000000,1,1,0,0,1,1331.0,0
345316,hostaway,2026-08-01T00:00:00.000000,1,1,0,0,1,1331.0,0
345316,hostaway,2026-08-02T00:00:00.000000,1,1,0,0,1,664.0,0
345316,hostaway,2026-08-03T00:00:00.000000,1,1,0,0,1,449.0,0
345316,hostaway,2026-08-04T00:00:00.000000,1,0,0,0,1,373.0,1
345316,hostaway,2026-08-05T00:00:00.000000,1,0,0,0,1,373.0,1
345316,hostaway,2026-08-06T00:00:00.000000,1,0,0,0,1,409.0,1
345316,hostaway,2026-08-07T00:00:00.000000,1,1,0,0,1,790.0,0
345316,hostaway,2026-08-08T00:00:00.000000,1,1,0,0,1,790.0,0
345316,hostaway,2026-08-09T00:00:00.000000,1,0,0,0,1,583.0,1
345316,hostaway,2026-08-10T00:00:00.000000,1,1,0,0,1,558.0,0
345316,hostaway,2026-08-11T00:00:00.000000,1,1,0,0,1,480.0,0
345316,hostaway,2026-08-12T00:00:00.000000,1,0,0,0,1,409.0,1
345316,hostaway,2026-08-13T00:00:00.000000,1,0,0,0,1,583.0,1
345316,hostaway,2026-08-14T00:00:00.000000,1,0,0,0,1,908.0,1
345316,hostaway,2026-08-15T00:00:00.000000,1,1,0,0,1,790.0,0
345316,hostaway,2026-08-16T00:00:00.000000,1,1,0,0,1,530.0,0
345316,hostaway,2026-08-17T00:00:00.000000,1,0,0,0,1,442.0,1
345316,hostaway,2026-08-18T00:00:00.000000,1,0,0,0,1,373.0,1
345316,hostaway,2026-08-19T00:00:00.000000,1,0,0,0,1,373.0,1
345316,hostaway,2026-08-20T00:00:00.000000,1,0,0,0,1,409.0,1
345316,hostaway,2026-08-21T00:00:00.000000,1,1,0,0,1,790.0,0
345316,hostaway,2026-08-22T00:00:00.000000,1,1,0,0,1,790.0,0
345316,hostaway,2026-08-23T00:00:00.000000,1,0,0,0,1,534.0,1
345316,hostaway,2026-08-24T00:00:00.000000,1,0,0,0,1,442.0,1
345316,hostaway,2026-08-25T00:00:00.000000,1,0,0,0,1,373.0,1
345316,hostaway,2026-08-26T00:00:00.000000,1,0,0,0,1,373.0,1
345316,hostaway,2026-08-27T00:00:00.000000,1,0,0,0,1,414.0,1
345316,hostaway,2026-08-28T00:00:00.000000,1,1,0,0,1,790.0,0
345316,hostaway,2026-08-29T00:00:00.000000,1,1,0,0,1,790.0,0
345316,hostaway,2026-08-30T00:00:00.000000,1,0,0,0,1,534.0,1
345316,hostaway,2026-08-31T00:00:00.000000,1,0,0,0,1,442.0,1
345316,hostaway,2026-09-01T00:00:00.000000,1,1,0,0,1,330.0,0
345316,hostaway,2026-09-02T00:00:00.000000,1,1,0,0,1,330.0,0
345316,hostaway,2026-09-03T00:00:00.000000,1,0,0,0,1,421.0,1
345316,hostaway,2026-09-04T00:00:00.000000,1,1,0,0,1,865.0,0
345316,hostaway,2026-09-05T00:00:00.000000,1,1,0,0,1,865.0,0
345316,hostaway,2026-09-06T00:00:00.000000,1,1,0,0,1,577.0,0
345316,hostaway,2026-09-07T00:00:00.000000,1,0,0,0,1,536.0,1
345316,hostaway,2026-09-08T00:00:00.000000,1,0,0,0,1,363.0,1
345316,hostaway,2026-09-09T00:00:00.000000,1,0,0,0,1,363.0,1
345316,hostaway,2026-09-10T00:00:00.000000,1,1,0,0,1,468.0,0
345316,hostaway,2026-09-11T00:00:00.000000,1,1,0,0,1,699.0,0
345316,hostaway,2026-09-12T00:00:00.000000,1,1,0,0,1,699.0,0
345316,hostaway,2026-09-13T00:00:00.000000,1,1,0,0,1,520.0,0
345316,hostaway,2026-09-14T00:00:00.000000,1,1,0,0,1,364.0,0
345316,hostaway,2026-09-15T00:00:00.000000,1,1,0,0,1,330.0,0
345316,hostaway,2026-09-16T00:00:00.000000,1,1,0,0,1,330.0,0
345316,hostaway,2026-09-17T00:00:00.000000,1,0,0,0,1,421.0,1
345316,hostaway,2026-09-18T00:00:00.000000,1,1,0,0,1,699.0,0
345316,hostaway,2026-09-19T00:00:00.000000,1,1,0,0,1,699.0,0
345316,hostaway,2026-09-20T00:00:00.000000,1,0,0,0,1,462.0,1
345316,hostaway,2026-09-21T00:00:00.000000,1,0,0,0,1,399.0,1
345316,hostaway,2026-09-22T00:00:00.000000,1,1,0,0,1,330.0,0
345316,hostaway,2026-09-23T00:00:00.000000,1,1,0,0,1,330.0,0
345316,hostaway,2026-09-24T00:00:00.000000,1,1,0,0,1,468.0,0
345316,hostaway,2026-09-25T00:00:00.000000,1,1,0,0,1,699.0,0
345316,hostaway,2026-09-26T00:00:00.000000,1,1,0,0,1,699.0,0
345316,hostaway,2026-09-27T00:00:00.000000,1,1,0,0,1,468.0,0
345316,hostaway,2026-09-28T00:00:00.000000,1,0,0,0,1,363.0,1
345316,hostaway,2026-09-29T00:00:00.000000,1,0,0,0,1,363.0,1
345316,hostaway,2026-09-30T00:00:00.000000,1,0,0,0,1,363.0,1
345316,hostaway,2026-10-01T00:00:00.000000,1,0,0,0,1,453.0,1
345316,hostaway,2026-10-02T00:00:00.000000,1,1,0,0,1,621.0,0
345316,hostaway,2026-10-03T00:00:00.000000,1,1,0,0,1,621.0,0
345316,hostaway,2026-10-04T00:00:00.000000,1,0,0,0,1,453.0,1
345316,hostaway,2026-10-05T00:00:00.000000,1,1,0,0,1,315.0,0
345316,hostaway,2026-10-06T00:00:00.000000,1,1,0,0,1,315.0,0
345316,hostaway,2026-10-07T00:00:00.000000,1,0,0,0,1,346.0,1
345316,hostaway,2026-10-08T00:00:00.000000,1,0,0,0,1,453.0,1
345316,hostaway,2026-10-09T00:00:00.000000,1,1,0,0,1,621.0,0
345316,hostaway,2026-10-10T00:00:00.000000,1,1,0,0,1,621.0,0
345316,hostaway,2026-10-11T00:00:00.000000,1,1,0,0,1,412.0,0
345316,hostaway,2026-10-12T00:00:00.000000,1,1,0,0,1,315.0,0
345316,hostaway,2026-10-13T00:00:00.000000,1,1,0,0,1,315.0,0
345316,hostaway,2026-10-14T00:00:00.000000,1,0,0,0,1,346.0,1
345316,hostaway,2026-10-15T00:00:00.000000,1,0,0,0,1,453.0,1
345316,hostaway,2026-10-16T00:00:00.000000,1,1,0,0,1,621.0,0
345316,hostaway,2026-10-17T00:00:00.000000,1,1,0,0,1,621.0,0
345316,hostaway,2026-10-18T00:00:00.000000,1,0,0,0,1,453.0,1
345316,hostaway,2026-10-19T00:00:00.000000,1,0,0,0,1,346.0,1
345316,hostaway,2026-10-20T00:00:00.000000,1,0,0,0,1,346.0,1
345316,hostaway,2026-10-21T00:00:00.000000,1,1,0,0,1,315.0,0
345316,hostaway,2026-10-22T00:00:00.000000,1,1,0,0,1,412.0,0
345316,hostaway,2026-10-23T00:00:00.000000,1,0,0,0,1,714.0,1
345316,hostaway,2026-10-24T00:00:00.000000,1,0,0,0,1,714.0,1
345316,hostaway,2026-10-25T00:00:00.000000,1,0,0,0,1,453.0,1
345316,hostaway,2026-10-26T00:00:00.000000,1,0,0,0,1,346.0,1
345316,hostaway,2026-10-27T00:00:00.000000,1,0,0,0,1,346.0,1
345316,hostaway,2026-10-28T00:00:00.000000,1,0,0,0,1,346.0,1
345316,hostaway,2026-10-29T00:00:00.000000,1,0,0,0,1,453.0,1
345316,hostaway,2026-10-30T00:00:00.000000,1,0,0,0,1,714.0,1
345316,hostaway,2026-10-31T00:00:00.000000,1,0,0,0,1,714.0,1
345316,hostaway,2026-11-01T00:00:00.000000,1,0,0,0,1,394.0,1
345316,hostaway,2026-11-02T00:00:00.000000,1,0,0,0,1,346.0,1
345316,hostaway,2026-11-03T00:00:00.000000,1,0,0,0,1,346.0,1
345316,hostaway,2026-11-04T00:00:00.000000,1,0,0,0,1,346.0,1
345316,hostaway,2026-11-05T00:00:00.000000,1,0,0,0,1,394.0,1
345316,hostaway,2026-11-06T00:00:00.000000,1,0,0,0,1,634.0,1
345316,hostaway,2026-11-07T00:00:00.000000,1,0,0,0,1,634.0,1
345316,hostaway,2026-11-08T00:00:00.000000,1,0,0,0,1,394.0,1
345316,hostaway,2026-11-09T00:00:00.000000,1,0,0,0,1,346.0,1
345316,hostaway,2026-11-10T00:00:00.000000,1,0,0,0,1,346.0,1
345316,hostaway,2026-11-11T00:00:00.000000,1,0,0,0,1,346.0,1
345316,hostaway,2026-11-12T00:00:00.000000,1,0,0,0,1,394.0,1
345316,hostaway,2026-11-13T00:00:00.000000,1,0,0,0,1,634.0,1
345316,hostaway,2026-11-14T00:00:00.000000,1,1,0,0,1,551.0,0
345316,hostaway,2026-11-15T00:00:00.000000,1,1,0,0,1,358.0,0
345316,hostaway,2026-11-16T00:00:00.000000,1,0,0,0,1,346.0,1
345316,hostaway,2026-11-17T00:00:00.000000,1,0,0,0,1,346.0,1
345316,hostaway,2026-11-18T00:00:00.000000,1,0,0,0,1,346.0,1
345316,hostaway,2026-11-19T00:00:00.000000,1,0,0,0,1,394.0,1
345316,hostaway,2026-11-20T00:00:00.000000,1,0,0,0,1,634.0,1
345316,hostaway,2026-11-21T00:00:00.000000,1,0,0,0,1,634.0,1
345316,hostaway,2026-11-22T00:00:00.000000,1,0,0,0,1,394.0,1
345316,hostaway,2026-11-23T00:00:00.000000,1,0,0,0,1,346.0,1
345316,hostaway,2026-11-24T00:00:00.000000,1,0,0,0,1,346.0,1
345316,hostaway,2026-11-25T00:00:00.000000,1,0,0,0,1,346.0,1
345316,hostaway,2026-11-26T00:00:00.000000,1,0,0,0,1,602.0,1
345316,hostaway,2026-11-27T00:00:00.000000,1,0,0,0,1,634.0,1
345316,hostaway,2026-11-28T00:00:00.000000,1,0,0,0,1,634.0,1
345316,hostaway,2026-11-29T00:00:00.000000,1,0,0,0,1,394.0,1
345316,hostaway,2026-11-30T00:00:00.000000,1,0,0,0,1,346.0,1
345316,hostaway,2026-12-01T00:00:00.000000,1,0,0,0,1,346.0,1
345316,hostaway,2026-12-02T00:00:00.000000,1,0,0,0,1,346.0,1
345316,hostaway,2026-12-03T00:00:00.000000,1,0,0,0,1,346.0,1
345316,hostaway,2026-12-04T00:00:00.000000,1,0,0,0,1,560.0,1
345316,hostaway,2026-12-05T00:00:00.000000,1,0,0,0,1,560.0,1
345316,hostaway,2026-12-06T00:00:00.000000,1,0,0,0,1,346.0,1
345316,hostaway,2026-12-07T00:00:00.000000,1,0,0,0,1,346.0,1
345316,hostaway,2026-12-08T00:00:00.000000,1,0,0,0,1,346.0,1
345316,hostaway,2026-12-09T00:00:00.000000,1,0,0,0,1,346.0,1
345316,hostaway,2026-12-10T00:00:00.000000,1,0,0,0,1,346.0,1
345316,hostaway,2026-12-11T00:00:00.000000,1,0,0,0,1,560.0,1
345316,hostaway,2026-12-12T00:00:00.000000,1,0,0,0,1,560.0,1
345316,hostaway,2026-12-13T00:00:00.000000,1,0,0,0,1,346.0,1
345316,hostaway,2026-12-14T00:00:00.000000,1,0,0,0,1,346.0,1
345316,hostaway,2026-12-15T00:00:00.000000,1,0,0,0,1,346.0,1
345316,hostaway,2026-12-16T00:00:00.000000,1,0,0,0,1,346.0,1
345316,hostaway,2026-12-17T00:00:00.000000,1,0,0,0,1,435.0,1
345316,hostaway,2026-12-18T00:00:00.000000,1,0,0,0,1,698.0,1
345316,hostaway,2026-12-19T00:00:00.000000,1,0,0,0,1,698.0,1
345316,hostaway,2026-12-20T00:00:00.000000,1,0,0,0,1,435.0,1
345316,hostaway,2026-12-21T00:00:00.000000,1,0,0,0,1,346.0,1
345316,hostaway,2026-12-22T00:00:00.000000,1,0,0,0,1,346.0,1
345316,hostaway,2026-12-23T00:00:00.000000,1,0,0,0,1,346.0,1
345316,hostaway,2026-12-24T00:00:00.000000,1,0,0,0,1,651.0,1
345316,hostaway,2026-12-25T00:00:00.000000,1,0,0,0,1,1101.0,1
345316,hostaway,2026-12-26T00:00:00.000000,1,0,0,0,1,1101.0,1
345316,hostaway,2026-12-27T00:00:00.000000,1,0,0,0,1,510.0,1
345316,hostaway,2026-12-28T00:00:00.000000,1,0,0,0,1,398.0,1
345316,hostaway,2026-12-29T00:00:00.000000,1,0,0,0,1,398.0,1
345316,hostaway,2026-12-30T00:00:00.000000,1,0,0,0,1,1250.0,1
345316,hostaway,2026-12-31T00:00:00.000000,1,0,0,0,1,1282.0,1
345316,hostaway,2027-01-01T00:00:00.000000,1,0,0,0,1,586.0,1
345316,hostaway,2027-01-02T00:00:00.000000,1,0,0,0,1,586.0,1
345316,hostaway,2027-01-03T00:00:00.000000,1,0,0,0,1,346.0,1
345316,hostaway,2027-01-04T00:00:00.000000,1,0,0,0,1,346.0,1
345316,hostaway,2027-01-05T00:00:00.000000,1,0,0,0,1,346.0,1
345316,hostaway,2027-01-06T00:00:00.000000,1,1,0,0,1,315.0,0
345316,hostaway,2027-01-07T00:00:00.000000,1,1,0,0,1,395.0,0
345316,hostaway,2027-01-08T00:00:00.000000,1,1,0,0,1,485.0,0
345316,hostaway,2027-01-09T00:00:00.000000,1,1,0,0,1,485.0,0
345316,hostaway,2027-01-10T00:00:00.000000,1,0,0,0,1,505.0,1
345316,hostaway,2027-01-11T00:00:00.000000,1,0,0,0,1,346.0,1
345316,hostaway,2027-01-12T00:00:00.000000,1,0,0,0,1,346.0,1
345316,hostaway,2027-01-13T00:00:00.000000,1,0,0,0,1,346.0,1
345316,hostaway,2027-01-14T00:00:00.000000,1,0,0,0,1,435.0,1
345316,hostaway,2027-01-15T00:00:00.000000,1,0,0,0,1,743.0,1
345316,hostaway,2027-01-16T00:00:00.000000,1,0,0,0,1,743.0,1
345316,hostaway,2027-01-17T00:00:00.000000,1,0,0,0,1,581.0,1
345316,hostaway,2027-01-18T00:00:00.000000,1,0,0,0,1,447.0,1
345316,hostaway,2027-01-19T00:00:00.000000,1,0,0,0,1,346.0,1
345316,hostaway,2027-01-20T00:00:00.000000,1,0,0,0,1,346.0,1
345316,hostaway,2027-01-21T00:00:00.000000,1,0,0,0,1,435.0,1
345316,hostaway,2027-01-22T00:00:00.000000,1,0,0,0,1,558.0,1
345316,hostaway,2027-01-23T00:00:00.000000,1,0,0,0,1,558.0,1
345316,hostaway,2027-01-24T00:00:00.000000,1,0,0,0,1,435.0,1
345316,hostaway,2027-01-25T00:00:00.000000,1,0,0,0,1,346.0,1
345316,hostaway,2027-01-26T00:00:00.000000,1,0,0,0,1,346.0,1
345316,hostaway,2027-01-27T00:00:00.000000,1,0,0,0,1,346.0,1
345316,hostaway,2027-01-28T00:00:00.000000,1,0,0,0,1,435.0,1
345316,hostaway,2027-01-29T00:00:00.000000,1,0,0,0,1,558.0,1
345316,hostaway,2027-01-30T00:00:00.000000,1,0,0,0,1,558.0,1
345316,hostaway,2027-01-31T00:00:00.000000,1,0,0,0,1,435.0,1
345316,hostaway,2027-02-01T00:00:00.000000,1,0,0,0,1,346.0,1
345316,hostaway,2027-02-02T00:00:00.000000,1,0,0,0,1,346.0,1
345316,hostaway,2027-02-03T00:00:00.000000,1,0,0,0,1,346.0,1
345316,hostaway,2027-02-04T00:00:00.000000,1,0,0,0,1,435.0,1
345316,hostaway,2027-02-05T00:00:00.000000,1,0,0,0,1,558.0,1
345316,hostaway,2027-02-06T00:00:00.000000,1,0,0,0,1,558.0,1
345316,hostaway,2027-02-07T00:00:00.000000,1,0,0,0,1,435.0,1
345316,hostaway,2027-02-08T00:00:00.000000,1,0,0,0,1,346.0,1
345316,hostaway,2027-02-09T00:00:00.000000,1,0,0,0,1,346.0,1
345316,hostaway,2027-02-10T00:00:00.000000,1,0,0,0,1,346.0,1
345316,hostaway,2027-02-11T00:00:00.000000,1,0,0,0,1,435.0,1
345316,hostaway,2027-02-12T00:00:00.000000,1,0,0,0,1,799.0,1
345316,hostaway,2027-02-13T00:00:00.000000,1,0,0,0,1,799.0,1
345316,hostaway,2027-02-14T00:00:00.000000,1,0,0,0,1,628.0,1
345316,hostaway,2027-02-15T00:00:00.000000,1,0,0,0,1,482.0,1
345316,hostaway,2027-02-16T00:00:00.000000,1,0,0,0,1,346.0,1
345316,hostaway,2027-02-17T00:00:00.000000,1,0,0,0,1,346.0,1
345316,hostaway,2027-02-18T00:00:00.000000,1,0,0,0,1,435.0,1
345316,hostaway,2027-02-19T00:00:00.000000,1,0,0,0,1,558.0,1
345316,hostaway,2027-02-20T00:00:00.000000,1,0,0,0,1,558.0,1
345316,hostaway,2027-02-21T00:00:00.000000,1,0,0,0,1,435.0,1
345316,hostaway,2027-02-22T00:00:00.000000,1,0,0,0,1,346.0,1
345316,hostaway,2027-02-23T00:00:00.000000,1,0,0,0,1,346.0,1
345316,hostaway,2027-02-24T00:00:00.000000,1,0,0,0,1,346.0,1
345316,hostaway,2027-02-25T00:00:00.000000,1,0,0,0,1,437.0,1
345316,hostaway,2027-02-26T00:00:00.000000,1,0,0,0,1,558.0,1
345316,hostaway,2027-02-27T00:00:00.000000,1,0,0,0,1,558.0,1
345316,hostaway,2027-02-28T00:00:00.000000,1,0,0,0,1,437.0,1
345316,hostaway,2027-03-01T00:00:00.000000,1,0,0,0,1,416.0,1
345316,hostaway,2027-03-02T00:00:00.000000,1,0,0,0,1,416.0,1
345316,hostaway,2027-03-03T00:00:00.000000,1,0,0,0,1,416.0,1
345316,hostaway,2027-03-04T00:00:00.000000,1,0,0,0,1,608.0,1
345316,hostaway,2027-03-05T00:00:00.000000,1,0,0,0,1,762.0,1
345316,hostaway,2027-03-06T00:00:00.000000,1,0,0,0,1,762.0,1
345316,hostaway,2027-03-07T00:00:00.000000,1,0,0,0,1,608.0,1
345316,hostaway,2027-03-08T00:00:00.000000,1,0,0,0,1,416.0,1
345316,hostaway,2027-03-09T00:00:00.000000,1,0,0,0,1,416.0,1
345316,hostaway,2027-03-10T00:00:00.000000,1,0,0,0,1,416.0,1
345316,hostaway,2027-03-11T00:00:00.000000,1,0,0,0,1,608.0,1
345316,hostaway,2027-03-12T00:00:00.000000,1,0,0,0,1,762.0,1
345316,hostaway,2027-03-13T00:00:00.000000,1,0,0,0,1,762.0,1
345316,hostaway,2027-03-14T00:00:00.000000,1,0,0,0,1,608.0,1
345316,hostaway,2027-03-15T00:00:00.000000,1,0,0,0,1,416.0,1
345316,hostaway,2027-03-16T00:00:00.000000,1,0,0,0,1,416.0,1
345316,hostaway,2027-03-17T00:00:00.000000,1,0,0,0,1,416.0,1
345316,hostaway,2027-03-18T00:00:00.000000,1,0,0,0,1,608.0,1
345316,hostaway,2027-03-19T00:00:00.000000,1,0,0,0,1,762.0,1
345316,hostaway,2027-03-20T00:00:00.000000,1,0,0,0,1,762.0,1
345316,hostaway,2027-03-21T00:00:00.000000,1,0,0,0,1,608.0,1
345316,hostaway,2027-03-22T00:00:00.000000,1,0,0,0,1,416.0,1
345316,hostaway,2027-03-23T00:00:00.000000,1,0,0,0,1,416.0,1
345316,hostaway,2027-03-24T00:00:00.000000,1,0,0,0,1,416.0,1
345316,hostaway,2027-03-25T00:00:00.000000,1,0,0,0,1,608.0,1
345316,hostaway,2027-03-26T00:00:00.000000,1,0,0,0,1,1082.0,1
345316,hostaway,2027-03-27T00:00:00.000000,1,0,0,0,1,1082.0,1
345316,hostaway,2027-03-28T00:00:00.000000,1,0,0,0,1,869.0,1
345316,hostaway,2027-03-29T00:00:00.000000,1,0,0,0,1,602.0,1
345316,hostaway,2027-03-30T00:00:00.000000,1,0,0,0,1,602.0,1
345316,hostaway,2027-03-31T00:00:00.000000,1,0,0,0,1,602.0,1
345316,hostaway,2027-04-01T00:00:00.000000,1,0,0,0,1,1277.0,1
345316,hostaway,2027-04-02T00:00:00.000000,1,0,0,0,1,1586.0,1
345316,hostaway,2027-04-03T00:00:00.000000,1,1,0,0,1,1092.0,0
345316,hostaway,2027-04-04T00:00:00.000000,1,1,0,0,1,917.0,0
345316,hostaway,2027-04-05T00:00:00.000000,1,1,0,0,1,618.0,0
345316,hostaway,2027-04-06T00:00:00.000000,1,1,0,0,1,618.0,0
345316,hostaway,2027-04-07T00:00:00.000000,1,1,0,0,1,618.0,0
345316,hostaway,2027-04-08T00:00:00.000000,1,0,0,0,1,1009.0,1
345316,hostaway,2027-04-09T00:00:00.000000,1,0,0,0,1,1256.0,1
345316,hostaway,2027-04-10T00:00:00.000000,1,0,0,0,1,1256.0,1
345316,hostaway,2027-04-11T00:00:00.000000,1,0,0,0,1,1009.0,1
345316,hostaway,2027-04-12T00:00:00.000000,1,0,0,0,1,473.0,1
345316,hostaway,2027-04-13T00:00:00.000000,1,0,0,0,1,473.0,1
345316,hostaway,2027-04-14T00:00:00.000000,1,0,0,0,1,473.0,1
345316,hostaway,2027-04-15T00:00:00.000000,1,0,0,0,1,711.0,1
345316,hostaway,2027-04-16T00:00:00.000000,1,0,0,0,1,884.0,1
345316,hostaway,2027-04-17T00:00:00.000000,1,0,0,0,1,884.0,1
345316,hostaway,2027-04-18T00:00:00.000000,1,0,0,0,1,711.0,1
345316,hostaway,2027-04-19T00:00:00.000000,1,0,0,0,1,473.0,1
345316,hostaway,2027-04-20T00:00:00.000000,1,0,0,0,1,473.0,1
345316,hostaway,2027-04-21T00:00:00.000000,1,0,0,0,1,473.0,1
345316,hostaway,2027-04-22T00:00:00.000000,1,0,0,0,1,711.0,1
345316,hostaway,2027-04-23T00:00:00.000000,1,0,0,0,1,884.0,1
345316,hostaway,2027-04-24T00:00:00.000000,1,0,0,0,1,884.0,1
345316,hostaway,2027-04-25T00:00:00.000000,1,0,0,0,1,711.0,1
345316,hostaway,2027-04-26T00:00:00.000000,1,0,0,0,1,473.0,1
345316,hostaway,2027-04-27T00:00:00.000000,1,0,0,0,1,473.0,1
345316,hostaway,2027-04-28T00:00:00.000000,1,0,0,0,1,473.0,1
345316,hostaway,2027-04-29T00:00:00.000000,1,0,0,0,1,711.0,1
345316,hostaway,2027-04-30T00:00:00.000000,1,0,0,0,1,884.0,1
345316,hostaway,2027-05-01T00:00:00.000000,1,0,0,0,1,884.0,1
345316,hostaway,2027-05-02T00:00:00.000000,1,0,0,0,1,711.0,1
345316,hostaway,2027-05-03T00:00:00.000000,1,0,0,0,1,473.0,1
345316,hostaway,2027-05-04T00:00:00.000000,1,0,0,0,1,473.0,1
345316,hostaway,2027-05-05T00:00:00.000000,1,0,0,0,1,473.0,1
345316,hostaway,2027-05-06T00:00:00.000000,1,0,0,0,1,944.0,1
345316,hostaway,2027-05-07T00:00:00.000000,1,0,0,0,1,1232.0,1
345316,hostaway,2027-05-08T00:00:00.000000,1,0,0,0,1,1232.0,1
345316,hostaway,2027-05-09T00:00:00.000000,1,1,0,0,1,862.0,0
345316,hostaway,2027-05-10T00:00:00.000000,1,1,0,0,1,536.0,0
345316,hostaway,2027-05-11T00:00:00.000000,1,1,0,0,1,514.0,0
345316,hostaway,2027-05-12T00:00:00.000000,1,0,0,0,1,568.0,1
345316,hostaway,2027-05-13T00:00:00.000000,1,0,0,0,1,869.0,1
345316,hostaway,2027-05-14T00:00:00.000000,1,0,0,0,1,1137.0,1
345316,hostaway,2027-05-15T00:00:00.000000,1,0,0,0,1,1141.0,1
345316,hostaway,2027-05-16T00:00:00.000000,1,0,0,0,1,931.0,1
345316,hostaway,2027-05-17T00:00:00.000000,1,0,0,0,1,612.0,1
345316,hostaway,2027-05-18T00:00:00.000000,1,0,0,0,1,614.0,1
345316,hostaway,2027-05-19T00:00:00.000000,1,0,0,0,1,620.0,1
345316,hostaway,2027-05-20T00:00:00.000000,1,0,0,0,1,941.0,1
345316,hostaway,2027-05-21T00:00:00.000000,1,0,0,0,1,1232.0,1
345316,hostaway,2027-05-22T00:00:00.000000,1,0,0,0,1,1232.0,1
345316,hostaway,2027-05-23T00:00:00.000000,1,0,0,0,1,953.0,1
345316,hostaway,2027-05-24T00:00:00.000000,1,0,0,0,1,630.0,1
345316,hostaway,2027-05-25T00:00:00.000000,1,0,0,0,1,632.0,1
345316,hostaway,2027-05-26T00:00:00.000000,1,0,0,0,1,632.0,1
345316,hostaway,2027-05-27T00:00:00.000000,1,0,0,0,1,1071.0,1
345316,hostaway,2027-05-28T00:00:00.000000,1,0,0,0,1,1824.0,1
345316,hostaway,2027-05-29T00:00:00.000000,1,0,0,0,1,1830.0,1
345316,hostaway,2027-05-30T00:00:00.000000,1,0,0,0,1,1198.0,1
345316,hostaway,2027-05-31T00:00:00.000000,1,0,0,0,1,869.0,1
345316,hostaway,2027-06-01T00:00:00.000000,1,0,0,0,1,724.0,1
345316,hostaway,2027-06-02T00:00:00.000000,1,0,0,0,1,695.0,1
345316,hostaway,2027-06-03T00:00:00.000000,1,0,0,0,1,1049.0,1
345316,hostaway,2027-06-04T00:00:00.000000,1,0,0,0,1,1360.0,1
345316,hostaway,2027-06-05T00:00:00.000000,1,0,0,0,1,1365.0,1
345316,hostaway,2027-06-06T00:00:00.000000,1,0,0,0,1,1060.0,1
345316,hostaway,2027-06-07T00:00:00.000000,1,0,0,0,1,707.0,1
345316,hostaway,2027-06-08T00:00:00.000000,1,0,0,0,1,711.0,1
345316,hostaway,2027-06-09T00:00:00.000000,1,0,0,0,1,714.0,1
345316,hostaway,2027-06-10T00:00:00.000000,1,0,0,0,1,1075.0,1
345316,hostaway,2027-06-11T00:00:00.000000,1,0,0,0,1,1393.0,1
345316,hostaway,2027-06-12T00:00:00.000000,1,0,0,0,1,1397.0,1
345316,hostaway,2027-06-13T00:00:00.000000,1,1,0,0,1,988.0,0
345316,hostaway,2027-06-14T00:00:00.000000,1,1,0,0,1,660.0,0
345316,hostaway,2027-06-15T00:00:00.000000,1,1,0,0,1,697.0,0
345316,hostaway,2027-06-16T00:00:00.000000,1,1,0,0,1,699.0,0
345316,hostaway,2027-06-17T00:00:00.000000,1,0,0,0,1,1100.0,1
345316,hostaway,2027-06-18T00:00:00.000000,1,0,0,0,1,1425.0,1
345316,hostaway,2027-06-19T00:00:00.000000,1,0,0,0,1,1429.0,1
345316,hostaway,2027-06-20T00:00:00.000000,1,0,0,0,1,1112.0,1
345316,hostaway,2027-06-21T00:00:00.000000,1,0,0,0,1,746.0,1
345316,hostaway,2027-06-22T00:00:00.000000,1,0,0,0,1,788.0,1
345316,hostaway,2027-06-23T00:00:00.000000,1,0,0,0,1,752.0,1
345316,hostaway,2027-06-24T00:00:00.000000,1,0,0,0,1,1123.0,1
345316,hostaway,2027-06-25T00:00:00.000000,1,0,0,0,1,1448.0,1
345316,hostaway,2027-06-26T00:00:00.000000,1,0,0,0,1,1448.0,1
345316,hostaway,2027-06-27T00:00:00.000000,1,0,0,0,1,1123.0,1
345316,hostaway,2027-06-28T00:00:00.000000,1,0,0,0,1,752.0,1
345316,hostaway,2027-06-29T00:00:00.000000,1,0,0,0,1,752.0,1
345316,hostaway,2027-06-30T00:00:00.000000,1,0,0,0,1,752.0,1
345316,hostaway,2027-07-01T00:00:00.000000,1,0,0,0,1,1123.0,1
345316,hostaway,2027-07-02T00:00:00.000000,1,0,0,0,1,2330.0,1
345316,hostaway,2027-07-03T00:00:00.000000,1,0,0,0,1,2330.0,1
345316,hostaway,2027-07-04T00:00:00.000000,1,0,0,0,1,1235.0,1
345316,hostaway,2027-07-05T00:00:00.000000,1,0,0,0,1,785.0,1
345316,hostaway,2027-07-06T00:00:00.000000,1,0,0,0,1,785.0,1
345316,hostaway,2027-07-07T00:00:00.000000,1,0,0,0,1,785.0,1
345316,hostaway,2027-07-08T00:00:00.000000,1,0,0,0,1,1220.0,1
345316,hostaway,2027-07-09T00:00:00.000000,1,0,0,0,1,2118.0,1
345316,hostaway,2027-07-10T00:00:00.000000,1,0,0,0,1,2118.0,1
345316,hostaway,2027-07-11T00:00:00.000000,1,0,0,0,1,1220.0,1
345316,hostaway,2027-07-12T00:00:00.000000,1,0,0,0,1,785.0,1
345316,hostaway,2027-07-13T00:00:00.000000,1,0,0,0,1,785.0,1
345316,hostaway,2027-07-14T00:00:00.000000,1,0,0,0,1,785.0,1
345316,hostaway,2027-07-15T00:00:00.000000,1,0,0,0,1,1220.0,1
345316,hostaway,2027-07-16T00:00:00.000000,1,0,0,0,1,2118.0,1
345316,hostaway,2027-07-17T00:00:00.000000,1,0,0,0,1,2118.0,1
345316,hostaway,2027-07-18T00:00:00.000000,1,0,0,0,1,1220.0,1
345316,hostaway,2027-07-19T00:00:00.000000,1,0,0,0,1,785.0,1
345316,hostaway,2027-07-20T00:00:00.000000,1,0,0,0,1,785.0,1
345316,hostaway,2027-07-21T00:00:00.000000,1,0,0,0,1,785.0,1
345316,hostaway,2027-07-22T00:00:00.000000,1,0,0,0,1,1220.0,1
345316,hostaway,2027-07-23T00:00:00.000000,1,0,0,0,1,2118.0,1
345316,hostaway,2027-07-24T00:00:00.000000,1,0,0,0,1,2118.0,1
345316,hostaway,2027-07-25T00:00:00.000000,1,0,0,0,1,1220.0,1
345316,hostaway,2027-07-26T00:00:00.000000,1,0,0,0,1,785.0,1
345316,hostaway,2027-07-27T00:00:00.000000,1,0,0,0,1,785.0,1
345316,hostaway,2027-07-28T00:00:00.000000,1,0,0,0,1,785.0,1
345316,hostaway,2027-07-29T00:00:00.000000,1,0,0,0,1,1220.0,1
345316,hostaway,2027-07-30T00:00:00.000000,1,0,0,0,1,2118.0,1
345316,hostaway,2027-07-31T00:00:00.000000,1,0,0,0,1,2118.0,1
345316,hostaway,2027-08-01T00:00:00.000000,1,0,0,0,1,1220.0,1
345316,hostaway,2027-08-02T00:00:00.000000,1,0,0,0,1,785.0,1
345316,hostaway,2027-08-03T00:00:00.000000,1,0,0,0,1,785.0,1
345316,hostaway,2027-08-04T00:00:00.000000,1,0,0,0,1,785.0,1
345316,hostaway,2027-08-05T00:00:00.000000,1,0,0,0,1,1220.0,1
345316,hostaway,2027-08-06T00:00:00.000000,1,0,0,0,1,2118.0,1
345316,hostaway,2027-08-07T00:00:00.000000,1,0,0,0,1,2118.0,1
345316,hostaway,2027-08-08T00:00:00.000000,1,0,0,0,1,1220.0,1
345316,hostaway,2027-08-09T00:00:00.000000,1,0,0,0,1,785.0,1
345316,hostaway,2027-08-10T00:00:00.000000,1,0,0,0,1,785.0,1
345316,hostaway,2027-08-11T00:00:00.000000,1,0,0,0,1,785.0,1
345316,hostaway,2027-08-12T00:00:00.000000,1,0,0,0,1,1220.0,1
345316,hostaway,2027-08-13T00:00:00.000000,1,0,0,0,1,2118.0,1
345316,hostaway,2027-08-14T00:00:00.000000,1,0,0,0,1,2118.0,1
345316,hostaway,2027-08-15T00:00:00.000000,1,0,0,0,1,1220.0,1
345316,hostaway,2027-08-16T00:00:00.000000,1,0,0,0,1,785.0,1
345316,hostaway,2027-08-17T00:00:00.000000,1,0,0,0,1,785.0,1
345316,hostaway,2027-08-18T00:00:00.000000,1,0,0,0,1,785.0,1
345316,hostaway,2027-08-19T00:00:00.000000,1,0,0,0,1,1220.0,1
345316,hostaway,2027-08-20T00:00:00.000000,1,0,0,0,1,2118.0,1
345316,hostaway,2027-08-21T00:00:00.000000,1,0,0,0,1,2118.0,1
345316,hostaway,2027-08-22T00:00:00.000000,1,0,0,0,1,1220.0,1
345316,hostaway,2027-08-23T00:00:00.000000,1,0,0,0,1,785.0,1
345316,hostaway,2027-08-24T00:00:00.000000,1,0,0,0,1,785.0,1
345316,hostaway,2027-08-25T00:00:00.000000,1,0,0,0,1,785.0,1
345316,hostaway,2027-08-26T00:00:00.000000,1,0,0,0,1,1220.0,1
345316,hostaway,2027-08-27T00:00:00.000000,1,0,0,0,1,2118.0,1
345316,hostaway,2027-08-28T00:00:00.000000,1,0,0,0,1,2118.0,1
345316,hostaway,2027-08-29T00:00:00.000000,1,0,0,0,1,1220.0,1
345316,hostaway,2027-08-30T00:00:00.000000,1,0,0,0,1,785.0,1
345316,hostaway,2027-08-31T00:00:00.000000,1,0,0,0,1,785.0,1
345316,hostaway,2027-09-01T00:00:00.000000,1,0,0,0,1,785.0,1
345316,hostaway,2027-09-02T00:00:00.000000,1,0,0,0,1,1123.0,1
345316,hostaway,2027-09-03T00:00:00.000000,1,0,0,0,1,1738.0,1
345316,hostaway,2027-09-04T00:00:00.000000,1,0,0,0,1,1738.0,1
345316,hostaway,2027-09-05T00:00:00.000000,1,0,0,0,1,1179.0,1
345316,hostaway,2027-09-06T00:00:00.000000,1,0,0,0,1,903.0,1
345316,hostaway,2027-09-07T00:00:00.000000,1,0,0,0,1,752.0,1
345316,hostaway,2027-09-08T00:00:00.000000,1,0,0,0,1,752.0,1
345316,hostaway,2027-09-09T00:00:00.000000,1,0,0,0,1,1123.0,1
345316,hostaway,2027-09-10T00:00:00.000000,1,0,0,0,1,1448.0,1
345316,hostaway,2027-09-11T00:00:00.000000,1,0,0,0,1,1448.0,1
345316,hostaway,2027-09-12T00:00:00.000000,1,0,0,0,1,1123.0,1
345316,hostaway,2027-09-13T00:00:00.000000,1,0,0,0,1,752.0,1
345316,hostaway,2027-09-14T00:00:00.000000,1,0,0,0,1,752.0,1
345316,hostaway,2027-09-15T00:00:00.000000,1,0,0,0,1,752.0,1
345316,hostaway,2027-09-16T00:00:00.000000,1,0,0,0,1,1123.0,1
345316,hostaway,2027-09-17T00:00:00.000000,1,0,0,0,1,1448.0,1
345316,hostaway,2027-09-18T00:00:00.000000,1,0,0,0,1,1448.0,1
345316,hostaway,2027-09-19T00:00:00.000000,1,0,0,0,1,1123.0,1
345316,hostaway,2027-09-20T00:00:00.000000,1,0,0,0,1,752.0,1
345316,hostaway,2027-09-21T00:00:00.000000,1,0,0,0,1,752.0,1
345316,hostaway,2027-09-22T00:00:00.000000,1,0,0,0,1,752.0,1
345316,hostaway,2027-09-23T00:00:00.000000,1,0,0,0,1,1123.0,1
345316,hostaway,2027-09-24T00:00:00.000000,1,0,0,0,1,1448.0,1
345316,hostaway,2027-09-25T00:00:00.000000,1,0,0,0,1,1448.0,1
345316,hostaway,2027-09-26T00:00:00.000000,1,0,0,0,1,1123.0,1
345316,hostaway,2027-09-27T00:00:00.000000,1,0,0,0,1,752.0,1
345316,hostaway,2027-09-28T00:00:00.000000,1,0,0,0,1,752.0,1
345316,hostaway,2027-09-29T00:00:00.000000,1,0,0,0,1,752.0,1
345316,hostaway,2027-09-30T00:00:00.000000,1,0,0,0,1,1123.0,1
345316,hostaway,2027-10-01T00:00:00.000000,1,0,0,0,1,1448.0,1
345316,hostaway,2027-10-02T00:00:00.000000,1,0,0,0,1,1448.0,1
345316,hostaway,2027-10-03T00:00:00.000000,1,0,0,0,1,1123.0,1
345316,hostaway,2027-10-04T00:00:00.000000,1,0,0,0,1,752.0,1
345316,hostaway,2027-10-05T00:00:00.000000,1,0,0,0,1,752.0,1
345316,hostaway,2027-10-06T00:00:00.000000,1,0,0,0,1,752.0,1
345316,hostaway,2027-10-07T00:00:00.000000,1,0,0,0,1,1123.0,1
345316,hostaway,2027-10-08T00:00:00.000000,1,0,0,0,1,1448.0,1
345316,hostaway,2027-10-09T00:00:00.000000,1,0,0,0,1,1448.0,1
345316,hostaway,2027-10-10T00:00:00.000000,1,0,0,0,1,1123.0,1
345316,hostaway,2027-10-11T00:00:00.000000,1,0,0,0,1,752.0,1
345316,hostaway,2027-10-12T00:00:00.000000,1,0,0,0,1,752.0,1
345316,hostaway,2027-10-13T00:00:00.000000,1,0,0,0,1,752.0,1
345316,hostaway,2027-10-14T00:00:00.000000,1,0,0,0,1,1123.0,1
345316,hostaway,2027-10-15T00:00:00.000000,1,0,0,0,1,1448.0,1
345316,hostaway,2027-10-16T00:00:00.000000,1,0,0,0,1,1448.0,1
345316,hostaway,2027-10-17T00:00:00.000000,1,0,0,0,1,1123.0,1
345316,hostaway,2027-10-18T00:00:00.000000,1,0,0,0,1,752.0,1
345316,hostaway,2027-10-19T00:00:00.000000,1,0,0,0,1,752.0,1
345316,hostaway,2027-10-20T00:00:00.000000,1,0,0,0,1,752.0,1
345316,hostaway,2027-10-21T00:00:00.000000,1,0,0,0,1,1123.0,1
345316,hostaway,2027-10-22T00:00:00.000000,1,0,0,0,1,1448.0,1
345316,hostaway,2027-10-23T00:00:00.000000,1,0,0,0,1,1448.0,1
345316,hostaway,2027-10-24T00:00:00.000000,1,0,0,0,1,1123.0,1
345316,hostaway,2027-10-25T00:00:00.000000,1,0,0,0,1,752.0,1
345316,hostaway,2027-10-26T00:00:00.000000,1,0,0,0,1,752.0,1
345316,hostaway,2027-10-27T00:00:00.000000,1,0,0,0,1,752.0,1
345316,hostaway,2027-10-28T00:00:00.000000,1,0,0,0,1,1123.0,1
345316,hostaway,2027-10-29T00:00:00.000000,1,0,0,0,1,1448.0,1
345316,hostaway,2027-10-30T00:00:00.000000,1,0,0,0,1,1448.0,1
345316,hostaway,2027-10-31T00:00:00.000000,1,0,0,0,1,1123.0,1
345316,hostaway,2027-11-01T00:00:00.000000,1,0,0,0,1,430.0,1
345316,hostaway,2027-11-02T00:00:00.000000,1,0,0,0,1,430.0,1
345316,hostaway,2027-11-03T00:00:00.000000,1,0,0,0,1,430.0,1
345316,hostaway,2027-11-04T00:00:00.000000,1,0,0,0,1,543.0,1
345316,hostaway,2027-11-05T00:00:00.000000,1,0,0,0,1,684.0,1
345316,hostaway,2027-11-06T00:00:00.000000,1,0,0,0,1,684.0,1
345316,hostaway,2027-11-07T00:00:00.000000,1,0,0,0,1,543.0,1
345316,hostaway,2027-11-08T00:00:00.000000,1,0,0,0,1,430.0,1
345316,hostaway,2027-11-09T00:00:00.000000,1,0,0,0,1,430.0,1
345316,hostaway,2027-11-10T00:00:00.000000,1,0,0,0,1,430.0,1
345316,hostaway,2027-11-11T00:00:00.000000,1,0,0,0,1,543.0,1
345316,hostaway,2027-11-12T00:00:00.000000,1,0,0,0,1,684.0,1
345316,hostaway,2027-11-13T00:00:00.000000,1,0,0,0,1,684.0,1
345316,hostaway,2027-11-14T00:00:00.000000,1,0,0,0,1,543.0,1
345316,hostaway,2027-11-15T00:00:00.000000,1,0,0,0,1,430.0,1
345316,hostaway,2027-11-16T00:00:00.000000,1,0,0,0,1,430.0,1
345316,hostaway,2027-11-17T00:00:00.000000,1,0,0,0,1,430.0,1
345316,hostaway,2027-11-18T00:00:00.000000,1,0,0,0,1,543.0,1
345316,hostaway,2027-11-19T00:00:00.000000,1,0,0,0,1,684.0,1
345316,hostaway,2027-11-20T00:00:00.000000,1,0,0,0,1,684.0,1
345316,hostaway,2027-11-21T00:00:00.000000,1,0,0,0,1,543.0,1
345316,hostaway,2027-11-22T00:00:00.000000,1,0,0,0,1,430.0,1
345316,hostaway,2027-11-23T00:00:00.000000,1,0,0,0,1,430.0,1
345316,hostaway,2027-11-24T00:00:00.000000,1,0,0,0,1,430.0,1
345316,hostaway,2027-11-25T00:00:00.000000,1,0,0,0,1,924.0,1
345316,hostaway,2027-11-26T00:00:00.000000,1,0,0,0,1,1164.0,1
345316,hostaway,2027-11-27T00:00:00.000000,1,0,0,0,1,1164.0,1
345316,hostaway,2027-11-28T00:00:00.000000,1,0,0,0,1,761.0,1
345316,hostaway,2027-11-29T00:00:00.000000,1,0,0,0,1,373.0,1
345316,hostaway,2027-11-30T00:00:00.000000,1,0,0,0,1,373.0,1
345316,hostaway,2027-12-01T00:00:00.000000,1,0,0,0,1,373.0,1
345316,hostaway,2027-12-02T00:00:00.000000,1,0,0,0,1,455.0,1
345316,hostaway,2027-12-03T00:00:00.000000,1,0,0,0,1,660.0,1
345316,hostaway,2027-12-04T00:00:00.000000,1,0,0,0,1,660.0,1
345316,hostaway,2027-12-05T00:00:00.000000,1,0,0,0,1,455.0,1
345316,hostaway,2027-12-06T00:00:00.000000,1,0,0,0,1,373.0,1
345316,hostaway,2027-12-07T00:00:00.000000,1,0,0,0,1,373.0,1
345316,hostaway,2027-12-08T00:00:00.000000,1,0,0,0,1,373.0,1
345316,hostaway,2027-12-09T00:00:00.000000,1,0,0,0,1,455.0,1
345316,hostaway,2027-12-10T00:00:00.000000,1,0,0,0,1,660.0,1
345316,hostaway,2027-12-11T00:00:00.000000,1,0,0,0,1,660.0,1
345316,hostaway,2027-12-12T00:00:00.000000,1,0,0,0,1,455.0,1
345316,hostaway,2027-12-13T00:00:00.000000,1,0,0,0,1,373.0,1
345316,hostaway,2027-12-14T00:00:00.000000,1,0,0,0,1,373.0,1
345316,hostaway,2027-12-15T00:00:00.000000,1,0,0,0,1,373.0,1
345316,hostaway,2027-12-16T00:00:00.000000,1,0,0,0,1,455.0,1
345316,hostaway,2027-12-17T00:00:00.000000,1,0,0,0,1,990.0,1
345316,hostaway,2027-12-18T00:00:00.000000,1,0,0,0,1,990.0,1
345316,hostaway,2027-12-19T00:00:00.000000,1,0,0,0,1,683.0,1
345316,hostaway,2027-12-20T00:00:00.000000,1,0,0,0,1,560.0,1
345316,hostaway,2027-12-21T00:00:00.000000,1,0,0,0,1,560.0,1
345316,hostaway,2027-12-22T00:00:00.000000,1,0,0,0,1,560.0,1
345316,hostaway,2027-12-23T00:00:00.000000,1,0,0,0,1,683.0,1
345316,hostaway,2027-12-24T00:00:00.000000,1,0,0,0,1,2310.0,1
345316,hostaway,2027-12-25T00:00:00.000000,1,0,0,0,1,2310.0,1
345316,hostaway,2027-12-26T00:00:00.000000,1,0,0,0,1,2210.0,1
345316,hostaway,2027-12-27T00:00:00.000000,1,0,0,0,1,373.0,1
345316,hostaway,2027-12-28T00:00:00.000000,1,0,0,0,1,373.0,1
345316,hostaway,2027-12-29T00:00:00.000000,1,0,0,0,1,373.0,1
345316,hostaway,2027-12-30T00:00:00.000000,1,0,0,0,1,2431.0,1
345316,hostaway,2027-12-31T00:00:00.000000,1,0,0,0,1,2542.0,1
345316,hostaway,2028-01-01T00:00:00.000000,1,0,0,0,1,2542.0,1
345316,hostaway,2028-01-02T00:00:00.000000,1,0,0,0,1,1216.0,1
345316,hostaway,2028-01-03T00:00:00.000000,1,0,0,0,1,516.0,1
345316,hostaway,2028-01-04T00:00:00.000000,1,0,0,0,1,516.0,1
345316,hostaway,2028-01-05T00:00:00.000000,1,0,0,0,1,516.0,1
345316,hostaway,2028-01-06T00:00:00.000000,1,0,0,0,1,652.0,1
345316,hostaway,2028-01-07T00:00:00.000000,1,0,0,0,1,821.0,1
345316,hostaway,2028-01-08T00:00:00.000000,1,0,0,0,1,821.0,1
345316,hostaway,2028-01-09T00:00:00.000000,1,0,0,0,1,652.0,1
366176,hostaway,2026-05-24T00:00:00.000000,1,1,0,0,1,0.0,0
366176,hostaway,2026-05-25T00:00:00.000000,1,1,0,0,1,0.0,0
366176,hostaway,2026-05-26T00:00:00.000000,1,1,0,0,1,0.0,0
366176,hostaway,2026-05-27T00:00:00.000000,1,0,0,0,1,0.0,1
366176,hostaway,2026-05-28T00:00:00.000000,1,1,0,0,1,0.0,0
366176,hostaway,2026-05-29T00:00:00.000000,1,1,0,0,1,0.0,0
366176,hostaway,2026-05-30T00:00:00.000000,1,1,0,0,1,0.0,0
366176,hostaway,2026-05-31T00:00:00.000000,1,1,0,0,1,0.0,0
366176,hostaway,2026-06-01T00:00:00.000000,1,0,0,0,1,0.0,1
366176,hostaway,2026-06-02T00:00:00.000000,1,0,0,0,1,0.0,1
366176,hostaway,2026-06-03T00:00:00.000000,1,1,0,0,1,0.0,0
366176,hostaway,2026-06-04T00:00:00.000000,1,1,0,0,1,0.0,0
366176,hostaway,2026-06-05T00:00:00.000000,1,1,0,0,1,0.0,0
366176,hostaway,2026-06-06T00:00:00.000000,1,1,0,0,1,0.0,0
366176,hostaway,2026-06-07T00:00:00.000000,1,1,0,0,1,0.0,0
366176,hostaway,2026-06-08T00:00:00.000000,1,1,0,0,1,0.0,0
366176,hostaway,2026-06-09T00:00:00.000000,1,1,0,0,1,0.0,0
366176,hostaway,2026-06-10T00:00:00.000000,1,1,0,0,1,0.0,0
366176,hostaway,2026-06-11T00:00:00.000000,1,1,0,0,1,0.0,0
366176,hostaway,2026-06-12T00:00:00.000000,1,1,0,0,1,0.0,0
366176,hostaway,2026-06-13T00:00:00.000000,1,1,0,0,1,0.0,0
366176,hostaway,2026-06-14T00:00:00.000000,1,1,0,0,1,0.0,0
366176,hostaway,2026-06-15T00:00:00.000000,1,0,0,0,1,0.0,1
366176,hostaway,2026-06-16T00:00:00.000000,1,0,0,0,1,0.0,1
366176,hostaway,2026-06-17T00:00:00.000000,1,1,0,0,1,0.0,0
366176,hostaway,2026-06-18T00:00:00.000000,1,1,0,0,1,0.0,0
366176,hostaway,2026-06-19T00:00:00.000000,1,1,0,0,1,0.0,0
366176,hostaway,2026-06-20T00:00:00.000000,1,1,0,0,1,0.0,0
366176,hostaway,2026-06-21T00:00:00.000000,1,1,0,0,1,0.0,0
366176,hostaway,2026-06-22T00:00:00.000000,1,1,0,0,1,0.0,0
366176,hostaway,2026-06-23T00:00:00.000000,1,1,0,0,1,262.0,0
366176,hostaway,2026-06-24T00:00:00.000000,1,1,0,0,1,395.0,0
366176,hostaway,2026-06-25T00:00:00.000000,1,1,0,0,1,564.0,0
366176,hostaway,2026-06-26T00:00:00.000000,1,1,0,0,1,432.0,0
366176,hostaway,2026-06-27T00:00:00.000000,1,0,0,0,1,412.0,1
366176,hostaway,2026-06-28T00:00:00.000000,1,1,0,0,1,523.0,0
366176,hostaway,2026-06-29T00:00:00.000000,1,1,0,0,1,395.0,0
366176,hostaway,2026-06-30T00:00:00.000000,1,1,0,0,1,395.0,0
366176,hostaway,2026-07-01T00:00:00.000000,1,1,0,0,1,395.0,0
366176,hostaway,2026-07-02T00:00:00.000000,1,0,0,0,1,433.0,1
366176,hostaway,2026-07-03T00:00:00.000000,1,1,0,0,1,1130.0,0
366176,hostaway,2026-07-04T00:00:00.000000,1,1,0,0,1,1130.0,0
366176,hostaway,2026-07-05T00:00:00.000000,1,1,0,0,1,422.0,0
366176,hostaway,2026-07-06T00:00:00.000000,1,1,0,0,1,353.0,0
366176,hostaway,2026-07-07T00:00:00.000000,1,1,0,0,1,395.0,0
366176,hostaway,2026-07-08T00:00:00.000000,1,1,0,0,1,395.0,0
366176,hostaway,2026-07-09T00:00:00.000000,1,1,0,0,1,564.0,0
366176,hostaway,2026-07-10T00:00:00.000000,1,1,0,0,1,1136.0,0
366176,hostaway,2026-07-11T00:00:00.000000,1,1,0,0,1,1136.0,0
366176,hostaway,2026-07-12T00:00:00.000000,1,1,0,0,1,564.0,0
366176,hostaway,2026-07-13T00:00:00.000000,1,1,0,0,1,592.0,0
366176,hostaway,2026-07-14T00:00:00.000000,1,1,0,0,1,395.0,0
366176,hostaway,2026-07-15T00:00:00.000000,1,1,0,0,1,395.0,0
366176,hostaway,2026-07-16T00:00:00.000000,1,1,0,0,1,564.0,0
366176,hostaway,2026-07-17T00:00:00.000000,1,1,0,0,1,1136.0,0
366176,hostaway,2026-07-18T00:00:00.000000,1,1,0,0,1,1136.0,0
366176,hostaway,2026-07-19T00:00:00.000000,1,1,0,0,1,564.0,0
366176,hostaway,2026-07-20T00:00:00.000000,1,1,0,0,1,466.0,0
366176,hostaway,2026-07-21T00:00:00.000000,1,1,0,0,1,395.0,0
366176,hostaway,2026-07-22T00:00:00.000000,1,1,0,0,1,395.0,0
366176,hostaway,2026-07-23T00:00:00.000000,1,1,0,0,1,564.0,0
366176,hostaway,2026-07-24T00:00:00.000000,1,1,0,0,1,1136.0,0
366176,hostaway,2026-07-25T00:00:00.000000,1,1,0,0,1,1136.0,0
366176,hostaway,2026-07-26T00:00:00.000000,1,0,0,0,1,422.0,1
366176,hostaway,2026-07-27T00:00:00.000000,1,0,0,0,1,353.0,1
366176,hostaway,2026-07-28T00:00:00.000000,1,1,0,0,1,395.0,0
366176,hostaway,2026-07-29T00:00:00.000000,1,1,0,0,1,395.0,0
366176,hostaway,2026-07-30T00:00:00.000000,1,1,0,0,1,564.0,0
366176,hostaway,2026-07-31T00:00:00.000000,1,0,0,0,1,960.0,1
366176,hostaway,2026-08-01T00:00:00.000000,1,0,0,0,1,960.0,1
366176,hostaway,2026-08-02T00:00:00.000000,1,0,0,0,1,564.0,1
366176,hostaway,2026-08-03T00:00:00.000000,1,0,0,0,1,353.0,1
366176,hostaway,2026-08-04T00:00:00.000000,1,0,0,0,1,298.0,1
366176,hostaway,2026-08-05T00:00:00.000000,1,0,0,0,1,298.0,1
366176,hostaway,2026-08-06T00:00:00.000000,1,0,0,0,1,468.0,1
366176,hostaway,2026-08-07T00:00:00.000000,1,0,0,0,1,702.0,1
366176,hostaway,2026-08-08T00:00:00.000000,1,0,0,0,1,772.0,1
366176,hostaway,2026-08-09T00:00:00.000000,1,0,0,0,1,468.0,1
366176,hostaway,2026-08-10T00:00:00.000000,1,1,0,0,1,332.0,0
366176,hostaway,2026-08-11T00:00:00.000000,1,1,0,0,1,332.0,0
366176,hostaway,2026-08-12T00:00:00.000000,1,0,0,0,1,327.0,1
366176,hostaway,2026-08-13T00:00:00.000000,1,0,0,0,1,468.0,1
366176,hostaway,2026-08-14T00:00:00.000000,1,0,0,0,1,702.0,1
366176,hostaway,2026-08-15T00:00:00.000000,1,0,0,0,1,702.0,1
366176,hostaway,2026-08-16T00:00:00.000000,1,1,0,0,1,468.0,0
366176,hostaway,2026-08-17T00:00:00.000000,1,1,0,0,1,332.0,0
366176,hostaway,2026-08-18T00:00:00.000000,1,0,0,0,1,298.0,1
366176,hostaway,2026-08-19T00:00:00.000000,1,1,0,0,1,332.0,0
366176,hostaway,2026-08-20T00:00:00.000000,1,1,0,0,1,468.0,0
366176,hostaway,2026-08-21T00:00:00.000000,1,1,0,0,1,702.0,0
366176,hostaway,2026-08-22T00:00:00.000000,1,1,0,0,1,702.0,0
366176,hostaway,2026-08-23T00:00:00.000000,1,1,0,0,1,468.0,0
366176,hostaway,2026-08-24T00:00:00.000000,1,0,0,0,1,353.0,1
366176,hostaway,2026-08-25T00:00:00.000000,1,0,0,0,1,298.0,1
366176,hostaway,2026-08-26T00:00:00.000000,1,1,0,0,1,332.0,0
366176,hostaway,2026-08-27T00:00:00.000000,1,1,0,0,1,468.0,0
366176,hostaway,2026-08-28T00:00:00.000000,1,0,0,0,1,559.0,1
366176,hostaway,2026-08-29T00:00:00.000000,1,1,0,0,1,702.0,0
366176,hostaway,2026-08-30T00:00:00.000000,1,1,0,0,1,468.0,0
366176,hostaway,2026-08-31T00:00:00.000000,1,0,0,0,1,353.0,1
366176,hostaway,2026-09-01T00:00:00.000000,1,0,0,0,1,263.0,1
366176,hostaway,2026-09-02T00:00:00.000000,1,0,0,0,1,263.0,1
366176,hostaway,2026-09-03T00:00:00.000000,1,0,0,0,1,412.0,1
366176,hostaway,2026-09-04T00:00:00.000000,1,0,0,0,1,890.0,1
366176,hostaway,2026-09-05T00:00:00.000000,1,0,0,0,1,890.0,1
366176,hostaway,2026-09-06T00:00:00.000000,1,0,0,0,1,588.0,1
366176,hostaway,2026-09-07T00:00:00.000000,1,0,0,0,1,432.0,1
366176,hostaway,2026-09-08T00:00:00.000000,1,0,0,0,1,294.0,1
366176,hostaway,2026-09-09T00:00:00.000000,1,0,0,0,1,294.0,1
366176,hostaway,2026-09-10T00:00:00.000000,1,0,0,0,1,339.0,1
366176,hostaway,2026-09-11T00:00:00.000000,1,1,0,0,1,627.0,0
366176,hostaway,2026-09-12T00:00:00.000000,1,1,0,0,1,627.0,0
366176,hostaway,2026-09-13T00:00:00.000000,1,1,0,0,1,412.0,0
366176,hostaway,2026-09-14T00:00:00.000000,1,0,0,0,1,318.0,1
366176,hostaway,2026-09-15T00:00:00.000000,1,0,0,0,1,294.0,1
366176,hostaway,2026-09-16T00:00:00.000000,1,0,0,0,1,294.0,1
366176,hostaway,2026-09-17T00:00:00.000000,1,1,0,0,1,412.0,0
366176,hostaway,2026-09-18T00:00:00.000000,1,1,0,0,1,627.0,0
366176,hostaway,2026-09-19T00:00:00.000000,1,1,0,0,1,627.0,0
366176,hostaway,2026-09-20T00:00:00.000000,1,0,0,0,1,372.0,1
366176,hostaway,2026-09-21T00:00:00.000000,1,0,0,0,1,323.0,1
366176,hostaway,2026-09-22T00:00:00.000000,1,0,0,0,1,323.0,1
366176,hostaway,2026-09-23T00:00:00.000000,1,0,0,0,1,323.0,1
366176,hostaway,2026-09-24T00:00:00.000000,1,1,0,0,1,412.0,0
366176,hostaway,2026-09-25T00:00:00.000000,1,1,0,0,1,627.0,0
366176,hostaway,2026-09-26T00:00:00.000000,1,0,0,0,1,627.0,1
366176,hostaway,2026-09-27T00:00:00.000000,1,0,0,0,1,412.0,1
366176,hostaway,2026-09-28T00:00:00.000000,1,0,0,0,1,294.0,1
366176,hostaway,2026-09-29T00:00:00.000000,1,0,0,0,1,294.0,1
366176,hostaway,2026-09-30T00:00:00.000000,1,0,0,0,1,294.0,1
366176,hostaway,2026-10-01T00:00:00.000000,1,0,0,0,1,358.0,1
366176,hostaway,2026-10-02T00:00:00.000000,1,1,0,0,1,552.0,0
366176,hostaway,2026-10-03T00:00:00.000000,1,1,0,0,1,552.0,0
366176,hostaway,2026-10-04T00:00:00.000000,1,0,0,0,1,358.0,1
366176,hostaway,2026-10-05T00:00:00.000000,1,0,0,0,1,262.0,1
366176,hostaway,2026-10-06T00:00:00.000000,1,0,0,0,1,262.0,1
366176,hostaway,2026-10-07T00:00:00.000000,1,0,0,0,1,262.0,1
366176,hostaway,2026-10-08T00:00:00.000000,1,0,0,0,1,358.0,1
366176,hostaway,2026-10-09T00:00:00.000000,1,0,0,0,1,552.0,1
366176,hostaway,2026-10-10T00:00:00.000000,1,0,0,0,1,552.0,1
366176,hostaway,2026-10-11T00:00:00.000000,1,0,0,0,1,358.0,1
366176,hostaway,2026-10-12T00:00:00.000000,1,0,0,0,1,262.0,1
366176,hostaway,2026-10-13T00:00:00.000000,1,0,0,0,1,262.0,1
366176,hostaway,2026-10-14T00:00:00.000000,1,0,0,0,1,262.0,1
366176,hostaway,2026-10-15T00:00:00.000000,1,0,0,0,1,358.0,1
366176,hostaway,2026-10-16T00:00:00.000000,1,0,0,0,1,610.0,1
366176,hostaway,2026-10-17T00:00:00.000000,1,0,0,0,1,610.0,1
366176,hostaway,2026-10-18T00:00:00.000000,1,0,0,0,1,358.0,1
366176,hostaway,2026-10-19T00:00:00.000000,1,0,0,0,1,262.0,1
366176,hostaway,2026-10-20T00:00:00.000000,1,0,0,0,1,262.0,1
366176,hostaway,2026-10-21T00:00:00.000000,1,0,0,0,1,262.0,1
366176,hostaway,2026-10-22T00:00:00.000000,1,0,0,0,1,358.0,1
366176,hostaway,2026-10-23T00:00:00.000000,1,0,0,0,1,552.0,1
366176,hostaway,2026-10-24T00:00:00.000000,1,0,0,0,1,552.0,1
366176,hostaway,2026-10-25T00:00:00.000000,1,0,0,0,1,358.0,1
366176,hostaway,2026-10-26T00:00:00.000000,1,0,0,0,1,262.0,1
366176,hostaway,2026-10-27T00:00:00.000000,1,0,0,0,1,262.0,1
366176,hostaway,2026-10-28T00:00:00.000000,1,0,0,0,1,262.0,1
366176,hostaway,2026-10-29T00:00:00.000000,1,0,0,0,1,358.0,1
366176,hostaway,2026-10-30T00:00:00.000000,1,0,0,0,1,552.0,1
366176,hostaway,2026-10-31T00:00:00.000000,1,0,0,0,1,552.0,1
366176,hostaway,2026-11-01T00:00:00.000000,1,0,0,0,1,315.0,1
366176,hostaway,2026-11-02T00:00:00.000000,1,0,0,0,1,262.0,1
366176,hostaway,2026-11-03T00:00:00.000000,1,0,0,0,1,262.0,1
366176,hostaway,2026-11-04T00:00:00.000000,1,0,0,0,1,262.0,1
366176,hostaway,2026-11-05T00:00:00.000000,1,0,0,0,1,315.0,1
366176,hostaway,2026-11-06T00:00:00.000000,1,0,0,0,1,487.0,1
366176,hostaway,2026-11-07T00:00:00.000000,1,0,0,0,1,487.0,1
366176,hostaway,2026-11-08T00:00:00.000000,1,0,0,0,1,315.0,1
366176,hostaway,2026-11-09T00:00:00.000000,1,0,0,0,1,262.0,1
366176,hostaway,2026-11-10T00:00:00.000000,1,0,0,0,1,262.0,1
366176,hostaway,2026-11-11T00:00:00.000000,1,0,0,0,1,262.0,1
366176,hostaway,2026-11-12T00:00:00.000000,1,0,0,0,1,315.0,1
366176,hostaway,2026-11-13T00:00:00.000000,1,0,0,0,1,487.0,1
366176,hostaway,2026-11-14T00:00:00.000000,1,0,0,0,1,487.0,1
366176,hostaway,2026-11-15T00:00:00.000000,1,0,0,0,1,315.0,1
366176,hostaway,2026-11-16T00:00:00.000000,1,0,0,0,1,262.0,1
366176,hostaway,2026-11-17T00:00:00.000000,1,0,0,0,1,262.0,1
366176,hostaway,2026-11-18T00:00:00.000000,1,0,0,0,1,262.0,1
366176,hostaway,2026-11-19T00:00:00.000000,1,0,0,0,1,315.0,1
366176,hostaway,2026-11-20T00:00:00.000000,1,0,0,0,1,487.0,1
366176,hostaway,2026-11-21T00:00:00.000000,1,0,0,0,1,487.0,1
366176,hostaway,2026-11-22T00:00:00.000000,1,0,0,0,1,315.0,1
366176,hostaway,2026-11-23T00:00:00.000000,1,0,0,0,1,262.0,1
366176,hostaway,2026-11-24T00:00:00.000000,1,0,0,0,1,262.0,1
366176,hostaway,2026-11-25T00:00:00.000000,1,0,0,0,1,262.0,1
366176,hostaway,2026-11-26T00:00:00.000000,1,0,0,0,1,470.0,1
366176,hostaway,2026-11-27T00:00:00.000000,1,0,0,0,1,487.0,1
366176,hostaway,2026-11-28T00:00:00.000000,1,0,0,0,1,487.0,1
366176,hostaway,2026-11-29T00:00:00.000000,1,0,0,0,1,315.0,1
366176,hostaway,2026-11-30T00:00:00.000000,1,0,0,0,1,262.0,1
366176,hostaway,2026-12-01T00:00:00.000000,1,0,0,0,1,262.0,1
366176,hostaway,2026-12-02T00:00:00.000000,1,0,0,0,1,262.0,1
366176,hostaway,2026-12-03T00:00:00.000000,1,0,0,0,1,276.0,1
366176,hostaway,2026-12-04T00:00:00.000000,1,0,0,0,1,432.0,1
366176,hostaway,2026-12-05T00:00:00.000000,1,0,0,0,1,432.0,1
366176,hostaway,2026-12-06T00:00:00.000000,1,0,0,0,1,276.0,1
366176,hostaway,2026-12-07T00:00:00.000000,1,0,0,0,1,262.0,1
366176,hostaway,2026-12-08T00:00:00.000000,1,0,0,0,1,262.0,1
366176,hostaway,2026-12-09T00:00:00.000000,1,0,0,0,1,262.0,1
366176,hostaway,2026-12-10T00:00:00.000000,1,0,0,0,1,276.0,1
366176,hostaway,2026-12-11T00:00:00.000000,1,0,0,0,1,432.0,1
366176,hostaway,2026-12-12T00:00:00.000000,1,0,0,0,1,432.0,1
366176,hostaway,2026-12-13T00:00:00.000000,1,0,0,0,1,276.0,1
366176,hostaway,2026-12-14T00:00:00.000000,1,0,0,0,1,262.0,1
366176,hostaway,2026-12-15T00:00:00.000000,1,0,0,0,1,262.0,1
366176,hostaway,2026-12-16T00:00:00.000000,1,0,0,0,1,262.0,1
366176,hostaway,2026-12-17T00:00:00.000000,1,0,0,0,1,341.0,1
366176,hostaway,2026-12-18T00:00:00.000000,1,0,0,0,1,534.0,1
366176,hostaway,2026-12-19T00:00:00.000000,1,0,0,0,1,534.0,1
366176,hostaway,2026-12-20T00:00:00.000000,1,0,0,0,1,341.0,1
366176,hostaway,2026-12-21T00:00:00.000000,1,0,0,0,1,262.0,1
366176,hostaway,2026-12-22T00:00:00.000000,1,0,0,0,1,262.0,1
366176,hostaway,2026-12-23T00:00:00.000000,1,0,0,0,1,262.0,1
366176,hostaway,2026-12-24T00:00:00.000000,1,0,0,0,1,528.0,1
366176,hostaway,2026-12-25T00:00:00.000000,1,0,0,0,1,849.0,1
366176,hostaway,2026-12-26T00:00:00.000000,1,0,0,0,1,849.0,1
366176,hostaway,2026-12-27T00:00:00.000000,1,0,0,0,1,399.0,1
366176,hostaway,2026-12-28T00:00:00.000000,1,0,0,0,1,330.0,1
366176,hostaway,2026-12-29T00:00:00.000000,1,0,0,0,1,330.0,1
366176,hostaway,2026-12-30T00:00:00.000000,1,0,0,0,1,1014.0,1
366176,hostaway,2026-12-31T00:00:00.000000,1,0,0,0,1,1035.0,1
366176,hostaway,2027-01-01T00:00:00.000000,1,0,0,0,1,451.0,1
366176,hostaway,2027-01-02T00:00:00.000000,1,0,0,0,1,451.0,1
366176,hostaway,2027-01-03T00:00:00.000000,1,0,0,0,1,262.0,1
366176,hostaway,2027-01-04T00:00:00.000000,1,0,0,0,1,262.0,1
366176,hostaway,2027-01-05T00:00:00.000000,1,0,0,0,1,262.0,1
366176,hostaway,2027-01-06T00:00:00.000000,1,0,0,0,1,294.0,1
366176,hostaway,2027-01-07T00:00:00.000000,1,0,0,0,1,357.0,1
366176,hostaway,2027-01-08T00:00:00.000000,1,0,0,0,1,438.0,1
366176,hostaway,2027-01-09T00:00:00.000000,1,0,0,0,1,438.0,1
366176,hostaway,2027-01-10T00:00:00.000000,1,0,0,0,1,357.0,1
366176,hostaway,2027-01-11T00:00:00.000000,1,0,0,0,1,262.0,1
366176,hostaway,2027-01-12T00:00:00.000000,1,0,0,0,1,262.0,1
366176,hostaway,2027-01-13T00:00:00.000000,1,0,0,0,1,262.0,1
366176,hostaway,2027-01-14T00:00:00.000000,1,0,0,0,1,311.0,1
366176,hostaway,2027-01-15T00:00:00.000000,1,0,0,0,1,504.0,1
366176,hostaway,2027-01-16T00:00:00.000000,1,0,0,0,1,504.0,1
366176,hostaway,2027-01-17T00:00:00.000000,1,0,0,0,1,410.0,1
366176,hostaway,2027-01-18T00:00:00.000000,1,0,0,0,1,330.0,1
366176,hostaway,2027-01-19T00:00:00.000000,1,0,0,0,1,262.0,1
366176,hostaway,2027-01-20T00:00:00.000000,1,0,0,0,1,262.0,1
366176,hostaway,2027-01-21T00:00:00.000000,1,0,0,0,1,311.0,1
366176,hostaway,2027-01-22T00:00:00.000000,1,0,0,0,1,378.0,1
366176,hostaway,2027-01-23T00:00:00.000000,1,0,0,0,1,378.0,1
366176,hostaway,2027-01-24T00:00:00.000000,1,0,0,0,1,311.0,1
366176,hostaway,2027-01-25T00:00:00.000000,1,0,0,0,1,262.0,1
366176,hostaway,2027-01-26T00:00:00.000000,1,0,0,0,1,262.0,1
366176,hostaway,2027-01-27T00:00:00.000000,1,0,0,0,1,262.0,1
366176,hostaway,2027-01-28T00:00:00.000000,1,0,0,0,1,311.0,1
366176,hostaway,2027-01-29T00:00:00.000000,1,0,0,0,1,378.0,1
366176,hostaway,2027-01-30T00:00:00.000000,1,0,0,0,1,378.0,1
366176,hostaway,2027-01-31T00:00:00.000000,1,0,0,0,1,311.0,1
366176,hostaway,2027-02-01T00:00:00.000000,1,0,0,0,1,262.0,1
366176,hostaway,2027-02-02T00:00:00.000000,1,0,0,0,1,262.0,1
366176,hostaway,2027-02-03T00:00:00.000000,1,0,0,0,1,262.0,1
366176,hostaway,2027-02-04T00:00:00.000000,1,0,0,0,1,311.0,1
366176,hostaway,2027-02-05T00:00:00.000000,1,0,0,0,1,378.0,1
366176,hostaway,2027-02-06T00:00:00.000000,1,0,0,0,1,378.0,1
366176,hostaway,2027-02-07T00:00:00.000000,1,0,0,0,1,311.0,1
366176,hostaway,2027-02-08T00:00:00.000000,1,0,0,0,1,262.0,1
366176,hostaway,2027-02-09T00:00:00.000000,1,0,0,0,1,262.0,1
366176,hostaway,2027-02-10T00:00:00.000000,1,0,0,0,1,262.0,1
366176,hostaway,2027-02-11T00:00:00.000000,1,0,0,0,1,311.0,1
366176,hostaway,2027-02-12T00:00:00.000000,1,0,0,0,1,547.0,1
366176,hostaway,2027-02-13T00:00:00.000000,1,0,0,0,1,547.0,1
366176,hostaway,2027-02-14T00:00:00.000000,1,0,0,0,1,447.0,1
366176,hostaway,2027-02-15T00:00:00.000000,1,0,0,0,1,359.0,1
366176,hostaway,2027-02-16T00:00:00.000000,1,0,0,0,1,262.0,1
366176,hostaway,2027-02-17T00:00:00.000000,1,0,0,0,1,262.0,1
366176,hostaway,2027-02-18T00:00:00.000000,1,0,0,0,1,311.0,1
366176,hostaway,2027-02-19T00:00:00.000000,1,0,0,0,1,378.0,1
366176,hostaway,2027-02-20T00:00:00.000000,1,0,0,0,1,378.0,1
366176,hostaway,2027-02-21T00:00:00.000000,1,0,0,0,1,311.0,1
366176,hostaway,2027-02-22T00:00:00.000000,1,0,0,0,1,262.0,1
366176,hostaway,2027-02-23T00:00:00.000000,1,0,0,0,1,262.0,1
366176,hostaway,2027-02-24T00:00:00.000000,1,0,0,0,1,262.0,1
366176,hostaway,2027-02-25T00:00:00.000000,1,0,0,0,1,297.0,1
366176,hostaway,2027-02-26T00:00:00.000000,1,0,0,0,1,378.0,1
366176,hostaway,2027-02-27T00:00:00.000000,1,0,0,0,1,378.0,1
366176,hostaway,2027-02-28T00:00:00.000000,1,0,0,0,1,297.0,1
366176,hostaway,2027-03-01T00:00:00.000000,1,0,0,0,1,279.0,1
366176,hostaway,2027-03-02T00:00:00.000000,1,0,0,0,1,279.0,1
366176,hostaway,2027-03-03T00:00:00.000000,1,0,0,0,1,279.0,1
366176,hostaway,2027-03-04T00:00:00.000000,1,0,0,0,1,347.0,1
366176,hostaway,2027-03-05T00:00:00.000000,1,0,0,0,1,412.0,1
366176,hostaway,2027-03-06T00:00:00.000000,1,0,0,0,1,412.0,1
366176,hostaway,2027-03-07T00:00:00.000000,1,0,0,0,1,347.0,1
366176,hostaway,2027-03-08T00:00:00.000000,1,0,0,0,1,279.0,1
366176,hostaway,2027-03-09T00:00:00.000000,1,0,0,0,1,279.0,1
366176,hostaway,2027-03-10T00:00:00.000000,1,0,0,0,1,279.0,1
366176,hostaway,2027-03-11T00:00:00.000000,1,0,0,0,1,347.0,1
366176,hostaway,2027-03-12T00:00:00.000000,1,0,0,0,1,412.0,1
366176,hostaway,2027-03-13T00:00:00.000000,1,0,0,0,1,412.0,1
366176,hostaway,2027-03-14T00:00:00.000000,1,0,0,0,1,347.0,1
366176,hostaway,2027-03-15T00:00:00.000000,1,0,0,0,1,279.0,1
366176,hostaway,2027-03-16T00:00:00.000000,1,0,0,0,1,279.0,1
366176,hostaway,2027-03-17T00:00:00.000000,1,0,0,0,1,279.0,1
366176,hostaway,2027-03-18T00:00:00.000000,1,0,0,0,1,347.0,1
366176,hostaway,2027-03-19T00:00:00.000000,1,0,0,0,1,412.0,1
366176,hostaway,2027-03-20T00:00:00.000000,1,0,0,0,1,412.0,1
366176,hostaway,2027-03-21T00:00:00.000000,1,0,0,0,1,347.0,1
366176,hostaway,2027-03-22T00:00:00.000000,1,0,0,0,1,279.0,1
366176,hostaway,2027-03-23T00:00:00.000000,1,0,0,0,1,279.0,1
366176,hostaway,2027-03-24T00:00:00.000000,1,0,0,0,1,279.0,1
366176,hostaway,2027-03-25T00:00:00.000000,1,0,0,0,1,347.0,1
366176,hostaway,2027-03-26T00:00:00.000000,1,0,0,0,1,594.0,1
366176,hostaway,2027-03-27T00:00:00.000000,1,1,0,0,1,594.0,0
366176,hostaway,2027-03-28T00:00:00.000000,1,1,0,0,1,504.0,0
366176,hostaway,2027-03-29T00:00:00.000000,1,0,0,0,1,410.0,1
366176,hostaway,2027-03-30T00:00:00.000000,1,0,0,0,1,410.0,1
366176,hostaway,2027-03-31T00:00:00.000000,1,0,0,0,1,410.0,1
366176,hostaway,2027-04-01T00:00:00.000000,1,0,0,0,1,724.0,1
366176,hostaway,2027-04-02T00:00:00.000000,1,0,0,0,1,911.0,1
366176,hostaway,2027-04-03T00:00:00.000000,1,0,0,0,1,911.0,1
366176,hostaway,2027-04-04T00:00:00.000000,1,0,0,0,1,724.0,1
366176,hostaway,2027-04-05T00:00:00.000000,1,0,0,0,1,613.0,1
366176,hostaway,2027-04-06T00:00:00.000000,1,0,0,0,1,613.0,1
366176,hostaway,2027-04-07T00:00:00.000000,1,0,0,0,1,613.0,1
366176,hostaway,2027-04-08T00:00:00.000000,1,0,0,0,1,571.0,1
366176,hostaway,2027-04-09T00:00:00.000000,1,0,0,0,1,718.0,1
366176,hostaway,2027-04-10T00:00:00.000000,1,0,0,0,1,718.0,1
366176,hostaway,2027-04-11T00:00:00.000000,1,0,0,0,1,571.0,1
366176,hostaway,2027-04-12T00:00:00.000000,1,0,0,0,1,336.0,1
366176,hostaway,2027-04-13T00:00:00.000000,1,0,0,0,1,336.0,1
366176,hostaway,2027-04-14T00:00:00.000000,1,0,0,0,1,336.0,1
366176,hostaway,2027-04-15T00:00:00.000000,1,0,0,0,1,395.0,1
366176,hostaway,2027-04-16T00:00:00.000000,1,0,0,0,1,504.0,1
366176,hostaway,2027-04-17T00:00:00.000000,1,0,0,0,1,504.0,1
366176,hostaway,2027-04-18T00:00:00.000000,1,0,0,0,1,395.0,1
366176,hostaway,2027-04-19T00:00:00.000000,1,0,0,0,1,336.0,1
366176,hostaway,2027-04-20T00:00:00.000000,1,0,0,0,1,336.0,1
366176,hostaway,2027-04-21T00:00:00.000000,1,0,0,0,1,336.0,1
366176,hostaway,2027-04-22T00:00:00.000000,1,0,0,0,1,395.0,1
366176,hostaway,2027-04-23T00:00:00.000000,1,0,0,0,1,504.0,1
366176,hostaway,2027-04-24T00:00:00.000000,1,0,0,0,1,504.0,1
366176,hostaway,2027-04-25T00:00:00.000000,1,0,0,0,1,395.0,1
366176,hostaway,2027-04-26T00:00:00.000000,1,0,0,0,1,336.0,1
366176,hostaway,2027-04-27T00:00:00.000000,1,0,0,0,1,336.0,1
366176,hostaway,2027-04-28T00:00:00.000000,1,0,0,0,1,336.0,1
366176,hostaway,2027-04-29T00:00:00.000000,1,0,0,0,1,395.0,1
366176,hostaway,2027-04-30T00:00:00.000000,1,0,0,0,1,504.0,1
366176,hostaway,2027-05-01T00:00:00.000000,1,0,0,0,1,504.0,1
366176,hostaway,2027-05-02T00:00:00.000000,1,0,0,0,1,395.0,1
366176,hostaway,2027-05-03T00:00:00.000000,1,0,0,0,1,336.0,1
366176,hostaway,2027-05-04T00:00:00.000000,1,0,0,0,1,336.0,1
366176,hostaway,2027-05-05T00:00:00.000000,1,0,0,0,1,336.0,1
366176,hostaway,2027-05-06T00:00:00.000000,1,0,0,0,1,674.0,1
366176,hostaway,2027-05-07T00:00:00.000000,1,0,0,0,1,837.0,1
366176,hostaway,2027-05-08T00:00:00.000000,1,0,0,0,1,837.0,1
366176,hostaway,2027-05-09T00:00:00.000000,1,0,0,0,1,676.0,1
366176,hostaway,2027-05-10T00:00:00.000000,1,0,0,0,1,366.0,1
366176,hostaway,2027-05-11T00:00:00.000000,1,0,0,0,1,353.0,1
366176,hostaway,2027-05-12T00:00:00.000000,1,0,0,0,1,355.0,1
366176,hostaway,2027-05-13T00:00:00.000000,1,0,0,0,1,621.0,1
366176,hostaway,2027-05-14T00:00:00.000000,1,0,0,0,1,772.0,1
366176,hostaway,2027-05-15T00:00:00.000000,1,0,0,0,1,775.0,1
366176,hostaway,2027-05-16T00:00:00.000000,1,0,0,0,1,664.0,1
366176,hostaway,2027-05-17T00:00:00.000000,1,0,0,0,1,383.0,1
366176,hostaway,2027-05-18T00:00:00.000000,1,0,0,0,1,383.0,1
366176,hostaway,2027-05-19T00:00:00.000000,1,0,0,0,1,385.0,1
366176,hostaway,2027-05-20T00:00:00.000000,1,0,0,0,1,674.0,1
366176,hostaway,2027-05-21T00:00:00.000000,1,0,0,0,1,834.0,1
366176,hostaway,2027-05-22T00:00:00.000000,1,0,0,0,1,837.0,1
366176,hostaway,2027-05-23T00:00:00.000000,1,0,0,0,1,681.0,1
366176,hostaway,2027-05-24T00:00:00.000000,1,0,0,0,1,395.0,1
366176,hostaway,2027-05-25T00:00:00.000000,1,0,0,0,1,397.0,1
366176,hostaway,2027-05-26T00:00:00.000000,1,0,0,0,1,399.0,1
366176,hostaway,2027-05-27T00:00:00.000000,1,0,0,0,1,766.0,1
366176,hostaway,2027-05-28T00:00:00.000000,1,0,0,0,1,1248.0,1
366176,hostaway,2027-05-29T00:00:00.000000,1,0,0,0,1,1252.0,1
366176,hostaway,2027-05-30T00:00:00.000000,1,0,0,0,1,856.0,1
366176,hostaway,2027-05-31T00:00:00.000000,1,0,0,0,1,554.0,1
366176,hostaway,2027-06-01T00:00:00.000000,1,0,0,0,1,457.0,1
366176,hostaway,2027-06-02T00:00:00.000000,1,0,0,0,1,438.0,1
366176,hostaway,2027-06-03T00:00:00.000000,1,0,0,0,1,753.0,1
366176,hostaway,2027-06-04T00:00:00.000000,1,0,0,0,1,931.0,1
366176,hostaway,2027-06-05T00:00:00.000000,1,0,0,0,1,934.0,1
366176,hostaway,2027-06-06T00:00:00.000000,1,0,0,0,1,760.0,1
366176,hostaway,2027-06-07T00:00:00.000000,1,0,0,0,1,449.0,1
366176,hostaway,2027-06-08T00:00:00.000000,1,0,0,0,1,451.0,1
366176,hostaway,2027-06-09T00:00:00.000000,1,0,0,0,1,453.0,1
366176,hostaway,2027-06-10T00:00:00.000000,1,0,0,0,1,772.0,1
366176,hostaway,2027-06-11T00:00:00.000000,1,0,0,0,1,954.0,1
366176,hostaway,2027-06-12T00:00:00.000000,1,0,0,0,1,957.0,1
366176,hostaway,2027-06-13T00:00:00.000000,1,0,0,0,1,780.0,1
366176,hostaway,2027-06-14T00:00:00.000000,1,0,0,0,1,464.0,1
366176,hostaway,2027-06-15T00:00:00.000000,1,0,0,0,1,489.0,1
366176,hostaway,2027-06-16T00:00:00.000000,1,0,0,0,1,491.0,1
366176,hostaway,2027-06-17T00:00:00.000000,1,0,0,0,1,792.0,1
366176,hostaway,2027-06-18T00:00:00.000000,1,0,0,0,1,977.0,1
366176,hostaway,2027-06-19T00:00:00.000000,1,0,0,0,1,981.0,1
366176,hostaway,2027-06-20T00:00:00.000000,1,0,0,0,1,800.0,1
366176,hostaway,2027-06-21T00:00:00.000000,1,0,0,0,1,478.0,1
366176,hostaway,2027-06-22T00:00:00.000000,1,0,0,0,1,505.0,1
366176,hostaway,2027-06-23T00:00:00.000000,1,0,0,0,1,483.0,1
366176,hostaway,2027-06-24T00:00:00.000000,1,0,0,0,1,809.0,1
366176,hostaway,2027-06-25T00:00:00.000000,1,0,0,0,1,995.0,1
366176,hostaway,2027-06-26T00:00:00.000000,1,0,0,0,1,995.0,1
366176,hostaway,2027-06-27T00:00:00.000000,1,0,0,0,1,809.0,1
366176,hostaway,2027-06-28T00:00:00.000000,1,0,0,0,1,483.0,1
366176,hostaway,2027-06-29T00:00:00.000000,1,0,0,0,1,483.0,1
366176,hostaway,2027-06-30T00:00:00.000000,1,0,0,0,1,483.0,1
366176,hostaway,2027-07-01T00:00:00.000000,1,0,0,0,1,809.0,1
366176,hostaway,2027-07-02T00:00:00.000000,1,0,0,0,1,1451.0,1
366176,hostaway,2027-07-03T00:00:00.000000,1,0,0,0,1,1451.0,1
366176,hostaway,2027-07-04T00:00:00.000000,1,0,0,0,1,890.0,1
366176,hostaway,2027-07-05T00:00:00.000000,1,0,0,0,1,594.0,1
366176,hostaway,2027-07-06T00:00:00.000000,1,0,0,0,1,594.0,1
366176,hostaway,2027-07-07T00:00:00.000000,1,0,0,0,1,594.0,1
366176,hostaway,2027-07-08T00:00:00.000000,1,0,0,0,1,881.0,1
366176,hostaway,2027-07-09T00:00:00.000000,1,0,0,0,1,1319.0,1
366176,hostaway,2027-07-10T00:00:00.000000,1,0,0,0,1,1319.0,1
366176,hostaway,2027-07-11T00:00:00.000000,1,0,0,0,1,881.0,1
366176,hostaway,2027-07-12T00:00:00.000000,1,0,0,0,1,594.0,1
366176,hostaway,2027-07-13T00:00:00.000000,1,0,0,0,1,594.0,1
366176,hostaway,2027-07-14T00:00:00.000000,1,0,0,0,1,594.0,1
366176,hostaway,2027-07-15T00:00:00.000000,1,0,0,0,1,881.0,1
366176,hostaway,2027-07-16T00:00:00.000000,1,0,0,0,1,1319.0,1
366176,hostaway,2027-07-17T00:00:00.000000,1,0,0,0,1,1319.0,1
366176,hostaway,2027-07-18T00:00:00.000000,1,0,0,0,1,881.0,1
366176,hostaway,2027-07-19T00:00:00.000000,1,0,0,0,1,594.0,1
366176,hostaway,2027-07-20T00:00:00.000000,1,0,0,0,1,594.0,1
366176,hostaway,2027-07-21T00:00:00.000000,1,0,0,0,1,594.0,1
366176,hostaway,2027-07-22T00:00:00.000000,1,0,0,0,1,881.0,1
366176,hostaway,2027-07-23T00:00:00.000000,1,0,0,0,1,1319.0,1
366176,hostaway,2027-07-24T00:00:00.000000,1,0,0,0,1,1319.0,1
366176,hostaway,2027-07-25T00:00:00.000000,1,0,0,0,1,881.0,1
366176,hostaway,2027-07-26T00:00:00.000000,1,0,0,0,1,594.0,1
366176,hostaway,2027-07-27T00:00:00.000000,1,0,0,0,1,594.0,1
366176,hostaway,2027-07-28T00:00:00.000000,1,0,0,0,1,594.0,1
366176,hostaway,2027-07-29T00:00:00.000000,1,0,0,0,1,881.0,1
366176,hostaway,2027-07-30T00:00:00.000000,1,0,0,0,1,1319.0,1
366176,hostaway,2027-07-31T00:00:00.000000,1,0,0,0,1,1319.0,1
366176,hostaway,2027-08-01T00:00:00.000000,1,0,0,0,1,881.0,1
366176,hostaway,2027-08-02T00:00:00.000000,1,0,0,0,1,594.0,1
366176,hostaway,2027-08-03T00:00:00.000000,1,0,0,0,1,594.0,1
366176,hostaway,2027-08-04T00:00:00.000000,1,0,0,0,1,594.0,1
366176,hostaway,2027-08-05T00:00:00.000000,1,0,0,0,1,881.0,1
366176,hostaway,2027-08-06T00:00:00.000000,1,0,0,0,1,1319.0,1
366176,hostaway,2027-08-07T00:00:00.000000,1,0,0,0,1,1319.0,1
366176,hostaway,2027-08-08T00:00:00.000000,1,0,0,0,1,881.0,1
366176,hostaway,2027-08-09T00:00:00.000000,1,0,0,0,1,594.0,1
366176,hostaway,2027-08-10T00:00:00.000000,1,0,0,0,1,594.0,1
366176,hostaway,2027-08-11T00:00:00.000000,1,0,0,0,1,594.0,1
366176,hostaway,2027-08-12T00:00:00.000000,1,0,0,0,1,881.0,1
366176,hostaway,2027-08-13T00:00:00.000000,1,0,0,0,1,1319.0,1
366176,hostaway,2027-08-14T00:00:00.000000,1,0,0,0,1,1319.0,1
366176,hostaway,2027-08-15T00:00:00.000000,1,0,0,0,1,881.0,1
366176,hostaway,2027-08-16T00:00:00.000000,1,0,0,0,1,594.0,1
366176,hostaway,2027-08-17T00:00:00.000000,1,0,0,0,1,594.0,1
366176,hostaway,2027-08-18T00:00:00.000000,1,0,0,0,1,594.0,1
366176,hostaway,2027-08-19T00:00:00.000000,1,0,0,0,1,881.0,1
366176,hostaway,2027-08-20T00:00:00.000000,1,0,0,0,1,1319.0,1
366176,hostaway,2027-08-21T00:00:00.000000,1,0,0,0,1,1319.0,1
366176,hostaway,2027-08-22T00:00:00.000000,1,0,0,0,1,881.0,1
366176,hostaway,2027-08-23T00:00:00.000000,1,0,0,0,1,594.0,1
366176,hostaway,2027-08-24T00:00:00.000000,1,0,0,0,1,594.0,1
366176,hostaway,2027-08-25T00:00:00.000000,1,0,0,0,1,594.0,1
366176,hostaway,2027-08-26T00:00:00.000000,1,0,0,0,1,881.0,1
366176,hostaway,2027-08-27T00:00:00.000000,1,0,0,0,1,1319.0,1
366176,hostaway,2027-08-28T00:00:00.000000,1,0,0,0,1,1319.0,1
366176,hostaway,2027-08-29T00:00:00.000000,1,0,0,0,1,881.0,1
366176,hostaway,2027-08-30T00:00:00.000000,1,0,0,0,1,594.0,1
366176,hostaway,2027-08-31T00:00:00.000000,1,0,0,0,1,594.0,1
366176,hostaway,2027-09-01T00:00:00.000000,1,0,0,0,1,594.0,1
366176,hostaway,2027-09-02T00:00:00.000000,1,0,0,0,1,809.0,1
366176,hostaway,2027-09-03T00:00:00.000000,1,0,0,0,1,1194.0,1
366176,hostaway,2027-09-04T00:00:00.000000,1,0,0,0,1,1194.0,1
366176,hostaway,2027-09-05T00:00:00.000000,1,0,0,0,1,849.0,1
366176,hostaway,2027-09-06T00:00:00.000000,1,0,0,0,1,580.0,1
366176,hostaway,2027-09-07T00:00:00.000000,1,0,0,0,1,483.0,1
366176,hostaway,2027-09-08T00:00:00.000000,1,0,0,0,1,483.0,1
366176,hostaway,2027-09-09T00:00:00.000000,1,0,0,0,1,809.0,1
366176,hostaway,2027-09-10T00:00:00.000000,1,0,0,0,1,995.0,1
366176,hostaway,2027-09-11T00:00:00.000000,1,0,0,0,1,995.0,1
366176,hostaway,2027-09-12T00:00:00.000000,1,0,0,0,1,809.0,1
366176,hostaway,2027-09-13T00:00:00.000000,1,0,0,0,1,483.0,1
366176,hostaway,2027-09-14T00:00:00.000000,1,0,0,0,1,483.0,1
366176,hostaway,2027-09-15T00:00:00.000000,1,0,0,0,1,483.0,1
366176,hostaway,2027-09-16T00:00:00.000000,1,0,0,0,1,809.0,1
366176,hostaway,2027-09-17T00:00:00.000000,1,0,0,0,1,995.0,1
366176,hostaway,2027-09-18T00:00:00.000000,1,0,0,0,1,995.0,1
366176,hostaway,2027-09-19T00:00:00.000000,1,0,0,0,1,809.0,1
366176,hostaway,2027-09-20T00:00:00.000000,1,0,0,0,1,483.0,1
366176,hostaway,2027-09-21T00:00:00.000000,1,0,0,0,1,483.0,1
366176,hostaway,2027-09-22T00:00:00.000000,1,0,0,0,1,483.0,1
366176,hostaway,2027-09-23T00:00:00.000000,1,0,0,0,1,809.0,1
366176,hostaway,2027-09-24T00:00:00.000000,1,0,0,0,1,995.0,1
366176,hostaway,2027-09-25T00:00:00.000000,1,0,0,0,1,995.0,1
366176,hostaway,2027-09-26T00:00:00.000000,1,0,0,0,1,809.0,1
366176,hostaway,2027-09-27T00:00:00.000000,1,0,0,0,1,483.0,1
366176,hostaway,2027-09-28T00:00:00.000000,1,0,0,0,1,483.0,1
366176,hostaway,2027-09-29T00:00:00.000000,1,0,0,0,1,483.0,1
366176,hostaway,2027-09-30T00:00:00.000000,1,0,0,0,1,809.0,1
366176,hostaway,2027-10-01T00:00:00.000000,1,0,0,0,1,995.0,1
366176,hostaway,2027-10-02T00:00:00.000000,1,0,0,0,1,995.0,1
366176,hostaway,2027-10-03T00:00:00.000000,1,0,0,0,1,809.0,1
366176,hostaway,2027-10-04T00:00:00.000000,1,0,0,0,1,483.0,1
366176,hostaway,2027-10-05T00:00:00.000000,1,0,0,0,1,483.0,1
366176,hostaway,2027-10-06T00:00:00.000000,1,0,0,0,1,483.0,1
366176,hostaway,2027-10-07T00:00:00.000000,1,0,0,0,1,809.0,1
366176,hostaway,2027-10-08T00:00:00.000000,1,0,0,0,1,995.0,1
366176,hostaway,2027-10-09T00:00:00.000000,1,0,0,0,1,995.0,1
366176,hostaway,2027-10-10T00:00:00.000000,1,0,0,0,1,809.0,1
366176,hostaway,2027-10-11T00:00:00.000000,1,0,0,0,1,483.0,1
366176,hostaway,2027-10-12T00:00:00.000000,1,0,0,0,1,483.0,1
366176,hostaway,2027-10-13T00:00:00.000000,1,0,0,0,1,483.0,1
366176,hostaway,2027-10-14T00:00:00.000000,1,0,0,0,1,809.0,1
366176,hostaway,2027-10-15T00:00:00.000000,1,0,0,0,1,995.0,1
366176,hostaway,2027-10-16T00:00:00.000000,1,0,0,0,1,995.0,1
366176,hostaway,2027-10-17T00:00:00.000000,1,0,0,0,1,809.0,1
366176,hostaway,2027-10-18T00:00:00.000000,1,0,0,0,1,483.0,1
366176,hostaway,2027-10-19T00:00:00.000000,1,0,0,0,1,483.0,1
366176,hostaway,2027-10-20T00:00:00.000000,1,0,0,0,1,483.0,1
366176,hostaway,2027-10-21T00:00:00.000000,1,0,0,0,1,809.0,1
366176,hostaway,2027-10-22T00:00:00.000000,1,0,0,0,1,995.0,1
366176,hostaway,2027-10-23T00:00:00.000000,1,0,0,0,1,995.0,1
366176,hostaway,2027-10-24T00:00:00.000000,1,0,0,0,1,809.0,1
366176,hostaway,2027-10-25T00:00:00.000000,1,0,0,0,1,483.0,1
366176,hostaway,2027-10-26T00:00:00.000000,1,0,0,0,1,483.0,1
366176,hostaway,2027-10-27T00:00:00.000000,1,0,0,0,1,483.0,1
366176,hostaway,2027-10-28T00:00:00.000000,1,0,0,0,1,809.0,1
366176,hostaway,2027-10-29T00:00:00.000000,1,0,0,0,1,995.0,1
366176,hostaway,2027-10-30T00:00:00.000000,1,0,0,0,1,995.0,1
366176,hostaway,2027-10-31T00:00:00.000000,1,0,0,0,1,809.0,1
366176,hostaway,2027-11-01T00:00:00.000000,1,0,0,0,1,324.0,1
366176,hostaway,2027-11-02T00:00:00.000000,1,0,0,0,1,324.0,1
366176,hostaway,2027-11-03T00:00:00.000000,1,0,0,0,1,324.0,1
366176,hostaway,2027-11-04T00:00:00.000000,1,0,0,0,1,394.0,1
366176,hostaway,2027-11-05T00:00:00.000000,1,0,0,0,1,474.0,1
366176,hostaway,2027-11-06T00:00:00.000000,1,0,0,0,1,474.0,1
366176,hostaway,2027-11-07T00:00:00.000000,1,0,0,0,1,394.0,1
366176,hostaway,2027-11-08T00:00:00.000000,1,0,0,0,1,324.0,1
366176,hostaway,2027-11-09T00:00:00.000000,1,0,0,0,1,324.0,1
366176,hostaway,2027-11-10T00:00:00.000000,1,0,0,0,1,324.0,1
366176,hostaway,2027-11-11T00:00:00.000000,1,0,0,0,1,394.0,1
366176,hostaway,2027-11-12T00:00:00.000000,1,0,0,0,1,474.0,1
366176,hostaway,2027-11-13T00:00:00.000000,1,0,0,0,1,474.0,1
366176,hostaway,2027-11-14T00:00:00.000000,1,0,0,0,1,394.0,1
366176,hostaway,2027-11-15T00:00:00.000000,1,0,0,0,1,324.0,1
366176,hostaway,2027-11-16T00:00:00.000000,1,0,0,0,1,324.0,1
366176,hostaway,2027-11-17T00:00:00.000000,1,0,0,0,1,324.0,1
366176,hostaway,2027-11-18T00:00:00.000000,1,0,0,0,1,394.0,1
366176,hostaway,2027-11-19T00:00:00.000000,1,0,0,0,1,474.0,1
366176,hostaway,2027-11-20T00:00:00.000000,1,0,0,0,1,474.0,1
366176,hostaway,2027-11-21T00:00:00.000000,1,0,0,0,1,394.0,1
366176,hostaway,2027-11-22T00:00:00.000000,1,0,0,0,1,324.0,1
366176,hostaway,2027-11-23T00:00:00.000000,1,0,0,0,1,324.0,1
366176,hostaway,2027-11-24T00:00:00.000000,1,0,0,0,1,324.0,1
366176,hostaway,2027-11-25T00:00:00.000000,1,0,0,0,1,670.0,1
366176,hostaway,2027-11-26T00:00:00.000000,1,0,0,0,1,806.0,1
366176,hostaway,2027-11-27T00:00:00.000000,1,0,0,0,1,806.0,1
366176,hostaway,2027-11-28T00:00:00.000000,1,0,0,0,1,552.0,1
366176,hostaway,2027-11-29T00:00:00.000000,1,0,0,0,1,304.0,1
366176,hostaway,2027-11-30T00:00:00.000000,1,0,0,0,1,304.0,1
366176,hostaway,2027-12-01T00:00:00.000000,1,0,0,0,1,304.0,1
366176,hostaway,2027-12-02T00:00:00.000000,1,0,0,0,1,333.0,1
366176,hostaway,2027-12-03T00:00:00.000000,1,0,0,0,1,394.0,1
366176,hostaway,2027-12-04T00:00:00.000000,1,0,0,0,1,394.0,1
366176,hostaway,2027-12-05T00:00:00.000000,1,0,0,0,1,333.0,1
366176,hostaway,2027-12-06T00:00:00.000000,1,0,0,0,1,304.0,1
366176,hostaway,2027-12-07T00:00:00.000000,1,0,0,0,1,304.0,1
366176,hostaway,2027-12-08T00:00:00.000000,1,0,0,0,1,304.0,1
366176,hostaway,2027-12-09T00:00:00.000000,1,0,0,0,1,333.0,1
366176,hostaway,2027-12-10T00:00:00.000000,1,0,0,0,1,394.0,1
366176,hostaway,2027-12-11T00:00:00.000000,1,0,0,0,1,394.0,1
366176,hostaway,2027-12-12T00:00:00.000000,1,0,0,0,1,333.0,1
366176,hostaway,2027-12-13T00:00:00.000000,1,0,0,0,1,304.0,1
366176,hostaway,2027-12-14T00:00:00.000000,1,0,0,0,1,304.0,1
366176,hostaway,2027-12-15T00:00:00.000000,1,0,0,0,1,304.0,1
366176,hostaway,2027-12-16T00:00:00.000000,1,0,0,0,1,333.0,1
366176,hostaway,2027-12-17T00:00:00.000000,1,0,0,0,1,591.0,1
366176,hostaway,2027-12-18T00:00:00.000000,1,0,0,0,1,591.0,1
366176,hostaway,2027-12-19T00:00:00.000000,1,0,0,0,1,500.0,1
366176,hostaway,2027-12-20T00:00:00.000000,1,0,0,0,1,456.0,1
366176,hostaway,2027-12-21T00:00:00.000000,1,0,0,0,1,456.0,1
366176,hostaway,2027-12-22T00:00:00.000000,1,0,0,0,1,456.0,1
366176,hostaway,2027-12-23T00:00:00.000000,1,0,0,0,1,500.0,1
366176,hostaway,2027-12-24T00:00:00.000000,1,0,0,0,1,1379.0,1
366176,hostaway,2027-12-25T00:00:00.000000,1,0,0,0,1,1379.0,1
366176,hostaway,2027-12-26T00:00:00.000000,1,0,0,0,1,1379.0,1
366176,hostaway,2027-12-27T00:00:00.000000,1,0,0,0,1,304.0,1
366176,hostaway,2027-12-28T00:00:00.000000,1,0,0,0,1,304.0,1
366176,hostaway,2027-12-29T00:00:00.000000,1,0,0,0,1,304.0,1
366176,hostaway,2027-12-30T00:00:00.000000,1,0,0,0,1,1517.0,1
366176,hostaway,2027-12-31T00:00:00.000000,1,0,0,0,1,1517.0,1
366176,hostaway,2028-01-01T00:00:00.000000,1,0,0,0,1,1517.0,1
366176,hostaway,2028-01-02T00:00:00.000000,1,0,0,0,1,758.0,1
366176,hostaway,2028-01-03T00:00:00.000000,1,0,0,0,1,389.0,1
366176,hostaway,2028-01-04T00:00:00.000000,1,0,0,0,1,389.0,1
366176,hostaway,2028-01-05T00:00:00.000000,1,0,0,0,1,389.0,1
366176,hostaway,2028-01-06T00:00:00.000000,1,0,0,0,1,473.0,1
366176,hostaway,2028-01-07T00:00:00.000000,1,0,0,0,1,569.0,1
366176,hostaway,2028-01-08T00:00:00.000000,1,0,0,0,1,569.0,1
366176,hostaway,2028-01-09T00:00:00.000000,1,0,0,0,1,473.0,1
376368,hostaway,2026-05-24T00:00:00.000000,1,0,0,0,1,0.0,1
376368,hostaway,2026-05-25T00:00:00.000000,1,1,0,0,1,0.0,0
376368,hostaway,2026-05-26T00:00:00.000000,1,1,0,0,1,0.0,0
376368,hostaway,2026-05-27T00:00:00.000000,1,1,0,0,1,0.0,0
376368,hostaway,2026-05-28T00:00:00.000000,1,1,0,0,1,0.0,0
376368,hostaway,2026-05-29T00:00:00.000000,1,1,0,0,1,0.0,0
376368,hostaway,2026-05-30T00:00:00.000000,1,1,0,0,1,0.0,0
376368,hostaway,2026-05-31T00:00:00.000000,1,1,0,0,1,0.0,0
376368,hostaway,2026-06-01T00:00:00.000000,1,1,0,0,1,0.0,0
376368,hostaway,2026-06-02T00:00:00.000000,1,1,0,0,1,0.0,0
376368,hostaway,2026-06-03T00:00:00.000000,1,1,0,0,1,0.0,0
376368,hostaway,2026-06-04T00:00:00.000000,1,0,0,0,1,0.0,1
376368,hostaway,2026-06-05T00:00:00.000000,1,1,0,0,1,0.0,0
376368,hostaway,2026-06-06T00:00:00.000000,1,1,0,0,1,0.0,0
376368,hostaway,2026-06-07T00:00:00.000000,1,1,0,0,1,0.0,0
376368,hostaway,2026-06-08T00:00:00.000000,1,1,0,0,1,0.0,0
376368,hostaway,2026-06-09T00:00:00.000000,1,1,0,0,1,0.0,0
376368,hostaway,2026-06-10T00:00:00.000000,1,1,0,0,1,0.0,0
376368,hostaway,2026-06-11T00:00:00.000000,1,1,0,0,1,0.0,0
376368,hostaway,2026-06-12T00:00:00.000000,1,1,0,0,1,0.0,0
376368,hostaway,2026-06-13T00:00:00.000000,1,1,0,0,1,0.0,0
376368,hostaway,2026-06-14T00:00:00.000000,1,1,0,0,1,0.0,0
376368,hostaway,2026-06-15T00:00:00.000000,1,1,0,0,1,0.0,0
376368,hostaway,2026-06-16T00:00:00.000000,1,1,0,0,1,0.0,0
376368,hostaway,2026-06-17T00:00:00.000000,1,1,0,0,1,0.0,0
376368,hostaway,2026-06-18T00:00:00.000000,1,1,0,0,1,0.0,0
376368,hostaway,2026-06-19T00:00:00.000000,1,1,0,0,1,0.0,0
376368,hostaway,2026-06-20T00:00:00.000000,1,1,0,0,1,0.0,0
376368,hostaway,2026-06-21T00:00:00.000000,1,1,0,0,1,0.0,0
376368,hostaway,2026-06-22T00:00:00.000000,1,1,0,0,1,0.0,0
376368,hostaway,2026-06-23T00:00:00.000000,1,1,0,0,1,183.0,0
376368,hostaway,2026-06-24T00:00:00.000000,1,1,0,0,1,204.0,0
376368,hostaway,2026-06-25T00:00:00.000000,1,1,0,0,1,351.0,0
376368,hostaway,2026-06-26T00:00:00.000000,1,1,0,0,1,301.0,0
376368,hostaway,2026-06-27T00:00:00.000000,1,1,0,0,1,757.0,0
376368,hostaway,2026-06-28T00:00:00.000000,1,1,0,0,1,355.0,0
376368,hostaway,2026-06-29T00:00:00.000000,1,1,0,0,1,240.0,0
376368,hostaway,2026-06-30T00:00:00.000000,1,1,0,0,1,240.0,0
376368,hostaway,2026-07-01T00:00:00.000000,1,1,0,0,1,240.0,0
376368,hostaway,2026-07-02T00:00:00.000000,1,1,0,0,1,269.0,0
376368,hostaway,2026-07-03T00:00:00.000000,1,1,0,0,1,1025.0,0
376368,hostaway,2026-07-04T00:00:00.000000,1,1,0,0,1,1025.0,0
376368,hostaway,2026-07-05T00:00:00.000000,1,1,0,0,1,313.0,0
376368,hostaway,2026-07-06T00:00:00.000000,1,1,0,0,1,254.0,0
376368,hostaway,2026-07-07T00:00:00.000000,1,1,0,0,1,254.0,0
376368,hostaway,2026-07-08T00:00:00.000000,1,1,0,0,1,254.0,0
376368,hostaway,2026-07-09T00:00:00.000000,1,1,0,0,1,353.0,0
376368,hostaway,2026-07-10T00:00:00.000000,1,1,0,0,1,869.0,0
376368,hostaway,2026-07-11T00:00:00.000000,1,1,0,0,1,869.0,0
376368,hostaway,2026-07-12T00:00:00.000000,1,1,0,0,1,353.0,0
376368,hostaway,2026-07-13T00:00:00.000000,1,1,0,0,1,353.0,0
376368,hostaway,2026-07-14T00:00:00.000000,1,1,0,0,1,239.0,0
376368,hostaway,2026-07-15T00:00:00.000000,1,1,0,0,1,239.0,0
376368,hostaway,2026-07-16T00:00:00.000000,1,0,0,0,1,353.0,1
376368,hostaway,2026-07-17T00:00:00.000000,1,0,0,0,1,780.0,1
376368,hostaway,2026-07-18T00:00:00.000000,1,0,0,0,1,780.0,1
376368,hostaway,2026-07-19T00:00:00.000000,1,0,0,0,1,353.0,1
376368,hostaway,2026-07-20T00:00:00.000000,1,0,0,0,1,254.0,1
376368,hostaway,2026-07-21T00:00:00.000000,1,1,0,0,1,254.0,0
376368,hostaway,2026-07-22T00:00:00.000000,1,1,0,0,1,254.0,0
376368,hostaway,2026-07-23T00:00:00.000000,1,0,0,0,1,353.0,1
376368,hostaway,2026-07-24T00:00:00.000000,1,0,0,0,1,780.0,1
376368,hostaway,2026-07-25T00:00:00.000000,1,0,0,0,1,780.0,1
376368,hostaway,2026-07-26T00:00:00.000000,1,0,0,0,1,353.0,1
376368,hostaway,2026-07-27T00:00:00.000000,1,1,0,0,1,254.0,0
376368,hostaway,2026-07-28T00:00:00.000000,1,1,0,0,1,254.0,0
376368,hostaway,2026-07-29T00:00:00.000000,1,1,0,0,1,254.0,0
376368,hostaway,2026-07-30T00:00:00.000000,1,1,0,0,1,353.0,0
376368,hostaway,2026-07-31T00:00:00.000000,1,0,0,0,1,780.0,1
376368,hostaway,2026-08-01T00:00:00.000000,1,0,0,0,1,780.0,1
376368,hostaway,2026-08-02T00:00:00.000000,1,0,0,0,1,353.0,1
376368,hostaway,2026-08-03T00:00:00.000000,1,0,0,0,1,320.0,1
376368,hostaway,2026-08-04T00:00:00.000000,1,0,0,0,1,279.0,1
376368,hostaway,2026-08-05T00:00:00.000000,1,0,0,0,1,279.0,1
376368,hostaway,2026-08-06T00:00:00.000000,1,0,0,0,1,306.0,1
376368,hostaway,2026-08-07T00:00:00.000000,1,1,0,0,1,664.0,0
376368,hostaway,2026-08-08T00:00:00.000000,1,1,0,0,1,664.0,0
376368,hostaway,2026-08-09T00:00:00.000000,1,0,0,0,1,432.0,1
376368,hostaway,2026-08-10T00:00:00.000000,1,0,0,0,1,517.0,1
376368,hostaway,2026-08-11T00:00:00.000000,1,0,0,0,1,438.0,1
376368,hostaway,2026-08-12T00:00:00.000000,1,0,0,0,1,307.0,1
376368,hostaway,2026-08-13T00:00:00.000000,1,0,0,0,1,432.0,1
376368,hostaway,2026-08-14T00:00:00.000000,1,0,0,0,1,664.0,1
376368,hostaway,2026-08-15T00:00:00.000000,1,0,0,0,1,664.0,1
376368,hostaway,2026-08-16T00:00:00.000000,1,0,0,0,1,569.0,1
376368,hostaway,2026-08-17T00:00:00.000000,1,0,0,0,1,378.0,1
376368,hostaway,2026-08-18T00:00:00.000000,1,0,0,0,1,279.0,1
376368,hostaway,2026-08-19T00:00:00.000000,1,0,0,0,1,296.0,1
376368,hostaway,2026-08-20T00:00:00.000000,1,0,0,0,1,464.0,1
376368,hostaway,2026-08-21T00:00:00.000000,1,0,0,0,1,772.0,1
376368,hostaway,2026-08-22T00:00:00.000000,1,0,0,0,1,888.0,1
376368,hostaway,2026-08-23T00:00:00.000000,1,0,0,0,1,464.0,1
376368,hostaway,2026-08-24T00:00:00.000000,1,0,0,0,1,343.0,1
376368,hostaway,2026-08-25T00:00:00.000000,1,0,0,0,1,296.0,1
376368,hostaway,2026-08-26T00:00:00.000000,1,0,0,0,1,296.0,1
376368,hostaway,2026-08-27T00:00:00.000000,1,0,0,0,1,464.0,1
376368,hostaway,2026-08-28T00:00:00.000000,1,0,0,0,1,697.0,1
376368,hostaway,2026-08-29T00:00:00.000000,1,0,0,0,1,697.0,1
376368,hostaway,2026-08-30T00:00:00.000000,1,0,0,0,1,464.0,1
376368,hostaway,2026-08-31T00:00:00.000000,1,0,0,0,1,343.0,1
376368,hostaway,2026-09-01T00:00:00.000000,1,0,0,0,1,261.0,1
376368,hostaway,2026-09-02T00:00:00.000000,1,1,0,0,1,292.0,0
376368,hostaway,2026-09-03T00:00:00.000000,1,1,0,0,1,404.0,0
376368,hostaway,2026-09-04T00:00:00.000000,1,0,0,0,1,1084.0,1
376368,hostaway,2026-09-05T00:00:00.000000,1,0,0,0,1,1084.0,1
376368,hostaway,2026-09-06T00:00:00.000000,1,0,0,0,1,716.0,1
376368,hostaway,2026-09-07T00:00:00.000000,1,0,0,0,1,427.0,1
376368,hostaway,2026-09-08T00:00:00.000000,1,0,0,0,1,292.0,1
376368,hostaway,2026-09-09T00:00:00.000000,1,0,0,0,1,292.0,1
376368,hostaway,2026-09-10T00:00:00.000000,1,0,0,0,1,404.0,1
376368,hostaway,2026-09-11T00:00:00.000000,1,0,0,0,1,843.0,1
376368,hostaway,2026-09-12T00:00:00.000000,1,0,0,0,1,843.0,1
376368,hostaway,2026-09-13T00:00:00.000000,1,0,0,0,1,530.0,1
376368,hostaway,2026-09-14T00:00:00.000000,1,0,0,0,1,318.0,1
376368,hostaway,2026-09-15T00:00:00.000000,1,0,0,0,1,292.0,1
376368,hostaway,2026-09-16T00:00:00.000000,1,0,0,0,1,292.0,1
376368,hostaway,2026-09-17T00:00:00.000000,1,0,0,0,1,404.0,1
376368,hostaway,2026-09-18T00:00:00.000000,1,0,0,0,1,627.0,1
376368,hostaway,2026-09-19T00:00:00.000000,1,0,0,0,1,627.0,1
376368,hostaway,2026-09-20T00:00:00.000000,1,0,0,0,1,404.0,1
376368,hostaway,2026-09-21T00:00:00.000000,1,1,0,0,1,292.0,0
376368,hostaway,2026-09-22T00:00:00.000000,1,1,0,0,1,292.0,0
376368,hostaway,2026-09-23T00:00:00.000000,1,1,0,0,1,292.0,0
376368,hostaway,2026-09-24T00:00:00.000000,1,1,0,0,1,404.0,0
376368,hostaway,2026-09-25T00:00:00.000000,1,0,0,0,1,627.0,1
376368,hostaway,2026-09-26T00:00:00.000000,1,0,0,0,1,627.0,1
376368,hostaway,2026-09-27T00:00:00.000000,1,0,0,0,1,404.0,1
376368,hostaway,2026-09-28T00:00:00.000000,1,0,0,0,1,292.0,1
376368,hostaway,2026-09-29T00:00:00.000000,1,0,0,0,1,292.0,1
376368,hostaway,2026-09-30T00:00:00.000000,1,0,0,0,1,292.0,1
376368,hostaway,2026-10-01T00:00:00.000000,1,0,0,0,1,355.0,1
376368,hostaway,2026-10-02T00:00:00.000000,1,0,0,0,1,547.0,1
376368,hostaway,2026-10-03T00:00:00.000000,1,1,0,0,1,547.0,0
376368,hostaway,2026-10-04T00:00:00.000000,1,1,0,0,1,355.0,0
376368,hostaway,2026-10-05T00:00:00.000000,1,0,0,0,1,255.0,1
376368,hostaway,2026-10-06T00:00:00.000000,1,0,0,0,1,255.0,1
376368,hostaway,2026-10-07T00:00:00.000000,1,0,0,0,1,255.0,1
376368,hostaway,2026-10-08T00:00:00.000000,1,0,0,0,1,355.0,1
376368,hostaway,2026-10-09T00:00:00.000000,1,0,0,0,1,547.0,1
376368,hostaway,2026-10-10T00:00:00.000000,1,0,0,0,1,547.0,1
376368,hostaway,2026-10-11T00:00:00.000000,1,0,0,0,1,355.0,1
376368,hostaway,2026-10-12T00:00:00.000000,1,0,0,0,1,255.0,1
376368,hostaway,2026-10-13T00:00:00.000000,1,0,0,0,1,255.0,1
376368,hostaway,2026-10-14T00:00:00.000000,1,0,0,0,1,255.0,1
376368,hostaway,2026-10-15T00:00:00.000000,1,0,0,0,1,355.0,1
376368,hostaway,2026-10-16T00:00:00.000000,1,1,0,0,1,547.0,0
376368,hostaway,2026-10-17T00:00:00.000000,1,1,0,0,1,547.0,0
376368,hostaway,2026-10-18T00:00:00.000000,1,0,0,0,1,355.0,1
376368,hostaway,2026-10-19T00:00:00.000000,1,0,0,0,1,255.0,1
376368,hostaway,2026-10-20T00:00:00.000000,1,0,0,0,1,255.0,1
376368,hostaway,2026-10-21T00:00:00.000000,1,0,0,0,1,255.0,1
376368,hostaway,2026-10-22T00:00:00.000000,1,0,0,0,1,355.0,1
376368,hostaway,2026-10-23T00:00:00.000000,1,0,0,0,1,547.0,1
376368,hostaway,2026-10-24T00:00:00.000000,1,0,0,0,1,547.0,1
376368,hostaway,2026-10-25T00:00:00.000000,1,1,0,0,1,355.0,0
376368,hostaway,2026-10-26T00:00:00.000000,1,1,0,0,1,255.0,0
376368,hostaway,2026-10-27T00:00:00.000000,1,1,0,0,1,255.0,0
376368,hostaway,2026-10-28T00:00:00.000000,1,0,0,0,1,255.0,1
376368,hostaway,2026-10-29T00:00:00.000000,1,0,0,0,1,355.0,1
376368,hostaway,2026-10-30T00:00:00.000000,1,0,0,0,1,547.0,1
376368,hostaway,2026-10-31T00:00:00.000000,1,0,0,0,1,547.0,1
376368,hostaway,2026-11-01T00:00:00.000000,1,0,0,0,1,313.0,1
376368,hostaway,2026-11-02T00:00:00.000000,1,0,0,0,1,217.0,1
376368,hostaway,2026-11-03T00:00:00.000000,1,0,0,0,1,217.0,1
376368,hostaway,2026-11-04T00:00:00.000000,1,0,0,0,1,217.0,1
376368,hostaway,2026-11-05T00:00:00.000000,1,0,0,0,1,313.0,1
376368,hostaway,2026-11-06T00:00:00.000000,1,0,0,0,1,484.0,1
376368,hostaway,2026-11-07T00:00:00.000000,1,0,0,0,1,484.0,1
376368,hostaway,2026-11-08T00:00:00.000000,1,0,0,0,1,313.0,1
376368,hostaway,2026-11-09T00:00:00.000000,1,0,0,0,1,217.0,1
376368,hostaway,2026-11-10T00:00:00.000000,1,0,0,0,1,217.0,1
376368,hostaway,2026-11-11T00:00:00.000000,1,0,0,0,1,217.0,1
376368,hostaway,2026-11-12T00:00:00.000000,1,0,0,0,1,313.0,1
376368,hostaway,2026-11-13T00:00:00.000000,1,0,0,0,1,484.0,1
376368,hostaway,2026-11-14T00:00:00.000000,1,0,0,0,1,484.0,1
376368,hostaway,2026-11-15T00:00:00.000000,1,0,0,0,1,313.0,1
376368,hostaway,2026-11-16T00:00:00.000000,1,0,0,0,1,217.0,1
376368,hostaway,2026-11-17T00:00:00.000000,1,0,0,0,1,217.0,1
376368,hostaway,2026-11-18T00:00:00.000000,1,0,0,0,1,217.0,1
376368,hostaway,2026-11-19T00:00:00.000000,1,0,0,0,1,313.0,1
376368,hostaway,2026-11-20T00:00:00.000000,1,0,0,0,1,484.0,1
376368,hostaway,2026-11-21T00:00:00.000000,1,0,0,0,1,484.0,1
376368,hostaway,2026-11-22T00:00:00.000000,1,0,0,0,1,313.0,1
376368,hostaway,2026-11-23T00:00:00.000000,1,0,0,0,1,217.0,1
376368,hostaway,2026-11-24T00:00:00.000000,1,0,0,0,1,217.0,1
376368,hostaway,2026-11-25T00:00:00.000000,1,0,0,0,1,217.0,1
376368,hostaway,2026-11-26T00:00:00.000000,1,0,0,0,1,474.0,1
376368,hostaway,2026-11-27T00:00:00.000000,1,0,0,0,1,484.0,1
376368,hostaway,2026-11-28T00:00:00.000000,1,0,0,0,1,484.0,1
376368,hostaway,2026-11-29T00:00:00.000000,1,0,0,0,1,313.0,1
376368,hostaway,2026-11-30T00:00:00.000000,1,0,0,0,1,217.0,1
376368,hostaway,2026-12-01T00:00:00.000000,1,0,0,0,1,183.0,1
376368,hostaway,2026-12-02T00:00:00.000000,1,0,0,0,1,183.0,1
376368,hostaway,2026-12-03T00:00:00.000000,1,0,0,0,1,276.0,1
376368,hostaway,2026-12-04T00:00:00.000000,1,0,0,0,1,424.0,1
376368,hostaway,2026-12-05T00:00:00.000000,1,0,0,0,1,424.0,1
376368,hostaway,2026-12-06T00:00:00.000000,1,0,0,0,1,276.0,1
376368,hostaway,2026-12-07T00:00:00.000000,1,0,0,0,1,183.0,1
376368,hostaway,2026-12-08T00:00:00.000000,1,0,0,0,1,183.0,1
376368,hostaway,2026-12-09T00:00:00.000000,1,0,0,0,1,183.0,1
376368,hostaway,2026-12-10T00:00:00.000000,1,0,0,0,1,276.0,1
376368,hostaway,2026-12-11T00:00:00.000000,1,0,0,0,1,424.0,1
376368,hostaway,2026-12-12T00:00:00.000000,1,0,0,0,1,424.0,1
376368,hostaway,2026-12-13T00:00:00.000000,1,0,0,0,1,276.0,1
376368,hostaway,2026-12-14T00:00:00.000000,1,0,0,0,1,183.0,1
376368,hostaway,2026-12-15T00:00:00.000000,1,0,0,0,1,183.0,1
376368,hostaway,2026-12-16T00:00:00.000000,1,0,0,0,1,183.0,1
376368,hostaway,2026-12-17T00:00:00.000000,1,0,0,0,1,337.0,1
376368,hostaway,2026-12-18T00:00:00.000000,1,0,0,0,1,526.0,1
376368,hostaway,2026-12-19T00:00:00.000000,1,0,0,0,1,526.0,1
376368,hostaway,2026-12-20T00:00:00.000000,1,0,0,0,1,337.0,1
376368,hostaway,2026-12-21T00:00:00.000000,1,0,0,0,1,238.0,1
376368,hostaway,2026-12-22T00:00:00.000000,1,0,0,0,1,238.0,1
376368,hostaway,2026-12-23T00:00:00.000000,1,0,0,0,1,238.0,1
376368,hostaway,2026-12-24T00:00:00.000000,1,0,0,0,1,520.0,1
376368,hostaway,2026-12-25T00:00:00.000000,1,0,0,0,1,850.0,1
376368,hostaway,2026-12-26T00:00:00.000000,1,0,0,0,1,850.0,1
376368,hostaway,2026-12-27T00:00:00.000000,1,0,0,0,1,397.0,1
376368,hostaway,2026-12-28T00:00:00.000000,1,0,0,0,1,324.0,1
376368,hostaway,2026-12-29T00:00:00.000000,1,0,0,0,1,324.0,1
376368,hostaway,2026-12-30T00:00:00.000000,1,0,0,0,1,1011.0,1
376368,hostaway,2026-12-31T00:00:00.000000,1,0,0,0,1,1039.0,1
376368,hostaway,2027-01-01T00:00:00.000000,1,1,0,0,1,445.0,0
376368,hostaway,2027-01-02T00:00:00.000000,1,1,0,0,1,445.0,0
376368,hostaway,2027-01-03T00:00:00.000000,1,0,0,0,1,256.0,1
376368,hostaway,2027-01-04T00:00:00.000000,1,0,0,0,1,218.0,1
376368,hostaway,2027-01-05T00:00:00.000000,1,0,0,0,1,218.0,1
376368,hostaway,2027-01-06T00:00:00.000000,1,1,0,0,1,218.0,0
376368,hostaway,2027-01-07T00:00:00.000000,1,1,0,0,1,290.0,0
376368,hostaway,2027-01-08T00:00:00.000000,1,1,0,0,1,337.0,0
376368,hostaway,2027-01-09T00:00:00.000000,1,1,0,0,1,337.0,0
376368,hostaway,2027-01-10T00:00:00.000000,1,0,0,0,1,334.0,1
376368,hostaway,2027-01-11T00:00:00.000000,1,0,0,0,1,218.0,1
376368,hostaway,2027-01-12T00:00:00.000000,1,0,0,0,1,218.0,1
376368,hostaway,2027-01-13T00:00:00.000000,1,0,0,0,1,218.0,1
376368,hostaway,2027-01-14T00:00:00.000000,1,0,0,0,1,290.0,1
376368,hostaway,2027-01-15T00:00:00.000000,1,0,0,0,1,445.0,1
376368,hostaway,2027-01-16T00:00:00.000000,1,0,0,0,1,445.0,1
376368,hostaway,2027-01-17T00:00:00.000000,1,0,0,0,1,381.0,1
376368,hostaway,2027-01-18T00:00:00.000000,1,0,0,0,1,297.0,1
376368,hostaway,2027-01-19T00:00:00.000000,1,0,0,0,1,218.0,1
376368,hostaway,2027-01-20T00:00:00.000000,1,0,0,0,1,218.0,1
376368,hostaway,2027-01-21T00:00:00.000000,1,0,0,0,1,290.0,1
376368,hostaway,2027-01-22T00:00:00.000000,1,0,0,0,1,337.0,1
376368,hostaway,2027-01-23T00:00:00.000000,1,0,0,0,1,337.0,1
376368,hostaway,2027-01-24T00:00:00.000000,1,0,0,0,1,290.0,1
376368,hostaway,2027-01-25T00:00:00.000000,1,0,0,0,1,218.0,1
376368,hostaway,2027-01-26T00:00:00.000000,1,0,0,0,1,218.0,1
376368,hostaway,2027-01-27T00:00:00.000000,1,0,0,0,1,218.0,1
376368,hostaway,2027-01-28T00:00:00.000000,1,0,0,0,1,290.0,1
376368,hostaway,2027-01-29T00:00:00.000000,1,0,0,0,1,337.0,1
376368,hostaway,2027-01-30T00:00:00.000000,1,0,0,0,1,337.0,1
376368,hostaway,2027-01-31T00:00:00.000000,1,0,0,0,1,290.0,1
376368,hostaway,2027-02-01T00:00:00.000000,1,0,0,0,1,218.0,1
376368,hostaway,2027-02-02T00:00:00.000000,1,0,0,0,1,218.0,1
376368,hostaway,2027-02-03T00:00:00.000000,1,0,0,0,1,218.0,1
376368,hostaway,2027-02-04T00:00:00.000000,1,0,0,0,1,290.0,1
376368,hostaway,2027-02-05T00:00:00.000000,1,0,0,0,1,337.0,1
376368,hostaway,2027-02-06T00:00:00.000000,1,0,0,0,1,337.0,1
376368,hostaway,2027-02-07T00:00:00.000000,1,0,0,0,1,290.0,1
376368,hostaway,2027-02-08T00:00:00.000000,1,0,0,0,1,218.0,1
376368,hostaway,2027-02-09T00:00:00.000000,1,0,0,0,1,218.0,1
376368,hostaway,2027-02-10T00:00:00.000000,1,0,0,0,1,218.0,1
376368,hostaway,2027-02-11T00:00:00.000000,1,0,0,0,1,290.0,1
376368,hostaway,2027-02-12T00:00:00.000000,1,0,0,0,1,486.0,1
376368,hostaway,2027-02-13T00:00:00.000000,1,0,0,0,1,486.0,1
376368,hostaway,2027-02-14T00:00:00.000000,1,0,0,0,1,412.0,1
376368,hostaway,2027-02-15T00:00:00.000000,1,0,0,0,1,324.0,1
376368,hostaway,2027-02-16T00:00:00.000000,1,0,0,0,1,218.0,1
376368,hostaway,2027-02-17T00:00:00.000000,1,0,0,0,1,218.0,1
376368,hostaway,2027-02-18T00:00:00.000000,1,0,0,0,1,290.0,1
376368,hostaway,2027-02-19T00:00:00.000000,1,0,0,0,1,337.0,1
376368,hostaway,2027-02-20T00:00:00.000000,1,0,0,0,1,337.0,1
376368,hostaway,2027-02-21T00:00:00.000000,1,0,0,0,1,290.0,1
376368,hostaway,2027-02-22T00:00:00.000000,1,0,0,0,1,218.0,1
376368,hostaway,2027-02-23T00:00:00.000000,1,0,0,0,1,218.0,1
376368,hostaway,2027-02-24T00:00:00.000000,1,0,0,0,1,218.0,1
376368,hostaway,2027-02-25T00:00:00.000000,1,0,0,0,1,274.0,1
376368,hostaway,2027-02-26T00:00:00.000000,1,0,0,0,1,337.0,1
376368,hostaway,2027-02-27T00:00:00.000000,1,0,0,0,1,337.0,1
376368,hostaway,2027-02-28T00:00:00.000000,1,0,0,0,1,274.0,1
376368,hostaway,2027-03-01T00:00:00.000000,1,0,0,0,1,255.0,1
376368,hostaway,2027-03-02T00:00:00.000000,1,0,0,0,1,255.0,1
376368,hostaway,2027-03-03T00:00:00.000000,1,0,0,0,1,255.0,1
376368,hostaway,2027-03-04T00:00:00.000000,1,0,0,0,1,303.0,1
376368,hostaway,2027-03-05T00:00:00.000000,1,0,0,0,1,355.0,1
376368,hostaway,2027-03-06T00:00:00.000000,1,0,0,0,1,355.0,1
376368,hostaway,2027-03-07T00:00:00.000000,1,0,0,0,1,303.0,1
376368,hostaway,2027-03-08T00:00:00.000000,1,0,0,0,1,255.0,1
376368,hostaway,2027-03-09T00:00:00.000000,1,0,0,0,1,255.0,1
376368,hostaway,2027-03-10T00:00:00.000000,1,0,0,0,1,255.0,1
376368,hostaway,2027-03-11T00:00:00.000000,1,0,0,0,1,303.0,1
376368,hostaway,2027-03-12T00:00:00.000000,1,0,0,0,1,355.0,1
376368,hostaway,2027-03-13T00:00:00.000000,1,0,0,0,1,355.0,1
376368,hostaway,2027-03-14T00:00:00.000000,1,0,0,0,1,303.0,1
376368,hostaway,2027-03-15T00:00:00.000000,1,0,0,0,1,255.0,1
376368,hostaway,2027-03-16T00:00:00.000000,1,0,0,0,1,255.0,1
376368,hostaway,2027-03-17T00:00:00.000000,1,0,0,0,1,255.0,1
376368,hostaway,2027-03-18T00:00:00.000000,1,0,0,0,1,303.0,1
376368,hostaway,2027-03-19T00:00:00.000000,1,0,0,0,1,355.0,1
376368,hostaway,2027-03-20T00:00:00.000000,1,0,0,0,1,355.0,1
376368,hostaway,2027-03-21T00:00:00.000000,1,0,0,0,1,303.0,1
376368,hostaway,2027-03-22T00:00:00.000000,1,0,0,0,1,255.0,1
376368,hostaway,2027-03-23T00:00:00.000000,1,0,0,0,1,255.0,1
376368,hostaway,2027-03-24T00:00:00.000000,1,0,0,0,1,255.0,1
376368,hostaway,2027-03-25T00:00:00.000000,1,0,0,0,1,303.0,1
376368,hostaway,2027-03-26T00:00:00.000000,1,0,0,0,1,514.0,1
376368,hostaway,2027-03-27T00:00:00.000000,1,0,0,0,1,514.0,1
376368,hostaway,2027-03-28T00:00:00.000000,1,0,0,0,1,436.0,1
376368,hostaway,2027-03-29T00:00:00.000000,1,0,0,0,1,364.0,1
376368,hostaway,2027-03-30T00:00:00.000000,1,0,0,0,1,364.0,1
376368,hostaway,2027-03-31T00:00:00.000000,1,0,0,0,1,364.0,1
376368,hostaway,2027-04-01T00:00:00.000000,1,0,0,0,1,601.0,1
376368,hostaway,2027-04-02T00:00:00.000000,1,0,0,0,1,733.0,1
376368,hostaway,2027-04-03T00:00:00.000000,1,1,0,0,1,579.0,0
376368,hostaway,2027-04-04T00:00:00.000000,1,1,0,0,1,474.0,0
376368,hostaway,2027-04-05T00:00:00.000000,1,1,0,0,1,393.0,0
376368,hostaway,2027-04-06T00:00:00.000000,1,1,0,0,1,393.0,0
376368,hostaway,2027-04-07T00:00:00.000000,1,1,0,0,1,393.0,0
376368,hostaway,2027-04-08T00:00:00.000000,1,0,0,0,1,474.0,1
376368,hostaway,2027-04-09T00:00:00.000000,1,0,0,0,1,579.0,1
376368,hostaway,2027-04-10T00:00:00.000000,1,0,0,0,1,579.0,1
376368,hostaway,2027-04-11T00:00:00.000000,1,0,0,0,1,474.0,1
376368,hostaway,2027-04-12T00:00:00.000000,1,0,0,0,1,275.0,1
376368,hostaway,2027-04-13T00:00:00.000000,1,0,0,0,1,275.0,1
376368,hostaway,2027-04-14T00:00:00.000000,1,0,0,0,1,275.0,1
376368,hostaway,2027-04-15T00:00:00.000000,1,0,0,0,1,326.0,1
376368,hostaway,2027-04-16T00:00:00.000000,1,0,0,0,1,402.0,1
376368,hostaway,2027-04-17T00:00:00.000000,1,0,0,0,1,402.0,1
376368,hostaway,2027-04-18T00:00:00.000000,1,0,0,0,1,326.0,1
376368,hostaway,2027-04-19T00:00:00.000000,1,0,0,0,1,275.0,1
376368,hostaway,2027-04-20T00:00:00.000000,1,0,0,0,1,275.0,1
376368,hostaway,2027-04-21T00:00:00.000000,1,0,0,0,1,275.0,1
376368,hostaway,2027-04-22T00:00:00.000000,1,0,0,0,1,326.0,1
376368,hostaway,2027-04-23T00:00:00.000000,1,0,0,0,1,402.0,1
376368,hostaway,2027-04-24T00:00:00.000000,1,0,0,0,1,402.0,1
376368,hostaway,2027-04-25T00:00:00.000000,1,0,0,0,1,326.0,1
376368,hostaway,2027-04-26T00:00:00.000000,1,0,0,0,1,275.0,1
376368,hostaway,2027-04-27T00:00:00.000000,1,0,0,0,1,275.0,1
376368,hostaway,2027-04-28T00:00:00.000000,1,0,0,0,1,275.0,1
376368,hostaway,2027-04-29T00:00:00.000000,1,0,0,0,1,326.0,1
376368,hostaway,2027-04-30T00:00:00.000000,1,0,0,0,1,402.0,1
376368,hostaway,2027-05-01T00:00:00.000000,1,0,0,0,1,402.0,1
376368,hostaway,2027-05-02T00:00:00.000000,1,0,0,0,1,326.0,1
376368,hostaway,2027-05-03T00:00:00.000000,1,0,0,0,1,275.0,1
376368,hostaway,2027-05-04T00:00:00.000000,1,0,0,0,1,275.0,1
376368,hostaway,2027-05-05T00:00:00.000000,1,0,0,0,1,275.0,1
376368,hostaway,2027-05-06T00:00:00.000000,1,0,0,0,1,555.0,1
376368,hostaway,2027-05-07T00:00:00.000000,1,0,0,0,1,658.0,1
376368,hostaway,2027-05-08T00:00:00.000000,1,0,0,0,1,658.0,1
376368,hostaway,2027-05-09T00:00:00.000000,1,0,0,0,1,558.0,1
376368,hostaway,2027-05-10T00:00:00.000000,1,0,0,0,1,315.0,1
376368,hostaway,2027-05-11T00:00:00.000000,1,0,0,0,1,316.0,1
376368,hostaway,2027-05-12T00:00:00.000000,1,0,0,0,1,317.0,1
376368,hostaway,2027-05-13T00:00:00.000000,1,0,0,0,1,543.0,1
376368,hostaway,2027-05-14T00:00:00.000000,1,0,0,0,1,640.0,1
376368,hostaway,2027-05-15T00:00:00.000000,1,0,0,0,1,646.0,1
376368,hostaway,2027-05-16T00:00:00.000000,1,0,0,0,1,550.0,1
376368,hostaway,2027-05-17T00:00:00.000000,1,0,0,0,1,324.0,1
376368,hostaway,2027-05-18T00:00:00.000000,1,0,0,0,1,326.0,1
376368,hostaway,2027-05-19T00:00:00.000000,1,0,0,0,1,328.0,1
376368,hostaway,2027-05-20T00:00:00.000000,1,0,0,0,1,555.0,1
376368,hostaway,2027-05-21T00:00:00.000000,1,0,0,0,1,658.0,1
376368,hostaway,2027-05-22T00:00:00.000000,1,0,0,0,1,663.0,1
376368,hostaway,2027-05-23T00:00:00.000000,1,0,0,0,1,567.0,1
376368,hostaway,2027-05-24T00:00:00.000000,1,0,0,0,1,337.0,1
376368,hostaway,2027-05-25T00:00:00.000000,1,0,0,0,1,337.0,1
376368,hostaway,2027-05-26T00:00:00.000000,1,0,0,0,1,338.0,1
376368,hostaway,2027-05-27T00:00:00.000000,1,0,0,0,1,634.0,1
376368,hostaway,2027-05-28T00:00:00.000000,1,0,0,0,1,937.0,1
376368,hostaway,2027-05-29T00:00:00.000000,1,0,0,0,1,945.0,1
376368,hostaway,2027-05-30T00:00:00.000000,1,0,0,0,1,675.0,1
376368,hostaway,2027-05-31T00:00:00.000000,1,0,0,0,1,447.0,1
376368,hostaway,2027-06-01T00:00:00.000000,1,0,0,0,1,370.0,1
376368,hostaway,2027-06-02T00:00:00.000000,1,0,0,0,1,355.0,1
376368,hostaway,2027-06-03T00:00:00.000000,1,0,0,0,1,592.0,1
376368,hostaway,2027-06-04T00:00:00.000000,1,0,0,0,1,699.0,1
376368,hostaway,2027-06-05T00:00:00.000000,1,0,0,0,1,702.0,1
376368,hostaway,2027-06-06T00:00:00.000000,1,0,0,0,1,598.0,1
376368,hostaway,2027-06-07T00:00:00.000000,1,0,0,0,1,362.0,1
376368,hostaway,2027-06-08T00:00:00.000000,1,0,0,0,1,364.0,1
376368,hostaway,2027-06-09T00:00:00.000000,1,0,0,0,1,366.0,1
376368,hostaway,2027-06-10T00:00:00.000000,1,0,0,0,1,610.0,1
376368,hostaway,2027-06-11T00:00:00.000000,1,0,0,0,1,718.0,1
376368,hostaway,2027-06-12T00:00:00.000000,1,0,0,0,1,721.0,1
376368,hostaway,2027-06-13T00:00:00.000000,1,1,0,0,1,616.0,0
376368,hostaway,2027-06-14T00:00:00.000000,1,1,0,0,1,376.0,0
376368,hostaway,2027-06-15T00:00:00.000000,1,1,0,0,1,397.0,0
376368,hostaway,2027-06-16T00:00:00.000000,1,1,0,0,1,399.0,0
376368,hostaway,2027-06-17T00:00:00.000000,1,0,0,0,1,627.0,1
376368,hostaway,2027-06-18T00:00:00.000000,1,0,0,0,1,738.0,1
376368,hostaway,2027-06-19T00:00:00.000000,1,0,0,0,1,740.0,1
376368,hostaway,2027-06-20T00:00:00.000000,1,0,0,0,1,634.0,1
376368,hostaway,2027-06-21T00:00:00.000000,1,0,0,0,1,389.0,1
376368,hostaway,2027-06-22T00:00:00.000000,1,0,0,0,1,410.0,1
376368,hostaway,2027-06-23T00:00:00.000000,1,0,0,0,1,393.0,1
376368,hostaway,2027-06-24T00:00:00.000000,1,0,0,0,1,641.0,1
376368,hostaway,2027-06-25T00:00:00.000000,1,0,0,0,1,752.0,1
376368,hostaway,2027-06-26T00:00:00.000000,1,0,0,0,1,752.0,1
376368,hostaway,2027-06-27T00:00:00.000000,1,0,0,0,1,641.0,1
376368,hostaway,2027-06-28T00:00:00.000000,1,0,0,0,1,393.0,1
376368,hostaway,2027-06-29T00:00:00.000000,1,0,0,0,1,393.0,1
376368,hostaway,2027-06-30T00:00:00.000000,1,0,0,0,1,393.0,1
376368,hostaway,2027-07-01T00:00:00.000000,1,0,0,0,1,641.0,1
376368,hostaway,2027-07-02T00:00:00.000000,1,0,0,0,1,1261.0,1
376368,hostaway,2027-07-03T00:00:00.000000,1,0,0,0,1,1261.0,1
376368,hostaway,2027-07-04T00:00:00.000000,1,0,0,0,1,705.0,1
376368,hostaway,2027-07-05T00:00:00.000000,1,0,0,0,1,478.0,1
376368,hostaway,2027-07-06T00:00:00.000000,1,0,0,0,1,478.0,1
376368,hostaway,2027-07-07T00:00:00.000000,1,0,0,0,1,478.0,1
376368,hostaway,2027-07-08T00:00:00.000000,1,0,0,0,1,753.0,1
376368,hostaway,2027-07-09T00:00:00.000000,1,0,0,0,1,1147.0,1
376368,hostaway,2027-07-10T00:00:00.000000,1,0,0,0,1,1147.0,1
376368,hostaway,2027-07-11T00:00:00.000000,1,0,0,0,1,753.0,1
376368,hostaway,2027-07-12T00:00:00.000000,1,0,0,0,1,478.0,1
376368,hostaway,2027-07-13T00:00:00.000000,1,0,0,0,1,478.0,1
376368,hostaway,2027-07-14T00:00:00.000000,1,0,0,0,1,478.0,1
376368,hostaway,2027-07-15T00:00:00.000000,1,0,0,0,1,753.0,1
376368,hostaway,2027-07-16T00:00:00.000000,1,0,0,0,1,1147.0,1
376368,hostaway,2027-07-17T00:00:00.000000,1,0,0,0,1,1147.0,1
376368,hostaway,2027-07-18T00:00:00.000000,1,0,0,0,1,753.0,1
376368,hostaway,2027-07-19T00:00:00.000000,1,0,0,0,1,478.0,1
376368,hostaway,2027-07-20T00:00:00.000000,1,0,0,0,1,478.0,1
376368,hostaway,2027-07-21T00:00:00.000000,1,0,0,0,1,478.0,1
376368,hostaway,2027-07-22T00:00:00.000000,1,0,0,0,1,753.0,1
376368,hostaway,2027-07-23T00:00:00.000000,1,0,0,0,1,1147.0,1
376368,hostaway,2027-07-24T00:00:00.000000,1,0,0,0,1,1147.0,1
376368,hostaway,2027-07-25T00:00:00.000000,1,0,0,0,1,753.0,1
376368,hostaway,2027-07-26T00:00:00.000000,1,0,0,0,1,478.0,1
376368,hostaway,2027-07-27T00:00:00.000000,1,0,0,0,1,478.0,1
376368,hostaway,2027-07-28T00:00:00.000000,1,0,0,0,1,478.0,1
376368,hostaway,2027-07-29T00:00:00.000000,1,0,0,0,1,753.0,1
376368,hostaway,2027-07-30T00:00:00.000000,1,0,0,0,1,1147.0,1
376368,hostaway,2027-07-31T00:00:00.000000,1,0,0,0,1,1147.0,1
376368,hostaway,2027-08-01T00:00:00.000000,1,0,0,0,1,753.0,1
376368,hostaway,2027-08-02T00:00:00.000000,1,0,0,0,1,478.0,1
376368,hostaway,2027-08-03T00:00:00.000000,1,0,0,0,1,478.0,1
376368,hostaway,2027-08-04T00:00:00.000000,1,0,0,0,1,478.0,1
376368,hostaway,2027-08-05T00:00:00.000000,1,0,0,0,1,753.0,1
376368,hostaway,2027-08-06T00:00:00.000000,1,0,0,0,1,1147.0,1
376368,hostaway,2027-08-07T00:00:00.000000,1,0,0,0,1,1147.0,1
376368,hostaway,2027-08-08T00:00:00.000000,1,0,0,0,1,753.0,1
376368,hostaway,2027-08-09T00:00:00.000000,1,0,0,0,1,478.0,1
376368,hostaway,2027-08-10T00:00:00.000000,1,0,0,0,1,478.0,1
376368,hostaway,2027-08-11T00:00:00.000000,1,0,0,0,1,478.0,1
376368,hostaway,2027-08-12T00:00:00.000000,1,0,0,0,1,753.0,1
376368,hostaway,2027-08-13T00:00:00.000000,1,0,0,0,1,1147.0,1
376368,hostaway,2027-08-14T00:00:00.000000,1,0,0,0,1,1147.0,1
376368,hostaway,2027-08-15T00:00:00.000000,1,0,0,0,1,753.0,1
376368,hostaway,2027-08-16T00:00:00.000000,1,0,0,0,1,478.0,1
376368,hostaway,2027-08-17T00:00:00.000000,1,0,0,0,1,478.0,1
376368,hostaway,2027-08-18T00:00:00.000000,1,0,0,0,1,478.0,1
376368,hostaway,2027-08-19T00:00:00.000000,1,0,0,0,1,753.0,1
376368,hostaway,2027-08-20T00:00:00.000000,1,0,0,0,1,1147.0,1
376368,hostaway,2027-08-21T00:00:00.000000,1,0,0,0,1,1147.0,1
376368,hostaway,2027-08-22T00:00:00.000000,1,0,0,0,1,753.0,1
376368,hostaway,2027-08-23T00:00:00.000000,1,0,0,0,1,478.0,1
376368,hostaway,2027-08-24T00:00:00.000000,1,0,0,0,1,478.0,1
376368,hostaway,2027-08-25T00:00:00.000000,1,0,0,0,1,478.0,1
376368,hostaway,2027-08-26T00:00:00.000000,1,0,0,0,1,753.0,1
376368,hostaway,2027-08-27T00:00:00.000000,1,0,0,0,1,1147.0,1
376368,hostaway,2027-08-28T00:00:00.000000,1,0,0,0,1,1147.0,1
376368,hostaway,2027-08-29T00:00:00.000000,1,0,0,0,1,753.0,1
376368,hostaway,2027-08-30T00:00:00.000000,1,0,0,0,1,478.0,1
376368,hostaway,2027-08-31T00:00:00.000000,1,0,0,0,1,478.0,1
376368,hostaway,2027-09-01T00:00:00.000000,1,0,0,0,1,478.0,1
376368,hostaway,2027-09-02T00:00:00.000000,1,0,0,0,1,641.0,1
376368,hostaway,2027-09-03T00:00:00.000000,1,0,0,0,1,903.0,1
376368,hostaway,2027-09-04T00:00:00.000000,1,0,0,0,1,903.0,1
376368,hostaway,2027-09-05T00:00:00.000000,1,0,0,0,1,673.0,1
376368,hostaway,2027-09-06T00:00:00.000000,1,0,0,0,1,472.0,1
376368,hostaway,2027-09-07T00:00:00.000000,1,0,0,0,1,393.0,1
376368,hostaway,2027-09-08T00:00:00.000000,1,0,0,0,1,393.0,1
376368,hostaway,2027-09-09T00:00:00.000000,1,0,0,0,1,641.0,1
376368,hostaway,2027-09-10T00:00:00.000000,1,0,0,0,1,752.0,1
376368,hostaway,2027-09-11T00:00:00.000000,1,0,0,0,1,752.0,1
376368,hostaway,2027-09-12T00:00:00.000000,1,0,0,0,1,641.0,1
376368,hostaway,2027-09-13T00:00:00.000000,1,0,0,0,1,393.0,1
376368,hostaway,2027-09-14T00:00:00.000000,1,0,0,0,1,393.0,1
376368,hostaway,2027-09-15T00:00:00.000000,1,0,0,0,1,393.0,1
376368,hostaway,2027-09-16T00:00:00.000000,1,0,0,0,1,641.0,1
376368,hostaway,2027-09-17T00:00:00.000000,1,0,0,0,1,752.0,1
376368,hostaway,2027-09-18T00:00:00.000000,1,0,0,0,1,752.0,1
376368,hostaway,2027-09-19T00:00:00.000000,1,0,0,0,1,641.0,1
376368,hostaway,2027-09-20T00:00:00.000000,1,0,0,0,1,393.0,1
376368,hostaway,2027-09-21T00:00:00.000000,1,0,0,0,1,393.0,1
376368,hostaway,2027-09-22T00:00:00.000000,1,0,0,0,1,393.0,1
376368,hostaway,2027-09-23T00:00:00.000000,1,0,0,0,1,641.0,1
376368,hostaway,2027-09-24T00:00:00.000000,1,0,0,0,1,752.0,1
376368,hostaway,2027-09-25T00:00:00.000000,1,0,0,0,1,752.0,1
376368,hostaway,2027-09-26T00:00:00.000000,1,0,0,0,1,641.0,1
376368,hostaway,2027-09-27T00:00:00.000000,1,0,0,0,1,393.0,1
376368,hostaway,2027-09-28T00:00:00.000000,1,0,0,0,1,393.0,1
376368,hostaway,2027-09-29T00:00:00.000000,1,0,0,0,1,393.0,1
376368,hostaway,2027-09-30T00:00:00.000000,1,0,0,0,1,641.0,1
376368,hostaway,2027-10-01T00:00:00.000000,1,0,0,0,1,752.0,1
376368,hostaway,2027-10-02T00:00:00.000000,1,0,0,0,1,752.0,1
376368,hostaway,2027-10-03T00:00:00.000000,1,0,0,0,1,641.0,1
376368,hostaway,2027-10-04T00:00:00.000000,1,0,0,0,1,393.0,1
376368,hostaway,2027-10-05T00:00:00.000000,1,0,0,0,1,393.0,1
376368,hostaway,2027-10-06T00:00:00.000000,1,0,0,0,1,393.0,1
376368,hostaway,2027-10-07T00:00:00.000000,1,0,0,0,1,641.0,1
376368,hostaway,2027-10-08T00:00:00.000000,1,0,0,0,1,752.0,1
376368,hostaway,2027-10-09T00:00:00.000000,1,0,0,0,1,752.0,1
376368,hostaway,2027-10-10T00:00:00.000000,1,0,0,0,1,641.0,1
376368,hostaway,2027-10-11T00:00:00.000000,1,0,0,0,1,393.0,1
376368,hostaway,2027-10-12T00:00:00.000000,1,0,0,0,1,393.0,1
376368,hostaway,2027-10-13T00:00:00.000000,1,0,0,0,1,393.0,1
376368,hostaway,2027-10-14T00:00:00.000000,1,0,0,0,1,641.0,1
376368,hostaway,2027-10-15T00:00:00.000000,1,0,0,0,1,752.0,1
376368,hostaway,2027-10-16T00:00:00.000000,1,0,0,0,1,752.0,1
376368,hostaway,2027-10-17T00:00:00.000000,1,0,0,0,1,641.0,1
376368,hostaway,2027-10-18T00:00:00.000000,1,0,0,0,1,393.0,1
376368,hostaway,2027-10-19T00:00:00.000000,1,0,0,0,1,393.0,1
376368,hostaway,2027-10-20T00:00:00.000000,1,0,0,0,1,393.0,1
376368,hostaway,2027-10-21T00:00:00.000000,1,0,0,0,1,641.0,1
376368,hostaway,2027-10-22T00:00:00.000000,1,0,0,0,1,752.0,1
376368,hostaway,2027-10-23T00:00:00.000000,1,0,0,0,1,752.0,1
376368,hostaway,2027-10-24T00:00:00.000000,1,0,0,0,1,641.0,1
376368,hostaway,2027-10-25T00:00:00.000000,1,0,0,0,1,393.0,1
376368,hostaway,2027-10-26T00:00:00.000000,1,0,0,0,1,393.0,1
376368,hostaway,2027-10-27T00:00:00.000000,1,0,0,0,1,393.0,1
376368,hostaway,2027-10-28T00:00:00.000000,1,0,0,0,1,641.0,1
376368,hostaway,2027-10-29T00:00:00.000000,1,0,0,0,1,752.0,1
376368,hostaway,2027-10-30T00:00:00.000000,1,0,0,0,1,752.0,1
376368,hostaway,2027-10-31T00:00:00.000000,1,0,0,0,1,641.0,1
376368,hostaway,2027-11-01T00:00:00.000000,1,0,0,0,1,280.0,1
376368,hostaway,2027-11-02T00:00:00.000000,1,0,0,0,1,280.0,1
376368,hostaway,2027-11-03T00:00:00.000000,1,0,0,0,1,280.0,1
376368,hostaway,2027-11-04T00:00:00.000000,1,0,0,0,1,349.0,1
376368,hostaway,2027-11-05T00:00:00.000000,1,0,0,0,1,404.0,1
376368,hostaway,2027-11-06T00:00:00.000000,1,0,0,0,1,404.0,1
376368,hostaway,2027-11-07T00:00:00.000000,1,0,0,0,1,349.0,1
376368,hostaway,2027-11-08T00:00:00.000000,1,0,0,0,1,280.0,1
376368,hostaway,2027-11-09T00:00:00.000000,1,0,0,0,1,280.0,1
376368,hostaway,2027-11-10T00:00:00.000000,1,0,0,0,1,280.0,1
376368,hostaway,2027-11-11T00:00:00.000000,1,0,0,0,1,349.0,1
376368,hostaway,2027-11-12T00:00:00.000000,1,0,0,0,1,404.0,1
376368,hostaway,2027-11-13T00:00:00.000000,1,0,0,0,1,404.0,1
376368,hostaway,2027-11-14T00:00:00.000000,1,0,0,0,1,349.0,1
376368,hostaway,2027-11-15T00:00:00.000000,1,0,0,0,1,280.0,1
376368,hostaway,2027-11-16T00:00:00.000000,1,0,0,0,1,280.0,1
376368,hostaway,2027-11-17T00:00:00.000000,1,0,0,0,1,280.0,1
376368,hostaway,2027-11-18T00:00:00.000000,1,0,0,0,1,349.0,1
376368,hostaway,2027-11-19T00:00:00.000000,1,0,0,0,1,404.0,1
376368,hostaway,2027-11-20T00:00:00.000000,1,0,0,0,1,404.0,1
376368,hostaway,2027-11-21T00:00:00.000000,1,0,0,0,1,349.0,1
376368,hostaway,2027-11-22T00:00:00.000000,1,0,0,0,1,280.0,1
376368,hostaway,2027-11-23T00:00:00.000000,1,0,0,0,1,280.0,1
376368,hostaway,2027-11-24T00:00:00.000000,1,0,0,0,1,280.0,1
376368,hostaway,2027-11-25T00:00:00.000000,1,0,0,0,1,593.0,1
376368,hostaway,2027-11-26T00:00:00.000000,1,0,0,0,1,687.0,1
376368,hostaway,2027-11-27T00:00:00.000000,1,0,0,0,1,687.0,1
376368,hostaway,2027-11-28T00:00:00.000000,1,0,0,0,1,489.0,1
376368,hostaway,2027-11-29T00:00:00.000000,1,0,0,0,1,244.0,1
376368,hostaway,2027-11-30T00:00:00.000000,1,0,0,0,1,244.0,1
376368,hostaway,2027-12-01T00:00:00.000000,1,0,0,0,1,244.0,1
376368,hostaway,2027-12-02T00:00:00.000000,1,0,0,0,1,279.0,1
376368,hostaway,2027-12-03T00:00:00.000000,1,0,0,0,1,303.0,1
376368,hostaway,2027-12-04T00:00:00.000000,1,0,0,0,1,303.0,1
376368,hostaway,2027-12-05T00:00:00.000000,1,0,0,0,1,279.0,1
376368,hostaway,2027-12-06T00:00:00.000000,1,0,0,0,1,244.0,1
376368,hostaway,2027-12-07T00:00:00.000000,1,0,0,0,1,244.0,1
376368,hostaway,2027-12-08T00:00:00.000000,1,0,0,0,1,244.0,1
376368,hostaway,2027-12-09T00:00:00.000000,1,0,0,0,1,279.0,1
376368,hostaway,2027-12-10T00:00:00.000000,1,0,0,0,1,303.0,1
376368,hostaway,2027-12-11T00:00:00.000000,1,0,0,0,1,303.0,1
376368,hostaway,2027-12-12T00:00:00.000000,1,0,0,0,1,279.0,1
376368,hostaway,2027-12-13T00:00:00.000000,1,0,0,0,1,244.0,1
376368,hostaway,2027-12-14T00:00:00.000000,1,0,0,0,1,244.0,1
376368,hostaway,2027-12-15T00:00:00.000000,1,0,0,0,1,244.0,1
376368,hostaway,2027-12-16T00:00:00.000000,1,0,0,0,1,279.0,1
376368,hostaway,2027-12-17T00:00:00.000000,1,0,0,0,1,455.0,1
376368,hostaway,2027-12-18T00:00:00.000000,1,0,0,0,1,455.0,1
376368,hostaway,2027-12-19T00:00:00.000000,1,0,0,0,1,419.0,1
376368,hostaway,2027-12-20T00:00:00.000000,1,0,0,0,1,366.0,1
376368,hostaway,2027-12-21T00:00:00.000000,1,0,0,0,1,366.0,1
376368,hostaway,2027-12-22T00:00:00.000000,1,0,0,0,1,366.0,1
376368,hostaway,2027-12-23T00:00:00.000000,1,0,0,0,1,419.0,1
376368,hostaway,2027-12-24T00:00:00.000000,1,0,0,0,1,1061.0,1
376368,hostaway,2027-12-25T00:00:00.000000,1,0,0,0,1,1061.0,1
376368,hostaway,2027-12-26T00:00:00.000000,1,0,0,0,1,1061.0,1
376368,hostaway,2027-12-27T00:00:00.000000,1,0,0,0,1,244.0,1
376368,hostaway,2027-12-28T00:00:00.000000,1,0,0,0,1,244.0,1
376368,hostaway,2027-12-29T00:00:00.000000,1,0,0,0,1,244.0,1
376368,hostaway,2027-12-30T00:00:00.000000,1,0,0,0,1,1167.0,1
376368,hostaway,2027-12-31T00:00:00.000000,1,0,0,0,1,1167.0,1
376368,hostaway,2028-01-01T00:00:00.000000,1,0,0,0,1,1167.0,1
376368,hostaway,2028-01-02T00:00:00.000000,1,0,0,0,1,583.0,1
376368,hostaway,2028-01-03T00:00:00.000000,1,0,0,0,1,336.0,1
376368,hostaway,2028-01-04T00:00:00.000000,1,0,0,0,1,336.0,1
376368,hostaway,2028-01-05T00:00:00.000000,1,0,0,0,1,336.0,1
376368,hostaway,2028-01-06T00:00:00.000000,1,0,0,0,1,419.0,1
376368,hostaway,2028-01-07T00:00:00.000000,1,0,0,0,1,485.0,1
376368,hostaway,2028-01-08T00:00:00.000000,1,0,0,0,1,485.0,1
376368,hostaway,2028-01-09T00:00:00.000000,1,0,0,0,1,419.0,1
383097,hostaway,2026-05-24T00:00:00.000000,1,1,0,0,1,0.0,0
383097,hostaway,2026-05-25T00:00:00.000000,1,0,0,0,1,0.0,1
383097,hostaway,2026-05-26T00:00:00.000000,1,0,0,0,1,0.0,1
383097,hostaway,2026-05-27T00:00:00.000000,1,0,0,0,1,0.0,1
383097,hostaway,2026-05-28T00:00:00.000000,1,1,0,0,1,0.0,0
383097,hostaway,2026-05-29T00:00:00.000000,1,1,0,0,1,0.0,0
383097,hostaway,2026-05-30T00:00:00.000000,1,1,0,0,1,0.0,0
383097,hostaway,2026-05-31T00:00:00.000000,1,1,0,0,1,0.0,0
383097,hostaway,2026-06-01T00:00:00.000000,1,1,0,0,1,0.0,0
383097,hostaway,2026-06-02T00:00:00.000000,1,0,0,0,1,0.0,1
383097,hostaway,2026-06-03T00:00:00.000000,1,0,0,0,1,0.0,1
383097,hostaway,2026-06-04T00:00:00.000000,1,0,0,0,1,0.0,1
383097,hostaway,2026-06-05T00:00:00.000000,1,1,0,0,1,0.0,0
383097,hostaway,2026-06-06T00:00:00.000000,1,0,0,0,1,0.0,1
383097,hostaway,2026-06-07T00:00:00.000000,1,0,0,0,1,0.0,1
383097,hostaway,2026-06-08T00:00:00.000000,1,0,0,0,1,0.0,1
383097,hostaway,2026-06-09T00:00:00.000000,1,0,0,0,1,0.0,1
383097,hostaway,2026-06-10T00:00:00.000000,1,1,0,0,1,0.0,0
383097,hostaway,2026-06-11T00:00:00.000000,1,1,0,0,1,0.0,0
383097,hostaway,2026-06-12T00:00:00.000000,1,0,0,0,1,0.0,1
383097,hostaway,2026-06-13T00:00:00.000000,1,0,0,0,1,0.0,1
383097,hostaway,2026-06-14T00:00:00.000000,1,1,0,0,1,0.0,0
383097,hostaway,2026-06-15T00:00:00.000000,1,1,0,0,1,0.0,0
383097,hostaway,2026-06-16T00:00:00.000000,1,0,0,0,1,0.0,1
383097,hostaway,2026-06-17T00:00:00.000000,1,1,0,0,1,0.0,0
383097,hostaway,2026-06-18T00:00:00.000000,1,0,0,0,1,0.0,1
383097,hostaway,2026-06-19T00:00:00.000000,1,0,0,0,1,0.0,1
383097,hostaway,2026-06-20T00:00:00.000000,1,1,0,0,1,0.0,0
383097,hostaway,2026-06-21T00:00:00.000000,1,1,0,0,1,0.0,0
383097,hostaway,2026-06-22T00:00:00.000000,1,0,0,0,1,0.0,1
383097,hostaway,2026-06-23T00:00:00.000000,1,1,0,0,1,353.0,0
383097,hostaway,2026-06-24T00:00:00.000000,1,1,0,0,1,353.0,0
383097,hostaway,2026-06-25T00:00:00.000000,1,0,0,0,1,236.0,1
383097,hostaway,2026-06-26T00:00:00.000000,1,1,0,0,1,345.0,0
383097,hostaway,2026-06-27T00:00:00.000000,1,1,0,0,1,948.0,0
383097,hostaway,2026-06-28T00:00:00.000000,1,1,0,0,1,455.0,0
383097,hostaway,2026-06-29T00:00:00.000000,1,0,0,0,1,210.0,1
383097,hostaway,2026-06-30T00:00:00.000000,1,0,0,0,1,210.0,1
383097,hostaway,2026-07-01T00:00:00.000000,1,0,0,0,1,210.0,1
383097,hostaway,2026-07-02T00:00:00.000000,1,0,0,0,1,257.0,1
383097,hostaway,2026-07-03T00:00:00.000000,1,1,0,0,1,851.0,0
383097,hostaway,2026-07-04T00:00:00.000000,1,1,0,0,1,851.0,0
383097,hostaway,2026-07-05T00:00:00.000000,1,0,0,0,1,286.0,1
383097,hostaway,2026-07-06T00:00:00.000000,1,0,0,0,1,273.0,1
383097,hostaway,2026-07-07T00:00:00.000000,1,0,0,0,1,273.0,1
383097,hostaway,2026-07-08T00:00:00.000000,1,0,0,0,1,273.0,1
383097,hostaway,2026-07-09T00:00:00.000000,1,0,0,0,1,362.0,1
383097,hostaway,2026-07-10T00:00:00.000000,1,0,0,0,1,552.0,1
383097,hostaway,2026-07-11T00:00:00.000000,1,0,0,0,1,649.0,1
383097,hostaway,2026-07-12T00:00:00.000000,1,0,0,0,1,320.0,1
383097,hostaway,2026-07-13T00:00:00.000000,1,1,0,0,1,296.0,0
383097,hostaway,2026-07-14T00:00:00.000000,1,1,0,0,1,211.0,0
383097,hostaway,2026-07-15T00:00:00.000000,1,0,0,0,1,273.0,1
383097,hostaway,2026-07-16T00:00:00.000000,1,0,0,0,1,320.0,1
383097,hostaway,2026-07-17T00:00:00.000000,1,0,0,0,1,763.0,1
383097,hostaway,2026-07-18T00:00:00.000000,1,0,0,0,1,763.0,1
383097,hostaway,2026-07-19T00:00:00.000000,1,0,0,0,1,320.0,1
383097,hostaway,2026-07-20T00:00:00.000000,1,0,0,0,1,279.0,1
383097,hostaway,2026-07-21T00:00:00.000000,1,1,0,0,1,232.0,0
383097,hostaway,2026-07-22T00:00:00.000000,1,1,0,0,1,211.0,0
383097,hostaway,2026-07-23T00:00:00.000000,1,0,0,0,1,232.0,1
383097,hostaway,2026-07-24T00:00:00.000000,1,1,0,0,1,649.0,0
383097,hostaway,2026-07-25T00:00:00.000000,1,1,0,0,1,649.0,0
383097,hostaway,2026-07-26T00:00:00.000000,1,0,0,0,1,298.0,1
383097,hostaway,2026-07-27T00:00:00.000000,1,0,0,0,1,248.0,1
383097,hostaway,2026-07-28T00:00:00.000000,1,0,0,0,1,211.0,1
383097,hostaway,2026-07-29T00:00:00.000000,1,0,0,0,1,211.0,1
383097,hostaway,2026-07-30T00:00:00.000000,1,0,0,0,1,320.0,1
383097,hostaway,2026-07-31T00:00:00.000000,1,0,0,0,1,763.0,1
383097,hostaway,2026-08-01T00:00:00.000000,1,1,0,0,1,850.0,0
383097,hostaway,2026-08-02T00:00:00.000000,1,1,0,0,1,358.0,0
383097,hostaway,2026-08-03T00:00:00.000000,1,1,0,0,1,265.0,0
383097,hostaway,2026-08-04T00:00:00.000000,1,1,0,0,1,229.0,0
383097,hostaway,2026-08-05T00:00:00.000000,1,0,0,0,1,229.0,1
383097,hostaway,2026-08-06T00:00:00.000000,1,0,0,0,1,358.0,1
383097,hostaway,2026-08-07T00:00:00.000000,1,0,0,0,1,552.0,1
383097,hostaway,2026-08-08T00:00:00.000000,1,0,0,0,1,607.0,1
383097,hostaway,2026-08-09T00:00:00.000000,1,0,0,0,1,358.0,1
383097,hostaway,2026-08-10T00:00:00.000000,1,1,0,0,1,393.0,0
383097,hostaway,2026-08-11T00:00:00.000000,1,1,0,0,1,336.0,0
383097,hostaway,2026-08-12T00:00:00.000000,1,0,0,0,1,253.0,1
383097,hostaway,2026-08-13T00:00:00.000000,1,0,0,0,1,358.0,1
383097,hostaway,2026-08-14T00:00:00.000000,1,0,0,0,1,552.0,1
383097,hostaway,2026-08-15T00:00:00.000000,1,0,0,0,1,552.0,1
383097,hostaway,2026-08-16T00:00:00.000000,1,1,0,0,1,420.0,0
383097,hostaway,2026-08-17T00:00:00.000000,1,1,0,0,1,317.0,0
383097,hostaway,2026-08-18T00:00:00.000000,1,0,0,0,1,229.0,1
383097,hostaway,2026-08-19T00:00:00.000000,1,0,0,0,1,246.0,1
383097,hostaway,2026-08-20T00:00:00.000000,1,0,0,0,1,385.0,1
383097,hostaway,2026-08-21T00:00:00.000000,1,0,0,0,1,654.0,1
383097,hostaway,2026-08-22T00:00:00.000000,1,0,0,0,1,754.0,1
383097,hostaway,2026-08-23T00:00:00.000000,1,0,0,0,1,385.0,1
383097,hostaway,2026-08-24T00:00:00.000000,1,0,0,0,1,284.0,1
383097,hostaway,2026-08-25T00:00:00.000000,1,0,0,0,1,246.0,1
383097,hostaway,2026-08-26T00:00:00.000000,1,0,0,0,1,246.0,1
383097,hostaway,2026-08-27T00:00:00.000000,1,0,0,0,1,385.0,1
383097,hostaway,2026-08-28T00:00:00.000000,1,0,0,0,1,592.0,1
383097,hostaway,2026-08-29T00:00:00.000000,1,0,0,0,1,592.0,1
383097,hostaway,2026-08-30T00:00:00.000000,1,0,0,0,1,385.0,1
383097,hostaway,2026-08-31T00:00:00.000000,1,0,0,0,1,284.0,1
383097,hostaway,2026-09-01T00:00:00.000000,1,0,0,0,1,229.0,1
383097,hostaway,2026-09-02T00:00:00.000000,1,0,0,0,1,229.0,1
383097,hostaway,2026-09-03T00:00:00.000000,1,0,0,0,1,355.0,1
383097,hostaway,2026-09-04T00:00:00.000000,1,0,0,0,1,960.0,1
383097,hostaway,2026-09-05T00:00:00.000000,1,0,0,0,1,960.0,1
383097,hostaway,2026-09-06T00:00:00.000000,1,0,0,0,1,643.0,1
383097,hostaway,2026-09-07T00:00:00.000000,1,0,0,0,1,374.0,1
383097,hostaway,2026-09-08T00:00:00.000000,1,0,0,0,1,256.0,1
383097,hostaway,2026-09-09T00:00:00.000000,1,0,0,0,1,256.0,1
383097,hostaway,2026-09-10T00:00:00.000000,1,0,0,0,1,355.0,1
383097,hostaway,2026-09-11T00:00:00.000000,1,0,0,0,1,736.0,1
383097,hostaway,2026-09-12T00:00:00.000000,1,0,0,0,1,736.0,1
383097,hostaway,2026-09-13T00:00:00.000000,1,0,0,0,1,457.0,1
383097,hostaway,2026-09-14T00:00:00.000000,1,0,0,0,1,282.0,1
383097,hostaway,2026-09-15T00:00:00.000000,1,0,0,0,1,256.0,1
383097,hostaway,2026-09-16T00:00:00.000000,1,0,0,0,1,256.0,1
383097,hostaway,2026-09-17T00:00:00.000000,1,0,0,0,1,355.0,1
383097,hostaway,2026-09-18T00:00:00.000000,1,0,0,0,1,547.0,1
383097,hostaway,2026-09-19T00:00:00.000000,1,0,0,0,1,547.0,1
383097,hostaway,2026-09-20T00:00:00.000000,1,0,0,0,1,355.0,1
383097,hostaway,2026-09-21T00:00:00.000000,1,1,0,0,1,256.0,0
383097,hostaway,2026-09-22T00:00:00.000000,1,1,0,0,1,256.0,0
383097,hostaway,2026-09-23T00:00:00.000000,1,1,0,0,1,256.0,0
383097,hostaway,2026-09-24T00:00:00.000000,1,0,0,0,1,355.0,1
383097,hostaway,2026-09-25T00:00:00.000000,1,0,0,0,1,547.0,1
383097,hostaway,2026-09-26T00:00:00.000000,1,0,0,0,1,547.0,1
383097,hostaway,2026-09-27T00:00:00.000000,1,0,0,0,1,355.0,1
383097,hostaway,2026-09-28T00:00:00.000000,1,0,0,0,1,256.0,1
383097,hostaway,2026-09-29T00:00:00.000000,1,0,0,0,1,256.0,1
383097,hostaway,2026-09-30T00:00:00.000000,1,0,0,0,1,256.0,1
383097,hostaway,2026-10-01T00:00:00.000000,1,0,0,0,1,315.0,1
383097,hostaway,2026-10-02T00:00:00.000000,1,0,0,0,1,485.0,1
383097,hostaway,2026-10-03T00:00:00.000000,1,0,0,0,1,485.0,1
383097,hostaway,2026-10-04T00:00:00.000000,1,0,0,0,1,315.0,1
383097,hostaway,2026-10-05T00:00:00.000000,1,0,0,0,1,217.0,1
383097,hostaway,2026-10-06T00:00:00.000000,1,0,0,0,1,217.0,1
383097,hostaway,2026-10-07T00:00:00.000000,1,0,0,0,1,217.0,1
383097,hostaway,2026-10-08T00:00:00.000000,1,0,0,0,1,315.0,1
383097,hostaway,2026-10-09T00:00:00.000000,1,0,0,0,1,485.0,1
383097,hostaway,2026-10-10T00:00:00.000000,1,0,0,0,1,485.0,1
383097,hostaway,2026-10-11T00:00:00.000000,1,0,0,0,1,315.0,1
383097,hostaway,2026-10-12T00:00:00.000000,1,0,0,0,1,217.0,1
383097,hostaway,2026-10-13T00:00:00.000000,1,0,0,0,1,217.0,1
383097,hostaway,2026-10-14T00:00:00.000000,1,0,0,0,1,217.0,1
383097,hostaway,2026-10-15T00:00:00.000000,1,0,0,0,1,315.0,1
383097,hostaway,2026-10-16T00:00:00.000000,1,0,0,0,1,534.0,1
383097,hostaway,2026-10-17T00:00:00.000000,1,0,0,0,1,534.0,1
383097,hostaway,2026-10-18T00:00:00.000000,1,0,0,0,1,315.0,1
383097,hostaway,2026-10-19T00:00:00.000000,1,0,0,0,1,217.0,1
383097,hostaway,2026-10-20T00:00:00.000000,1,0,0,0,1,217.0,1
383097,hostaway,2026-10-21T00:00:00.000000,1,0,0,0,1,217.0,1
383097,hostaway,2026-10-22T00:00:00.000000,1,0,0,0,1,315.0,1
383097,hostaway,2026-10-23T00:00:00.000000,1,0,0,0,1,485.0,1
383097,hostaway,2026-10-24T00:00:00.000000,1,0,0,0,1,485.0,1
383097,hostaway,2026-10-25T00:00:00.000000,1,0,0,0,1,315.0,1
383097,hostaway,2026-10-26T00:00:00.000000,1,0,0,0,1,217.0,1
383097,hostaway,2026-10-27T00:00:00.000000,1,0,0,0,1,217.0,1
383097,hostaway,2026-10-28T00:00:00.000000,1,0,0,0,1,217.0,1
383097,hostaway,2026-10-29T00:00:00.000000,1,0,0,0,1,315.0,1
383097,hostaway,2026-10-30T00:00:00.000000,1,0,0,0,1,485.0,1
383097,hostaway,2026-10-31T00:00:00.000000,1,0,0,0,1,485.0,1
383097,hostaway,2026-11-01T00:00:00.000000,1,0,0,0,1,276.0,1
383097,hostaway,2026-11-02T00:00:00.000000,1,0,0,0,1,210.0,1
383097,hostaway,2026-11-03T00:00:00.000000,1,0,0,0,1,210.0,1
383097,hostaway,2026-11-04T00:00:00.000000,1,0,0,0,1,210.0,1
383097,hostaway,2026-11-05T00:00:00.000000,1,0,0,0,1,276.0,1
383097,hostaway,2026-11-06T00:00:00.000000,1,0,0,0,1,425.0,1
383097,hostaway,2026-11-07T00:00:00.000000,1,0,0,0,1,425.0,1
383097,hostaway,2026-11-08T00:00:00.000000,1,0,0,0,1,276.0,1
383097,hostaway,2026-11-09T00:00:00.000000,1,0,0,0,1,210.0,1
383097,hostaway,2026-11-10T00:00:00.000000,1,0,0,0,1,210.0,1
383097,hostaway,2026-11-11T00:00:00.000000,1,0,0,0,1,210.0,1
383097,hostaway,2026-11-12T00:00:00.000000,1,0,0,0,1,276.0,1
383097,hostaway,2026-11-13T00:00:00.000000,1,0,0,0,1,425.0,1
383097,hostaway,2026-11-14T00:00:00.000000,1,0,0,0,1,425.0,1
383097,hostaway,2026-11-15T00:00:00.000000,1,0,0,0,1,276.0,1
383097,hostaway,2026-11-16T00:00:00.000000,1,0,0,0,1,210.0,1
383097,hostaway,2026-11-17T00:00:00.000000,1,0,0,0,1,210.0,1
383097,hostaway,2026-11-18T00:00:00.000000,1,0,0,0,1,210.0,1
383097,hostaway,2026-11-19T00:00:00.000000,1,0,0,0,1,276.0,1
383097,hostaway,2026-11-20T00:00:00.000000,1,0,0,0,1,425.0,1
383097,hostaway,2026-11-21T00:00:00.000000,1,0,0,0,1,425.0,1
383097,hostaway,2026-11-22T00:00:00.000000,1,0,0,0,1,276.0,1
383097,hostaway,2026-11-23T00:00:00.000000,1,0,0,0,1,210.0,1
383097,hostaway,2026-11-24T00:00:00.000000,1,0,0,0,1,210.0,1
383097,hostaway,2026-11-25T00:00:00.000000,1,0,0,0,1,210.0,1
383097,hostaway,2026-11-26T00:00:00.000000,1,0,0,0,1,414.0,1
383097,hostaway,2026-11-27T00:00:00.000000,1,0,0,0,1,425.0,1
383097,hostaway,2026-11-28T00:00:00.000000,1,0,0,0,1,425.0,1
383097,hostaway,2026-11-29T00:00:00.000000,1,0,0,0,1,276.0,1
383097,hostaway,2026-11-30T00:00:00.000000,1,0,0,0,1,210.0,1
383097,hostaway,2026-12-01T00:00:00.000000,1,0,0,0,1,210.0,1
383097,hostaway,2026-12-02T00:00:00.000000,1,0,0,0,1,210.0,1
383097,hostaway,2026-12-03T00:00:00.000000,1,0,0,0,1,237.0,1
383097,hostaway,2026-12-04T00:00:00.000000,1,0,0,0,1,366.0,1
383097,hostaway,2026-12-05T00:00:00.000000,1,0,0,0,1,366.0,1
383097,hostaway,2026-12-06T00:00:00.000000,1,0,0,0,1,237.0,1
383097,hostaway,2026-12-07T00:00:00.000000,1,0,0,0,1,210.0,1
383097,hostaway,2026-12-08T00:00:00.000000,1,0,0,0,1,210.0,1
383097,hostaway,2026-12-09T00:00:00.000000,1,0,0,0,1,210.0,1
383097,hostaway,2026-12-10T00:00:00.000000,1,0,0,0,1,237.0,1
383097,hostaway,2026-12-11T00:00:00.000000,1,0,0,0,1,366.0,1
383097,hostaway,2026-12-12T00:00:00.000000,1,0,0,0,1,366.0,1
383097,hostaway,2026-12-13T00:00:00.000000,1,0,0,0,1,237.0,1
383097,hostaway,2026-12-14T00:00:00.000000,1,0,0,0,1,210.0,1
383097,hostaway,2026-12-15T00:00:00.000000,1,0,0,0,1,210.0,1
383097,hostaway,2026-12-16T00:00:00.000000,1,0,0,0,1,210.0,1
383097,hostaway,2026-12-17T00:00:00.000000,1,0,0,0,1,296.0,1
383097,hostaway,2026-12-18T00:00:00.000000,1,0,0,0,1,466.0,1
383097,hostaway,2026-12-19T00:00:00.000000,1,0,0,0,1,466.0,1
383097,hostaway,2026-12-20T00:00:00.000000,1,0,0,0,1,296.0,1
383097,hostaway,2026-12-21T00:00:00.000000,1,0,0,0,1,217.0,1
383097,hostaway,2026-12-22T00:00:00.000000,1,0,0,0,1,217.0,1
383097,hostaway,2026-12-23T00:00:00.000000,1,0,0,0,1,217.0,1
383097,hostaway,2026-12-24T00:00:00.000000,1,0,0,0,1,464.0,1
383097,hostaway,2026-12-25T00:00:00.000000,1,0,0,0,1,753.0,1
383097,hostaway,2026-12-26T00:00:00.000000,1,0,0,0,1,753.0,1
383097,hostaway,2026-12-27T00:00:00.000000,1,0,0,0,1,347.0,1
383097,hostaway,2026-12-28T00:00:00.000000,1,0,0,0,1,277.0,1
383097,hostaway,2026-12-29T00:00:00.000000,1,0,0,0,1,277.0,1
383097,hostaway,2026-12-30T00:00:00.000000,1,0,0,0,1,906.0,1
383097,hostaway,2026-12-31T00:00:00.000000,1,0,0,0,1,931.0,1
383097,hostaway,2027-01-01T00:00:00.000000,1,0,0,0,1,387.0,1
383097,hostaway,2027-01-02T00:00:00.000000,1,0,0,0,1,387.0,1
383097,hostaway,2027-01-03T00:00:00.000000,1,0,0,0,1,217.0,1
383097,hostaway,2027-01-04T00:00:00.000000,1,0,0,0,1,218.0,1
383097,hostaway,2027-01-05T00:00:00.000000,1,0,0,0,1,218.0,1
383097,hostaway,2027-01-06T00:00:00.000000,1,0,0,0,1,257.0,1
383097,hostaway,2027-01-07T00:00:00.000000,1,0,0,0,1,334.0,1
383097,hostaway,2027-01-08T00:00:00.000000,1,0,0,0,1,389.0,1
383097,hostaway,2027-01-09T00:00:00.000000,1,0,0,0,1,389.0,1
383097,hostaway,2027-01-10T00:00:00.000000,1,0,0,0,1,334.0,1
383097,hostaway,2027-01-11T00:00:00.000000,1,0,0,0,1,218.0,1
383097,hostaway,2027-01-12T00:00:00.000000,1,0,0,0,1,218.0,1
383097,hostaway,2027-01-13T00:00:00.000000,1,0,0,0,1,218.0,1
383097,hostaway,2027-01-14T00:00:00.000000,1,0,0,0,1,290.0,1
383097,hostaway,2027-01-15T00:00:00.000000,1,0,0,0,1,445.0,1
383097,hostaway,2027-01-16T00:00:00.000000,1,0,0,0,1,445.0,1
383097,hostaway,2027-01-17T00:00:00.000000,1,0,0,0,1,381.0,1
383097,hostaway,2027-01-18T00:00:00.000000,1,0,0,0,1,297.0,1
383097,hostaway,2027-01-19T00:00:00.000000,1,0,0,0,1,218.0,1
383097,hostaway,2027-01-20T00:00:00.000000,1,0,0,0,1,218.0,1
383097,hostaway,2027-01-21T00:00:00.000000,1,0,0,0,1,290.0,1
383097,hostaway,2027-01-22T00:00:00.000000,1,0,0,0,1,337.0,1
383097,hostaway,2027-01-23T00:00:00.000000,1,0,0,0,1,337.0,1
383097,hostaway,2027-01-24T00:00:00.000000,1,0,0,0,1,290.0,1
383097,hostaway,2027-01-25T00:00:00.000000,1,0,0,0,1,218.0,1
383097,hostaway,2027-01-26T00:00:00.000000,1,0,0,0,1,218.0,1
383097,hostaway,2027-01-27T00:00:00.000000,1,0,0,0,1,218.0,1
383097,hostaway,2027-01-28T00:00:00.000000,1,0,0,0,1,290.0,1
383097,hostaway,2027-01-29T00:00:00.000000,1,0,0,0,1,337.0,1
383097,hostaway,2027-01-30T00:00:00.000000,1,0,0,0,1,337.0,1
383097,hostaway,2027-01-31T00:00:00.000000,1,0,0,0,1,290.0,1
383097,hostaway,2027-02-01T00:00:00.000000,1,0,0,0,1,218.0,1
383097,hostaway,2027-02-02T00:00:00.000000,1,0,0,0,1,218.0,1
383097,hostaway,2027-02-03T00:00:00.000000,1,0,0,0,1,218.0,1
383097,hostaway,2027-02-04T00:00:00.000000,1,0,0,0,1,290.0,1
383097,hostaway,2027-02-05T00:00:00.000000,1,0,0,0,1,337.0,1
383097,hostaway,2027-02-06T00:00:00.000000,1,0,0,0,1,337.0,1
383097,hostaway,2027-02-07T00:00:00.000000,1,0,0,0,1,290.0,1
383097,hostaway,2027-02-08T00:00:00.000000,1,0,0,0,1,218.0,1
383097,hostaway,2027-02-09T00:00:00.000000,1,0,0,0,1,218.0,1
383097,hostaway,2027-02-10T00:00:00.000000,1,0,0,0,1,218.0,1
383097,hostaway,2027-02-11T00:00:00.000000,1,0,0,0,1,290.0,1
383097,hostaway,2027-02-12T00:00:00.000000,1,0,0,0,1,486.0,1
383097,hostaway,2027-02-13T00:00:00.000000,1,0,0,0,1,486.0,1
383097,hostaway,2027-02-14T00:00:00.000000,1,0,0,0,1,412.0,1
383097,hostaway,2027-02-15T00:00:00.000000,1,0,0,0,1,324.0,1
383097,hostaway,2027-02-16T00:00:00.000000,1,0,0,0,1,218.0,1
383097,hostaway,2027-02-17T00:00:00.000000,1,0,0,0,1,218.0,1
383097,hostaway,2027-02-18T00:00:00.000000,1,0,0,0,1,290.0,1
383097,hostaway,2027-02-19T00:00:00.000000,1,0,0,0,1,337.0,1
383097,hostaway,2027-02-20T00:00:00.000000,1,0,0,0,1,337.0,1
383097,hostaway,2027-02-21T00:00:00.000000,1,0,0,0,1,290.0,1
383097,hostaway,2027-02-22T00:00:00.000000,1,0,0,0,1,218.0,1
383097,hostaway,2027-02-23T00:00:00.000000,1,0,0,0,1,218.0,1
383097,hostaway,2027-02-24T00:00:00.000000,1,0,0,0,1,218.0,1
383097,hostaway,2027-02-25T00:00:00.000000,1,0,0,0,1,274.0,1
383097,hostaway,2027-02-26T00:00:00.000000,1,0,0,0,1,337.0,1
383097,hostaway,2027-02-27T00:00:00.000000,1,0,0,0,1,337.0,1
383097,hostaway,2027-02-28T00:00:00.000000,1,0,0,0,1,274.0,1
383097,hostaway,2027-03-01T00:00:00.000000,1,0,0,0,1,255.0,1
383097,hostaway,2027-03-02T00:00:00.000000,1,0,0,0,1,255.0,1
383097,hostaway,2027-03-03T00:00:00.000000,1,0,0,0,1,255.0,1
383097,hostaway,2027-03-04T00:00:00.000000,1,0,0,0,1,303.0,1
383097,hostaway,2027-03-05T00:00:00.000000,1,0,0,0,1,355.0,1
383097,hostaway,2027-03-06T00:00:00.000000,1,0,0,0,1,355.0,1
383097,hostaway,2027-03-07T00:00:00.000000,1,0,0,0,1,303.0,1
383097,hostaway,2027-03-08T00:00:00.000000,1,0,0,0,1,255.0,1
383097,hostaway,2027-03-09T00:00:00.000000,1,0,0,0,1,255.0,1
383097,hostaway,2027-03-10T00:00:00.000000,1,0,0,0,1,255.0,1
383097,hostaway,2027-03-11T00:00:00.000000,1,0,0,0,1,303.0,1
383097,hostaway,2027-03-12T00:00:00.000000,1,0,0,0,1,355.0,1
383097,hostaway,2027-03-13T00:00:00.000000,1,0,0,0,1,355.0,1
383097,hostaway,2027-03-14T00:00:00.000000,1,0,0,0,1,303.0,1
383097,hostaway,2027-03-15T00:00:00.000000,1,0,0,0,1,255.0,1
383097,hostaway,2027-03-16T00:00:00.000000,1,0,0,0,1,255.0,1
383097,hostaway,2027-03-17T00:00:00.000000,1,0,0,0,1,255.0,1
383097,hostaway,2027-03-18T00:00:00.000000,1,0,0,0,1,303.0,1
383097,hostaway,2027-03-19T00:00:00.000000,1,0,0,0,1,355.0,1
383097,hostaway,2027-03-20T00:00:00.000000,1,0,0,0,1,355.0,1
383097,hostaway,2027-03-21T00:00:00.000000,1,0,0,0,1,303.0,1
383097,hostaway,2027-03-22T00:00:00.000000,1,0,0,0,1,255.0,1
383097,hostaway,2027-03-23T00:00:00.000000,1,0,0,0,1,255.0,1
383097,hostaway,2027-03-24T00:00:00.000000,1,0,0,0,1,255.0,1
383097,hostaway,2027-03-25T00:00:00.000000,1,0,0,0,1,303.0,1
383097,hostaway,2027-03-26T00:00:00.000000,1,0,0,0,1,514.0,1
383097,hostaway,2027-03-27T00:00:00.000000,1,0,0,0,1,514.0,1
383097,hostaway,2027-03-28T00:00:00.000000,1,0,0,0,1,436.0,1
383097,hostaway,2027-03-29T00:00:00.000000,1,0,0,0,1,364.0,1
383097,hostaway,2027-03-30T00:00:00.000000,1,0,0,0,1,364.0,1
383097,hostaway,2027-03-31T00:00:00.000000,1,0,0,0,1,364.0,1
383097,hostaway,2027-04-01T00:00:00.000000,1,0,0,0,1,601.0,1
383097,hostaway,2027-04-02T00:00:00.000000,1,0,0,0,1,733.0,1
383097,hostaway,2027-04-03T00:00:00.000000,1,0,0,0,1,733.0,1
383097,hostaway,2027-04-04T00:00:00.000000,1,0,0,0,1,601.0,1
383097,hostaway,2027-04-05T00:00:00.000000,1,0,0,0,1,497.0,1
383097,hostaway,2027-04-06T00:00:00.000000,1,0,0,0,1,497.0,1
383097,hostaway,2027-04-07T00:00:00.000000,1,0,0,0,1,497.0,1
383097,hostaway,2027-04-08T00:00:00.000000,1,0,0,0,1,474.0,1
383097,hostaway,2027-04-09T00:00:00.000000,1,0,0,0,1,579.0,1
383097,hostaway,2027-04-10T00:00:00.000000,1,0,0,0,1,579.0,1
383097,hostaway,2027-04-11T00:00:00.000000,1,0,0,0,1,474.0,1
383097,hostaway,2027-04-12T00:00:00.000000,1,0,0,0,1,275.0,1
383097,hostaway,2027-04-13T00:00:00.000000,1,0,0,0,1,275.0,1
383097,hostaway,2027-04-14T00:00:00.000000,1,0,0,0,1,275.0,1
383097,hostaway,2027-04-15T00:00:00.000000,1,0,0,0,1,326.0,1
383097,hostaway,2027-04-16T00:00:00.000000,1,0,0,0,1,402.0,1
383097,hostaway,2027-04-17T00:00:00.000000,1,0,0,0,1,402.0,1
383097,hostaway,2027-04-18T00:00:00.000000,1,0,0,0,1,326.0,1
383097,hostaway,2027-04-19T00:00:00.000000,1,0,0,0,1,275.0,1
383097,hostaway,2027-04-20T00:00:00.000000,1,0,0,0,1,275.0,1
383097,hostaway,2027-04-21T00:00:00.000000,1,0,0,0,1,275.0,1
383097,hostaway,2027-04-22T00:00:00.000000,1,0,0,0,1,326.0,1
383097,hostaway,2027-04-23T00:00:00.000000,1,0,0,0,1,402.0,1
383097,hostaway,2027-04-24T00:00:00.000000,1,0,0,0,1,402.0,1
383097,hostaway,2027-04-25T00:00:00.000000,1,0,0,0,1,326.0,1
383097,hostaway,2027-04-26T00:00:00.000000,1,0,0,0,1,275.0,1
383097,hostaway,2027-04-27T00:00:00.000000,1,0,0,0,1,275.0,1
383097,hostaway,2027-04-28T00:00:00.000000,1,0,0,0,1,275.0,1
383097,hostaway,2027-04-29T00:00:00.000000,1,0,0,0,1,326.0,1
383097,hostaway,2027-04-30T00:00:00.000000,1,0,0,0,1,402.0,1
383097,hostaway,2027-05-01T00:00:00.000000,1,0,0,0,1,402.0,1
383097,hostaway,2027-05-02T00:00:00.000000,1,0,0,0,1,326.0,1
383097,hostaway,2027-05-03T00:00:00.000000,1,0,0,0,1,275.0,1
383097,hostaway,2027-05-04T00:00:00.000000,1,0,0,0,1,275.0,1
383097,hostaway,2027-05-05T00:00:00.000000,1,0,0,0,1,275.0,1
383097,hostaway,2027-05-06T00:00:00.000000,1,0,0,0,1,555.0,1
383097,hostaway,2027-05-07T00:00:00.000000,1,0,0,0,1,658.0,1
383097,hostaway,2027-05-08T00:00:00.000000,1,0,0,0,1,658.0,1
383097,hostaway,2027-05-09T00:00:00.000000,1,0,0,0,1,558.0,1
383097,hostaway,2027-05-10T00:00:00.000000,1,0,0,0,1,315.0,1
383097,hostaway,2027-05-11T00:00:00.000000,1,0,0,0,1,316.0,1
383097,hostaway,2027-05-12T00:00:00.000000,1,0,0,0,1,317.0,1
383097,hostaway,2027-05-13T00:00:00.000000,1,0,0,0,1,543.0,1
383097,hostaway,2027-05-14T00:00:00.000000,1,0,0,0,1,640.0,1
383097,hostaway,2027-05-15T00:00:00.000000,1,0,0,0,1,646.0,1
383097,hostaway,2027-05-16T00:00:00.000000,1,0,0,0,1,550.0,1
383097,hostaway,2027-05-17T00:00:00.000000,1,0,0,0,1,324.0,1
383097,hostaway,2027-05-18T00:00:00.000000,1,0,0,0,1,326.0,1
383097,hostaway,2027-05-19T00:00:00.000000,1,0,0,0,1,328.0,1
383097,hostaway,2027-05-20T00:00:00.000000,1,0,0,0,1,555.0,1
383097,hostaway,2027-05-21T00:00:00.000000,1,0,0,0,1,658.0,1
383097,hostaway,2027-05-22T00:00:00.000000,1,0,0,0,1,663.0,1
383097,hostaway,2027-05-23T00:00:00.000000,1,0,0,0,1,567.0,1
383097,hostaway,2027-05-24T00:00:00.000000,1,0,0,0,1,337.0,1
383097,hostaway,2027-05-25T00:00:00.000000,1,0,0,0,1,337.0,1
383097,hostaway,2027-05-26T00:00:00.000000,1,0,0,0,1,338.0,1
383097,hostaway,2027-05-27T00:00:00.000000,1,0,0,0,1,634.0,1
383097,hostaway,2027-05-28T00:00:00.000000,1,0,0,0,1,937.0,1
383097,hostaway,2027-05-29T00:00:00.000000,1,0,0,0,1,945.0,1
383097,hostaway,2027-05-30T00:00:00.000000,1,0,0,0,1,675.0,1
383097,hostaway,2027-05-31T00:00:00.000000,1,0,0,0,1,447.0,1
383097,hostaway,2027-06-01T00:00:00.000000,1,0,0,0,1,370.0,1
383097,hostaway,2027-06-02T00:00:00.000000,1,0,0,0,1,355.0,1
383097,hostaway,2027-06-03T00:00:00.000000,1,0,0,0,1,592.0,1
383097,hostaway,2027-06-04T00:00:00.000000,1,0,0,0,1,699.0,1
383097,hostaway,2027-06-05T00:00:00.000000,1,0,0,0,1,702.0,1
383097,hostaway,2027-06-06T00:00:00.000000,1,0,0,0,1,598.0,1
383097,hostaway,2027-06-07T00:00:00.000000,1,0,0,0,1,362.0,1
383097,hostaway,2027-06-08T00:00:00.000000,1,0,0,0,1,364.0,1
383097,hostaway,2027-06-09T00:00:00.000000,1,0,0,0,1,366.0,1
383097,hostaway,2027-06-10T00:00:00.000000,1,0,0,0,1,610.0,1
383097,hostaway,2027-06-11T00:00:00.000000,1,0,0,0,1,718.0,1
383097,hostaway,2027-06-12T00:00:00.000000,1,0,0,0,1,721.0,1
383097,hostaway,2027-06-13T00:00:00.000000,1,0,0,0,1,616.0,1
383097,hostaway,2027-06-14T00:00:00.000000,1,0,0,0,1,376.0,1
383097,hostaway,2027-06-15T00:00:00.000000,1,0,0,0,1,397.0,1
383097,hostaway,2027-06-16T00:00:00.000000,1,0,0,0,1,399.0,1
383097,hostaway,2027-06-17T00:00:00.000000,1,0,0,0,1,627.0,1
383097,hostaway,2027-06-18T00:00:00.000000,1,0,0,0,1,738.0,1
383097,hostaway,2027-06-19T00:00:00.000000,1,0,0,0,1,740.0,1
383097,hostaway,2027-06-20T00:00:00.000000,1,0,0,0,1,634.0,1
383097,hostaway,2027-06-21T00:00:00.000000,1,0,0,0,1,389.0,1
383097,hostaway,2027-06-22T00:00:00.000000,1,0,0,0,1,410.0,1
383097,hostaway,2027-06-23T00:00:00.000000,1,0,0,0,1,393.0,1
383097,hostaway,2027-06-24T00:00:00.000000,1,0,0,0,1,641.0,1
383097,hostaway,2027-06-25T00:00:00.000000,1,0,0,0,1,752.0,1
383097,hostaway,2027-06-26T00:00:00.000000,1,0,0,0,1,752.0,1
383097,hostaway,2027-06-27T00:00:00.000000,1,0,0,0,1,641.0,1
383097,hostaway,2027-06-28T00:00:00.000000,1,0,0,0,1,393.0,1
383097,hostaway,2027-06-29T00:00:00.000000,1,0,0,0,1,393.0,1
383097,hostaway,2027-06-30T00:00:00.000000,1,0,0,0,1,393.0,1
383097,hostaway,2027-07-01T00:00:00.000000,1,0,0,0,1,641.0,1
383097,hostaway,2027-07-02T00:00:00.000000,1,0,0,0,1,1261.0,1
383097,hostaway,2027-07-03T00:00:00.000000,1,0,0,0,1,1261.0,1
383097,hostaway,2027-07-04T00:00:00.000000,1,0,0,0,1,705.0,1
383097,hostaway,2027-07-05T00:00:00.000000,1,0,0,0,1,478.0,1
383097,hostaway,2027-07-06T00:00:00.000000,1,0,0,0,1,478.0,1
383097,hostaway,2027-07-07T00:00:00.000000,1,0,0,0,1,478.0,1
383097,hostaway,2027-07-08T00:00:00.000000,1,0,0,0,1,753.0,1
383097,hostaway,2027-07-09T00:00:00.000000,1,0,0,0,1,1147.0,1
383097,hostaway,2027-07-10T00:00:00.000000,1,0,0,0,1,1147.0,1
383097,hostaway,2027-07-11T00:00:00.000000,1,0,0,0,1,753.0,1
383097,hostaway,2027-07-12T00:00:00.000000,1,0,0,0,1,478.0,1
383097,hostaway,2027-07-13T00:00:00.000000,1,0,0,0,1,478.0,1
383097,hostaway,2027-07-14T00:00:00.000000,1,0,0,0,1,478.0,1
383097,hostaway,2027-07-15T00:00:00.000000,1,0,0,0,1,753.0,1
383097,hostaway,2027-07-16T00:00:00.000000,1,0,0,0,1,1147.0,1
383097,hostaway,2027-07-17T00:00:00.000000,1,0,0,0,1,1147.0,1
383097,hostaway,2027-07-18T00:00:00.000000,1,0,0,0,1,753.0,1
383097,hostaway,2027-07-19T00:00:00.000000,1,0,0,0,1,478.0,1
383097,hostaway,2027-07-20T00:00:00.000000,1,0,0,0,1,478.0,1
383097,hostaway,2027-07-21T00:00:00.000000,1,0,0,0,1,478.0,1
383097,hostaway,2027-07-22T00:00:00.000000,1,0,0,0,1,753.0,1
383097,hostaway,2027-07-23T00:00:00.000000,1,0,0,0,1,1147.0,1
383097,hostaway,2027-07-24T00:00:00.000000,1,0,0,0,1,1147.0,1
383097,hostaway,2027-07-25T00:00:00.000000,1,0,0,0,1,753.0,1
383097,hostaway,2027-07-26T00:00:00.000000,1,0,0,0,1,478.0,1
383097,hostaway,2027-07-27T00:00:00.000000,1,0,0,0,1,478.0,1
383097,hostaway,2027-07-28T00:00:00.000000,1,0,0,0,1,478.0,1
383097,hostaway,2027-07-29T00:00:00.000000,1,0,0,0,1,753.0,1
383097,hostaway,2027-07-30T00:00:00.000000,1,0,0,0,1,1147.0,1
383097,hostaway,2027-07-31T00:00:00.000000,1,0,0,0,1,1147.0,1
383097,hostaway,2027-08-01T00:00:00.000000,1,0,0,0,1,753.0,1
383097,hostaway,2027-08-02T00:00:00.000000,1,0,0,0,1,478.0,1
383097,hostaway,2027-08-03T00:00:00.000000,1,0,0,0,1,478.0,1
383097,hostaway,2027-08-04T00:00:00.000000,1,0,0,0,1,478.0,1
383097,hostaway,2027-08-05T00:00:00.000000,1,0,0,0,1,753.0,1
383097,hostaway,2027-08-06T00:00:00.000000,1,0,0,0,1,1147.0,1
383097,hostaway,2027-08-07T00:00:00.000000,1,0,0,0,1,1147.0,1
383097,hostaway,2027-08-08T00:00:00.000000,1,0,0,0,1,753.0,1
383097,hostaway,2027-08-09T00:00:00.000000,1,0,0,0,1,478.0,1
383097,hostaway,2027-08-10T00:00:00.000000,1,0,0,0,1,478.0,1
383097,hostaway,2027-08-11T00:00:00.000000,1,0,0,0,1,478.0,1
383097,hostaway,2027-08-12T00:00:00.000000,1,0,0,0,1,753.0,1
383097,hostaway,2027-08-13T00:00:00.000000,1,0,0,0,1,1147.0,1
383097,hostaway,2027-08-14T00:00:00.000000,1,0,0,0,1,1147.0,1
383097,hostaway,2027-08-15T00:00:00.000000,1,0,0,0,1,753.0,1
383097,hostaway,2027-08-16T00:00:00.000000,1,0,0,0,1,478.0,1
383097,hostaway,2027-08-17T00:00:00.000000,1,0,0,0,1,478.0,1
383097,hostaway,2027-08-18T00:00:00.000000,1,0,0,0,1,478.0,1
383097,hostaway,2027-08-19T00:00:00.000000,1,0,0,0,1,753.0,1
383097,hostaway,2027-08-20T00:00:00.000000,1,0,0,0,1,1147.0,1
383097,hostaway,2027-08-21T00:00:00.000000,1,0,0,0,1,1147.0,1
383097,hostaway,2027-08-22T00:00:00.000000,1,0,0,0,1,753.0,1
383097,hostaway,2027-08-23T00:00:00.000000,1,0,0,0,1,478.0,1
383097,hostaway,2027-08-24T00:00:00.000000,1,0,0,0,1,478.0,1
383097,hostaway,2027-08-25T00:00:00.000000,1,0,0,0,1,478.0,1
383097,hostaway,2027-08-26T00:00:00.000000,1,0,0,0,1,753.0,1
383097,hostaway,2027-08-27T00:00:00.000000,1,0,0,0,1,1147.0,1
383097,hostaway,2027-08-28T00:00:00.000000,1,0,0,0,1,1147.0,1
383097,hostaway,2027-08-29T00:00:00.000000,1,0,0,0,1,753.0,1
383097,hostaway,2027-08-30T00:00:00.000000,1,0,0,0,1,478.0,1
383097,hostaway,2027-08-31T00:00:00.000000,1,0,0,0,1,478.0,1
383097,hostaway,2027-09-01T00:00:00.000000,1,0,0,0,1,478.0,1
383097,hostaway,2027-09-02T00:00:00.000000,1,0,0,0,1,641.0,1
383097,hostaway,2027-09-03T00:00:00.000000,1,0,0,0,1,903.0,1
383097,hostaway,2027-09-04T00:00:00.000000,1,0,0,0,1,903.0,1
383097,hostaway,2027-09-05T00:00:00.000000,1,0,0,0,1,673.0,1
383097,hostaway,2027-09-06T00:00:00.000000,1,0,0,0,1,472.0,1
383097,hostaway,2027-09-07T00:00:00.000000,1,0,0,0,1,393.0,1
383097,hostaway,2027-09-08T00:00:00.000000,1,0,0,0,1,393.0,1
383097,hostaway,2027-09-09T00:00:00.000000,1,0,0,0,1,641.0,1
383097,hostaway,2027-09-10T00:00:00.000000,1,0,0,0,1,752.0,1
383097,hostaway,2027-09-11T00:00:00.000000,1,0,0,0,1,752.0,1
383097,hostaway,2027-09-12T00:00:00.000000,1,0,0,0,1,641.0,1
383097,hostaway,2027-09-13T00:00:00.000000,1,0,0,0,1,393.0,1
383097,hostaway,2027-09-14T00:00:00.000000,1,0,0,0,1,393.0,1
383097,hostaway,2027-09-15T00:00:00.000000,1,0,0,0,1,393.0,1
383097,hostaway,2027-09-16T00:00:00.000000,1,0,0,0,1,641.0,1
383097,hostaway,2027-09-17T00:00:00.000000,1,0,0,0,1,752.0,1
383097,hostaway,2027-09-18T00:00:00.000000,1,0,0,0,1,752.0,1
383097,hostaway,2027-09-19T00:00:00.000000,1,0,0,0,1,641.0,1
383097,hostaway,2027-09-20T00:00:00.000000,1,0,0,0,1,393.0,1
383097,hostaway,2027-09-21T00:00:00.000000,1,0,0,0,1,393.0,1
383097,hostaway,2027-09-22T00:00:00.000000,1,0,0,0,1,393.0,1
383097,hostaway,2027-09-23T00:00:00.000000,1,0,0,0,1,641.0,1
383097,hostaway,2027-09-24T00:00:00.000000,1,0,0,0,1,752.0,1
383097,hostaway,2027-09-25T00:00:00.000000,1,0,0,0,1,752.0,1
383097,hostaway,2027-09-26T00:00:00.000000,1,0,0,0,1,641.0,1
383097,hostaway,2027-09-27T00:00:00.000000,1,0,0,0,1,393.0,1
383097,hostaway,2027-09-28T00:00:00.000000,1,0,0,0,1,393.0,1
383097,hostaway,2027-09-29T00:00:00.000000,1,0,0,0,1,393.0,1
383097,hostaway,2027-09-30T00:00:00.000000,1,0,0,0,1,641.0,1
383097,hostaway,2027-10-01T00:00:00.000000,1,0,0,0,1,752.0,1
383097,hostaway,2027-10-02T00:00:00.000000,1,0,0,0,1,752.0,1
383097,hostaway,2027-10-03T00:00:00.000000,1,0,0,0,1,641.0,1
383097,hostaway,2027-10-04T00:00:00.000000,1,0,0,0,1,393.0,1
383097,hostaway,2027-10-05T00:00:00.000000,1,0,0,0,1,393.0,1
383097,hostaway,2027-10-06T00:00:00.000000,1,0,0,0,1,393.0,1
383097,hostaway,2027-10-07T00:00:00.000000,1,0,0,0,1,641.0,1
383097,hostaway,2027-10-08T00:00:00.000000,1,0,0,0,1,752.0,1
383097,hostaway,2027-10-09T00:00:00.000000,1,0,0,0,1,752.0,1
383097,hostaway,2027-10-10T00:00:00.000000,1,0,0,0,1,641.0,1
383097,hostaway,2027-10-11T00:00:00.000000,1,0,0,0,1,393.0,1
383097,hostaway,2027-10-12T00:00:00.000000,1,0,0,0,1,393.0,1
383097,hostaway,2027-10-13T00:00:00.000000,1,0,0,0,1,393.0,1
383097,hostaway,2027-10-14T00:00:00.000000,1,0,0,0,1,641.0,1
383097,hostaway,2027-10-15T00:00:00.000000,1,0,0,0,1,752.0,1
383097,hostaway,2027-10-16T00:00:00.000000,1,0,0,0,1,752.0,1
383097,hostaway,2027-10-17T00:00:00.000000,1,0,0,0,1,641.0,1
383097,hostaway,2027-10-18T00:00:00.000000,1,0,0,0,1,393.0,1
383097,hostaway,2027-10-19T00:00:00.000000,1,0,0,0,1,393.0,1
383097,hostaway,2027-10-20T00:00:00.000000,1,0,0,0,1,393.0,1
383097,hostaway,2027-10-21T00:00:00.000000,1,0,0,0,1,641.0,1
383097,hostaway,2027-10-22T00:00:00.000000,1,0,0,0,1,752.0,1
383097,hostaway,2027-10-23T00:00:00.000000,1,0,0,0,1,752.0,1
383097,hostaway,2027-10-24T00:00:00.000000,1,0,0,0,1,641.0,1
383097,hostaway,2027-10-25T00:00:00.000000,1,0,0,0,1,393.0,1
383097,hostaway,2027-10-26T00:00:00.000000,1,0,0,0,1,393.0,1
383097,hostaway,2027-10-27T00:00:00.000000,1,0,0,0,1,393.0,1
383097,hostaway,2027-10-28T00:00:00.000000,1,0,0,0,1,641.0,1
383097,hostaway,2027-10-29T00:00:00.000000,1,0,0,0,1,752.0,1
383097,hostaway,2027-10-30T00:00:00.000000,1,0,0,0,1,752.0,1
383097,hostaway,2027-10-31T00:00:00.000000,1,0,0,0,1,641.0,1
383097,hostaway,2027-11-01T00:00:00.000000,1,0,0,0,1,280.0,1
383097,hostaway,2027-11-02T00:00:00.000000,1,0,0,0,1,280.0,1
383097,hostaway,2027-11-03T00:00:00.000000,1,0,0,0,1,280.0,1
383097,hostaway,2027-11-04T00:00:00.000000,1,0,0,0,1,349.0,1
383097,hostaway,2027-11-05T00:00:00.000000,1,0,0,0,1,404.0,1
383097,hostaway,2027-11-06T00:00:00.000000,1,0,0,0,1,404.0,1
383097,hostaway,2027-11-07T00:00:00.000000,1,0,0,0,1,349.0,1
383097,hostaway,2027-11-08T00:00:00.000000,1,0,0,0,1,280.0,1
383097,hostaway,2027-11-09T00:00:00.000000,1,0,0,0,1,280.0,1
383097,hostaway,2027-11-10T00:00:00.000000,1,0,0,0,1,280.0,1
383097,hostaway,2027-11-11T00:00:00.000000,1,0,0,0,1,349.0,1
383097,hostaway,2027-11-12T00:00:00.000000,1,0,0,0,1,404.0,1
383097,hostaway,2027-11-13T00:00:00.000000,1,0,0,0,1,404.0,1
383097,hostaway,2027-11-14T00:00:00.000000,1,0,0,0,1,349.0,1
383097,hostaway,2027-11-15T00:00:00.000000,1,0,0,0,1,280.0,1
383097,hostaway,2027-11-16T00:00:00.000000,1,0,0,0,1,280.0,1
383097,hostaway,2027-11-17T00:00:00.000000,1,0,0,0,1,280.0,1
383097,hostaway,2027-11-18T00:00:00.000000,1,0,0,0,1,349.0,1
383097,hostaway,2027-11-19T00:00:00.000000,1,0,0,0,1,404.0,1
383097,hostaway,2027-11-20T00:00:00.000000,1,0,0,0,1,404.0,1
383097,hostaway,2027-11-21T00:00:00.000000,1,0,0,0,1,349.0,1
383097,hostaway,2027-11-22T00:00:00.000000,1,0,0,0,1,280.0,1
383097,hostaway,2027-11-23T00:00:00.000000,1,0,0,0,1,280.0,1
383097,hostaway,2027-11-24T00:00:00.000000,1,0,0,0,1,280.0,1
383097,hostaway,2027-11-25T00:00:00.000000,1,0,0,0,1,593.0,1
383097,hostaway,2027-11-26T00:00:00.000000,1,0,0,0,1,687.0,1
383097,hostaway,2027-11-27T00:00:00.000000,1,0,0,0,1,687.0,1
383097,hostaway,2027-11-28T00:00:00.000000,1,0,0,0,1,489.0,1
383097,hostaway,2027-11-29T00:00:00.000000,1,0,0,0,1,244.0,1
383097,hostaway,2027-11-30T00:00:00.000000,1,0,0,0,1,244.0,1
383097,hostaway,2027-12-01T00:00:00.000000,1,0,0,0,1,244.0,1
383097,hostaway,2027-12-02T00:00:00.000000,1,0,0,0,1,279.0,1
383097,hostaway,2027-12-03T00:00:00.000000,1,0,0,0,1,303.0,1
383097,hostaway,2027-12-04T00:00:00.000000,1,0,0,0,1,303.0,1
383097,hostaway,2027-12-05T00:00:00.000000,1,0,0,0,1,279.0,1
383097,hostaway,2027-12-06T00:00:00.000000,1,0,0,0,1,244.0,1
383097,hostaway,2027-12-07T00:00:00.000000,1,0,0,0,1,244.0,1
383097,hostaway,2027-12-08T00:00:00.000000,1,0,0,0,1,244.0,1
383097,hostaway,2027-12-09T00:00:00.000000,1,0,0,0,1,279.0,1
383097,hostaway,2027-12-10T00:00:00.000000,1,0,0,0,1,303.0,1
383097,hostaway,2027-12-11T00:00:00.000000,1,0,0,0,1,303.0,1
383097,hostaway,2027-12-12T00:00:00.000000,1,0,0,0,1,279.0,1
383097,hostaway,2027-12-13T00:00:00.000000,1,0,0,0,1,244.0,1
383097,hostaway,2027-12-14T00:00:00.000000,1,0,0,0,1,244.0,1
383097,hostaway,2027-12-15T00:00:00.000000,1,0,0,0,1,244.0,1
383097,hostaway,2027-12-16T00:00:00.000000,1,0,0,0,1,279.0,1
383097,hostaway,2027-12-17T00:00:00.000000,1,0,0,0,1,455.0,1
383097,hostaway,2027-12-18T00:00:00.000000,1,0,0,0,1,455.0,1
383097,hostaway,2027-12-19T00:00:00.000000,1,0,0,0,1,419.0,1
383097,hostaway,2027-12-20T00:00:00.000000,1,0,0,0,1,366.0,1
383097,hostaway,2027-12-21T00:00:00.000000,1,0,0,0,1,366.0,1
383097,hostaway,2027-12-22T00:00:00.000000,1,0,0,0,1,366.0,1
383097,hostaway,2027-12-23T00:00:00.000000,1,0,0,0,1,419.0,1
383097,hostaway,2027-12-24T00:00:00.000000,1,0,0,0,1,1061.0,1
383097,hostaway,2027-12-25T00:00:00.000000,1,0,0,0,1,1061.0,1
383097,hostaway,2027-12-26T00:00:00.000000,1,0,0,0,1,1061.0,1
383097,hostaway,2027-12-27T00:00:00.000000,1,0,0,0,1,244.0,1
383097,hostaway,2027-12-28T00:00:00.000000,1,0,0,0,1,244.0,1
383097,hostaway,2027-12-29T00:00:00.000000,1,0,0,0,1,244.0,1
383097,hostaway,2027-12-30T00:00:00.000000,1,0,0,0,1,1167.0,1
383097,hostaway,2027-12-31T00:00:00.000000,1,0,0,0,1,1167.0,1
383097,hostaway,2028-01-01T00:00:00.000000,1,0,0,0,1,1167.0,1
383097,hostaway,2028-01-02T00:00:00.000000,1,0,0,0,1,583.0,1
383097,hostaway,2028-01-03T00:00:00.000000,1,0,0,0,1,336.0,1
383097,hostaway,2028-01-04T00:00:00.000000,1,0,0,0,1,336.0,1
383097,hostaway,2028-01-05T00:00:00.000000,1,0,0,0,1,336.0,1
383097,hostaway,2028-01-06T00:00:00.000000,1,0,0,0,1,419.0,1
383097,hostaway,2028-01-07T00:00:00.000000,1,0,0,0,1,485.0,1
383097,hostaway,2028-01-08T00:00:00.000000,1,0,0,0,1,485.0,1
383097,hostaway,2028-01-09T00:00:00.000000,1,0,0,0,1,419.0,1
404358,hostaway,2026-05-24T00:00:00.000000,1,0,0,0,1,0.0,1
404358,hostaway,2026-05-25T00:00:00.000000,1,1,0,0,1,0.0,0
404358,hostaway,2026-05-26T00:00:00.000000,1,1,0,0,1,0.0,0
404358,hostaway,2026-05-27T00:00:00.000000,1,1,0,0,1,0.0,0
404358,hostaway,2026-05-28T00:00:00.000000,1,1,0,0,1,0.0,0
404358,hostaway,2026-05-29T00:00:00.000000,1,0,0,0,1,0.0,1
404358,hostaway,2026-05-30T00:00:00.000000,1,1,0,0,1,0.0,0
404358,hostaway,2026-05-31T00:00:00.000000,1,1,0,0,1,0.0,0
404358,hostaway,2026-06-01T00:00:00.000000,1,1,0,0,1,0.0,0
404358,hostaway,2026-06-02T00:00:00.000000,1,1,0,0,1,0.0,0
404358,hostaway,2026-06-03T00:00:00.000000,1,1,0,0,1,0.0,0
404358,hostaway,2026-06-04T00:00:00.000000,1,1,0,0,1,0.0,0
404358,hostaway,2026-06-05T00:00:00.000000,1,1,0,0,1,0.0,0
404358,hostaway,2026-06-06T00:00:00.000000,1,1,0,0,1,0.0,0
404358,hostaway,2026-06-07T00:00:00.000000,1,1,0,0,1,0.0,0
404358,hostaway,2026-06-08T00:00:00.000000,1,1,0,0,1,0.0,0
404358,hostaway,2026-06-09T00:00:00.000000,1,1,0,0,1,0.0,0
404358,hostaway,2026-06-10T00:00:00.000000,1,1,0,0,1,0.0,0
404358,hostaway,2026-06-11T00:00:00.000000,1,0,0,0,1,0.0,1
404358,hostaway,2026-06-12T00:00:00.000000,1,1,0,0,1,0.0,0
404358,hostaway,2026-06-13T00:00:00.000000,1,1,0,0,1,0.0,0
404358,hostaway,2026-06-14T00:00:00.000000,1,1,0,0,1,0.0,0
404358,hostaway,2026-06-15T00:00:00.000000,1,1,0,0,1,0.0,0
404358,hostaway,2026-06-16T00:00:00.000000,1,1,0,0,1,0.0,0
404358,hostaway,2026-06-17T00:00:00.000000,1,1,0,0,1,0.0,0
404358,hostaway,2026-06-18T00:00:00.000000,1,1,0,0,1,0.0,0
404358,hostaway,2026-06-19T00:00:00.000000,1,1,0,0,1,0.0,0
404358,hostaway,2026-06-20T00:00:00.000000,1,1,0,0,1,0.0,0
404358,hostaway,2026-06-21T00:00:00.000000,1,1,0,0,1,0.0,0
404358,hostaway,2026-06-22T00:00:00.000000,1,1,0,0,1,0.0,0
404358,hostaway,2026-06-23T00:00:00.000000,1,1,0,0,1,634.0,0
404358,hostaway,2026-06-24T00:00:00.000000,1,1,0,0,1,634.0,0
404358,hostaway,2026-06-25T00:00:00.000000,1,1,0,0,1,862.0,0
404358,hostaway,2026-06-26T00:00:00.000000,1,1,0,0,1,633.0,0
404358,hostaway,2026-06-27T00:00:00.000000,1,1,0,0,1,673.0,0
404358,hostaway,2026-06-28T00:00:00.000000,1,0,0,0,1,529.0,1
404358,hostaway,2026-06-29T00:00:00.000000,1,0,0,0,1,262.0,1
404358,hostaway,2026-06-30T00:00:00.000000,1,0,0,0,1,262.0,1
404358,hostaway,2026-07-01T00:00:00.000000,1,0,0,0,1,262.0,1
404358,hostaway,2026-07-02T00:00:00.000000,1,1,0,0,1,780.0,0
404358,hostaway,2026-07-03T00:00:00.000000,1,1,0,0,1,1356.0,0
404358,hostaway,2026-07-04T00:00:00.000000,1,1,0,0,1,1356.0,0
404358,hostaway,2026-07-05T00:00:00.000000,1,1,0,0,1,780.0,0
404358,hostaway,2026-07-06T00:00:00.000000,1,1,0,0,1,498.0,0
404358,hostaway,2026-07-07T00:00:00.000000,1,1,0,0,1,425.0,0
404358,hostaway,2026-07-08T00:00:00.000000,1,1,0,0,1,425.0,0
404358,hostaway,2026-07-09T00:00:00.000000,1,1,0,0,1,592.0,0
404358,hostaway,2026-07-10T00:00:00.000000,1,0,0,0,1,806.0,1
404358,hostaway,2026-07-11T00:00:00.000000,1,1,0,0,1,1189.0,0
404358,hostaway,2026-07-12T00:00:00.000000,1,1,0,0,1,697.0,0
404358,hostaway,2026-07-13T00:00:00.000000,1,1,0,0,1,695.0,0
404358,hostaway,2026-07-14T00:00:00.000000,1,0,0,0,1,341.0,1
404358,hostaway,2026-07-15T00:00:00.000000,1,0,0,0,1,341.0,1
404358,hostaway,2026-07-16T00:00:00.000000,1,0,0,0,1,592.0,1
404358,hostaway,2026-07-17T00:00:00.000000,1,0,0,0,1,1009.0,1
404358,hostaway,2026-07-18T00:00:00.000000,1,1,0,0,1,1189.0,0
404358,hostaway,2026-07-19T00:00:00.000000,1,1,0,0,1,697.0,0
404358,hostaway,2026-07-20T00:00:00.000000,1,0,0,0,1,496.0,1
404358,hostaway,2026-07-21T00:00:00.000000,1,1,0,0,1,470.0,0
404358,hostaway,2026-07-22T00:00:00.000000,1,1,0,0,1,425.0,0
404358,hostaway,2026-07-23T00:00:00.000000,1,0,0,0,1,466.0,1
404358,hostaway,2026-07-24T00:00:00.000000,1,1,0,0,1,1189.0,0
404358,hostaway,2026-07-25T00:00:00.000000,1,1,0,0,1,1189.0,0
404358,hostaway,2026-07-26T00:00:00.000000,1,0,0,0,1,536.0,1
404358,hostaway,2026-07-27T00:00:00.000000,1,0,0,0,1,447.0,1
404358,hostaway,2026-07-28T00:00:00.000000,1,1,0,0,1,381.0,0
404358,hostaway,2026-07-29T00:00:00.000000,1,1,0,0,1,381.0,0
404358,hostaway,2026-07-30T00:00:00.000000,1,0,0,0,1,592.0,1
404358,hostaway,2026-07-31T00:00:00.000000,1,0,0,0,1,1009.0,1
404358,hostaway,2026-08-01T00:00:00.000000,1,0,0,0,1,1009.0,1
404358,hostaway,2026-08-02T00:00:00.000000,1,0,0,0,1,592.0,1
404358,hostaway,2026-08-03T00:00:00.000000,1,0,0,0,1,368.0,1
404358,hostaway,2026-08-04T00:00:00.000000,1,0,0,0,1,317.0,1
404358,hostaway,2026-08-05T00:00:00.000000,1,0,0,0,1,317.0,1
404358,hostaway,2026-08-06T00:00:00.000000,1,0,0,0,1,485.0,1
404358,hostaway,2026-08-07T00:00:00.000000,1,0,0,0,1,744.0,1
404358,hostaway,2026-08-08T00:00:00.000000,1,1,0,0,1,744.0,0
404358,hostaway,2026-08-09T00:00:00.000000,1,1,0,0,1,485.0,0
404358,hostaway,2026-08-10T00:00:00.000000,1,0,0,0,1,603.0,1
404358,hostaway,2026-08-11T00:00:00.000000,1,0,0,0,1,508.0,1
404358,hostaway,2026-08-12T00:00:00.000000,1,0,0,0,1,348.0,1
404358,hostaway,2026-08-13T00:00:00.000000,1,0,0,0,1,485.0,1
404358,hostaway,2026-08-14T00:00:00.000000,1,0,0,0,1,744.0,1
404358,hostaway,2026-08-15T00:00:00.000000,1,0,0,0,1,744.0,1
404358,hostaway,2026-08-16T00:00:00.000000,1,1,0,0,1,534.0,0
404358,hostaway,2026-08-17T00:00:00.000000,1,1,0,0,1,368.0,0
404358,hostaway,2026-08-18T00:00:00.000000,1,1,0,0,1,317.0,0
404358,hostaway,2026-08-19T00:00:00.000000,1,0,0,0,1,317.0,1
404358,hostaway,2026-08-20T00:00:00.000000,1,0,0,0,1,349.0,1
404358,hostaway,2026-08-21T00:00:00.000000,1,0,0,0,1,744.0,1
404358,hostaway,2026-08-22T00:00:00.000000,1,0,0,0,1,744.0,1
404358,hostaway,2026-08-23T00:00:00.000000,1,0,0,0,1,443.0,1
404358,hostaway,2026-08-24T00:00:00.000000,1,0,0,0,1,368.0,1
404358,hostaway,2026-08-25T00:00:00.000000,1,0,0,0,1,317.0,1
404358,hostaway,2026-08-26T00:00:00.000000,1,0,0,0,1,317.0,1
404358,hostaway,2026-08-27T00:00:00.000000,1,0,0,0,1,485.0,1
404358,hostaway,2026-08-28T00:00:00.000000,1,0,0,0,1,744.0,1
404358,hostaway,2026-08-29T00:00:00.000000,1,0,0,0,1,744.0,1
404358,hostaway,2026-08-30T00:00:00.000000,1,0,0,0,1,485.0,1
404358,hostaway,2026-08-31T00:00:00.000000,1,1,0,0,1,368.0,0
404358,hostaway,2026-09-01T00:00:00.000000,1,1,0,0,1,279.0,0
404358,hostaway,2026-09-02T00:00:00.000000,1,1,0,0,1,279.0,0
404358,hostaway,2026-09-03T00:00:00.000000,1,0,0,0,1,427.0,1
404358,hostaway,2026-09-04T00:00:00.000000,1,0,0,0,1,1153.0,1
404358,hostaway,2026-09-05T00:00:00.000000,1,0,0,0,1,1153.0,1
404358,hostaway,2026-09-06T00:00:00.000000,1,0,0,0,1,766.0,1
404358,hostaway,2026-09-07T00:00:00.000000,1,0,0,0,1,459.0,1
404358,hostaway,2026-09-08T00:00:00.000000,1,1,0,0,1,311.0,0
404358,hostaway,2026-09-09T00:00:00.000000,1,1,0,0,1,311.0,0
404358,hostaway,2026-09-10T00:00:00.000000,1,0,0,0,1,427.0,1
404358,hostaway,2026-09-11T00:00:00.000000,1,0,0,0,1,888.0,1
404358,hostaway,2026-09-12T00:00:00.000000,1,0,0,0,1,888.0,1
404358,hostaway,2026-09-13T00:00:00.000000,1,1,0,0,1,427.0,0
404358,hostaway,2026-09-14T00:00:00.000000,1,1,0,0,1,311.0,0
404358,hostaway,2026-09-15T00:00:00.000000,1,0,0,0,1,311.0,1
404358,hostaway,2026-09-16T00:00:00.000000,1,0,0,0,1,311.0,1
404358,hostaway,2026-09-17T00:00:00.000000,1,0,0,0,1,427.0,1
404358,hostaway,2026-09-18T00:00:00.000000,1,0,0,0,1,658.0,1
404358,hostaway,2026-09-19T00:00:00.000000,1,0,0,0,1,658.0,1
404358,hostaway,2026-09-20T00:00:00.000000,1,1,0,0,1,427.0,0
404358,hostaway,2026-09-21T00:00:00.000000,1,1,0,0,1,311.0,0
404358,hostaway,2026-09-22T00:00:00.000000,1,0,0,0,1,343.0,1
404358,hostaway,2026-09-23T00:00:00.000000,1,0,0,0,1,343.0,1
404358,hostaway,2026-09-24T00:00:00.000000,1,0,0,0,1,427.0,1
404358,hostaway,2026-09-25T00:00:00.000000,1,0,0,0,1,658.0,1
404358,hostaway,2026-09-26T00:00:00.000000,1,0,0,0,1,658.0,1
404358,hostaway,2026-09-27T00:00:00.000000,1,0,0,0,1,427.0,1
404358,hostaway,2026-09-28T00:00:00.000000,1,0,0,0,1,311.0,1
404358,hostaway,2026-09-29T00:00:00.000000,1,0,0,0,1,311.0,1
404358,hostaway,2026-09-30T00:00:00.000000,1,0,0,0,1,311.0,1
404358,hostaway,2026-10-01T00:00:00.000000,1,0,0,0,1,376.0,1
404358,hostaway,2026-10-02T00:00:00.000000,1,0,0,0,1,582.0,1
404358,hostaway,2026-10-03T00:00:00.000000,1,0,0,0,1,582.0,1
404358,hostaway,2026-10-04T00:00:00.000000,1,0,0,0,1,376.0,1
404358,hostaway,2026-10-05T00:00:00.000000,1,0,0,0,1,274.0,1
404358,hostaway,2026-10-06T00:00:00.000000,1,0,0,0,1,274.0,1
404358,hostaway,2026-10-07T00:00:00.000000,1,0,0,0,1,274.0,1
404358,hostaway,2026-10-08T00:00:00.000000,1,0,0,0,1,376.0,1
404358,hostaway,2026-10-09T00:00:00.000000,1,0,0,0,1,582.0,1
404358,hostaway,2026-10-10T00:00:00.000000,1,0,0,0,1,582.0,1
404358,hostaway,2026-10-11T00:00:00.000000,1,0,0,0,1,376.0,1
404358,hostaway,2026-10-12T00:00:00.000000,1,0,0,0,1,274.0,1
404358,hostaway,2026-10-13T00:00:00.000000,1,0,0,0,1,274.0,1
404358,hostaway,2026-10-14T00:00:00.000000,1,0,0,0,1,274.0,1
404358,hostaway,2026-10-15T00:00:00.000000,1,0,0,0,1,376.0,1
404358,hostaway,2026-10-16T00:00:00.000000,1,0,0,0,1,640.0,1
404358,hostaway,2026-10-17T00:00:00.000000,1,0,0,0,1,640.0,1
404358,hostaway,2026-10-18T00:00:00.000000,1,0,0,0,1,376.0,1
404358,hostaway,2026-10-19T00:00:00.000000,1,0,0,0,1,274.0,1
404358,hostaway,2026-10-20T00:00:00.000000,1,0,0,0,1,274.0,1
404358,hostaway,2026-10-21T00:00:00.000000,1,0,0,0,1,274.0,1
404358,hostaway,2026-10-22T00:00:00.000000,1,0,0,0,1,376.0,1
404358,hostaway,2026-10-23T00:00:00.000000,1,0,0,0,1,582.0,1
404358,hostaway,2026-10-24T00:00:00.000000,1,0,0,0,1,582.0,1
404358,hostaway,2026-10-25T00:00:00.000000,1,0,0,0,1,376.0,1
404358,hostaway,2026-10-26T00:00:00.000000,1,0,0,0,1,274.0,1
404358,hostaway,2026-10-27T00:00:00.000000,1,0,0,0,1,274.0,1
404358,hostaway,2026-10-28T00:00:00.000000,1,0,0,0,1,274.0,1
404358,hostaway,2026-10-29T00:00:00.000000,1,0,0,0,1,376.0,1
404358,hostaway,2026-10-30T00:00:00.000000,1,0,0,0,1,582.0,1
404358,hostaway,2026-10-31T00:00:00.000000,1,0,0,0,1,582.0,1
404358,hostaway,2026-11-01T00:00:00.000000,1,0,0,0,1,328.0,1
404358,hostaway,2026-11-02T00:00:00.000000,1,0,0,0,1,262.0,1
404358,hostaway,2026-11-03T00:00:00.000000,1,0,0,0,1,262.0,1
404358,hostaway,2026-11-04T00:00:00.000000,1,0,0,0,1,262.0,1
404358,hostaway,2026-11-05T00:00:00.000000,1,0,0,0,1,328.0,1
404358,hostaway,2026-11-06T00:00:00.000000,1,0,0,0,1,510.0,1
404358,hostaway,2026-11-07T00:00:00.000000,1,0,0,0,1,510.0,1
404358,hostaway,2026-11-08T00:00:00.000000,1,0,0,0,1,328.0,1
404358,hostaway,2026-11-09T00:00:00.000000,1,0,0,0,1,262.0,1
404358,hostaway,2026-11-10T00:00:00.000000,1,0,0,0,1,262.0,1
404358,hostaway,2026-11-11T00:00:00.000000,1,0,0,0,1,262.0,1
404358,hostaway,2026-11-12T00:00:00.000000,1,0,0,0,1,328.0,1
404358,hostaway,2026-11-13T00:00:00.000000,1,0,0,0,1,510.0,1
404358,hostaway,2026-11-14T00:00:00.000000,1,0,0,0,1,510.0,1
404358,hostaway,2026-11-15T00:00:00.000000,1,0,0,0,1,328.0,1
404358,hostaway,2026-11-16T00:00:00.000000,1,0,0,0,1,262.0,1
404358,hostaway,2026-11-17T00:00:00.000000,1,0,0,0,1,262.0,1
404358,hostaway,2026-11-18T00:00:00.000000,1,0,0,0,1,262.0,1
404358,hostaway,2026-11-19T00:00:00.000000,1,0,0,0,1,328.0,1
404358,hostaway,2026-11-20T00:00:00.000000,1,0,0,0,1,510.0,1
404358,hostaway,2026-11-21T00:00:00.000000,1,0,0,0,1,510.0,1
404358,hostaway,2026-11-22T00:00:00.000000,1,0,0,0,1,328.0,1
404358,hostaway,2026-11-23T00:00:00.000000,1,0,0,0,1,262.0,1
404358,hostaway,2026-11-24T00:00:00.000000,1,0,0,0,1,262.0,1
404358,hostaway,2026-11-25T00:00:00.000000,1,0,0,0,1,262.0,1
404358,hostaway,2026-11-26T00:00:00.000000,1,0,0,0,1,506.0,1
404358,hostaway,2026-11-27T00:00:00.000000,1,0,0,0,1,510.0,1
404358,hostaway,2026-11-28T00:00:00.000000,1,0,0,0,1,510.0,1
404358,hostaway,2026-11-29T00:00:00.000000,1,0,0,0,1,328.0,1
404358,hostaway,2026-11-30T00:00:00.000000,1,0,0,0,1,262.0,1
404358,hostaway,2026-12-01T00:00:00.000000,1,0,0,0,1,262.0,1
404358,hostaway,2026-12-02T00:00:00.000000,1,0,0,0,1,262.0,1
404358,hostaway,2026-12-03T00:00:00.000000,1,0,0,0,1,292.0,1
404358,hostaway,2026-12-04T00:00:00.000000,1,0,0,0,1,449.0,1
404358,hostaway,2026-12-05T00:00:00.000000,1,0,0,0,1,449.0,1
404358,hostaway,2026-12-06T00:00:00.000000,1,0,0,0,1,292.0,1
404358,hostaway,2026-12-07T00:00:00.000000,1,0,0,0,1,262.0,1
404358,hostaway,2026-12-08T00:00:00.000000,1,0,0,0,1,262.0,1
404358,hostaway,2026-12-09T00:00:00.000000,1,0,0,0,1,262.0,1
404358,hostaway,2026-12-10T00:00:00.000000,1,0,0,0,1,292.0,1
404358,hostaway,2026-12-11T00:00:00.000000,1,0,0,0,1,449.0,1
404358,hostaway,2026-12-12T00:00:00.000000,1,0,0,0,1,449.0,1
404358,hostaway,2026-12-13T00:00:00.000000,1,0,0,0,1,292.0,1
404358,hostaway,2026-12-14T00:00:00.000000,1,0,0,0,1,262.0,1
404358,hostaway,2026-12-15T00:00:00.000000,1,0,0,0,1,262.0,1
404358,hostaway,2026-12-16T00:00:00.000000,1,0,0,0,1,262.0,1
404358,hostaway,2026-12-17T00:00:00.000000,1,0,0,0,1,362.0,1
404358,hostaway,2026-12-18T00:00:00.000000,1,0,0,0,1,567.0,1
404358,hostaway,2026-12-19T00:00:00.000000,1,0,0,0,1,567.0,1
404358,hostaway,2026-12-20T00:00:00.000000,1,0,0,0,1,362.0,1
404358,hostaway,2026-12-21T00:00:00.000000,1,0,0,0,1,262.0,1
404358,hostaway,2026-12-22T00:00:00.000000,1,0,0,0,1,262.0,1
404358,hostaway,2026-12-23T00:00:00.000000,1,0,0,0,1,262.0,1
404358,hostaway,2026-12-24T00:00:00.000000,1,0,0,0,1,558.0,1
404358,hostaway,2026-12-25T00:00:00.000000,1,0,0,0,1,897.0,1
404358,hostaway,2026-12-26T00:00:00.000000,1,0,0,0,1,897.0,1
404358,hostaway,2026-12-27T00:00:00.000000,1,0,0,0,1,420.0,1
404358,hostaway,2026-12-28T00:00:00.000000,1,0,0,0,1,347.0,1
404358,hostaway,2026-12-29T00:00:00.000000,1,0,0,0,1,347.0,1
404358,hostaway,2026-12-30T00:00:00.000000,1,0,0,0,1,1068.0,1
404358,hostaway,2026-12-31T00:00:00.000000,1,0,0,0,1,1096.0,1
404358,hostaway,2027-01-01T00:00:00.000000,1,0,0,0,1,474.0,1
404358,hostaway,2027-01-02T00:00:00.000000,1,0,0,0,1,474.0,1
404358,hostaway,2027-01-03T00:00:00.000000,1,0,0,0,1,276.0,1
404358,hostaway,2027-01-04T00:00:00.000000,1,0,0,0,1,262.0,1
404358,hostaway,2027-01-05T00:00:00.000000,1,0,0,0,1,262.0,1
404358,hostaway,2027-01-06T00:00:00.000000,1,0,0,0,1,309.0,1
404358,hostaway,2027-01-07T00:00:00.000000,1,0,0,0,1,378.0,1
404358,hostaway,2027-01-08T00:00:00.000000,1,0,0,0,1,466.0,1
404358,hostaway,2027-01-09T00:00:00.000000,1,0,0,0,1,466.0,1
404358,hostaway,2027-01-10T00:00:00.000000,1,0,0,0,1,378.0,1
404358,hostaway,2027-01-11T00:00:00.000000,1,0,0,0,1,262.0,1
404358,hostaway,2027-01-12T00:00:00.000000,1,0,0,0,1,262.0,1
404358,hostaway,2027-01-13T00:00:00.000000,1,0,0,0,1,262.0,1
404358,hostaway,2027-01-14T00:00:00.000000,1,0,0,0,1,326.0,1
404358,hostaway,2027-01-15T00:00:00.000000,1,0,0,0,1,532.0,1
404358,hostaway,2027-01-16T00:00:00.000000,1,0,0,0,1,532.0,1
404358,hostaway,2027-01-17T00:00:00.000000,1,0,0,0,1,435.0,1
404358,hostaway,2027-01-18T00:00:00.000000,1,0,0,0,1,351.0,1
404358,hostaway,2027-01-19T00:00:00.000000,1,0,0,0,1,262.0,1
404358,hostaway,2027-01-20T00:00:00.000000,1,0,0,0,1,262.0,1
404358,hostaway,2027-01-21T00:00:00.000000,1,0,0,0,1,326.0,1
404358,hostaway,2027-01-22T00:00:00.000000,1,0,0,0,1,400.0,1
404358,hostaway,2027-01-23T00:00:00.000000,1,0,0,0,1,400.0,1
404358,hostaway,2027-01-24T00:00:00.000000,1,0,0,0,1,326.0,1
404358,hostaway,2027-01-25T00:00:00.000000,1,0,0,0,1,262.0,1
404358,hostaway,2027-01-26T00:00:00.000000,1,0,0,0,1,262.0,1
404358,hostaway,2027-01-27T00:00:00.000000,1,0,0,0,1,262.0,1
404358,hostaway,2027-01-28T00:00:00.000000,1,0,0,0,1,326.0,1
404358,hostaway,2027-01-29T00:00:00.000000,1,0,0,0,1,400.0,1
404358,hostaway,2027-01-30T00:00:00.000000,1,0,0,0,1,400.0,1
404358,hostaway,2027-01-31T00:00:00.000000,1,0,0,0,1,326.0,1
404358,hostaway,2027-02-01T00:00:00.000000,1,0,0,0,1,262.0,1
404358,hostaway,2027-02-02T00:00:00.000000,1,0,0,0,1,262.0,1
404358,hostaway,2027-02-03T00:00:00.000000,1,0,0,0,1,262.0,1
404358,hostaway,2027-02-04T00:00:00.000000,1,0,0,0,1,326.0,1
404358,hostaway,2027-02-05T00:00:00.000000,1,0,0,0,1,400.0,1
404358,hostaway,2027-02-06T00:00:00.000000,1,0,0,0,1,400.0,1
404358,hostaway,2027-02-07T00:00:00.000000,1,0,0,0,1,326.0,1
404358,hostaway,2027-02-08T00:00:00.000000,1,0,0,0,1,262.0,1
404358,hostaway,2027-02-09T00:00:00.000000,1,0,0,0,1,262.0,1
404358,hostaway,2027-02-10T00:00:00.000000,1,0,0,0,1,262.0,1
404358,hostaway,2027-02-11T00:00:00.000000,1,0,0,0,1,326.0,1
404358,hostaway,2027-02-12T00:00:00.000000,1,0,0,0,1,575.0,1
404358,hostaway,2027-02-13T00:00:00.000000,1,0,0,0,1,575.0,1
404358,hostaway,2027-02-14T00:00:00.000000,1,0,0,0,1,474.0,1
404358,hostaway,2027-02-15T00:00:00.000000,1,0,0,0,1,381.0,1
404358,hostaway,2027-02-16T00:00:00.000000,1,0,0,0,1,262.0,1
404358,hostaway,2027-02-17T00:00:00.000000,1,0,0,0,1,262.0,1
404358,hostaway,2027-02-18T00:00:00.000000,1,0,0,0,1,326.0,1
404358,hostaway,2027-02-19T00:00:00.000000,1,0,0,0,1,400.0,1
404358,hostaway,2027-02-20T00:00:00.000000,1,0,0,0,1,400.0,1
404358,hostaway,2027-02-21T00:00:00.000000,1,0,0,0,1,326.0,1
404358,hostaway,2027-02-22T00:00:00.000000,1,0,0,0,1,262.0,1
404358,hostaway,2027-02-23T00:00:00.000000,1,0,0,0,1,262.0,1
404358,hostaway,2027-02-24T00:00:00.000000,1,0,0,0,1,262.0,1
404358,hostaway,2027-02-25T00:00:00.000000,1,0,0,0,1,317.0,1
404358,hostaway,2027-02-26T00:00:00.000000,1,0,0,0,1,400.0,1
404358,hostaway,2027-02-27T00:00:00.000000,1,0,0,0,1,400.0,1
404358,hostaway,2027-02-28T00:00:00.000000,1,0,0,0,1,317.0,1
404358,hostaway,2027-03-01T00:00:00.000000,1,0,0,0,1,303.0,1
404358,hostaway,2027-03-02T00:00:00.000000,1,0,0,0,1,303.0,1
404358,hostaway,2027-03-03T00:00:00.000000,1,0,0,0,1,303.0,1
404358,hostaway,2027-03-04T00:00:00.000000,1,0,0,0,1,366.0,1
404358,hostaway,2027-03-05T00:00:00.000000,1,0,0,0,1,436.0,1
404358,hostaway,2027-03-06T00:00:00.000000,1,0,0,0,1,436.0,1
404358,hostaway,2027-03-07T00:00:00.000000,1,0,0,0,1,366.0,1
404358,hostaway,2027-03-08T00:00:00.000000,1,0,0,0,1,303.0,1
404358,hostaway,2027-03-09T00:00:00.000000,1,0,0,0,1,303.0,1
404358,hostaway,2027-03-10T00:00:00.000000,1,0,0,0,1,303.0,1
404358,hostaway,2027-03-11T00:00:00.000000,1,0,0,0,1,366.0,1
404358,hostaway,2027-03-12T00:00:00.000000,1,0,0,0,1,436.0,1
404358,hostaway,2027-03-13T00:00:00.000000,1,0,0,0,1,436.0,1
404358,hostaway,2027-03-14T00:00:00.000000,1,0,0,0,1,366.0,1
404358,hostaway,2027-03-15T00:00:00.000000,1,0,0,0,1,303.0,1
404358,hostaway,2027-03-16T00:00:00.000000,1,0,0,0,1,303.0,1
404358,hostaway,2027-03-17T00:00:00.000000,1,0,0,0,1,303.0,1
404358,hostaway,2027-03-18T00:00:00.000000,1,0,0,0,1,366.0,1
404358,hostaway,2027-03-19T00:00:00.000000,1,0,0,0,1,436.0,1
404358,hostaway,2027-03-20T00:00:00.000000,1,0,0,0,1,436.0,1
404358,hostaway,2027-03-21T00:00:00.000000,1,0,0,0,1,366.0,1
404358,hostaway,2027-03-22T00:00:00.000000,1,0,0,0,1,303.0,1
404358,hostaway,2027-03-23T00:00:00.000000,1,0,0,0,1,303.0,1
404358,hostaway,2027-03-24T00:00:00.000000,1,0,0,0,1,303.0,1
404358,hostaway,2027-03-25T00:00:00.000000,1,0,0,0,1,366.0,1
404358,hostaway,2027-03-26T00:00:00.000000,1,0,0,0,1,634.0,1
404358,hostaway,2027-03-27T00:00:00.000000,1,0,0,0,1,634.0,1
404358,hostaway,2027-03-28T00:00:00.000000,1,0,0,0,1,532.0,1
404358,hostaway,2027-03-29T00:00:00.000000,1,0,0,0,1,435.0,1
404358,hostaway,2027-03-30T00:00:00.000000,1,0,0,0,1,435.0,1
404358,hostaway,2027-03-31T00:00:00.000000,1,0,0,0,1,435.0,1
404358,hostaway,2027-04-01T00:00:00.000000,1,0,0,0,1,769.0,1
404358,hostaway,2027-04-02T00:00:00.000000,1,0,0,0,1,960.0,1
404358,hostaway,2027-04-03T00:00:00.000000,1,0,0,0,1,960.0,1
404358,hostaway,2027-04-04T00:00:00.000000,1,0,0,0,1,769.0,1
404358,hostaway,2027-04-05T00:00:00.000000,1,0,0,0,1,652.0,1
404358,hostaway,2027-04-06T00:00:00.000000,1,0,0,0,1,652.0,1
404358,hostaway,2027-04-07T00:00:00.000000,1,0,0,0,1,652.0,1
404358,hostaway,2027-04-08T00:00:00.000000,1,0,0,0,1,609.0,1
404358,hostaway,2027-04-09T00:00:00.000000,1,0,0,0,1,758.0,1
404358,hostaway,2027-04-10T00:00:00.000000,1,0,0,0,1,758.0,1
404358,hostaway,2027-04-11T00:00:00.000000,1,0,0,0,1,609.0,1
404358,hostaway,2027-04-12T00:00:00.000000,1,0,0,0,1,357.0,1
404358,hostaway,2027-04-13T00:00:00.000000,1,0,0,0,1,357.0,1
404358,hostaway,2027-04-14T00:00:00.000000,1,0,0,0,1,357.0,1
404358,hostaway,2027-04-15T00:00:00.000000,1,0,0,0,1,416.0,1
404358,hostaway,2027-04-16T00:00:00.000000,1,0,0,0,1,532.0,1
404358,hostaway,2027-04-17T00:00:00.000000,1,0,0,0,1,532.0,1
404358,hostaway,2027-04-18T00:00:00.000000,1,0,0,0,1,416.0,1
404358,hostaway,2027-04-19T00:00:00.000000,1,0,0,0,1,357.0,1
404358,hostaway,2027-04-20T00:00:00.000000,1,0,0,0,1,357.0,1
404358,hostaway,2027-04-21T00:00:00.000000,1,0,0,0,1,357.0,1
404358,hostaway,2027-04-22T00:00:00.000000,1,0,0,0,1,416.0,1
404358,hostaway,2027-04-23T00:00:00.000000,1,0,0,0,1,532.0,1
404358,hostaway,2027-04-24T00:00:00.000000,1,0,0,0,1,532.0,1
404358,hostaway,2027-04-25T00:00:00.000000,1,0,0,0,1,416.0,1
404358,hostaway,2027-04-26T00:00:00.000000,1,0,0,0,1,357.0,1
404358,hostaway,2027-04-27T00:00:00.000000,1,0,0,0,1,357.0,1
404358,hostaway,2027-04-28T00:00:00.000000,1,0,0,0,1,357.0,1
404358,hostaway,2027-04-29T00:00:00.000000,1,0,0,0,1,416.0,1
404358,hostaway,2027-04-30T00:00:00.000000,1,0,0,0,1,532.0,1
404358,hostaway,2027-05-01T00:00:00.000000,1,0,0,0,1,532.0,1
404358,hostaway,2027-05-02T00:00:00.000000,1,0,0,0,1,416.0,1
404358,hostaway,2027-05-03T00:00:00.000000,1,0,0,0,1,357.0,1
404358,hostaway,2027-05-04T00:00:00.000000,1,0,0,0,1,357.0,1
404358,hostaway,2027-05-05T00:00:00.000000,1,0,0,0,1,357.0,1
404358,hostaway,2027-05-06T00:00:00.000000,1,0,0,0,1,714.0,1
404358,hostaway,2027-05-07T00:00:00.000000,1,0,0,0,1,888.0,1
404358,hostaway,2027-05-08T00:00:00.000000,1,0,0,0,1,888.0,1
404358,hostaway,2027-05-09T00:00:00.000000,1,0,0,0,1,716.0,1
404358,hostaway,2027-05-10T00:00:00.000000,1,0,0,0,1,391.0,1
404358,hostaway,2027-05-11T00:00:00.000000,1,0,0,0,1,393.0,1
404358,hostaway,2027-05-12T00:00:00.000000,1,0,0,0,1,395.0,1
404358,hostaway,2027-05-13T00:00:00.000000,1,0,0,0,1,693.0,1
404358,hostaway,2027-05-14T00:00:00.000000,1,0,0,0,1,859.0,1
404358,hostaway,2027-05-15T00:00:00.000000,1,0,0,0,1,862.0,1
404358,hostaway,2027-05-16T00:00:00.000000,1,0,0,0,1,697.0,1
404358,hostaway,2027-05-17T00:00:00.000000,1,0,0,0,1,404.0,1
404358,hostaway,2027-05-18T00:00:00.000000,1,0,0,0,1,404.0,1
404358,hostaway,2027-05-19T00:00:00.000000,1,0,0,0,1,406.0,1
404358,hostaway,2027-05-20T00:00:00.000000,1,0,0,0,1,711.0,1
404358,hostaway,2027-05-21T00:00:00.000000,1,0,0,0,1,882.0,1
404358,hostaway,2027-05-22T00:00:00.000000,1,0,0,0,1,885.0,1
404358,hostaway,2027-05-23T00:00:00.000000,1,0,0,0,1,716.0,1
404358,hostaway,2027-05-24T00:00:00.000000,1,0,0,0,1,416.0,1
404358,hostaway,2027-05-25T00:00:00.000000,1,0,0,0,1,420.0,1
404358,hostaway,2027-05-26T00:00:00.000000,1,0,0,0,1,422.0,1
404358,hostaway,2027-05-27T00:00:00.000000,1,0,0,0,1,807.0,1
404358,hostaway,2027-05-28T00:00:00.000000,1,0,0,0,1,1248.0,1
404358,hostaway,2027-05-29T00:00:00.000000,1,0,0,0,1,1252.0,1
404358,hostaway,2027-05-30T00:00:00.000000,1,0,0,0,1,856.0,1
404358,hostaway,2027-05-31T00:00:00.000000,1,0,0,0,1,554.0,1
404358,hostaway,2027-06-01T00:00:00.000000,1,0,0,0,1,457.0,1
404358,hostaway,2027-06-02T00:00:00.000000,1,0,0,0,1,438.0,1
404358,hostaway,2027-06-03T00:00:00.000000,1,0,0,0,1,753.0,1
404358,hostaway,2027-06-04T00:00:00.000000,1,0,0,0,1,931.0,1
404358,hostaway,2027-06-05T00:00:00.000000,1,0,0,0,1,934.0,1
404358,hostaway,2027-06-06T00:00:00.000000,1,0,0,0,1,760.0,1
404358,hostaway,2027-06-07T00:00:00.000000,1,0,0,0,1,449.0,1
404358,hostaway,2027-06-08T00:00:00.000000,1,0,0,0,1,451.0,1
404358,hostaway,2027-06-09T00:00:00.000000,1,0,0,0,1,453.0,1
404358,hostaway,2027-06-10T00:00:00.000000,1,0,0,0,1,772.0,1
404358,hostaway,2027-06-11T00:00:00.000000,1,0,0,0,1,954.0,1
404358,hostaway,2027-06-12T00:00:00.000000,1,0,0,0,1,957.0,1
404358,hostaway,2027-06-13T00:00:00.000000,1,0,0,0,1,780.0,1
404358,hostaway,2027-06-14T00:00:00.000000,1,0,0,0,1,464.0,1
404358,hostaway,2027-06-15T00:00:00.000000,1,0,0,0,1,489.0,1
404358,hostaway,2027-06-16T00:00:00.000000,1,0,0,0,1,491.0,1
404358,hostaway,2027-06-17T00:00:00.000000,1,0,0,0,1,792.0,1
404358,hostaway,2027-06-18T00:00:00.000000,1,0,0,0,1,977.0,1
404358,hostaway,2027-06-19T00:00:00.000000,1,0,0,0,1,981.0,1
404358,hostaway,2027-06-20T00:00:00.000000,1,0,0,0,1,800.0,1
404358,hostaway,2027-06-21T00:00:00.000000,1,0,0,0,1,478.0,1
404358,hostaway,2027-06-22T00:00:00.000000,1,0,0,0,1,505.0,1
404358,hostaway,2027-06-23T00:00:00.000000,1,0,0,0,1,483.0,1
404358,hostaway,2027-06-24T00:00:00.000000,1,0,0,0,1,809.0,1
404358,hostaway,2027-06-25T00:00:00.000000,1,0,0,0,1,995.0,1
404358,hostaway,2027-06-26T00:00:00.000000,1,0,0,0,1,995.0,1
404358,hostaway,2027-06-27T00:00:00.000000,1,0,0,0,1,809.0,1
404358,hostaway,2027-06-28T00:00:00.000000,1,0,0,0,1,483.0,1
404358,hostaway,2027-06-29T00:00:00.000000,1,0,0,0,1,483.0,1
404358,hostaway,2027-06-30T00:00:00.000000,1,0,0,0,1,483.0,1
404358,hostaway,2027-07-01T00:00:00.000000,1,0,0,0,1,809.0,1
404358,hostaway,2027-07-02T00:00:00.000000,1,0,0,0,1,1451.0,1
404358,hostaway,2027-07-03T00:00:00.000000,1,0,0,0,1,1451.0,1
404358,hostaway,2027-07-04T00:00:00.000000,1,0,0,0,1,890.0,1
404358,hostaway,2027-07-05T00:00:00.000000,1,0,0,0,1,594.0,1
404358,hostaway,2027-07-06T00:00:00.000000,1,0,0,0,1,594.0,1
404358,hostaway,2027-07-07T00:00:00.000000,1,0,0,0,1,594.0,1
404358,hostaway,2027-07-08T00:00:00.000000,1,0,0,0,1,881.0,1
404358,hostaway,2027-07-09T00:00:00.000000,1,0,0,0,1,1319.0,1
404358,hostaway,2027-07-10T00:00:00.000000,1,0,0,0,1,1319.0,1
404358,hostaway,2027-07-11T00:00:00.000000,1,0,0,0,1,881.0,1
404358,hostaway,2027-07-12T00:00:00.000000,1,0,0,0,1,594.0,1
404358,hostaway,2027-07-13T00:00:00.000000,1,0,0,0,1,594.0,1
404358,hostaway,2027-07-14T00:00:00.000000,1,0,0,0,1,594.0,1
404358,hostaway,2027-07-15T00:00:00.000000,1,0,0,0,1,881.0,1
404358,hostaway,2027-07-16T00:00:00.000000,1,0,0,0,1,1319.0,1
404358,hostaway,2027-07-17T00:00:00.000000,1,0,0,0,1,1319.0,1
404358,hostaway,2027-07-18T00:00:00.000000,1,0,0,0,1,881.0,1
404358,hostaway,2027-07-19T00:00:00.000000,1,0,0,0,1,594.0,1
404358,hostaway,2027-07-20T00:00:00.000000,1,0,0,0,1,594.0,1
404358,hostaway,2027-07-21T00:00:00.000000,1,0,0,0,1,594.0,1
404358,hostaway,2027-07-22T00:00:00.000000,1,0,0,0,1,881.0,1
404358,hostaway,2027-07-23T00:00:00.000000,1,0,0,0,1,1319.0,1
404358,hostaway,2027-07-24T00:00:00.000000,1,0,0,0,1,1319.0,1
404358,hostaway,2027-07-25T00:00:00.000000,1,0,0,0,1,881.0,1
404358,hostaway,2027-07-26T00:00:00.000000,1,0,0,0,1,594.0,1
404358,hostaway,2027-07-27T00:00:00.000000,1,0,0,0,1,594.0,1
404358,hostaway,2027-07-28T00:00:00.000000,1,0,0,0,1,594.0,1
404358,hostaway,2027-07-29T00:00:00.000000,1,0,0,0,1,881.0,1
404358,hostaway,2027-07-30T00:00:00.000000,1,0,0,0,1,1319.0,1
404358,hostaway,2027-07-31T00:00:00.000000,1,0,0,0,1,1319.0,1
404358,hostaway,2027-08-01T00:00:00.000000,1,0,0,0,1,881.0,1
404358,hostaway,2027-08-02T00:00:00.000000,1,0,0,0,1,594.0,1
404358,hostaway,2027-08-03T00:00:00.000000,1,0,0,0,1,594.0,1
404358,hostaway,2027-08-04T00:00:00.000000,1,0,0,0,1,594.0,1
404358,hostaway,2027-08-05T00:00:00.000000,1,0,0,0,1,881.0,1
404358,hostaway,2027-08-06T00:00:00.000000,1,0,0,0,1,1319.0,1
404358,hostaway,2027-08-07T00:00:00.000000,1,0,0,0,1,1319.0,1
404358,hostaway,2027-08-08T00:00:00.000000,1,0,0,0,1,881.0,1
404358,hostaway,2027-08-09T00:00:00.000000,1,0,0,0,1,594.0,1
404358,hostaway,2027-08-10T00:00:00.000000,1,0,0,0,1,594.0,1
404358,hostaway,2027-08-11T00:00:00.000000,1,0,0,0,1,594.0,1
404358,hostaway,2027-08-12T00:00:00.000000,1,0,0,0,1,881.0,1
404358,hostaway,2027-08-13T00:00:00.000000,1,0,0,0,1,1319.0,1
404358,hostaway,2027-08-14T00:00:00.000000,1,0,0,0,1,1319.0,1
404358,hostaway,2027-08-15T00:00:00.000000,1,0,0,0,1,881.0,1
404358,hostaway,2027-08-16T00:00:00.000000,1,0,0,0,1,594.0,1
404358,hostaway,2027-08-17T00:00:00.000000,1,0,0,0,1,594.0,1
404358,hostaway,2027-08-18T00:00:00.000000,1,0,0,0,1,594.0,1
404358,hostaway,2027-08-19T00:00:00.000000,1,0,0,0,1,881.0,1
404358,hostaway,2027-08-20T00:00:00.000000,1,0,0,0,1,1319.0,1
404358,hostaway,2027-08-21T00:00:00.000000,1,0,0,0,1,1319.0,1
404358,hostaway,2027-08-22T00:00:00.000000,1,0,0,0,1,881.0,1
404358,hostaway,2027-08-23T00:00:00.000000,1,0,0,0,1,594.0,1
404358,hostaway,2027-08-24T00:00:00.000000,1,0,0,0,1,594.0,1
404358,hostaway,2027-08-25T00:00:00.000000,1,0,0,0,1,594.0,1
404358,hostaway,2027-08-26T00:00:00.000000,1,0,0,0,1,881.0,1
404358,hostaway,2027-08-27T00:00:00.000000,1,0,0,0,1,1319.0,1
404358,hostaway,2027-08-28T00:00:00.000000,1,0,0,0,1,1319.0,1
404358,hostaway,2027-08-29T00:00:00.000000,1,0,0,0,1,881.0,1
404358,hostaway,2027-08-30T00:00:00.000000,1,0,0,0,1,594.0,1
404358,hostaway,2027-08-31T00:00:00.000000,1,0,0,0,1,594.0,1
404358,hostaway,2027-09-01T00:00:00.000000,1,0,0,0,1,594.0,1
404358,hostaway,2027-09-02T00:00:00.000000,1,0,0,0,1,809.0,1
404358,hostaway,2027-09-03T00:00:00.000000,1,0,0,0,1,1194.0,1
404358,hostaway,2027-09-04T00:00:00.000000,1,0,0,0,1,1194.0,1
404358,hostaway,2027-09-05T00:00:00.000000,1,0,0,0,1,849.0,1
404358,hostaway,2027-09-06T00:00:00.000000,1,0,0,0,1,580.0,1
404358,hostaway,2027-09-07T00:00:00.000000,1,0,0,0,1,483.0,1
404358,hostaway,2027-09-08T00:00:00.000000,1,0,0,0,1,483.0,1
404358,hostaway,2027-09-09T00:00:00.000000,1,0,0,0,1,809.0,1
404358,hostaway,2027-09-10T00:00:00.000000,1,0,0,0,1,995.0,1
404358,hostaway,2027-09-11T00:00:00.000000,1,0,0,0,1,995.0,1
404358,hostaway,2027-09-12T00:00:00.000000,1,0,0,0,1,809.0,1
404358,hostaway,2027-09-13T00:00:00.000000,1,0,0,0,1,483.0,1
404358,hostaway,2027-09-14T00:00:00.000000,1,0,0,0,1,483.0,1
404358,hostaway,2027-09-15T00:00:00.000000,1,0,0,0,1,483.0,1
404358,hostaway,2027-09-16T00:00:00.000000,1,0,0,0,1,809.0,1
404358,hostaway,2027-09-17T00:00:00.000000,1,0,0,0,1,995.0,1
404358,hostaway,2027-09-18T00:00:00.000000,1,0,0,0,1,995.0,1
404358,hostaway,2027-09-19T00:00:00.000000,1,0,0,0,1,809.0,1
404358,hostaway,2027-09-20T00:00:00.000000,1,0,0,0,1,483.0,1
404358,hostaway,2027-09-21T00:00:00.000000,1,0,0,0,1,483.0,1
404358,hostaway,2027-09-22T00:00:00.000000,1,0,0,0,1,483.0,1
404358,hostaway,2027-09-23T00:00:00.000000,1,0,0,0,1,809.0,1
404358,hostaway,2027-09-24T00:00:00.000000,1,0,0,0,1,995.0,1
404358,hostaway,2027-09-25T00:00:00.000000,1,0,0,0,1,995.0,1
404358,hostaway,2027-09-26T00:00:00.000000,1,0,0,0,1,809.0,1
404358,hostaway,2027-09-27T00:00:00.000000,1,0,0,0,1,483.0,1
404358,hostaway,2027-09-28T00:00:00.000000,1,0,0,0,1,483.0,1
404358,hostaway,2027-09-29T00:00:00.000000,1,0,0,0,1,483.0,1
404358,hostaway,2027-09-30T00:00:00.000000,1,0,0,0,1,809.0,1
404358,hostaway,2027-10-01T00:00:00.000000,1,0,0,0,1,995.0,1
404358,hostaway,2027-10-02T00:00:00.000000,1,0,0,0,1,995.0,1
404358,hostaway,2027-10-03T00:00:00.000000,1,0,0,0,1,809.0,1
404358,hostaway,2027-10-04T00:00:00.000000,1,0,0,0,1,483.0,1
404358,hostaway,2027-10-05T00:00:00.000000,1,0,0,0,1,483.0,1
404358,hostaway,2027-10-06T00:00:00.000000,1,0,0,0,1,483.0,1
404358,hostaway,2027-10-07T00:00:00.000000,1,0,0,0,1,809.0,1
404358,hostaway,2027-10-08T00:00:00.000000,1,0,0,0,1,995.0,1
404358,hostaway,2027-10-09T00:00:00.000000,1,0,0,0,1,995.0,1
404358,hostaway,2027-10-10T00:00:00.000000,1,0,0,0,1,809.0,1
404358,hostaway,2027-10-11T00:00:00.000000,1,0,0,0,1,483.0,1
404358,hostaway,2027-10-12T00:00:00.000000,1,0,0,0,1,483.0,1
404358,hostaway,2027-10-13T00:00:00.000000,1,0,0,0,1,483.0,1
404358,hostaway,2027-10-14T00:00:00.000000,1,0,0,0,1,809.0,1
404358,hostaway,2027-10-15T00:00:00.000000,1,0,0,0,1,995.0,1
404358,hostaway,2027-10-16T00:00:00.000000,1,0,0,0,1,995.0,1
404358,hostaway,2027-10-17T00:00:00.000000,1,0,0,0,1,809.0,1
404358,hostaway,2027-10-18T00:00:00.000000,1,0,0,0,1,483.0,1
404358,hostaway,2027-10-19T00:00:00.000000,1,0,0,0,1,483.0,1
404358,hostaway,2027-10-20T00:00:00.000000,1,0,0,0,1,483.0,1
404358,hostaway,2027-10-21T00:00:00.000000,1,0,0,0,1,809.0,1
404358,hostaway,2027-10-22T00:00:00.000000,1,0,0,0,1,995.0,1
404358,hostaway,2027-10-23T00:00:00.000000,1,0,0,0,1,995.0,1
404358,hostaway,2027-10-24T00:00:00.000000,1,0,0,0,1,809.0,1
404358,hostaway,2027-10-25T00:00:00.000000,1,0,0,0,1,483.0,1
404358,hostaway,2027-10-26T00:00:00.000000,1,0,0,0,1,483.0,1
404358,hostaway,2027-10-27T00:00:00.000000,1,0,0,0,1,483.0,1
404358,hostaway,2027-10-28T00:00:00.000000,1,0,0,0,1,809.0,1
404358,hostaway,2027-10-29T00:00:00.000000,1,0,0,0,1,995.0,1
404358,hostaway,2027-10-30T00:00:00.000000,1,0,0,0,1,995.0,1
404358,hostaway,2027-10-31T00:00:00.000000,1,0,0,0,1,809.0,1
404358,hostaway,2027-11-01T00:00:00.000000,1,0,0,0,1,324.0,1
404358,hostaway,2027-11-02T00:00:00.000000,1,0,0,0,1,324.0,1
404358,hostaway,2027-11-03T00:00:00.000000,1,0,0,0,1,324.0,1
404358,hostaway,2027-11-04T00:00:00.000000,1,0,0,0,1,394.0,1
404358,hostaway,2027-11-05T00:00:00.000000,1,0,0,0,1,474.0,1
404358,hostaway,2027-11-06T00:00:00.000000,1,0,0,0,1,474.0,1
404358,hostaway,2027-11-07T00:00:00.000000,1,0,0,0,1,394.0,1
404358,hostaway,2027-11-08T00:00:00.000000,1,0,0,0,1,324.0,1
404358,hostaway,2027-11-09T00:00:00.000000,1,0,0,0,1,324.0,1
404358,hostaway,2027-11-10T00:00:00.000000,1,0,0,0,1,324.0,1
404358,hostaway,2027-11-11T00:00:00.000000,1,0,0,0,1,394.0,1
404358,hostaway,2027-11-12T00:00:00.000000,1,0,0,0,1,474.0,1
404358,hostaway,2027-11-13T00:00:00.000000,1,0,0,0,1,474.0,1
404358,hostaway,2027-11-14T00:00:00.000000,1,0,0,0,1,394.0,1
404358,hostaway,2027-11-15T00:00:00.000000,1,0,0,0,1,324.0,1
404358,hostaway,2027-11-16T00:00:00.000000,1,0,0,0,1,324.0,1
404358,hostaway,2027-11-17T00:00:00.000000,1,0,0,0,1,324.0,1
404358,hostaway,2027-11-18T00:00:00.000000,1,0,0,0,1,394.0,1
404358,hostaway,2027-11-19T00:00:00.000000,1,0,0,0,1,474.0,1
404358,hostaway,2027-11-20T00:00:00.000000,1,0,0,0,1,474.0,1
404358,hostaway,2027-11-21T00:00:00.000000,1,0,0,0,1,394.0,1
404358,hostaway,2027-11-22T00:00:00.000000,1,0,0,0,1,324.0,1
404358,hostaway,2027-11-23T00:00:00.000000,1,0,0,0,1,324.0,1
404358,hostaway,2027-11-24T00:00:00.000000,1,0,0,0,1,324.0,1
404358,hostaway,2027-11-25T00:00:00.000000,1,0,0,0,1,670.0,1
404358,hostaway,2027-11-26T00:00:00.000000,1,0,0,0,1,806.0,1
404358,hostaway,2027-11-27T00:00:00.000000,1,0,0,0,1,806.0,1
404358,hostaway,2027-11-28T00:00:00.000000,1,0,0,0,1,552.0,1
404358,hostaway,2027-11-29T00:00:00.000000,1,0,0,0,1,304.0,1
404358,hostaway,2027-11-30T00:00:00.000000,1,0,0,0,1,304.0,1
404358,hostaway,2027-12-01T00:00:00.000000,1,0,0,0,1,304.0,1
404358,hostaway,2027-12-02T00:00:00.000000,1,0,0,0,1,333.0,1
404358,hostaway,2027-12-03T00:00:00.000000,1,0,0,0,1,394.0,1
404358,hostaway,2027-12-04T00:00:00.000000,1,0,0,0,1,394.0,1
404358,hostaway,2027-12-05T00:00:00.000000,1,0,0,0,1,333.0,1
404358,hostaway,2027-12-06T00:00:00.000000,1,0,0,0,1,304.0,1
404358,hostaway,2027-12-07T00:00:00.000000,1,0,0,0,1,304.0,1
404358,hostaway,2027-12-08T00:00:00.000000,1,0,0,0,1,304.0,1
404358,hostaway,2027-12-09T00:00:00.000000,1,0,0,0,1,333.0,1
404358,hostaway,2027-12-10T00:00:00.000000,1,0,0,0,1,394.0,1
404358,hostaway,2027-12-11T00:00:00.000000,1,0,0,0,1,394.0,1
404358,hostaway,2027-12-12T00:00:00.000000,1,0,0,0,1,333.0,1
404358,hostaway,2027-12-13T00:00:00.000000,1,0,0,0,1,304.0,1
404358,hostaway,2027-12-14T00:00:00.000000,1,0,0,0,1,304.0,1
404358,hostaway,2027-12-15T00:00:00.000000,1,0,0,0,1,304.0,1
404358,hostaway,2027-12-16T00:00:00.000000,1,0,0,0,1,333.0,1
404358,hostaway,2027-12-17T00:00:00.000000,1,0,0,0,1,591.0,1
404358,hostaway,2027-12-18T00:00:00.000000,1,0,0,0,1,591.0,1
404358,hostaway,2027-12-19T00:00:00.000000,1,0,0,0,1,500.0,1
404358,hostaway,2027-12-20T00:00:00.000000,1,0,0,0,1,456.0,1
404358,hostaway,2027-12-21T00:00:00.000000,1,0,0,0,1,456.0,1
404358,hostaway,2027-12-22T00:00:00.000000,1,0,0,0,1,456.0,1
404358,hostaway,2027-12-23T00:00:00.000000,1,0,0,0,1,500.0,1
404358,hostaway,2027-12-24T00:00:00.000000,1,0,0,0,1,1379.0,1
404358,hostaway,2027-12-25T00:00:00.000000,1,0,0,0,1,1379.0,1
404358,hostaway,2027-12-26T00:00:00.000000,1,0,0,0,1,1379.0,1
404358,hostaway,2027-12-27T00:00:00.000000,1,0,0,0,1,304.0,1
404358,hostaway,2027-12-28T00:00:00.000000,1,0,0,0,1,304.0,1
404358,hostaway,2027-12-29T00:00:00.000000,1,0,0,0,1,304.0,1
404358,hostaway,2027-12-30T00:00:00.000000,1,0,0,0,1,1517.0,1
404358,hostaway,2027-12-31T00:00:00.000000,1,0,0,0,1,1517.0,1
404358,hostaway,2028-01-01T00:00:00.000000,1,0,0,0,1,1517.0,1
404358,hostaway,2028-01-02T00:00:00.000000,1,0,0,0,1,758.0,1
404358,hostaway,2028-01-03T00:00:00.000000,1,0,0,0,1,389.0,1
404358,hostaway,2028-01-04T00:00:00.000000,1,0,0,0,1,389.0,1
404358,hostaway,2028-01-05T00:00:00.000000,1,0,0,0,1,389.0,1
404358,hostaway,2028-01-06T00:00:00.000000,1,0,0,0,1,473.0,1
404358,hostaway,2028-01-07T00:00:00.000000,1,0,0,0,1,569.0,1
404358,hostaway,2028-01-08T00:00:00.000000,1,0,0,0,1,569.0,1
404358,hostaway,2028-01-09T00:00:00.000000,1,0,0,0,1,473.0,1
427313,hostaway,2026-05-24T00:00:00.000000,1,1,0,0,1,0.0,0
427313,hostaway,2026-05-25T00:00:00.000000,1,1,0,0,1,0.0,0
427313,hostaway,2026-05-26T00:00:00.000000,1,1,0,0,1,0.0,0
427313,hostaway,2026-05-27T00:00:00.000000,1,1,0,0,1,0.0,0
427313,hostaway,2026-05-28T00:00:00.000000,1,1,0,0,1,0.0,0
427313,hostaway,2026-05-29T00:00:00.000000,1,1,0,0,1,0.0,0
427313,hostaway,2026-05-30T00:00:00.000000,1,1,0,0,1,0.0,0
427313,hostaway,2026-05-31T00:00:00.000000,1,1,0,0,1,0.0,0
427313,hostaway,2026-06-01T00:00:00.000000,1,1,0,0,1,0.0,0
427313,hostaway,2026-06-02T00:00:00.000000,1,1,0,0,1,0.0,0
427313,hostaway,2026-06-03T00:00:00.000000,1,1,0,0,1,0.0,0
427313,hostaway,2026-06-04T00:00:00.000000,1,1,0,0,1,0.0,0
427313,hostaway,2026-06-05T00:00:00.000000,1,1,0,0,1,0.0,0
427313,hostaway,2026-06-06T00:00:00.000000,1,1,0,0,1,0.0,0
427313,hostaway,2026-06-07T00:00:00.000000,1,1,0,0,1,0.0,0
427313,hostaway,2026-06-08T00:00:00.000000,1,0,0,0,1,0.0,1
427313,hostaway,2026-06-09T00:00:00.000000,1,0,0,0,1,0.0,1
427313,hostaway,2026-06-10T00:00:00.000000,1,0,0,0,1,0.0,1
427313,hostaway,2026-06-11T00:00:00.000000,1,0,0,0,1,0.0,1
427313,hostaway,2026-06-12T00:00:00.000000,1,1,0,0,1,0.0,0
427313,hostaway,2026-06-13T00:00:00.000000,1,1,0,0,1,0.0,0
427313,hostaway,2026-06-14T00:00:00.000000,1,0,0,0,1,0.0,1
427313,hostaway,2026-06-15T00:00:00.000000,1,1,0,0,1,0.0,0
427313,hostaway,2026-06-16T00:00:00.000000,1,1,0,0,1,0.0,0
427313,hostaway,2026-06-17T00:00:00.000000,1,1,0,0,1,0.0,0
427313,hostaway,2026-06-18T00:00:00.000000,1,1,0,0,1,0.0,0
427313,hostaway,2026-06-19T00:00:00.000000,1,1,0,0,1,0.0,0
427313,hostaway,2026-06-20T00:00:00.000000,1,1,0,0,1,0.0,0
427313,hostaway,2026-06-21T00:00:00.000000,1,1,0,0,1,0.0,0
427313,hostaway,2026-06-22T00:00:00.000000,1,0,0,0,1,0.0,1
427313,hostaway,2026-06-23T00:00:00.000000,1,1,0,0,1,257.0,0
427313,hostaway,2026-06-24T00:00:00.000000,1,1,0,0,1,257.0,0
427313,hostaway,2026-06-25T00:00:00.000000,1,1,0,0,1,236.0,0
427313,hostaway,2026-06-26T00:00:00.000000,1,1,0,0,1,459.0,0
427313,hostaway,2026-06-27T00:00:00.000000,1,1,0,0,1,459.0,0
427313,hostaway,2026-06-28T00:00:00.000000,1,1,0,0,1,478.0,0
427313,hostaway,2026-06-29T00:00:00.000000,1,1,0,0,1,328.0,0
427313,hostaway,2026-06-30T00:00:00.000000,1,1,0,0,1,131.0,0
427313,hostaway,2026-07-01T00:00:00.000000,1,1,0,0,1,263.0,0
427313,hostaway,2026-07-02T00:00:00.000000,1,1,0,0,1,309.0,0
427313,hostaway,2026-07-03T00:00:00.000000,1,1,0,0,1,1026.0,0
427313,hostaway,2026-07-04T00:00:00.000000,1,1,0,0,1,1026.0,0
427313,hostaway,2026-07-05T00:00:00.000000,1,1,0,0,1,353.0,0
427313,hostaway,2026-07-06T00:00:00.000000,1,1,0,0,1,347.0,0
427313,hostaway,2026-07-07T00:00:00.000000,1,1,0,0,1,296.0,0
427313,hostaway,2026-07-08T00:00:00.000000,1,1,0,0,1,296.0,0
427313,hostaway,2026-07-09T00:00:00.000000,1,0,0,0,1,425.0,1
427313,hostaway,2026-07-10T00:00:00.000000,1,0,0,0,1,591.0,1
427313,hostaway,2026-07-11T00:00:00.000000,1,0,0,0,1,695.0,1
427313,hostaway,2026-07-12T00:00:00.000000,1,1,0,0,1,376.0,0
427313,hostaway,2026-07-13T00:00:00.000000,1,1,0,0,1,366.0,0
427313,hostaway,2026-07-14T00:00:00.000000,1,1,0,0,1,257.0,0
427313,hostaway,2026-07-15T00:00:00.000000,1,0,0,0,1,170.0,1
427313,hostaway,2026-07-16T00:00:00.000000,1,0,0,0,1,376.0,1
427313,hostaway,2026-07-17T00:00:00.000000,1,0,0,0,1,695.0,1
427313,hostaway,2026-07-18T00:00:00.000000,1,0,0,0,1,695.0,1
427313,hostaway,2026-07-19T00:00:00.000000,1,0,0,0,1,376.0,1
427313,hostaway,2026-07-20T00:00:00.000000,1,0,0,0,1,305.0,1
427313,hostaway,2026-07-21T00:00:00.000000,1,1,0,0,1,261.0,0
427313,hostaway,2026-07-22T00:00:00.000000,1,1,0,0,1,229.0,0
427313,hostaway,2026-07-23T00:00:00.000000,1,0,0,0,1,376.0,1
427313,hostaway,2026-07-24T00:00:00.000000,1,0,0,0,1,695.0,1
427313,hostaway,2026-07-25T00:00:00.000000,1,0,0,0,1,695.0,1
427313,hostaway,2026-07-26T00:00:00.000000,1,0,0,0,1,376.0,1
427313,hostaway,2026-07-27T00:00:00.000000,1,0,0,0,1,280.0,1
427313,hostaway,2026-07-28T00:00:00.000000,1,0,0,0,1,229.0,1
427313,hostaway,2026-07-29T00:00:00.000000,1,0,0,0,1,229.0,1
427313,hostaway,2026-07-30T00:00:00.000000,1,0,0,0,1,376.0,1
427313,hostaway,2026-07-31T00:00:00.000000,1,0,0,0,1,695.0,1
427313,hostaway,2026-08-01T00:00:00.000000,1,0,0,0,1,695.0,1
427313,hostaway,2026-08-02T00:00:00.000000,1,0,0,0,1,376.0,1
427313,hostaway,2026-08-03T00:00:00.000000,1,0,0,0,1,343.0,1
427313,hostaway,2026-08-04T00:00:00.000000,1,0,0,0,1,296.0,1
427313,hostaway,2026-08-05T00:00:00.000000,1,0,0,0,1,296.0,1
427313,hostaway,2026-08-06T00:00:00.000000,1,0,0,0,1,464.0,1
427313,hostaway,2026-08-07T00:00:00.000000,1,0,0,0,1,697.0,1
427313,hostaway,2026-08-08T00:00:00.000000,1,0,0,0,1,766.0,1
427313,hostaway,2026-08-09T00:00:00.000000,1,0,0,0,1,464.0,1
427313,hostaway,2026-08-10T00:00:00.000000,1,0,0,0,1,558.0,1
427313,hostaway,2026-08-11T00:00:00.000000,1,0,0,0,1,476.0,1
427313,hostaway,2026-08-12T00:00:00.000000,1,0,0,0,1,325.0,1
427313,hostaway,2026-08-13T00:00:00.000000,1,0,0,0,1,464.0,1
427313,hostaway,2026-08-14T00:00:00.000000,1,0,0,0,1,697.0,1
427313,hostaway,2026-08-15T00:00:00.000000,1,0,0,0,1,697.0,1
427313,hostaway,2026-08-16T00:00:00.000000,1,0,0,0,1,512.0,1
427313,hostaway,2026-08-17T00:00:00.000000,1,0,0,0,1,343.0,1
427313,hostaway,2026-08-18T00:00:00.000000,1,0,0,0,1,296.0,1
427313,hostaway,2026-08-19T00:00:00.000000,1,0,0,0,1,296.0,1
427313,hostaway,2026-08-20T00:00:00.000000,1,0,0,0,1,464.0,1
427313,hostaway,2026-08-21T00:00:00.000000,1,0,0,0,1,772.0,1
427313,hostaway,2026-08-22T00:00:00.000000,1,0,0,0,1,888.0,1
427313,hostaway,2026-08-23T00:00:00.000000,1,0,0,0,1,464.0,1
427313,hostaway,2026-08-24T00:00:00.000000,1,0,0,0,1,343.0,1
427313,hostaway,2026-08-25T00:00:00.000000,1,0,0,0,1,296.0,1
427313,hostaway,2026-08-26T00:00:00.000000,1,0,0,0,1,296.0,1
427313,hostaway,2026-08-27T00:00:00.000000,1,0,0,0,1,464.0,1
427313,hostaway,2026-08-28T00:00:00.000000,1,0,0,0,1,697.0,1
427313,hostaway,2026-08-29T00:00:00.000000,1,0,0,0,1,697.0,1
427313,hostaway,2026-08-30T00:00:00.000000,1,1,0,0,1,464.0,0
427313,hostaway,2026-08-31T00:00:00.000000,1,1,0,0,1,343.0,0
427313,hostaway,2026-09-01T00:00:00.000000,1,0,0,0,1,261.0,1
427313,hostaway,2026-09-02T00:00:00.000000,1,0,0,0,1,261.0,1
427313,hostaway,2026-09-03T00:00:00.000000,1,0,0,0,1,404.0,1
427313,hostaway,2026-09-04T00:00:00.000000,1,0,0,0,1,1084.0,1
427313,hostaway,2026-09-05T00:00:00.000000,1,0,0,0,1,1084.0,1
427313,hostaway,2026-09-06T00:00:00.000000,1,0,0,0,1,716.0,1
427313,hostaway,2026-09-07T00:00:00.000000,1,0,0,0,1,427.0,1
427313,hostaway,2026-09-08T00:00:00.000000,1,0,0,0,1,292.0,1
427313,hostaway,2026-09-09T00:00:00.000000,1,0,0,0,1,292.0,1
427313,hostaway,2026-09-10T00:00:00.000000,1,0,0,0,1,404.0,1
427313,hostaway,2026-09-11T00:00:00.000000,1,0,0,0,1,843.0,1
427313,hostaway,2026-09-12T00:00:00.000000,1,0,0,0,1,843.0,1
427313,hostaway,2026-09-13T00:00:00.000000,1,0,0,0,1,530.0,1
427313,hostaway,2026-09-14T00:00:00.000000,1,0,0,0,1,318.0,1
427313,hostaway,2026-09-15T00:00:00.000000,1,0,0,0,1,292.0,1
427313,hostaway,2026-09-16T00:00:00.000000,1,0,0,0,1,292.0,1
427313,hostaway,2026-09-17T00:00:00.000000,1,0,0,0,1,404.0,1
427313,hostaway,2026-09-18T00:00:00.000000,1,0,0,0,1,627.0,1
427313,hostaway,2026-09-19T00:00:00.000000,1,0,0,0,1,627.0,1
427313,hostaway,2026-09-20T00:00:00.000000,1,0,0,0,1,404.0,1
427313,hostaway,2026-09-21T00:00:00.000000,1,0,0,0,1,322.0,1
427313,hostaway,2026-09-22T00:00:00.000000,1,0,0,0,1,322.0,1
427313,hostaway,2026-09-23T00:00:00.000000,1,0,0,0,1,322.0,1
427313,hostaway,2026-09-24T00:00:00.000000,1,0,0,0,1,404.0,1
427313,hostaway,2026-09-25T00:00:00.000000,1,0,0,0,1,627.0,1
427313,hostaway,2026-09-26T00:00:00.000000,1,0,0,0,1,627.0,1
427313,hostaway,2026-09-27T00:00:00.000000,1,0,0,0,1,404.0,1
427313,hostaway,2026-09-28T00:00:00.000000,1,0,0,0,1,292.0,1
427313,hostaway,2026-09-29T00:00:00.000000,1,0,0,0,1,292.0,1
427313,hostaway,2026-09-30T00:00:00.000000,1,0,0,0,1,292.0,1
427313,hostaway,2026-10-01T00:00:00.000000,1,0,0,0,1,355.0,1
427313,hostaway,2026-10-02T00:00:00.000000,1,0,0,0,1,547.0,1
427313,hostaway,2026-10-03T00:00:00.000000,1,0,0,0,1,547.0,1
427313,hostaway,2026-10-04T00:00:00.000000,1,0,0,0,1,355.0,1
427313,hostaway,2026-10-05T00:00:00.000000,1,0,0,0,1,255.0,1
427313,hostaway,2026-10-06T00:00:00.000000,1,0,0,0,1,255.0,1
427313,hostaway,2026-10-07T00:00:00.000000,1,0,0,0,1,255.0,1
427313,hostaway,2026-10-08T00:00:00.000000,1,0,0,0,1,355.0,1
427313,hostaway,2026-10-09T00:00:00.000000,1,0,0,0,1,547.0,1
427313,hostaway,2026-10-10T00:00:00.000000,1,0,0,0,1,547.0,1
427313,hostaway,2026-10-11T00:00:00.000000,1,0,0,0,1,355.0,1
427313,hostaway,2026-10-12T00:00:00.000000,1,1,0,0,1,255.0,0
427313,hostaway,2026-10-13T00:00:00.000000,1,1,0,0,1,255.0,0
427313,hostaway,2026-10-14T00:00:00.000000,1,0,0,0,1,255.0,1
427313,hostaway,2026-10-15T00:00:00.000000,1,0,0,0,1,355.0,1
427313,hostaway,2026-10-16T00:00:00.000000,1,0,0,0,1,600.0,1
427313,hostaway,2026-10-17T00:00:00.000000,1,0,0,0,1,600.0,1
427313,hostaway,2026-10-18T00:00:00.000000,1,0,0,0,1,355.0,1
427313,hostaway,2026-10-19T00:00:00.000000,1,0,0,0,1,255.0,1
427313,hostaway,2026-10-20T00:00:00.000000,1,0,0,0,1,255.0,1
427313,hostaway,2026-10-21T00:00:00.000000,1,0,0,0,1,255.0,1
427313,hostaway,2026-10-22T00:00:00.000000,1,0,0,0,1,355.0,1
427313,hostaway,2026-10-23T00:00:00.000000,1,0,0,0,1,547.0,1
427313,hostaway,2026-10-24T00:00:00.000000,1,0,0,0,1,547.0,1
427313,hostaway,2026-10-25T00:00:00.000000,1,0,0,0,1,355.0,1
427313,hostaway,2026-10-26T00:00:00.000000,1,0,0,0,1,255.0,1
427313,hostaway,2026-10-27T00:00:00.000000,1,0,0,0,1,255.0,1
427313,hostaway,2026-10-28T00:00:00.000000,1,0,0,0,1,255.0,1
427313,hostaway,2026-10-29T00:00:00.000000,1,0,0,0,1,355.0,1
427313,hostaway,2026-10-30T00:00:00.000000,1,0,0,0,1,547.0,1
427313,hostaway,2026-10-31T00:00:00.000000,1,0,0,0,1,547.0,1
427313,hostaway,2026-11-01T00:00:00.000000,1,0,0,0,1,313.0,1
427313,hostaway,2026-11-02T00:00:00.000000,1,0,0,0,1,217.0,1
427313,hostaway,2026-11-03T00:00:00.000000,1,0,0,0,1,217.0,1
427313,hostaway,2026-11-04T00:00:00.000000,1,0,0,0,1,217.0,1
427313,hostaway,2026-11-05T00:00:00.000000,1,0,0,0,1,313.0,1
427313,hostaway,2026-11-06T00:00:00.000000,1,0,0,0,1,484.0,1
427313,hostaway,2026-11-07T00:00:00.000000,1,0,0,0,1,484.0,1
427313,hostaway,2026-11-08T00:00:00.000000,1,0,0,0,1,313.0,1
427313,hostaway,2026-11-09T00:00:00.000000,1,0,0,0,1,217.0,1
427313,hostaway,2026-11-10T00:00:00.000000,1,0,0,0,1,217.0,1
427313,hostaway,2026-11-11T00:00:00.000000,1,0,0,0,1,217.0,1
427313,hostaway,2026-11-12T00:00:00.000000,1,0,0,0,1,313.0,1
427313,hostaway,2026-11-13T00:00:00.000000,1,0,0,0,1,484.0,1
427313,hostaway,2026-11-14T00:00:00.000000,1,0,0,0,1,484.0,1
427313,hostaway,2026-11-15T00:00:00.000000,1,0,0,0,1,313.0,1
427313,hostaway,2026-11-16T00:00:00.000000,1,0,0,0,1,217.0,1
427313,hostaway,2026-11-17T00:00:00.000000,1,0,0,0,1,217.0,1
427313,hostaway,2026-11-18T00:00:00.000000,1,0,0,0,1,217.0,1
427313,hostaway,2026-11-19T00:00:00.000000,1,0,0,0,1,313.0,1
427313,hostaway,2026-11-20T00:00:00.000000,1,0,0,0,1,484.0,1
427313,hostaway,2026-11-21T00:00:00.000000,1,0,0,0,1,484.0,1
427313,hostaway,2026-11-22T00:00:00.000000,1,0,0,0,1,313.0,1
427313,hostaway,2026-11-23T00:00:00.000000,1,0,0,0,1,217.0,1
427313,hostaway,2026-11-24T00:00:00.000000,1,0,0,0,1,217.0,1
427313,hostaway,2026-11-25T00:00:00.000000,1,0,0,0,1,217.0,1
427313,hostaway,2026-11-26T00:00:00.000000,1,0,0,0,1,474.0,1
427313,hostaway,2026-11-27T00:00:00.000000,1,0,0,0,1,484.0,1
427313,hostaway,2026-11-28T00:00:00.000000,1,0,0,0,1,484.0,1
427313,hostaway,2026-11-29T00:00:00.000000,1,0,0,0,1,313.0,1
427313,hostaway,2026-11-30T00:00:00.000000,1,0,0,0,1,217.0,1
427313,hostaway,2026-12-01T00:00:00.000000,1,0,0,0,1,178.0,1
427313,hostaway,2026-12-02T00:00:00.000000,1,0,0,0,1,178.0,1
427313,hostaway,2026-12-03T00:00:00.000000,1,0,0,0,1,276.0,1
427313,hostaway,2026-12-04T00:00:00.000000,1,0,0,0,1,424.0,1
427313,hostaway,2026-12-05T00:00:00.000000,1,0,0,0,1,424.0,1
427313,hostaway,2026-12-06T00:00:00.000000,1,0,0,0,1,276.0,1
427313,hostaway,2026-12-07T00:00:00.000000,1,0,0,0,1,178.0,1
427313,hostaway,2026-12-08T00:00:00.000000,1,0,0,0,1,178.0,1
427313,hostaway,2026-12-09T00:00:00.000000,1,0,0,0,1,178.0,1
427313,hostaway,2026-12-10T00:00:00.000000,1,0,0,0,1,276.0,1
427313,hostaway,2026-12-11T00:00:00.000000,1,0,0,0,1,424.0,1
427313,hostaway,2026-12-12T00:00:00.000000,1,0,0,0,1,424.0,1
427313,hostaway,2026-12-13T00:00:00.000000,1,0,0,0,1,276.0,1
427313,hostaway,2026-12-14T00:00:00.000000,1,0,0,0,1,178.0,1
427313,hostaway,2026-12-15T00:00:00.000000,1,0,0,0,1,178.0,1
427313,hostaway,2026-12-16T00:00:00.000000,1,0,0,0,1,178.0,1
427313,hostaway,2026-12-17T00:00:00.000000,1,0,0,0,1,337.0,1
427313,hostaway,2026-12-18T00:00:00.000000,1,0,0,0,1,526.0,1
427313,hostaway,2026-12-19T00:00:00.000000,1,0,0,0,1,526.0,1
427313,hostaway,2026-12-20T00:00:00.000000,1,0,0,0,1,337.0,1
427313,hostaway,2026-12-21T00:00:00.000000,1,0,0,0,1,238.0,1
427313,hostaway,2026-12-22T00:00:00.000000,1,0,0,0,1,238.0,1
427313,hostaway,2026-12-23T00:00:00.000000,1,0,0,0,1,238.0,1
427313,hostaway,2026-12-24T00:00:00.000000,1,0,0,0,1,520.0,1
427313,hostaway,2026-12-25T00:00:00.000000,1,0,0,0,1,850.0,1
427313,hostaway,2026-12-26T00:00:00.000000,1,0,0,0,1,850.0,1
427313,hostaway,2026-12-27T00:00:00.000000,1,0,0,0,1,397.0,1
427313,hostaway,2026-12-28T00:00:00.000000,1,0,0,0,1,324.0,1
427313,hostaway,2026-12-29T00:00:00.000000,1,0,0,0,1,324.0,1
427313,hostaway,2026-12-30T00:00:00.000000,1,0,0,0,1,1011.0,1
427313,hostaway,2026-12-31T00:00:00.000000,1,0,0,0,1,1039.0,1
427313,hostaway,2027-01-01T00:00:00.000000,1,0,0,0,1,445.0,1
427313,hostaway,2027-01-02T00:00:00.000000,1,0,0,0,1,445.0,1
427313,hostaway,2027-01-03T00:00:00.000000,1,0,0,0,1,256.0,1
427313,hostaway,2027-01-04T00:00:00.000000,1,0,0,0,1,179.0,1
427313,hostaway,2027-01-05T00:00:00.000000,1,0,0,0,1,179.0,1
427313,hostaway,2027-01-06T00:00:00.000000,1,0,0,0,1,216.0,1
427313,hostaway,2027-01-07T00:00:00.000000,1,0,0,0,1,294.0,1
427313,hostaway,2027-01-08T00:00:00.000000,1,0,0,0,1,358.0,1
427313,hostaway,2027-01-09T00:00:00.000000,1,0,0,0,1,358.0,1
427313,hostaway,2027-01-10T00:00:00.000000,1,0,0,0,1,294.0,1
427313,hostaway,2027-01-11T00:00:00.000000,1,0,0,0,1,179.0,1
427313,hostaway,2027-01-12T00:00:00.000000,1,0,0,0,1,179.0,1
427313,hostaway,2027-01-13T00:00:00.000000,1,0,0,0,1,179.0,1
427313,hostaway,2027-01-14T00:00:00.000000,1,0,0,0,1,254.0,1
427313,hostaway,2027-01-15T00:00:00.000000,1,0,0,0,1,408.0,1
427313,hostaway,2027-01-16T00:00:00.000000,1,0,0,0,1,408.0,1
427313,hostaway,2027-01-17T00:00:00.000000,1,0,0,0,1,336.0,1
427313,hostaway,2027-01-18T00:00:00.000000,1,0,0,0,1,255.0,1
427313,hostaway,2027-01-19T00:00:00.000000,1,0,0,0,1,179.0,1
427313,hostaway,2027-01-20T00:00:00.000000,1,0,0,0,1,179.0,1
427313,hostaway,2027-01-21T00:00:00.000000,1,0,0,0,1,254.0,1
427313,hostaway,2027-01-22T00:00:00.000000,1,0,0,0,1,311.0,1
427313,hostaway,2027-01-23T00:00:00.000000,1,0,0,0,1,311.0,1
427313,hostaway,2027-01-24T00:00:00.000000,1,0,0,0,1,254.0,1
427313,hostaway,2027-01-25T00:00:00.000000,1,0,0,0,1,179.0,1
427313,hostaway,2027-01-26T00:00:00.000000,1,0,0,0,1,179.0,1
427313,hostaway,2027-01-27T00:00:00.000000,1,0,0,0,1,179.0,1
427313,hostaway,2027-01-28T00:00:00.000000,1,0,0,0,1,254.0,1
427313,hostaway,2027-01-29T00:00:00.000000,1,0,0,0,1,311.0,1
427313,hostaway,2027-01-30T00:00:00.000000,1,0,0,0,1,311.0,1
427313,hostaway,2027-01-31T00:00:00.000000,1,0,0,0,1,254.0,1
427313,hostaway,2027-02-01T00:00:00.000000,1,0,0,0,1,179.0,1
427313,hostaway,2027-02-02T00:00:00.000000,1,0,0,0,1,179.0,1
427313,hostaway,2027-02-03T00:00:00.000000,1,0,0,0,1,179.0,1
427313,hostaway,2027-02-04T00:00:00.000000,1,0,0,0,1,254.0,1
427313,hostaway,2027-02-05T00:00:00.000000,1,0,0,0,1,311.0,1
427313,hostaway,2027-02-06T00:00:00.000000,1,0,0,0,1,311.0,1
427313,hostaway,2027-02-07T00:00:00.000000,1,0,0,0,1,254.0,1
427313,hostaway,2027-02-08T00:00:00.000000,1,0,0,0,1,179.0,1
427313,hostaway,2027-02-09T00:00:00.000000,1,0,0,0,1,179.0,1
427313,hostaway,2027-02-10T00:00:00.000000,1,0,0,0,1,179.0,1
427313,hostaway,2027-02-11T00:00:00.000000,1,0,0,0,1,254.0,1
427313,hostaway,2027-02-12T00:00:00.000000,1,0,0,0,1,445.0,1
427313,hostaway,2027-02-13T00:00:00.000000,1,0,0,0,1,445.0,1
427313,hostaway,2027-02-14T00:00:00.000000,1,0,0,0,1,360.0,1
427313,hostaway,2027-02-15T00:00:00.000000,1,0,0,0,1,276.0,1
427313,hostaway,2027-02-16T00:00:00.000000,1,0,0,0,1,179.0,1
427313,hostaway,2027-02-17T00:00:00.000000,1,0,0,0,1,179.0,1
427313,hostaway,2027-02-18T00:00:00.000000,1,0,0,0,1,254.0,1
427313,hostaway,2027-02-19T00:00:00.000000,1,0,0,0,1,311.0,1
427313,hostaway,2027-02-20T00:00:00.000000,1,0,0,0,1,311.0,1
427313,hostaway,2027-02-21T00:00:00.000000,1,0,0,0,1,254.0,1
427313,hostaway,2027-02-22T00:00:00.000000,1,0,0,0,1,179.0,1
427313,hostaway,2027-02-23T00:00:00.000000,1,0,0,0,1,179.0,1
427313,hostaway,2027-02-24T00:00:00.000000,1,0,0,0,1,179.0,1
427313,hostaway,2027-02-25T00:00:00.000000,1,0,0,0,1,238.0,1
427313,hostaway,2027-02-26T00:00:00.000000,1,0,0,0,1,311.0,1
427313,hostaway,2027-02-27T00:00:00.000000,1,0,0,0,1,311.0,1
427313,hostaway,2027-02-28T00:00:00.000000,1,0,0,0,1,238.0,1
427313,hostaway,2027-03-01T00:00:00.000000,1,0,0,0,1,223.0,1
427313,hostaway,2027-03-02T00:00:00.000000,1,0,0,0,1,223.0,1
427313,hostaway,2027-03-03T00:00:00.000000,1,0,0,0,1,223.0,1
427313,hostaway,2027-03-04T00:00:00.000000,1,0,0,0,1,290.0,1
427313,hostaway,2027-03-05T00:00:00.000000,1,0,0,0,1,337.0,1
427313,hostaway,2027-03-06T00:00:00.000000,1,0,0,0,1,337.0,1
427313,hostaway,2027-03-07T00:00:00.000000,1,0,0,0,1,290.0,1
427313,hostaway,2027-03-08T00:00:00.000000,1,0,0,0,1,223.0,1
427313,hostaway,2027-03-09T00:00:00.000000,1,0,0,0,1,223.0,1
427313,hostaway,2027-03-10T00:00:00.000000,1,0,0,0,1,223.0,1
427313,hostaway,2027-03-11T00:00:00.000000,1,0,0,0,1,290.0,1
427313,hostaway,2027-03-12T00:00:00.000000,1,0,0,0,1,337.0,1
427313,hostaway,2027-03-13T00:00:00.000000,1,0,0,0,1,337.0,1
427313,hostaway,2027-03-14T00:00:00.000000,1,0,0,0,1,290.0,1
427313,hostaway,2027-03-15T00:00:00.000000,1,0,0,0,1,223.0,1
427313,hostaway,2027-03-16T00:00:00.000000,1,0,0,0,1,223.0,1
427313,hostaway,2027-03-17T00:00:00.000000,1,0,0,0,1,223.0,1
427313,hostaway,2027-03-18T00:00:00.000000,1,0,0,0,1,290.0,1
427313,hostaway,2027-03-19T00:00:00.000000,1,0,0,0,1,337.0,1
427313,hostaway,2027-03-20T00:00:00.000000,1,0,0,0,1,337.0,1
427313,hostaway,2027-03-21T00:00:00.000000,1,0,0,0,1,290.0,1
427313,hostaway,2027-03-22T00:00:00.000000,1,0,0,0,1,223.0,1
427313,hostaway,2027-03-23T00:00:00.000000,1,0,0,0,1,223.0,1
427313,hostaway,2027-03-24T00:00:00.000000,1,0,0,0,1,223.0,1
427313,hostaway,2027-03-25T00:00:00.000000,1,0,0,0,1,290.0,1
427313,hostaway,2027-03-26T00:00:00.000000,1,0,0,0,1,486.0,1
427313,hostaway,2027-03-27T00:00:00.000000,1,0,0,0,1,486.0,1
427313,hostaway,2027-03-28T00:00:00.000000,1,0,0,0,1,412.0,1
427313,hostaway,2027-03-29T00:00:00.000000,1,0,0,0,1,328.0,1
427313,hostaway,2027-03-30T00:00:00.000000,1,0,0,0,1,328.0,1
427313,hostaway,2027-03-31T00:00:00.000000,1,0,0,0,1,328.0,1
427313,hostaway,2027-04-01T00:00:00.000000,1,0,0,0,1,553.0,1
427313,hostaway,2027-04-02T00:00:00.000000,1,0,0,0,1,652.0,1
427313,hostaway,2027-04-03T00:00:00.000000,1,0,0,0,1,652.0,1
427313,hostaway,2027-04-04T00:00:00.000000,1,0,0,0,1,553.0,1
427313,hostaway,2027-04-05T00:00:00.000000,1,0,0,0,1,464.0,1
427313,hostaway,2027-04-06T00:00:00.000000,1,0,0,0,1,464.0,1
427313,hostaway,2027-04-07T00:00:00.000000,1,0,0,0,1,464.0,1
427313,hostaway,2027-04-08T00:00:00.000000,1,0,0,0,1,436.0,1
427313,hostaway,2027-04-09T00:00:00.000000,1,0,0,0,1,514.0,1
427313,hostaway,2027-04-10T00:00:00.000000,1,0,0,0,1,514.0,1
427313,hostaway,2027-04-11T00:00:00.000000,1,0,0,0,1,436.0,1
427313,hostaway,2027-04-12T00:00:00.000000,1,0,0,0,1,255.0,1
427313,hostaway,2027-04-13T00:00:00.000000,1,0,0,0,1,255.0,1
427313,hostaway,2027-04-14T00:00:00.000000,1,0,0,0,1,255.0,1
427313,hostaway,2027-04-15T00:00:00.000000,1,0,0,0,1,303.0,1
427313,hostaway,2027-04-16T00:00:00.000000,1,0,0,0,1,355.0,1
427313,hostaway,2027-04-17T00:00:00.000000,1,0,0,0,1,355.0,1
427313,hostaway,2027-04-18T00:00:00.000000,1,0,0,0,1,303.0,1
427313,hostaway,2027-04-19T00:00:00.000000,1,0,0,0,1,255.0,1
427313,hostaway,2027-04-20T00:00:00.000000,1,0,0,0,1,255.0,1
427313,hostaway,2027-04-21T00:00:00.000000,1,0,0,0,1,255.0,1
427313,hostaway,2027-04-22T00:00:00.000000,1,0,0,0,1,303.0,1
427313,hostaway,2027-04-23T00:00:00.000000,1,0,0,0,1,355.0,1
427313,hostaway,2027-04-24T00:00:00.000000,1,0,0,0,1,355.0,1
427313,hostaway,2027-04-25T00:00:00.000000,1,0,0,0,1,303.0,1
427313,hostaway,2027-04-26T00:00:00.000000,1,0,0,0,1,255.0,1
427313,hostaway,2027-04-27T00:00:00.000000,1,0,0,0,1,255.0,1
427313,hostaway,2027-04-28T00:00:00.000000,1,0,0,0,1,255.0,1
427313,hostaway,2027-04-29T00:00:00.000000,1,0,0,0,1,303.0,1
427313,hostaway,2027-04-30T00:00:00.000000,1,0,0,0,1,355.0,1
427313,hostaway,2027-05-01T00:00:00.000000,1,0,0,0,1,355.0,1
427313,hostaway,2027-05-02T00:00:00.000000,1,0,0,0,1,303.0,1
427313,hostaway,2027-05-03T00:00:00.000000,1,0,0,0,1,255.0,1
427313,hostaway,2027-05-04T00:00:00.000000,1,0,0,0,1,255.0,1
427313,hostaway,2027-05-05T00:00:00.000000,1,0,0,0,1,255.0,1
427313,hostaway,2027-05-06T00:00:00.000000,1,0,0,0,1,432.0,1
427313,hostaway,2027-05-07T00:00:00.000000,1,0,0,0,1,573.0,1
427313,hostaway,2027-05-08T00:00:00.000000,1,0,0,0,1,573.0,1
427313,hostaway,2027-05-09T00:00:00.000000,1,0,0,0,1,434.0,1
427313,hostaway,2027-05-10T00:00:00.000000,1,0,0,0,1,257.0,1
427313,hostaway,2027-05-11T00:00:00.000000,1,0,0,0,1,258.0,1
427313,hostaway,2027-05-12T00:00:00.000000,1,0,0,0,1,259.0,1
427313,hostaway,2027-05-13T00:00:00.000000,1,0,0,0,1,420.0,1
427313,hostaway,2027-05-14T00:00:00.000000,1,0,0,0,1,561.0,1
427313,hostaway,2027-05-15T00:00:00.000000,1,0,0,0,1,564.0,1
427313,hostaway,2027-05-16T00:00:00.000000,1,0,0,0,1,425.0,1
427313,hostaway,2027-05-17T00:00:00.000000,1,0,0,0,1,274.0,1
427313,hostaway,2027-05-18T00:00:00.000000,1,0,0,0,1,275.0,1
427313,hostaway,2027-05-19T00:00:00.000000,1,0,0,0,1,276.0,1
427313,hostaway,2027-05-20T00:00:00.000000,1,0,0,0,1,433.0,1
427313,hostaway,2027-05-21T00:00:00.000000,1,0,0,0,1,575.0,1
427313,hostaway,2027-05-22T00:00:00.000000,1,0,0,0,1,577.0,1
427313,hostaway,2027-05-23T00:00:00.000000,1,0,0,0,1,441.0,1
427313,hostaway,2027-05-24T00:00:00.000000,1,0,0,0,1,278.0,1
427313,hostaway,2027-05-25T00:00:00.000000,1,0,0,0,1,280.0,1
427313,hostaway,2027-05-26T00:00:00.000000,1,0,0,0,1,284.0,1
427313,hostaway,2027-05-27T00:00:00.000000,1,0,0,0,1,498.0,1
427313,hostaway,2027-05-28T00:00:00.000000,1,0,0,0,1,817.0,1
427313,hostaway,2027-05-29T00:00:00.000000,1,0,0,0,1,820.0,1
427313,hostaway,2027-05-30T00:00:00.000000,1,0,0,0,1,532.0,1
427313,hostaway,2027-05-31T00:00:00.000000,1,0,0,0,1,376.0,1
427313,hostaway,2027-06-01T00:00:00.000000,1,0,0,0,1,313.0,1
427313,hostaway,2027-06-02T00:00:00.000000,1,0,0,0,1,297.0,1
427313,hostaway,2027-06-03T00:00:00.000000,1,0,0,0,1,466.0,1
427313,hostaway,2027-06-04T00:00:00.000000,1,0,0,0,1,613.0,1
427313,hostaway,2027-06-05T00:00:00.000000,1,0,0,0,1,615.0,1
427313,hostaway,2027-06-06T00:00:00.000000,1,0,0,0,1,472.0,1
427313,hostaway,2027-06-07T00:00:00.000000,1,0,0,0,1,305.0,1
427313,hostaway,2027-06-08T00:00:00.000000,1,0,0,0,1,307.0,1
427313,hostaway,2027-06-09T00:00:00.000000,1,0,0,0,1,309.0,1
427313,hostaway,2027-06-10T00:00:00.000000,1,0,0,0,1,480.0,1
427313,hostaway,2027-06-11T00:00:00.000000,1,0,0,0,1,631.0,1
427313,hostaway,2027-06-12T00:00:00.000000,1,0,0,0,1,633.0,1
427313,hostaway,2027-06-13T00:00:00.000000,1,0,0,0,1,487.0,1
427313,hostaway,2027-06-14T00:00:00.000000,1,0,0,0,1,317.0,1
427313,hostaway,2027-06-15T00:00:00.000000,1,0,0,0,1,336.0,1
427313,hostaway,2027-06-16T00:00:00.000000,1,0,0,0,1,337.0,1
427313,hostaway,2027-06-17T00:00:00.000000,1,0,0,0,1,495.0,1
427313,hostaway,2027-06-18T00:00:00.000000,1,0,0,0,1,648.0,1
427313,hostaway,2027-06-19T00:00:00.000000,1,0,0,0,1,651.0,1
427313,hostaway,2027-06-20T00:00:00.000000,1,0,0,0,1,502.0,1
427313,hostaway,2027-06-21T00:00:00.000000,1,0,0,0,1,329.0,1
427313,hostaway,2027-06-22T00:00:00.000000,1,0,0,0,1,347.0,1
427313,hostaway,2027-06-23T00:00:00.000000,1,0,0,0,1,333.0,1
427313,hostaway,2027-06-24T00:00:00.000000,1,0,0,0,1,509.0,1
427313,hostaway,2027-06-25T00:00:00.000000,1,0,0,0,1,659.0,1
427313,hostaway,2027-06-26T00:00:00.000000,1,0,0,0,1,659.0,1
427313,hostaway,2027-06-27T00:00:00.000000,1,0,0,0,1,509.0,1
427313,hostaway,2027-06-28T00:00:00.000000,1,0,0,0,1,333.0,1
427313,hostaway,2027-06-29T00:00:00.000000,1,0,0,0,1,333.0,1
427313,hostaway,2027-06-30T00:00:00.000000,1,0,0,0,1,333.0,1
427313,hostaway,2027-07-01T00:00:00.000000,1,0,0,0,1,509.0,1
427313,hostaway,2027-07-02T00:00:00.000000,1,0,0,0,1,1123.0,1
427313,hostaway,2027-07-03T00:00:00.000000,1,0,0,0,1,1123.0,1
427313,hostaway,2027-07-04T00:00:00.000000,1,0,0,0,1,560.0,1
427313,hostaway,2027-07-05T00:00:00.000000,1,0,0,0,1,393.0,1
427313,hostaway,2027-07-06T00:00:00.000000,1,0,0,0,1,393.0,1
427313,hostaway,2027-07-07T00:00:00.000000,1,0,0,0,1,393.0,1
427313,hostaway,2027-07-08T00:00:00.000000,1,0,0,0,1,689.0,1
427313,hostaway,2027-07-09T00:00:00.000000,1,0,0,0,1,1021.0,1
427313,hostaway,2027-07-10T00:00:00.000000,1,0,0,0,1,1021.0,1
427313,hostaway,2027-07-11T00:00:00.000000,1,0,0,0,1,689.0,1
427313,hostaway,2027-07-12T00:00:00.000000,1,0,0,0,1,393.0,1
427313,hostaway,2027-07-13T00:00:00.000000,1,0,0,0,1,393.0,1
427313,hostaway,2027-07-14T00:00:00.000000,1,0,0,0,1,393.0,1
427313,hostaway,2027-07-15T00:00:00.000000,1,0,0,0,1,689.0,1
427313,hostaway,2027-07-16T00:00:00.000000,1,0,0,0,1,1021.0,1
427313,hostaway,2027-07-17T00:00:00.000000,1,0,0,0,1,1021.0,1
427313,hostaway,2027-07-18T00:00:00.000000,1,0,0,0,1,689.0,1
427313,hostaway,2027-07-19T00:00:00.000000,1,0,0,0,1,393.0,1
427313,hostaway,2027-07-20T00:00:00.000000,1,0,0,0,1,393.0,1
427313,hostaway,2027-07-21T00:00:00.000000,1,0,0,0,1,393.0,1
427313,hostaway,2027-07-22T00:00:00.000000,1,0,0,0,1,689.0,1
427313,hostaway,2027-07-23T00:00:00.000000,1,0,0,0,1,1021.0,1
427313,hostaway,2027-07-24T00:00:00.000000,1,0,0,0,1,1021.0,1
427313,hostaway,2027-07-25T00:00:00.000000,1,0,0,0,1,689.0,1
427313,hostaway,2027-07-26T00:00:00.000000,1,0,0,0,1,393.0,1
427313,hostaway,2027-07-27T00:00:00.000000,1,0,0,0,1,393.0,1
427313,hostaway,2027-07-28T00:00:00.000000,1,0,0,0,1,393.0,1
427313,hostaway,2027-07-29T00:00:00.000000,1,0,0,0,1,689.0,1
427313,hostaway,2027-07-30T00:00:00.000000,1,0,0,0,1,1021.0,1
427313,hostaway,2027-07-31T00:00:00.000000,1,0,0,0,1,1021.0,1
427313,hostaway,2027-08-01T00:00:00.000000,1,0,0,0,1,689.0,1
427313,hostaway,2027-08-02T00:00:00.000000,1,0,0,0,1,393.0,1
427313,hostaway,2027-08-03T00:00:00.000000,1,0,0,0,1,393.0,1
427313,hostaway,2027-08-04T00:00:00.000000,1,0,0,0,1,393.0,1
427313,hostaway,2027-08-05T00:00:00.000000,1,0,0,0,1,689.0,1
427313,hostaway,2027-08-06T00:00:00.000000,1,0,0,0,1,1021.0,1
427313,hostaway,2027-08-07T00:00:00.000000,1,0,0,0,1,1021.0,1
427313,hostaway,2027-08-08T00:00:00.000000,1,0,0,0,1,689.0,1
427313,hostaway,2027-08-09T00:00:00.000000,1,0,0,0,1,393.0,1
427313,hostaway,2027-08-10T00:00:00.000000,1,0,0,0,1,393.0,1
427313,hostaway,2027-08-11T00:00:00.000000,1,0,0,0,1,393.0,1
427313,hostaway,2027-08-12T00:00:00.000000,1,0,0,0,1,689.0,1
427313,hostaway,2027-08-13T00:00:00.000000,1,0,0,0,1,1021.0,1
427313,hostaway,2027-08-14T00:00:00.000000,1,0,0,0,1,1021.0,1
427313,hostaway,2027-08-15T00:00:00.000000,1,0,0,0,1,689.0,1
427313,hostaway,2027-08-16T00:00:00.000000,1,0,0,0,1,393.0,1
427313,hostaway,2027-08-17T00:00:00.000000,1,0,0,0,1,393.0,1
427313,hostaway,2027-08-18T00:00:00.000000,1,0,0,0,1,393.0,1
427313,hostaway,2027-08-19T00:00:00.000000,1,0,0,0,1,689.0,1
427313,hostaway,2027-08-20T00:00:00.000000,1,0,0,0,1,1021.0,1
427313,hostaway,2027-08-21T00:00:00.000000,1,0,0,0,1,1021.0,1
427313,hostaway,2027-08-22T00:00:00.000000,1,0,0,0,1,689.0,1
427313,hostaway,2027-08-23T00:00:00.000000,1,0,0,0,1,393.0,1
427313,hostaway,2027-08-24T00:00:00.000000,1,0,0,0,1,393.0,1
427313,hostaway,2027-08-25T00:00:00.000000,1,0,0,0,1,393.0,1
427313,hostaway,2027-08-26T00:00:00.000000,1,0,0,0,1,689.0,1
427313,hostaway,2027-08-27T00:00:00.000000,1,0,0,0,1,1021.0,1
427313,hostaway,2027-08-28T00:00:00.000000,1,0,0,0,1,1021.0,1
427313,hostaway,2027-08-29T00:00:00.000000,1,0,0,0,1,689.0,1
427313,hostaway,2027-08-30T00:00:00.000000,1,0,0,0,1,393.0,1
427313,hostaway,2027-08-31T00:00:00.000000,1,0,0,0,1,393.0,1
427313,hostaway,2027-09-01T00:00:00.000000,1,0,0,0,1,393.0,1
427313,hostaway,2027-09-02T00:00:00.000000,1,0,0,0,1,509.0,1
427313,hostaway,2027-09-03T00:00:00.000000,1,0,0,0,1,791.0,1
427313,hostaway,2027-09-04T00:00:00.000000,1,0,0,0,1,791.0,1
427313,hostaway,2027-09-05T00:00:00.000000,1,0,0,0,1,534.0,1
427313,hostaway,2027-09-06T00:00:00.000000,1,0,0,0,1,400.0,1
427313,hostaway,2027-09-07T00:00:00.000000,1,0,0,0,1,333.0,1
427313,hostaway,2027-09-08T00:00:00.000000,1,0,0,0,1,333.0,1
427313,hostaway,2027-09-09T00:00:00.000000,1,0,0,0,1,509.0,1
427313,hostaway,2027-09-10T00:00:00.000000,1,0,0,0,1,659.0,1
427313,hostaway,2027-09-11T00:00:00.000000,1,0,0,0,1,659.0,1
427313,hostaway,2027-09-12T00:00:00.000000,1,0,0,0,1,509.0,1
427313,hostaway,2027-09-13T00:00:00.000000,1,0,0,0,1,333.0,1
427313,hostaway,2027-09-14T00:00:00.000000,1,0,0,0,1,333.0,1
427313,hostaway,2027-09-15T00:00:00.000000,1,0,0,0,1,333.0,1
427313,hostaway,2027-09-16T00:00:00.000000,1,0,0,0,1,509.0,1
427313,hostaway,2027-09-17T00:00:00.000000,1,0,0,0,1,659.0,1
427313,hostaway,2027-09-18T00:00:00.000000,1,0,0,0,1,659.0,1
427313,hostaway,2027-09-19T00:00:00.000000,1,0,0,0,1,509.0,1
427313,hostaway,2027-09-20T00:00:00.000000,1,0,0,0,1,333.0,1
427313,hostaway,2027-09-21T00:00:00.000000,1,0,0,0,1,333.0,1
427313,hostaway,2027-09-22T00:00:00.000000,1,0,0,0,1,333.0,1
427313,hostaway,2027-09-23T00:00:00.000000,1,0,0,0,1,509.0,1
427313,hostaway,2027-09-24T00:00:00.000000,1,0,0,0,1,659.0,1
427313,hostaway,2027-09-25T00:00:00.000000,1,0,0,0,1,659.0,1
427313,hostaway,2027-09-26T00:00:00.000000,1,0,0,0,1,509.0,1
427313,hostaway,2027-09-27T00:00:00.000000,1,0,0,0,1,333.0,1
427313,hostaway,2027-09-28T00:00:00.000000,1,0,0,0,1,333.0,1
427313,hostaway,2027-09-29T00:00:00.000000,1,0,0,0,1,333.0,1
427313,hostaway,2027-09-30T00:00:00.000000,1,0,0,0,1,509.0,1
427313,hostaway,2027-10-01T00:00:00.000000,1,0,0,0,1,659.0,1
427313,hostaway,2027-10-02T00:00:00.000000,1,0,0,0,1,659.0,1
427313,hostaway,2027-10-03T00:00:00.000000,1,0,0,0,1,509.0,1
427313,hostaway,2027-10-04T00:00:00.000000,1,0,0,0,1,333.0,1
427313,hostaway,2027-10-05T00:00:00.000000,1,0,0,0,1,333.0,1
427313,hostaway,2027-10-06T00:00:00.000000,1,0,0,0,1,333.0,1
427313,hostaway,2027-10-07T00:00:00.000000,1,0,0,0,1,509.0,1
427313,hostaway,2027-10-08T00:00:00.000000,1,0,0,0,1,659.0,1
427313,hostaway,2027-10-09T00:00:00.000000,1,0,0,0,1,659.0,1
427313,hostaway,2027-10-10T00:00:00.000000,1,0,0,0,1,509.0,1
427313,hostaway,2027-10-11T00:00:00.000000,1,0,0,0,1,333.0,1
427313,hostaway,2027-10-12T00:00:00.000000,1,0,0,0,1,333.0,1
427313,hostaway,2027-10-13T00:00:00.000000,1,0,0,0,1,333.0,1
427313,hostaway,2027-10-14T00:00:00.000000,1,0,0,0,1,509.0,1
427313,hostaway,2027-10-15T00:00:00.000000,1,0,0,0,1,659.0,1
427313,hostaway,2027-10-16T00:00:00.000000,1,0,0,0,1,659.0,1
427313,hostaway,2027-10-17T00:00:00.000000,1,0,0,0,1,509.0,1
427313,hostaway,2027-10-18T00:00:00.000000,1,0,0,0,1,333.0,1
427313,hostaway,2027-10-19T00:00:00.000000,1,0,0,0,1,333.0,1
427313,hostaway,2027-10-20T00:00:00.000000,1,0,0,0,1,333.0,1
427313,hostaway,2027-10-21T00:00:00.000000,1,0,0,0,1,509.0,1
427313,hostaway,2027-10-22T00:00:00.000000,1,0,0,0,1,659.0,1
427313,hostaway,2027-10-23T00:00:00.000000,1,0,0,0,1,659.0,1
427313,hostaway,2027-10-24T00:00:00.000000,1,0,0,0,1,509.0,1
427313,hostaway,2027-10-25T00:00:00.000000,1,0,0,0,1,333.0,1
427313,hostaway,2027-10-26T00:00:00.000000,1,0,0,0,1,333.0,1
427313,hostaway,2027-10-27T00:00:00.000000,1,0,0,0,1,333.0,1
427313,hostaway,2027-10-28T00:00:00.000000,1,0,0,0,1,509.0,1
427313,hostaway,2027-10-29T00:00:00.000000,1,0,0,0,1,659.0,1
427313,hostaway,2027-10-30T00:00:00.000000,1,0,0,0,1,659.0,1
427313,hostaway,2027-10-31T00:00:00.000000,1,0,0,0,1,509.0,1
427313,hostaway,2027-11-01T00:00:00.000000,1,0,0,0,1,240.0,1
427313,hostaway,2027-11-02T00:00:00.000000,1,0,0,0,1,240.0,1
427313,hostaway,2027-11-03T00:00:00.000000,1,0,0,0,1,240.0,1
427313,hostaway,2027-11-04T00:00:00.000000,1,0,0,0,1,309.0,1
427313,hostaway,2027-11-05T00:00:00.000000,1,0,0,0,1,374.0,1
427313,hostaway,2027-11-06T00:00:00.000000,1,0,0,0,1,374.0,1
427313,hostaway,2027-11-07T00:00:00.000000,1,0,0,0,1,309.0,1
427313,hostaway,2027-11-08T00:00:00.000000,1,0,0,0,1,240.0,1
427313,hostaway,2027-11-09T00:00:00.000000,1,0,0,0,1,240.0,1
427313,hostaway,2027-11-10T00:00:00.000000,1,0,0,0,1,240.0,1
427313,hostaway,2027-11-11T00:00:00.000000,1,0,0,0,1,309.0,1
427313,hostaway,2027-11-12T00:00:00.000000,1,0,0,0,1,374.0,1
427313,hostaway,2027-11-13T00:00:00.000000,1,0,0,0,1,374.0,1
427313,hostaway,2027-11-14T00:00:00.000000,1,0,0,0,1,309.0,1
427313,hostaway,2027-11-15T00:00:00.000000,1,0,0,0,1,240.0,1
427313,hostaway,2027-11-16T00:00:00.000000,1,0,0,0,1,240.0,1
427313,hostaway,2027-11-17T00:00:00.000000,1,0,0,0,1,240.0,1
427313,hostaway,2027-11-18T00:00:00.000000,1,0,0,0,1,309.0,1
427313,hostaway,2027-11-19T00:00:00.000000,1,0,0,0,1,374.0,1
427313,hostaway,2027-11-20T00:00:00.000000,1,0,0,0,1,374.0,1
427313,hostaway,2027-11-21T00:00:00.000000,1,0,0,0,1,309.0,1
427313,hostaway,2027-11-22T00:00:00.000000,1,0,0,0,1,240.0,1
427313,hostaway,2027-11-23T00:00:00.000000,1,0,0,0,1,240.0,1
427313,hostaway,2027-11-24T00:00:00.000000,1,0,0,0,1,240.0,1
427313,hostaway,2027-11-25T00:00:00.000000,1,0,0,0,1,525.0,1
427313,hostaway,2027-11-26T00:00:00.000000,1,0,0,0,1,636.0,1
427313,hostaway,2027-11-27T00:00:00.000000,1,0,0,0,1,636.0,1
427313,hostaway,2027-11-28T00:00:00.000000,1,0,0,0,1,433.0,1
427313,hostaway,2027-11-29T00:00:00.000000,1,0,0,0,1,219.0,1
427313,hostaway,2027-11-30T00:00:00.000000,1,0,0,0,1,219.0,1
427313,hostaway,2027-12-01T00:00:00.000000,1,0,0,0,1,219.0,1
427313,hostaway,2027-12-02T00:00:00.000000,1,0,0,0,1,259.0,1
427313,hostaway,2027-12-03T00:00:00.000000,1,0,0,0,1,287.0,1
427313,hostaway,2027-12-04T00:00:00.000000,1,0,0,0,1,287.0,1
427313,hostaway,2027-12-05T00:00:00.000000,1,0,0,0,1,259.0,1
427313,hostaway,2027-12-06T00:00:00.000000,1,0,0,0,1,219.0,1
427313,hostaway,2027-12-07T00:00:00.000000,1,0,0,0,1,219.0,1
427313,hostaway,2027-12-08T00:00:00.000000,1,0,0,0,1,219.0,1
427313,hostaway,2027-12-09T00:00:00.000000,1,0,0,0,1,259.0,1
427313,hostaway,2027-12-10T00:00:00.000000,1,0,0,0,1,287.0,1
427313,hostaway,2027-12-11T00:00:00.000000,1,0,0,0,1,287.0,1
427313,hostaway,2027-12-12T00:00:00.000000,1,0,0,0,1,259.0,1
427313,hostaway,2027-12-13T00:00:00.000000,1,0,0,0,1,219.0,1
427313,hostaway,2027-12-14T00:00:00.000000,1,0,0,0,1,219.0,1
427313,hostaway,2027-12-15T00:00:00.000000,1,0,0,0,1,219.0,1
427313,hostaway,2027-12-16T00:00:00.000000,1,0,0,0,1,259.0,1
427313,hostaway,2027-12-17T00:00:00.000000,1,0,0,0,1,431.0,1
427313,hostaway,2027-12-18T00:00:00.000000,1,0,0,0,1,431.0,1
427313,hostaway,2027-12-19T00:00:00.000000,1,0,0,0,1,389.0,1
427313,hostaway,2027-12-20T00:00:00.000000,1,0,0,0,1,329.0,1
427313,hostaway,2027-12-21T00:00:00.000000,1,0,0,0,1,329.0,1
427313,hostaway,2027-12-22T00:00:00.000000,1,0,0,0,1,329.0,1
427313,hostaway,2027-12-23T00:00:00.000000,1,0,0,0,1,389.0,1
427313,hostaway,2027-12-24T00:00:00.000000,1,0,0,0,1,1005.0,1
427313,hostaway,2027-12-25T00:00:00.000000,1,0,0,0,1,1005.0,1
427313,hostaway,2027-12-26T00:00:00.000000,1,0,0,0,1,1005.0,1
427313,hostaway,2027-12-27T00:00:00.000000,1,0,0,0,1,219.0,1
427313,hostaway,2027-12-28T00:00:00.000000,1,0,0,0,1,219.0,1
427313,hostaway,2027-12-29T00:00:00.000000,1,0,0,0,1,219.0,1
427313,hostaway,2027-12-30T00:00:00.000000,1,0,0,0,1,1105.0,1
427313,hostaway,2027-12-31T00:00:00.000000,1,0,0,0,1,1105.0,1
427313,hostaway,2028-01-01T00:00:00.000000,1,0,0,0,1,1105.0,1
427313,hostaway,2028-01-02T00:00:00.000000,1,0,0,0,1,552.0,1
427313,hostaway,2028-01-03T00:00:00.000000,1,0,0,0,1,288.0,1
427313,hostaway,2028-01-04T00:00:00.000000,1,0,0,0,1,288.0,1
427313,hostaway,2028-01-05T00:00:00.000000,1,0,0,0,1,288.0,1
427313,hostaway,2028-01-06T00:00:00.000000,1,0,0,0,1,371.0,1
427313,hostaway,2028-01-07T00:00:00.000000,1,0,0,0,1,449.0,1
427313,hostaway,2028-01-08T00:00:00.000000,1,0,0,0,1,449.0,1
427313,hostaway,2028-01-09T00:00:00.000000,1,0,0,0,1,371.0,1
422608,hostaway,2026-05-24T00:00:00.000000,1,1,0,0,1,0.0,0
422608,hostaway,2026-05-25T00:00:00.000000,1,1,0,0,1,0.0,0
422608,hostaway,2026-05-26T00:00:00.000000,1,0,0,0,1,0.0,1
422608,hostaway,2026-05-27T00:00:00.000000,1,1,0,0,1,0.0,0
422608,hostaway,2026-05-28T00:00:00.000000,1,1,0,0,1,0.0,0
422608,hostaway,2026-05-29T00:00:00.000000,1,1,0,0,1,0.0,0
422608,hostaway,2026-05-30T00:00:00.000000,1,1,0,0,1,0.0,0
422608,hostaway,2026-05-31T00:00:00.000000,1,1,0,0,1,0.0,0
422608,hostaway,2026-06-01T00:00:00.000000,1,1,0,0,1,0.0,0
422608,hostaway,2026-06-02T00:00:00.000000,1,1,0,0,1,0.0,0
422608,hostaway,2026-06-03T00:00:00.000000,1,1,0,0,1,0.0,0
422608,hostaway,2026-06-04T00:00:00.000000,1,1,0,0,1,0.0,0
422608,hostaway,2026-06-05T00:00:00.000000,1,1,0,0,1,0.0,0
422608,hostaway,2026-06-06T00:00:00.000000,1,1,0,0,1,0.0,0
422608,hostaway,2026-06-07T00:00:00.000000,1,0,0,0,1,0.0,1
422608,hostaway,2026-06-08T00:00:00.000000,1,1,0,0,1,0.0,0
422608,hostaway,2026-06-09T00:00:00.000000,1,1,0,0,1,0.0,0
422608,hostaway,2026-06-10T00:00:00.000000,1,0,0,0,1,0.0,1
422608,hostaway,2026-06-11T00:00:00.000000,1,0,0,0,1,0.0,1
422608,hostaway,2026-06-12T00:00:00.000000,1,1,0,0,1,0.0,0
422608,hostaway,2026-06-13T00:00:00.000000,1,1,0,0,1,0.0,0
422608,hostaway,2026-06-14T00:00:00.000000,1,1,0,0,1,0.0,0
422608,hostaway,2026-06-15T00:00:00.000000,1,1,0,0,1,0.0,0
422608,hostaway,2026-06-16T00:00:00.000000,1,1,0,0,1,0.0,0
422608,hostaway,2026-06-17T00:00:00.000000,1,1,0,0,1,0.0,0
422608,hostaway,2026-06-18T00:00:00.000000,1,1,0,0,1,0.0,0
422608,hostaway,2026-06-19T00:00:00.000000,1,1,0,0,1,0.0,0
422608,hostaway,2026-06-20T00:00:00.000000,1,1,0,0,1,0.0,0
422608,hostaway,2026-06-21T00:00:00.000000,1,1,0,0,1,0.0,0
422608,hostaway,2026-06-22T00:00:00.000000,1,0,0,0,1,0.0,1
422608,hostaway,2026-06-23T00:00:00.000000,1,1,0,0,1,262.0,0
422608,hostaway,2026-06-24T00:00:00.000000,1,1,0,0,1,262.0,0
422608,hostaway,2026-06-25T00:00:00.000000,1,1,0,0,1,280.0,0
422608,hostaway,2026-06-26T00:00:00.000000,1,1,0,0,1,638.0,0
422608,hostaway,2026-06-27T00:00:00.000000,1,1,0,0,1,678.0,0
422608,hostaway,2026-06-28T00:00:00.000000,1,0,0,0,1,445.0,1
422608,hostaway,2026-06-29T00:00:00.000000,1,0,0,0,1,262.0,1
422608,hostaway,2026-06-30T00:00:00.000000,1,0,0,0,1,262.0,1
422608,hostaway,2026-07-01T00:00:00.000000,1,0,0,0,1,262.0,1
422608,hostaway,2026-07-02T00:00:00.000000,1,0,0,0,1,559.0,1
422608,hostaway,2026-07-03T00:00:00.000000,1,0,0,0,1,1117.0,1
422608,hostaway,2026-07-04T00:00:00.000000,1,0,0,0,1,1327.0,1
422608,hostaway,2026-07-05T00:00:00.000000,1,0,0,0,1,559.0,1
422608,hostaway,2026-07-06T00:00:00.000000,1,0,0,0,1,341.0,1
422608,hostaway,2026-07-07T00:00:00.000000,1,0,0,0,1,341.0,1
422608,hostaway,2026-07-08T00:00:00.000000,1,0,0,0,1,341.0,1
422608,hostaway,2026-07-09T00:00:00.000000,1,0,0,0,1,501.0,1
422608,hostaway,2026-07-10T00:00:00.000000,1,0,0,0,1,865.0,1
422608,hostaway,2026-07-11T00:00:00.000000,1,0,0,0,1,1017.0,1
422608,hostaway,2026-07-12T00:00:00.000000,1,1,0,0,1,501.0,0
422608,hostaway,2026-07-13T00:00:00.000000,1,1,0,0,1,449.0,0
422608,hostaway,2026-07-14T00:00:00.000000,1,1,0,0,1,449.0,0
422608,hostaway,2026-07-15T00:00:00.000000,1,0,0,0,1,341.0,1
422608,hostaway,2026-07-16T00:00:00.000000,1,0,0,0,1,351.0,1
422608,hostaway,2026-07-17T00:00:00.000000,1,1,0,0,1,1017.0,0
422608,hostaway,2026-07-18T00:00:00.000000,1,1,0,0,1,1017.0,0
422608,hostaway,2026-07-19T00:00:00.000000,1,0,0,0,1,501.0,1
422608,hostaway,2026-07-20T00:00:00.000000,1,1,0,0,1,526.0,0
422608,hostaway,2026-07-21T00:00:00.000000,1,1,0,0,1,449.0,0
422608,hostaway,2026-07-22T00:00:00.000000,1,0,0,0,1,320.0,1
422608,hostaway,2026-07-23T00:00:00.000000,1,0,0,0,1,501.0,1
422608,hostaway,2026-07-24T00:00:00.000000,1,0,0,0,1,1017.0,1
422608,hostaway,2026-07-25T00:00:00.000000,1,0,0,0,1,1017.0,1
422608,hostaway,2026-07-26T00:00:00.000000,1,0,0,0,1,501.0,1
422608,hostaway,2026-07-27T00:00:00.000000,1,0,0,0,1,374.0,1
422608,hostaway,2026-07-28T00:00:00.000000,1,0,0,0,1,320.0,1
422608,hostaway,2026-07-29T00:00:00.000000,1,0,0,0,1,320.0,1
422608,hostaway,2026-07-30T00:00:00.000000,1,0,0,0,1,501.0,1
422608,hostaway,2026-07-31T00:00:00.000000,1,0,0,0,1,1017.0,1
422608,hostaway,2026-08-01T00:00:00.000000,1,0,0,0,1,1017.0,1
422608,hostaway,2026-08-02T00:00:00.000000,1,0,0,0,1,501.0,1
422608,hostaway,2026-08-03T00:00:00.000000,1,0,0,0,1,397.0,1
422608,hostaway,2026-08-04T00:00:00.000000,1,0,0,0,1,338.0,1
422608,hostaway,2026-08-05T00:00:00.000000,1,0,0,0,1,338.0,1
422608,hostaway,2026-08-06T00:00:00.000000,1,0,0,0,1,370.0,1
422608,hostaway,2026-08-07T00:00:00.000000,1,1,0,0,1,747.0,0
422608,hostaway,2026-08-08T00:00:00.000000,1,1,0,0,1,747.0,0
422608,hostaway,2026-08-09T00:00:00.000000,1,0,0,0,1,474.0,1
422608,hostaway,2026-08-10T00:00:00.000000,1,1,0,0,1,397.0,0
422608,hostaway,2026-08-11T00:00:00.000000,1,1,0,0,1,397.0,0
422608,hostaway,2026-08-12T00:00:00.000000,1,0,0,0,1,350.0,1
422608,hostaway,2026-08-13T00:00:00.000000,1,0,0,0,1,350.0,1
422608,hostaway,2026-08-14T00:00:00.000000,1,1,0,0,1,747.0,0
422608,hostaway,2026-08-15T00:00:00.000000,1,1,0,0,1,747.0,0
422608,hostaway,2026-08-16T00:00:00.000000,1,0,0,0,1,448.0,1
422608,hostaway,2026-08-17T00:00:00.000000,1,0,0,0,1,374.0,1
422608,hostaway,2026-08-18T00:00:00.000000,1,0,0,0,1,319.0,1
422608,hostaway,2026-08-19T00:00:00.000000,1,0,0,0,1,319.0,1
422608,hostaway,2026-08-20T00:00:00.000000,1,0,0,0,1,493.0,1
422608,hostaway,2026-08-21T00:00:00.000000,1,0,0,0,1,823.0,1
422608,hostaway,2026-08-22T00:00:00.000000,1,0,0,0,1,949.0,1
422608,hostaway,2026-08-23T00:00:00.000000,1,0,0,0,1,493.0,1
422608,hostaway,2026-08-24T00:00:00.000000,1,0,0,0,1,374.0,1
422608,hostaway,2026-08-25T00:00:00.000000,1,0,0,0,1,319.0,1
422608,hostaway,2026-08-26T00:00:00.000000,1,0,0,0,1,319.0,1
422608,hostaway,2026-08-27T00:00:00.000000,1,0,0,0,1,493.0,1
422608,hostaway,2026-08-28T00:00:00.000000,1,0,0,0,1,747.0,1
422608,hostaway,2026-08-29T00:00:00.000000,1,0,0,0,1,747.0,1
422608,hostaway,2026-08-30T00:00:00.000000,1,0,0,0,1,493.0,1
422608,hostaway,2026-08-31T00:00:00.000000,1,0,0,0,1,374.0,1
422608,hostaway,2026-09-01T00:00:00.000000,1,0,0,0,1,295.0,1
422608,hostaway,2026-09-02T00:00:00.000000,1,0,0,0,1,295.0,1
422608,hostaway,2026-09-03T00:00:00.000000,1,0,0,0,1,464.0,1
422608,hostaway,2026-09-04T00:00:00.000000,1,0,0,0,1,1103.0,1
422608,hostaway,2026-09-05T00:00:00.000000,1,0,0,0,1,1103.0,1
422608,hostaway,2026-09-06T00:00:00.000000,1,0,0,0,1,813.0,1
422608,hostaway,2026-09-07T00:00:00.000000,1,0,0,0,1,485.0,1
422608,hostaway,2026-09-08T00:00:00.000000,1,0,0,0,1,326.0,1
422608,hostaway,2026-09-09T00:00:00.000000,1,0,0,0,1,326.0,1
422608,hostaway,2026-09-10T00:00:00.000000,1,1,0,0,1,464.0,0
422608,hostaway,2026-09-11T00:00:00.000000,1,1,0,0,1,697.0,0
422608,hostaway,2026-09-12T00:00:00.000000,1,1,0,0,1,697.0,0
422608,hostaway,2026-09-13T00:00:00.000000,1,0,0,0,1,459.0,1
422608,hostaway,2026-09-14T00:00:00.000000,1,0,0,0,1,360.0,1
422608,hostaway,2026-09-15T00:00:00.000000,1,0,0,0,1,326.0,1
422608,hostaway,2026-09-16T00:00:00.000000,1,0,0,0,1,326.0,1
422608,hostaway,2026-09-17T00:00:00.000000,1,0,0,0,1,379.0,1
422608,hostaway,2026-09-18T00:00:00.000000,1,1,0,0,1,697.0,0
422608,hostaway,2026-09-19T00:00:00.000000,1,1,0,0,1,697.0,0
422608,hostaway,2026-09-20T00:00:00.000000,1,0,0,0,1,414.0,1
422608,hostaway,2026-09-21T00:00:00.000000,1,0,0,0,1,359.0,1
422608,hostaway,2026-09-22T00:00:00.000000,1,0,0,0,1,359.0,1
422608,hostaway,2026-09-23T00:00:00.000000,1,0,0,0,1,359.0,1
422608,hostaway,2026-09-24T00:00:00.000000,1,0,0,0,1,464.0,1
422608,hostaway,2026-09-25T00:00:00.000000,1,0,0,0,1,697.0,1
422608,hostaway,2026-09-26T00:00:00.000000,1,0,0,0,1,697.0,1
422608,hostaway,2026-09-27T00:00:00.000000,1,0,0,0,1,464.0,1
422608,hostaway,2026-09-28T00:00:00.000000,1,0,0,0,1,326.0,1
422608,hostaway,2026-09-29T00:00:00.000000,1,0,0,0,1,326.0,1
422608,hostaway,2026-09-30T00:00:00.000000,1,0,0,0,1,326.0,1
422608,hostaway,2026-10-01T00:00:00.000000,1,0,0,0,1,404.0,1
422608,hostaway,2026-10-02T00:00:00.000000,1,1,0,0,1,621.0,0
422608,hostaway,2026-10-03T00:00:00.000000,1,1,0,0,1,621.0,0
422608,hostaway,2026-10-04T00:00:00.000000,1,0,0,0,1,404.0,1
422608,hostaway,2026-10-05T00:00:00.000000,1,1,0,0,1,290.0,0
422608,hostaway,2026-10-06T00:00:00.000000,1,1,0,0,1,290.0,0
422608,hostaway,2026-10-07T00:00:00.000000,1,1,0,0,1,290.0,0
422608,hostaway,2026-10-08T00:00:00.000000,1,0,0,0,1,404.0,1
422608,hostaway,2026-10-09T00:00:00.000000,1,0,0,0,1,621.0,1
422608,hostaway,2026-10-10T00:00:00.000000,1,0,0,0,1,621.0,1
422608,hostaway,2026-10-11T00:00:00.000000,1,0,0,0,1,404.0,1
422608,hostaway,2026-10-12T00:00:00.000000,1,0,0,0,1,290.0,1
422608,hostaway,2026-10-13T00:00:00.000000,1,0,0,0,1,290.0,1
422608,hostaway,2026-10-14T00:00:00.000000,1,0,0,0,1,290.0,1
422608,hostaway,2026-10-15T00:00:00.000000,1,0,0,0,1,404.0,1
422608,hostaway,2026-10-16T00:00:00.000000,1,0,0,0,1,684.0,1
422608,hostaway,2026-10-17T00:00:00.000000,1,0,0,0,1,684.0,1
422608,hostaway,2026-10-18T00:00:00.000000,1,0,0,0,1,404.0,1
422608,hostaway,2026-10-19T00:00:00.000000,1,0,0,0,1,290.0,1
422608,hostaway,2026-10-20T00:00:00.000000,1,0,0,0,1,290.0,1
422608,hostaway,2026-10-21T00:00:00.000000,1,0,0,0,1,290.0,1
422608,hostaway,2026-10-22T00:00:00.000000,1,0,0,0,1,404.0,1
422608,hostaway,2026-10-23T00:00:00.000000,1,0,0,0,1,621.0,1
422608,hostaway,2026-10-24T00:00:00.000000,1,0,0,0,1,621.0,1
422608,hostaway,2026-10-25T00:00:00.000000,1,0,0,0,1,404.0,1
422608,hostaway,2026-10-26T00:00:00.000000,1,0,0,0,1,290.0,1
422608,hostaway,2026-10-27T00:00:00.000000,1,0,0,0,1,290.0,1
422608,hostaway,2026-10-28T00:00:00.000000,1,0,0,0,1,290.0,1
422608,hostaway,2026-10-29T00:00:00.000000,1,0,0,0,1,404.0,1
422608,hostaway,2026-10-30T00:00:00.000000,1,0,0,0,1,621.0,1
422608,hostaway,2026-10-31T00:00:00.000000,1,0,0,0,1,621.0,1
422608,hostaway,2026-11-01T00:00:00.000000,1,0,0,0,1,351.0,1
422608,hostaway,2026-11-02T00:00:00.000000,1,0,0,0,1,262.0,1
422608,hostaway,2026-11-03T00:00:00.000000,1,0,0,0,1,262.0,1
422608,hostaway,2026-11-04T00:00:00.000000,1,0,0,0,1,262.0,1
422608,hostaway,2026-11-05T00:00:00.000000,1,0,0,0,1,351.0,1
422608,hostaway,2026-11-06T00:00:00.000000,1,0,0,0,1,544.0,1
422608,hostaway,2026-11-07T00:00:00.000000,1,0,0,0,1,544.0,1
422608,hostaway,2026-11-08T00:00:00.000000,1,0,0,0,1,351.0,1
422608,hostaway,2026-11-09T00:00:00.000000,1,0,0,0,1,262.0,1
422608,hostaway,2026-11-10T00:00:00.000000,1,0,0,0,1,262.0,1
422608,hostaway,2026-11-11T00:00:00.000000,1,0,0,0,1,262.0,1
422608,hostaway,2026-11-12T00:00:00.000000,1,0,0,0,1,351.0,1
422608,hostaway,2026-11-13T00:00:00.000000,1,0,0,0,1,544.0,1
422608,hostaway,2026-11-14T00:00:00.000000,1,0,0,0,1,544.0,1
422608,hostaway,2026-11-15T00:00:00.000000,1,0,0,0,1,351.0,1
422608,hostaway,2026-11-16T00:00:00.000000,1,0,0,0,1,262.0,1
422608,hostaway,2026-11-17T00:00:00.000000,1,0,0,0,1,262.0,1
422608,hostaway,2026-11-18T00:00:00.000000,1,0,0,0,1,262.0,1
422608,hostaway,2026-11-19T00:00:00.000000,1,0,0,0,1,351.0,1
422608,hostaway,2026-11-20T00:00:00.000000,1,0,0,0,1,544.0,1
422608,hostaway,2026-11-21T00:00:00.000000,1,0,0,0,1,544.0,1
422608,hostaway,2026-11-22T00:00:00.000000,1,0,0,0,1,351.0,1
422608,hostaway,2026-11-23T00:00:00.000000,1,0,0,0,1,262.0,1
422608,hostaway,2026-11-24T00:00:00.000000,1,0,0,0,1,262.0,1
422608,hostaway,2026-11-25T00:00:00.000000,1,0,0,0,1,262.0,1
422608,hostaway,2026-11-26T00:00:00.000000,1,0,0,0,1,540.0,1
422608,hostaway,2026-11-27T00:00:00.000000,1,0,0,0,1,544.0,1
422608,hostaway,2026-11-28T00:00:00.000000,1,0,0,0,1,544.0,1
422608,hostaway,2026-11-29T00:00:00.000000,1,0,0,0,1,351.0,1
422608,hostaway,2026-11-30T00:00:00.000000,1,0,0,0,1,262.0,1
422608,hostaway,2026-12-01T00:00:00.000000,1,0,0,0,1,262.0,1
422608,hostaway,2026-12-02T00:00:00.000000,1,0,0,0,1,262.0,1
422608,hostaway,2026-12-03T00:00:00.000000,1,0,0,0,1,311.0,1
422608,hostaway,2026-12-04T00:00:00.000000,1,0,0,0,1,484.0,1
422608,hostaway,2026-12-05T00:00:00.000000,1,0,0,0,1,484.0,1
422608,hostaway,2026-12-06T00:00:00.000000,1,0,0,0,1,311.0,1
422608,hostaway,2026-12-07T00:00:00.000000,1,0,0,0,1,262.0,1
422608,hostaway,2026-12-08T00:00:00.000000,1,0,0,0,1,262.0,1
422608,hostaway,2026-12-09T00:00:00.000000,1,0,0,0,1,262.0,1
422608,hostaway,2026-12-10T00:00:00.000000,1,0,0,0,1,311.0,1
422608,hostaway,2026-12-11T00:00:00.000000,1,0,0,0,1,484.0,1
422608,hostaway,2026-12-12T00:00:00.000000,1,0,0,0,1,484.0,1
422608,hostaway,2026-12-13T00:00:00.000000,1,0,0,0,1,311.0,1
422608,hostaway,2026-12-14T00:00:00.000000,1,0,0,0,1,262.0,1
422608,hostaway,2026-12-15T00:00:00.000000,1,0,0,0,1,262.0,1
422608,hostaway,2026-12-16T00:00:00.000000,1,0,0,0,1,262.0,1
422608,hostaway,2026-12-17T00:00:00.000000,1,0,0,0,1,387.0,1
422608,hostaway,2026-12-18T00:00:00.000000,1,0,0,0,1,603.0,1
422608,hostaway,2026-12-19T00:00:00.000000,1,0,0,0,1,603.0,1
422608,hostaway,2026-12-20T00:00:00.000000,1,0,0,0,1,387.0,1
422608,hostaway,2026-12-21T00:00:00.000000,1,0,0,0,1,277.0,1
422608,hostaway,2026-12-22T00:00:00.000000,1,0,0,0,1,277.0,1
422608,hostaway,2026-12-23T00:00:00.000000,1,0,0,0,1,277.0,1
422608,hostaway,2026-12-24T00:00:00.000000,1,0,0,0,1,582.0,1
422608,hostaway,2026-12-25T00:00:00.000000,1,0,0,0,1,951.0,1
422608,hostaway,2026-12-26T00:00:00.000000,1,0,0,0,1,951.0,1
422608,hostaway,2026-12-27T00:00:00.000000,1,0,0,0,1,453.0,1
422608,hostaway,2026-12-28T00:00:00.000000,1,0,0,0,1,370.0,1
422608,hostaway,2026-12-29T00:00:00.000000,1,0,0,0,1,370.0,1
422608,hostaway,2026-12-30T00:00:00.000000,1,0,0,0,1,1128.0,1
422608,hostaway,2026-12-31T00:00:00.000000,1,0,0,0,1,1161.0,1
422608,hostaway,2027-01-01T00:00:00.000000,1,0,0,0,1,506.0,1
422608,hostaway,2027-01-02T00:00:00.000000,1,0,0,0,1,506.0,1
422608,hostaway,2027-01-03T00:00:00.000000,1,0,0,0,1,292.0,1
422608,hostaway,2027-01-04T00:00:00.000000,1,0,0,0,1,262.0,1
422608,hostaway,2027-01-05T00:00:00.000000,1,0,0,0,1,262.0,1
422608,hostaway,2027-01-06T00:00:00.000000,1,0,0,0,1,309.0,1
422608,hostaway,2027-01-07T00:00:00.000000,1,0,0,0,1,378.0,1
422608,hostaway,2027-01-08T00:00:00.000000,1,0,0,0,1,466.0,1
422608,hostaway,2027-01-09T00:00:00.000000,1,0,0,0,1,466.0,1
422608,hostaway,2027-01-10T00:00:00.000000,1,0,0,0,1,378.0,1
422608,hostaway,2027-01-11T00:00:00.000000,1,0,0,0,1,262.0,1
422608,hostaway,2027-01-12T00:00:00.000000,1,0,0,0,1,262.0,1
422608,hostaway,2027-01-13T00:00:00.000000,1,0,0,0,1,262.0,1
422608,hostaway,2027-01-14T00:00:00.000000,1,0,0,0,1,326.0,1
422608,hostaway,2027-01-15T00:00:00.000000,1,0,0,0,1,532.0,1
422608,hostaway,2027-01-16T00:00:00.000000,1,0,0,0,1,532.0,1
422608,hostaway,2027-01-17T00:00:00.000000,1,0,0,0,1,435.0,1
422608,hostaway,2027-01-18T00:00:00.000000,1,0,0,0,1,351.0,1
422608,hostaway,2027-01-19T00:00:00.000000,1,0,0,0,1,262.0,1
422608,hostaway,2027-01-20T00:00:00.000000,1,0,0,0,1,262.0,1
422608,hostaway,2027-01-21T00:00:00.000000,1,0,0,0,1,326.0,1
422608,hostaway,2027-01-22T00:00:00.000000,1,0,0,0,1,400.0,1
422608,hostaway,2027-01-23T00:00:00.000000,1,0,0,0,1,400.0,1
422608,hostaway,2027-01-24T00:00:00.000000,1,0,0,0,1,326.0,1
422608,hostaway,2027-01-25T00:00:00.000000,1,0,0,0,1,262.0,1
422608,hostaway,2027-01-26T00:00:00.000000,1,0,0,0,1,262.0,1
422608,hostaway,2027-01-27T00:00:00.000000,1,0,0,0,1,262.0,1
422608,hostaway,2027-01-28T00:00:00.000000,1,0,0,0,1,326.0,1
422608,hostaway,2027-01-29T00:00:00.000000,1,0,0,0,1,400.0,1
422608,hostaway,2027-01-30T00:00:00.000000,1,0,0,0,1,400.0,1
422608,hostaway,2027-01-31T00:00:00.000000,1,0,0,0,1,326.0,1
422608,hostaway,2027-02-01T00:00:00.000000,1,0,0,0,1,262.0,1
422608,hostaway,2027-02-02T00:00:00.000000,1,0,0,0,1,262.0,1
422608,hostaway,2027-02-03T00:00:00.000000,1,0,0,0,1,262.0,1
422608,hostaway,2027-02-04T00:00:00.000000,1,0,0,0,1,326.0,1
422608,hostaway,2027-02-05T00:00:00.000000,1,0,0,0,1,400.0,1
422608,hostaway,2027-02-06T00:00:00.000000,1,0,0,0,1,400.0,1
422608,hostaway,2027-02-07T00:00:00.000000,1,0,0,0,1,326.0,1
422608,hostaway,2027-02-08T00:00:00.000000,1,0,0,0,1,262.0,1
422608,hostaway,2027-02-09T00:00:00.000000,1,0,0,0,1,262.0,1
422608,hostaway,2027-02-10T00:00:00.000000,1,0,0,0,1,262.0,1
422608,hostaway,2027-02-11T00:00:00.000000,1,0,0,0,1,326.0,1
422608,hostaway,2027-02-12T00:00:00.000000,1,0,0,0,1,575.0,1
422608,hostaway,2027-02-13T00:00:00.000000,1,0,0,0,1,575.0,1
422608,hostaway,2027-02-14T00:00:00.000000,1,0,0,0,1,474.0,1
422608,hostaway,2027-02-15T00:00:00.000000,1,0,0,0,1,381.0,1
422608,hostaway,2027-02-16T00:00:00.000000,1,0,0,0,1,262.0,1
422608,hostaway,2027-02-17T00:00:00.000000,1,0,0,0,1,262.0,1
422608,hostaway,2027-02-18T00:00:00.000000,1,0,0,0,1,326.0,1
422608,hostaway,2027-02-19T00:00:00.000000,1,0,0,0,1,400.0,1
422608,hostaway,2027-02-20T00:00:00.000000,1,0,0,0,1,400.0,1
422608,hostaway,2027-02-21T00:00:00.000000,1,0,0,0,1,326.0,1
422608,hostaway,2027-02-22T00:00:00.000000,1,0,0,0,1,262.0,1
422608,hostaway,2027-02-23T00:00:00.000000,1,0,0,0,1,262.0,1
422608,hostaway,2027-02-24T00:00:00.000000,1,0,0,0,1,262.0,1
422608,hostaway,2027-02-25T00:00:00.000000,1,0,0,0,1,317.0,1
422608,hostaway,2027-02-26T00:00:00.000000,1,0,0,0,1,400.0,1
422608,hostaway,2027-02-27T00:00:00.000000,1,0,0,0,1,400.0,1
422608,hostaway,2027-02-28T00:00:00.000000,1,0,0,0,1,317.0,1
422608,hostaway,2027-03-01T00:00:00.000000,1,0,0,0,1,303.0,1
422608,hostaway,2027-03-02T00:00:00.000000,1,0,0,0,1,303.0,1
422608,hostaway,2027-03-03T00:00:00.000000,1,0,0,0,1,303.0,1
422608,hostaway,2027-03-04T00:00:00.000000,1,0,0,0,1,366.0,1
422608,hostaway,2027-03-05T00:00:00.000000,1,0,0,0,1,436.0,1
422608,hostaway,2027-03-06T00:00:00.000000,1,0,0,0,1,436.0,1
422608,hostaway,2027-03-07T00:00:00.000000,1,0,0,0,1,366.0,1
422608,hostaway,2027-03-08T00:00:00.000000,1,0,0,0,1,303.0,1
422608,hostaway,2027-03-09T00:00:00.000000,1,0,0,0,1,303.0,1
422608,hostaway,2027-03-10T00:00:00.000000,1,0,0,0,1,303.0,1
422608,hostaway,2027-03-11T00:00:00.000000,1,0,0,0,1,366.0,1
422608,hostaway,2027-03-12T00:00:00.000000,1,0,0,0,1,436.0,1
422608,hostaway,2027-03-13T00:00:00.000000,1,0,0,0,1,436.0,1
422608,hostaway,2027-03-14T00:00:00.000000,1,0,0,0,1,366.0,1
422608,hostaway,2027-03-15T00:00:00.000000,1,0,0,0,1,303.0,1
422608,hostaway,2027-03-16T00:00:00.000000,1,0,0,0,1,303.0,1
422608,hostaway,2027-03-17T00:00:00.000000,1,0,0,0,1,303.0,1
422608,hostaway,2027-03-18T00:00:00.000000,1,0,0,0,1,366.0,1
422608,hostaway,2027-03-19T00:00:00.000000,1,0,0,0,1,436.0,1
422608,hostaway,2027-03-20T00:00:00.000000,1,0,0,0,1,436.0,1
422608,hostaway,2027-03-21T00:00:00.000000,1,0,0,0,1,366.0,1
422608,hostaway,2027-03-22T00:00:00.000000,1,0,0,0,1,303.0,1
422608,hostaway,2027-03-23T00:00:00.000000,1,0,0,0,1,303.0,1
422608,hostaway,2027-03-24T00:00:00.000000,1,0,0,0,1,303.0,1
422608,hostaway,2027-03-25T00:00:00.000000,1,0,0,0,1,366.0,1
422608,hostaway,2027-03-26T00:00:00.000000,1,0,0,0,1,634.0,1
422608,hostaway,2027-03-27T00:00:00.000000,1,0,0,0,1,634.0,1
422608,hostaway,2027-03-28T00:00:00.000000,1,0,0,0,1,532.0,1
422608,hostaway,2027-03-29T00:00:00.000000,1,0,0,0,1,435.0,1
422608,hostaway,2027-03-30T00:00:00.000000,1,0,0,0,1,435.0,1
422608,hostaway,2027-03-31T00:00:00.000000,1,0,0,0,1,435.0,1
422608,hostaway,2027-04-01T00:00:00.000000,1,0,0,0,1,769.0,1
422608,hostaway,2027-04-02T00:00:00.000000,1,0,0,0,1,960.0,1
422608,hostaway,2027-04-03T00:00:00.000000,1,0,0,0,1,960.0,1
422608,hostaway,2027-04-04T00:00:00.000000,1,0,0,0,1,769.0,1
422608,hostaway,2027-04-05T00:00:00.000000,1,0,0,0,1,652.0,1
422608,hostaway,2027-04-06T00:00:00.000000,1,0,0,0,1,652.0,1
422608,hostaway,2027-04-07T00:00:00.000000,1,0,0,0,1,652.0,1
422608,hostaway,2027-04-08T00:00:00.000000,1,0,0,0,1,609.0,1
422608,hostaway,2027-04-09T00:00:00.000000,1,0,0,0,1,758.0,1
422608,hostaway,2027-04-10T00:00:00.000000,1,0,0,0,1,758.0,1
422608,hostaway,2027-04-11T00:00:00.000000,1,0,0,0,1,609.0,1
422608,hostaway,2027-04-12T00:00:00.000000,1,0,0,0,1,357.0,1
422608,hostaway,2027-04-13T00:00:00.000000,1,0,0,0,1,357.0,1
422608,hostaway,2027-04-14T00:00:00.000000,1,0,0,0,1,357.0,1
422608,hostaway,2027-04-15T00:00:00.000000,1,0,0,0,1,416.0,1
422608,hostaway,2027-04-16T00:00:00.000000,1,0,0,0,1,532.0,1
422608,hostaway,2027-04-17T00:00:00.000000,1,0,0,0,1,532.0,1
422608,hostaway,2027-04-18T00:00:00.000000,1,0,0,0,1,416.0,1
422608,hostaway,2027-04-19T00:00:00.000000,1,0,0,0,1,357.0,1
422608,hostaway,2027-04-20T00:00:00.000000,1,0,0,0,1,357.0,1
422608,hostaway,2027-04-21T00:00:00.000000,1,0,0,0,1,357.0,1
422608,hostaway,2027-04-22T00:00:00.000000,1,0,0,0,1,416.0,1
422608,hostaway,2027-04-23T00:00:00.000000,1,0,0,0,1,532.0,1
422608,hostaway,2027-04-24T00:00:00.000000,1,0,0,0,1,532.0,1
422608,hostaway,2027-04-25T00:00:00.000000,1,0,0,0,1,416.0,1
422608,hostaway,2027-04-26T00:00:00.000000,1,0,0,0,1,357.0,1
422608,hostaway,2027-04-27T00:00:00.000000,1,0,0,0,1,357.0,1
422608,hostaway,2027-04-28T00:00:00.000000,1,0,0,0,1,357.0,1
422608,hostaway,2027-04-29T00:00:00.000000,1,0,0,0,1,416.0,1
422608,hostaway,2027-04-30T00:00:00.000000,1,0,0,0,1,532.0,1
422608,hostaway,2027-05-01T00:00:00.000000,1,0,0,0,1,532.0,1
422608,hostaway,2027-05-02T00:00:00.000000,1,0,0,0,1,416.0,1
422608,hostaway,2027-05-03T00:00:00.000000,1,0,0,0,1,357.0,1
422608,hostaway,2027-05-04T00:00:00.000000,1,0,0,0,1,357.0,1
422608,hostaway,2027-05-05T00:00:00.000000,1,0,0,0,1,357.0,1
422608,hostaway,2027-05-06T00:00:00.000000,1,0,0,0,1,714.0,1
422608,hostaway,2027-05-07T00:00:00.000000,1,0,0,0,1,888.0,1
422608,hostaway,2027-05-08T00:00:00.000000,1,0,0,0,1,888.0,1
422608,hostaway,2027-05-09T00:00:00.000000,1,0,0,0,1,716.0,1
422608,hostaway,2027-05-10T00:00:00.000000,1,0,0,0,1,391.0,1
422608,hostaway,2027-05-11T00:00:00.000000,1,0,0,0,1,393.0,1
422608,hostaway,2027-05-12T00:00:00.000000,1,0,0,0,1,395.0,1
422608,hostaway,2027-05-13T00:00:00.000000,1,0,0,0,1,693.0,1
422608,hostaway,2027-05-14T00:00:00.000000,1,0,0,0,1,859.0,1
422608,hostaway,2027-05-15T00:00:00.000000,1,0,0,0,1,862.0,1
422608,hostaway,2027-05-16T00:00:00.000000,1,0,0,0,1,697.0,1
422608,hostaway,2027-05-17T00:00:00.000000,1,0,0,0,1,404.0,1
422608,hostaway,2027-05-18T00:00:00.000000,1,0,0,0,1,404.0,1
422608,hostaway,2027-05-19T00:00:00.000000,1,0,0,0,1,406.0,1
422608,hostaway,2027-05-20T00:00:00.000000,1,0,0,0,1,711.0,1
422608,hostaway,2027-05-21T00:00:00.000000,1,0,0,0,1,882.0,1
422608,hostaway,2027-05-22T00:00:00.000000,1,0,0,0,1,885.0,1
422608,hostaway,2027-05-23T00:00:00.000000,1,0,0,0,1,716.0,1
422608,hostaway,2027-05-24T00:00:00.000000,1,0,0,0,1,416.0,1
422608,hostaway,2027-05-25T00:00:00.000000,1,0,0,0,1,420.0,1
422608,hostaway,2027-05-26T00:00:00.000000,1,0,0,0,1,422.0,1
422608,hostaway,2027-05-27T00:00:00.000000,1,0,0,0,1,807.0,1
422608,hostaway,2027-05-28T00:00:00.000000,1,0,0,0,1,1248.0,1
422608,hostaway,2027-05-29T00:00:00.000000,1,0,0,0,1,1252.0,1
422608,hostaway,2027-05-30T00:00:00.000000,1,0,0,0,1,856.0,1
422608,hostaway,2027-05-31T00:00:00.000000,1,0,0,0,1,554.0,1
422608,hostaway,2027-06-01T00:00:00.000000,1,0,0,0,1,457.0,1
422608,hostaway,2027-06-02T00:00:00.000000,1,0,0,0,1,438.0,1
422608,hostaway,2027-06-03T00:00:00.000000,1,0,0,0,1,753.0,1
422608,hostaway,2027-06-04T00:00:00.000000,1,0,0,0,1,931.0,1
422608,hostaway,2027-06-05T00:00:00.000000,1,0,0,0,1,934.0,1
422608,hostaway,2027-06-06T00:00:00.000000,1,0,0,0,1,760.0,1
422608,hostaway,2027-06-07T00:00:00.000000,1,0,0,0,1,449.0,1
422608,hostaway,2027-06-08T00:00:00.000000,1,0,0,0,1,451.0,1
422608,hostaway,2027-06-09T00:00:00.000000,1,0,0,0,1,453.0,1
422608,hostaway,2027-06-10T00:00:00.000000,1,0,0,0,1,772.0,1
422608,hostaway,2027-06-11T00:00:00.000000,1,0,0,0,1,954.0,1
422608,hostaway,2027-06-12T00:00:00.000000,1,0,0,0,1,957.0,1
422608,hostaway,2027-06-13T00:00:00.000000,1,0,0,0,1,780.0,1
422608,hostaway,2027-06-14T00:00:00.000000,1,0,0,0,1,464.0,1
422608,hostaway,2027-06-15T00:00:00.000000,1,0,0,0,1,489.0,1
422608,hostaway,2027-06-16T00:00:00.000000,1,0,0,0,1,491.0,1
422608,hostaway,2027-06-17T00:00:00.000000,1,0,0,0,1,792.0,1
422608,hostaway,2027-06-18T00:00:00.000000,1,0,0,0,1,977.0,1
422608,hostaway,2027-06-19T00:00:00.000000,1,0,0,0,1,981.0,1
422608,hostaway,2027-06-20T00:00:00.000000,1,0,0,0,1,800.0,1
422608,hostaway,2027-06-21T00:00:00.000000,1,0,0,0,1,478.0,1
422608,hostaway,2027-06-22T00:00:00.000000,1,0,0,0,1,505.0,1
422608,hostaway,2027-06-23T00:00:00.000000,1,0,0,0,1,483.0,1
422608,hostaway,2027-06-24T00:00:00.000000,1,0,0,0,1,809.0,1
422608,hostaway,2027-06-25T00:00:00.000000,1,0,0,0,1,995.0,1
422608,hostaway,2027-06-26T00:00:00.000000,1,0,0,0,1,995.0,1
422608,hostaway,2027-06-27T00:00:00.000000,1,0,0,0,1,809.0,1
422608,hostaway,2027-06-28T00:00:00.000000,1,0,0,0,1,483.0,1
422608,hostaway,2027-06-29T00:00:00.000000,1,0,0,0,1,483.0,1
422608,hostaway,2027-06-30T00:00:00.000000,1,0,0,0,1,483.0,1
422608,hostaway,2027-07-01T00:00:00.000000,1,0,0,0,1,809.0,1
422608,hostaway,2027-07-02T00:00:00.000000,1,0,0,0,1,1451.0,1
422608,hostaway,2027-07-03T00:00:00.000000,1,0,0,0,1,1451.0,1
422608,hostaway,2027-07-04T00:00:00.000000,1,0,0,0,1,890.0,1
422608,hostaway,2027-07-05T00:00:00.000000,1,0,0,0,1,594.0,1
422608,hostaway,2027-07-06T00:00:00.000000,1,0,0,0,1,594.0,1
422608,hostaway,2027-07-07T00:00:00.000000,1,0,0,0,1,594.0,1
422608,hostaway,2027-07-08T00:00:00.000000,1,0,0,0,1,881.0,1
422608,hostaway,2027-07-09T00:00:00.000000,1,0,0,0,1,1319.0,1
422608,hostaway,2027-07-10T00:00:00.000000,1,0,0,0,1,1319.0,1
422608,hostaway,2027-07-11T00:00:00.000000,1,0,0,0,1,881.0,1
422608,hostaway,2027-07-12T00:00:00.000000,1,0,0,0,1,594.0,1
422608,hostaway,2027-07-13T00:00:00.000000,1,0,0,0,1,594.0,1
422608,hostaway,2027-07-14T00:00:00.000000,1,0,0,0,1,594.0,1
422608,hostaway,2027-07-15T00:00:00.000000,1,0,0,0,1,881.0,1
422608,hostaway,2027-07-16T00:00:00.000000,1,0,0,0,1,1319.0,1
422608,hostaway,2027-07-17T00:00:00.000000,1,0,0,0,1,1319.0,1
422608,hostaway,2027-07-18T00:00:00.000000,1,0,0,0,1,881.0,1
422608,hostaway,2027-07-19T00:00:00.000000,1,0,0,0,1,594.0,1
422608,hostaway,2027-07-20T00:00:00.000000,1,0,0,0,1,594.0,1
422608,hostaway,2027-07-21T00:00:00.000000,1,0,0,0,1,594.0,1
422608,hostaway,2027-07-22T00:00:00.000000,1,0,0,0,1,881.0,1
422608,hostaway,2027-07-23T00:00:00.000000,1,0,0,0,1,1319.0,1
422608,hostaway,2027-07-24T00:00:00.000000,1,0,0,0,1,1319.0,1
422608,hostaway,2027-07-25T00:00:00.000000,1,0,0,0,1,881.0,1
422608,hostaway,2027-07-26T00:00:00.000000,1,0,0,0,1,594.0,1
422608,hostaway,2027-07-27T00:00:00.000000,1,0,0,0,1,594.0,1
422608,hostaway,2027-07-28T00:00:00.000000,1,0,0,0,1,594.0,1
422608,hostaway,2027-07-29T00:00:00.000000,1,0,0,0,1,881.0,1
422608,hostaway,2027-07-30T00:00:00.000000,1,0,0,0,1,1319.0,1
422608,hostaway,2027-07-31T00:00:00.000000,1,0,0,0,1,1319.0,1
422608,hostaway,2027-08-01T00:00:00.000000,1,0,0,0,1,881.0,1
422608,hostaway,2027-08-02T00:00:00.000000,1,0,0,0,1,594.0,1
422608,hostaway,2027-08-03T00:00:00.000000,1,0,0,0,1,594.0,1
422608,hostaway,2027-08-04T00:00:00.000000,1,0,0,0,1,594.0,1
422608,hostaway,2027-08-05T00:00:00.000000,1,0,0,0,1,881.0,1
422608,hostaway,2027-08-06T00:00:00.000000,1,0,0,0,1,1319.0,1
422608,hostaway,2027-08-07T00:00:00.000000,1,0,0,0,1,1319.0,1
422608,hostaway,2027-08-08T00:00:00.000000,1,0,0,0,1,881.0,1
422608,hostaway,2027-08-09T00:00:00.000000,1,0,0,0,1,594.0,1
422608,hostaway,2027-08-10T00:00:00.000000,1,0,0,0,1,594.0,1
422608,hostaway,2027-08-11T00:00:00.000000,1,0,0,0,1,594.0,1
422608,hostaway,2027-08-12T00:00:00.000000,1,0,0,0,1,881.0,1
422608,hostaway,2027-08-13T00:00:00.000000,1,0,0,0,1,1319.0,1
422608,hostaway,2027-08-14T00:00:00.000000,1,0,0,0,1,1319.0,1
422608,hostaway,2027-08-15T00:00:00.000000,1,0,0,0,1,881.0,1
422608,hostaway,2027-08-16T00:00:00.000000,1,0,0,0,1,594.0,1
422608,hostaway,2027-08-17T00:00:00.000000,1,0,0,0,1,594.0,1
422608,hostaway,2027-08-18T00:00:00.000000,1,0,0,0,1,594.0,1
422608,hostaway,2027-08-19T00:00:00.000000,1,0,0,0,1,881.0,1
422608,hostaway,2027-08-20T00:00:00.000000,1,0,0,0,1,1319.0,1
422608,hostaway,2027-08-21T00:00:00.000000,1,0,0,0,1,1319.0,1
422608,hostaway,2027-08-22T00:00:00.000000,1,0,0,0,1,881.0,1
422608,hostaway,2027-08-23T00:00:00.000000,1,0,0,0,1,594.0,1
422608,hostaway,2027-08-24T00:00:00.000000,1,0,0,0,1,594.0,1
422608,hostaway,2027-08-25T00:00:00.000000,1,0,0,0,1,594.0,1
422608,hostaway,2027-08-26T00:00:00.000000,1,0,0,0,1,881.0,1
422608,hostaway,2027-08-27T00:00:00.000000,1,0,0,0,1,1319.0,1
422608,hostaway,2027-08-28T00:00:00.000000,1,0,0,0,1,1319.0,1
422608,hostaway,2027-08-29T00:00:00.000000,1,0,0,0,1,881.0,1
422608,hostaway,2027-08-30T00:00:00.000000,1,0,0,0,1,594.0,1
422608,hostaway,2027-08-31T00:00:00.000000,1,0,0,0,1,594.0,1
422608,hostaway,2027-09-01T00:00:00.000000,1,0,0,0,1,594.0,1
422608,hostaway,2027-09-02T00:00:00.000000,1,0,0,0,1,809.0,1
422608,hostaway,2027-09-03T00:00:00.000000,1,0,0,0,1,1194.0,1
422608,hostaway,2027-09-04T00:00:00.000000,1,0,0,0,1,1194.0,1
422608,hostaway,2027-09-05T00:00:00.000000,1,0,0,0,1,849.0,1
422608,hostaway,2027-09-06T00:00:00.000000,1,0,0,0,1,580.0,1
422608,hostaway,2027-09-07T00:00:00.000000,1,0,0,0,1,483.0,1
422608,hostaway,2027-09-08T00:00:00.000000,1,0,0,0,1,483.0,1
422608,hostaway,2027-09-09T00:00:00.000000,1,0,0,0,1,809.0,1
422608,hostaway,2027-09-10T00:00:00.000000,1,0,0,0,1,995.0,1
422608,hostaway,2027-09-11T00:00:00.000000,1,0,0,0,1,995.0,1
422608,hostaway,2027-09-12T00:00:00.000000,1,0,0,0,1,809.0,1
422608,hostaway,2027-09-13T00:00:00.000000,1,0,0,0,1,483.0,1
422608,hostaway,2027-09-14T00:00:00.000000,1,0,0,0,1,483.0,1
422608,hostaway,2027-09-15T00:00:00.000000,1,0,0,0,1,483.0,1
422608,hostaway,2027-09-16T00:00:00.000000,1,0,0,0,1,809.0,1
422608,hostaway,2027-09-17T00:00:00.000000,1,0,0,0,1,995.0,1
422608,hostaway,2027-09-18T00:00:00.000000,1,0,0,0,1,995.0,1
422608,hostaway,2027-09-19T00:00:00.000000,1,0,0,0,1,809.0,1
422608,hostaway,2027-09-20T00:00:00.000000,1,0,0,0,1,483.0,1
422608,hostaway,2027-09-21T00:00:00.000000,1,0,0,0,1,483.0,1
422608,hostaway,2027-09-22T00:00:00.000000,1,0,0,0,1,483.0,1
422608,hostaway,2027-09-23T00:00:00.000000,1,0,0,0,1,809.0,1
422608,hostaway,2027-09-24T00:00:00.000000,1,0,0,0,1,995.0,1
422608,hostaway,2027-09-25T00:00:00.000000,1,0,0,0,1,995.0,1
422608,hostaway,2027-09-26T00:00:00.000000,1,0,0,0,1,809.0,1
422608,hostaway,2027-09-27T00:00:00.000000,1,0,0,0,1,483.0,1
422608,hostaway,2027-09-28T00:00:00.000000,1,0,0,0,1,483.0,1
422608,hostaway,2027-09-29T00:00:00.000000,1,0,0,0,1,483.0,1
422608,hostaway,2027-09-30T00:00:00.000000,1,0,0,0,1,809.0,1
422608,hostaway,2027-10-01T00:00:00.000000,1,0,0,0,1,995.0,1
422608,hostaway,2027-10-02T00:00:00.000000,1,0,0,0,1,995.0,1
422608,hostaway,2027-10-03T00:00:00.000000,1,0,0,0,1,809.0,1
422608,hostaway,2027-10-04T00:00:00.000000,1,0,0,0,1,483.0,1
422608,hostaway,2027-10-05T00:00:00.000000,1,0,0,0,1,483.0,1
422608,hostaway,2027-10-06T00:00:00.000000,1,0,0,0,1,483.0,1
422608,hostaway,2027-10-07T00:00:00.000000,1,0,0,0,1,809.0,1
422608,hostaway,2027-10-08T00:00:00.000000,1,0,0,0,1,995.0,1
422608,hostaway,2027-10-09T00:00:00.000000,1,0,0,0,1,995.0,1
422608,hostaway,2027-10-10T00:00:00.000000,1,0,0,0,1,809.0,1
422608,hostaway,2027-10-11T00:00:00.000000,1,0,0,0,1,483.0,1
422608,hostaway,2027-10-12T00:00:00.000000,1,0,0,0,1,483.0,1
422608,hostaway,2027-10-13T00:00:00.000000,1,0,0,0,1,483.0,1
422608,hostaway,2027-10-14T00:00:00.000000,1,0,0,0,1,809.0,1
422608,hostaway,2027-10-15T00:00:00.000000,1,0,0,0,1,995.0,1
422608,hostaway,2027-10-16T00:00:00.000000,1,0,0,0,1,995.0,1
422608,hostaway,2027-10-17T00:00:00.000000,1,0,0,0,1,809.0,1
422608,hostaway,2027-10-18T00:00:00.000000,1,0,0,0,1,483.0,1
422608,hostaway,2027-10-19T00:00:00.000000,1,0,0,0,1,483.0,1
422608,hostaway,2027-10-20T00:00:00.000000,1,0,0,0,1,483.0,1
422608,hostaway,2027-10-21T00:00:00.000000,1,0,0,0,1,809.0,1
422608,hostaway,2027-10-22T00:00:00.000000,1,0,0,0,1,995.0,1
422608,hostaway,2027-10-23T00:00:00.000000,1,0,0,0,1,995.0,1
422608,hostaway,2027-10-24T00:00:00.000000,1,0,0,0,1,809.0,1
422608,hostaway,2027-10-25T00:00:00.000000,1,0,0,0,1,483.0,1
422608,hostaway,2027-10-26T00:00:00.000000,1,0,0,0,1,483.0,1
422608,hostaway,2027-10-27T00:00:00.000000,1,0,0,0,1,483.0,1
422608,hostaway,2027-10-28T00:00:00.000000,1,0,0,0,1,809.0,1
422608,hostaway,2027-10-29T00:00:00.000000,1,0,0,0,1,995.0,1
422608,hostaway,2027-10-30T00:00:00.000000,1,0,0,0,1,995.0,1
422608,hostaway,2027-10-31T00:00:00.000000,1,0,0,0,1,809.0,1
422608,hostaway,2027-11-01T00:00:00.000000,1,0,0,0,1,324.0,1
422608,hostaway,2027-11-02T00:00:00.000000,1,0,0,0,1,324.0,1
422608,hostaway,2027-11-03T00:00:00.000000,1,0,0,0,1,324.0,1
422608,hostaway,2027-11-04T00:00:00.000000,1,0,0,0,1,394.0,1
422608,hostaway,2027-11-05T00:00:00.000000,1,0,0,0,1,474.0,1
422608,hostaway,2027-11-06T00:00:00.000000,1,0,0,0,1,474.0,1
422608,hostaway,2027-11-07T00:00:00.000000,1,0,0,0,1,394.0,1
422608,hostaway,2027-11-08T00:00:00.000000,1,0,0,0,1,324.0,1
422608,hostaway,2027-11-09T00:00:00.000000,1,0,0,0,1,324.0,1
422608,hostaway,2027-11-10T00:00:00.000000,1,0,0,0,1,324.0,1
422608,hostaway,2027-11-11T00:00:00.000000,1,0,0,0,1,394.0,1
422608,hostaway,2027-11-12T00:00:00.000000,1,0,0,0,1,474.0,1
422608,hostaway,2027-11-13T00:00:00.000000,1,0,0,0,1,474.0,1
422608,hostaway,2027-11-14T00:00:00.000000,1,0,0,0,1,394.0,1
422608,hostaway,2027-11-15T00:00:00.000000,1,0,0,0,1,324.0,1
422608,hostaway,2027-11-16T00:00:00.000000,1,0,0,0,1,324.0,1
422608,hostaway,2027-11-17T00:00:00.000000,1,0,0,0,1,324.0,1
422608,hostaway,2027-11-18T00:00:00.000000,1,0,0,0,1,394.0,1
422608,hostaway,2027-11-19T00:00:00.000000,1,0,0,0,1,474.0,1
422608,hostaway,2027-11-20T00:00:00.000000,1,0,0,0,1,474.0,1
422608,hostaway,2027-11-21T00:00:00.000000,1,0,0,0,1,394.0,1
422608,hostaway,2027-11-22T00:00:00.000000,1,0,0,0,1,324.0,1
422608,hostaway,2027-11-23T00:00:00.000000,1,0,0,0,1,324.0,1
422608,hostaway,2027-11-24T00:00:00.000000,1,0,0,0,1,324.0,1
422608,hostaway,2027-11-25T00:00:00.000000,1,0,0,0,1,670.0,1
422608,hostaway,2027-11-26T00:00:00.000000,1,0,0,0,1,806.0,1
422608,hostaway,2027-11-27T00:00:00.000000,1,0,0,0,1,806.0,1
422608,hostaway,2027-11-28T00:00:00.000000,1,0,0,0,1,552.0,1
422608,hostaway,2027-11-29T00:00:00.000000,1,0,0,0,1,304.0,1
422608,hostaway,2027-11-30T00:00:00.000000,1,0,0,0,1,304.0,1
422608,hostaway,2027-12-01T00:00:00.000000,1,0,0,0,1,304.0,1
422608,hostaway,2027-12-02T00:00:00.000000,1,0,0,0,1,333.0,1
422608,hostaway,2027-12-03T00:00:00.000000,1,0,0,0,1,394.0,1
422608,hostaway,2027-12-04T00:00:00.000000,1,0,0,0,1,394.0,1
422608,hostaway,2027-12-05T00:00:00.000000,1,0,0,0,1,333.0,1
422608,hostaway,2027-12-06T00:00:00.000000,1,0,0,0,1,304.0,1
422608,hostaway,2027-12-07T00:00:00.000000,1,0,0,0,1,304.0,1
422608,hostaway,2027-12-08T00:00:00.000000,1,0,0,0,1,304.0,1
422608,hostaway,2027-12-09T00:00:00.000000,1,0,0,0,1,333.0,1
422608,hostaway,2027-12-10T00:00:00.000000,1,0,0,0,1,394.0,1
422608,hostaway,2027-12-11T00:00:00.000000,1,0,0,0,1,394.0,1
422608,hostaway,2027-12-12T00:00:00.000000,1,0,0,0,1,333.0,1
422608,hostaway,2027-12-13T00:00:00.000000,1,0,0,0,1,304.0,1
422608,hostaway,2027-12-14T00:00:00.000000,1,0,0,0,1,304.0,1
422608,hostaway,2027-12-15T00:00:00.000000,1,0,0,0,1,304.0,1
422608,hostaway,2027-12-16T00:00:00.000000,1,0,0,0,1,333.0,1
422608,hostaway,2027-12-17T00:00:00.000000,1,0,0,0,1,591.0,1
422608,hostaway,2027-12-18T00:00:00.000000,1,0,0,0,1,591.0,1
422608,hostaway,2027-12-19T00:00:00.000000,1,0,0,0,1,500.0,1
422608,hostaway,2027-12-20T00:00:00.000000,1,0,0,0,1,456.0,1
422608,hostaway,2027-12-21T00:00:00.000000,1,0,0,0,1,456.0,1
422608,hostaway,2027-12-22T00:00:00.000000,1,0,0,0,1,456.0,1
422608,hostaway,2027-12-23T00:00:00.000000,1,0,0,0,1,500.0,1
422608,hostaway,2027-12-24T00:00:00.000000,1,0,0,0,1,1379.0,1
422608,hostaway,2027-12-25T00:00:00.000000,1,0,0,0,1,1379.0,1
422608,hostaway,2027-12-26T00:00:00.000000,1,0,0,0,1,1379.0,1
422608,hostaway,2027-12-27T00:00:00.000000,1,0,0,0,1,304.0,1
422608,hostaway,2027-12-28T00:00:00.000000,1,0,0,0,1,304.0,1
422608,hostaway,2027-12-29T00:00:00.000000,1,0,0,0,1,304.0,1
422608,hostaway,2027-12-30T00:00:00.000000,1,0,0,0,1,1517.0,1
422608,hostaway,2027-12-31T00:00:00.000000,1,0,0,0,1,1517.0,1
422608,hostaway,2028-01-01T00:00:00.000000,1,0,0,0,1,1517.0,1
422608,hostaway,2028-01-02T00:00:00.000000,1,0,0,0,1,758.0,1
422608,hostaway,2028-01-03T00:00:00.000000,1,0,0,0,1,389.0,1
422608,hostaway,2028-01-04T00:00:00.000000,1,0,0,0,1,389.0,1
422608,hostaway,2028-01-05T00:00:00.000000,1,0,0,0,1,389.0,1
422608,hostaway,2028-01-06T00:00:00.000000,1,0,0,0,1,473.0,1
422608,hostaway,2028-01-07T00:00:00.000000,1,0,0,0,1,569.0,1
422608,hostaway,2028-01-08T00:00:00.000000,1,0,0,0,1,569.0,1
422608,hostaway,2028-01-09T00:00:00.000000,1,0,0,0,1,473.0,1
485833,hostaway,2026-05-24T00:00:00.000000,1,0,0,0,1,0.0,1
485833,hostaway,2026-05-25T00:00:00.000000,1,1,0,0,1,0.0,0
485833,hostaway,2026-05-26T00:00:00.000000,1,1,0,0,1,0.0,0
485833,hostaway,2026-05-27T00:00:00.000000,1,1,0,0,1,0.0,0
485833,hostaway,2026-05-28T00:00:00.000000,1,1,0,0,1,0.0,0
485833,hostaway,2026-05-29T00:00:00.000000,1,0,0,0,1,0.0,1
485833,hostaway,2026-05-30T00:00:00.000000,1,0,0,0,1,0.0,1
485833,hostaway,2026-05-31T00:00:00.000000,1,1,0,0,1,0.0,0
485833,hostaway,2026-06-01T00:00:00.000000,1,1,0,0,1,0.0,0
485833,hostaway,2026-06-02T00:00:00.000000,1,1,0,0,1,0.0,0
485833,hostaway,2026-06-03T00:00:00.000000,1,1,0,0,1,0.0,0
485833,hostaway,2026-06-04T00:00:00.000000,1,1,0,0,1,0.0,0
485833,hostaway,2026-06-05T00:00:00.000000,1,1,0,0,1,0.0,0
485833,hostaway,2026-06-06T00:00:00.000000,1,1,0,0,1,0.0,0
485833,hostaway,2026-06-07T00:00:00.000000,1,1,0,0,1,0.0,0
485833,hostaway,2026-06-08T00:00:00.000000,1,0,0,0,1,0.0,1
485833,hostaway,2026-06-09T00:00:00.000000,1,0,0,0,1,0.0,1
485833,hostaway,2026-06-10T00:00:00.000000,1,1,0,0,1,0.0,0
485833,hostaway,2026-06-11T00:00:00.000000,1,1,0,0,1,0.0,0
485833,hostaway,2026-06-12T00:00:00.000000,1,1,0,0,1,0.0,0
485833,hostaway,2026-06-13T00:00:00.000000,1,1,0,0,1,0.0,0
485833,hostaway,2026-06-14T00:00:00.000000,1,1,0,0,1,0.0,0
485833,hostaway,2026-06-15T00:00:00.000000,1,1,0,0,1,0.0,0
485833,hostaway,2026-06-16T00:00:00.000000,1,1,0,0,1,0.0,0
485833,hostaway,2026-06-17T00:00:00.000000,1,1,0,0,1,0.0,0
485833,hostaway,2026-06-18T00:00:00.000000,1,1,0,0,1,0.0,0
485833,hostaway,2026-06-19T00:00:00.000000,1,1,0,0,1,0.0,0
485833,hostaway,2026-06-20T00:00:00.000000,1,1,0,0,1,0.0,0
485833,hostaway,2026-06-21T00:00:00.000000,1,1,0,0,1,0.0,0
485833,hostaway,2026-06-22T00:00:00.000000,1,1,0,0,1,0.0,0
485833,hostaway,2026-06-23T00:00:00.000000,1,1,0,0,1,590.0,0
485833,hostaway,2026-06-24T00:00:00.000000,1,1,0,0,1,498.0,0
485833,hostaway,2026-06-25T00:00:00.000000,1,0,0,0,1,368.0,1
485833,hostaway,2026-06-26T00:00:00.000000,1,0,0,0,1,454.0,1
485833,hostaway,2026-06-27T00:00:00.000000,1,0,0,0,1,519.0,1
485833,hostaway,2026-06-28T00:00:00.000000,1,0,0,0,1,369.0,1
485833,hostaway,2026-06-29T00:00:00.000000,1,0,0,0,1,330.0,1
485833,hostaway,2026-06-30T00:00:00.000000,1,0,0,0,1,330.0,1
485833,hostaway,2026-07-01T00:00:00.000000,1,0,0,0,1,330.0,1
485833,hostaway,2026-07-02T00:00:00.000000,1,0,0,0,1,401.0,1
485833,hostaway,2026-07-03T00:00:00.000000,1,1,0,0,1,1635.0,0
485833,hostaway,2026-07-04T00:00:00.000000,1,1,0,0,1,1635.0,0
485833,hostaway,2026-07-05T00:00:00.000000,1,0,0,0,1,471.0,1
485833,hostaway,2026-07-06T00:00:00.000000,1,0,0,0,1,430.0,1
485833,hostaway,2026-07-07T00:00:00.000000,1,0,0,0,1,430.0,1
485833,hostaway,2026-07-08T00:00:00.000000,1,1,0,0,1,579.0,0
485833,hostaway,2026-07-09T00:00:00.000000,1,0,0,0,1,630.0,1
485833,hostaway,2026-07-10T00:00:00.000000,1,0,0,0,1,1000.0,1
485833,hostaway,2026-07-11T00:00:00.000000,1,0,0,0,1,1177.0,1
485833,hostaway,2026-07-12T00:00:00.000000,1,0,0,0,1,630.0,1
485833,hostaway,2026-07-13T00:00:00.000000,1,0,0,0,1,430.0,1
485833,hostaway,2026-07-14T00:00:00.000000,1,0,0,0,1,430.0,1
485833,hostaway,2026-07-15T00:00:00.000000,1,0,0,0,1,430.0,1
485833,hostaway,2026-07-16T00:00:00.000000,1,0,0,0,1,699.0,1
485833,hostaway,2026-07-17T00:00:00.000000,1,0,0,0,1,1311.0,1
485833,hostaway,2026-07-18T00:00:00.000000,1,0,0,0,1,1311.0,1
485833,hostaway,2026-07-19T00:00:00.000000,1,0,0,0,1,699.0,1
485833,hostaway,2026-07-20T00:00:00.000000,1,0,0,0,1,569.0,1
485833,hostaway,2026-07-21T00:00:00.000000,1,1,0,0,1,485.0,0
485833,hostaway,2026-07-22T00:00:00.000000,1,1,0,0,1,438.0,0
485833,hostaway,2026-07-23T00:00:00.000000,1,0,0,0,1,699.0,1
485833,hostaway,2026-07-24T00:00:00.000000,1,0,0,0,1,1311.0,1
485833,hostaway,2026-07-25T00:00:00.000000,1,0,0,0,1,1311.0,1
485833,hostaway,2026-07-26T00:00:00.000000,1,0,0,0,1,699.0,1
485833,hostaway,2026-07-27T00:00:00.000000,1,1,0,0,1,512.0,0
485833,hostaway,2026-07-28T00:00:00.000000,1,1,0,0,1,438.0,0
485833,hostaway,2026-07-29T00:00:00.000000,1,0,0,0,1,438.0,1
485833,hostaway,2026-07-30T00:00:00.000000,1,0,0,0,1,699.0,1
485833,hostaway,2026-07-31T00:00:00.000000,1,0,0,0,1,1311.0,1
485833,hostaway,2026-08-01T00:00:00.000000,1,1,0,0,1,1311.0,0
485833,hostaway,2026-08-02T00:00:00.000000,1,1,0,0,1,699.0,0
485833,hostaway,2026-08-03T00:00:00.000000,1,0,0,0,1,610.0,1
485833,hostaway,2026-08-04T00:00:00.000000,1,0,0,0,1,520.0,1
485833,hostaway,2026-08-05T00:00:00.000000,1,0,0,0,1,520.0,1
485833,hostaway,2026-08-06T00:00:00.000000,1,0,0,0,1,796.0,1
485833,hostaway,2026-08-07T00:00:00.000000,1,0,0,0,1,1177.0,1
485833,hostaway,2026-08-08T00:00:00.000000,1,0,0,0,1,1177.0,1
485833,hostaway,2026-08-09T00:00:00.000000,1,1,0,0,1,796.0,0
485833,hostaway,2026-08-10T00:00:00.000000,1,1,0,0,1,582.0,0
485833,hostaway,2026-08-11T00:00:00.000000,1,0,0,0,1,831.0,1
485833,hostaway,2026-08-12T00:00:00.000000,1,0,0,0,1,573.0,1
485833,hostaway,2026-08-13T00:00:00.000000,1,0,0,0,1,796.0,1
485833,hostaway,2026-08-14T00:00:00.000000,1,0,0,0,1,1177.0,1
485833,hostaway,2026-08-15T00:00:00.000000,1,0,0,0,1,1177.0,1
485833,hostaway,2026-08-16T00:00:00.000000,1,0,0,0,1,1029.0,1
485833,hostaway,2026-08-17T00:00:00.000000,1,0,0,0,1,711.0,1
485833,hostaway,2026-08-18T00:00:00.000000,1,0,0,0,1,520.0,1
485833,hostaway,2026-08-19T00:00:00.000000,1,0,0,0,1,520.0,1
485833,hostaway,2026-08-20T00:00:00.000000,1,0,0,0,1,796.0,1
485833,hostaway,2026-08-21T00:00:00.000000,1,0,0,0,1,1294.0,1
485833,hostaway,2026-08-22T00:00:00.000000,1,0,0,0,1,1491.0,1
485833,hostaway,2026-08-23T00:00:00.000000,1,0,0,0,1,796.0,1
485833,hostaway,2026-08-24T00:00:00.000000,1,0,0,0,1,610.0,1
485833,hostaway,2026-08-25T00:00:00.000000,1,0,0,0,1,520.0,1
485833,hostaway,2026-08-26T00:00:00.000000,1,1,0,0,1,582.0,0
485833,hostaway,2026-08-27T00:00:00.000000,1,0,0,0,1,796.0,1
485833,hostaway,2026-08-28T00:00:00.000000,1,0,0,0,1,1177.0,1
485833,hostaway,2026-08-29T00:00:00.000000,1,0,0,0,1,1177.0,1
485833,hostaway,2026-08-30T00:00:00.000000,1,0,0,0,1,796.0,1
485833,hostaway,2026-08-31T00:00:00.000000,1,0,0,0,1,610.0,1
485833,hostaway,2026-09-01T00:00:00.000000,1,0,0,0,1,468.0,1
485833,hostaway,2026-09-02T00:00:00.000000,1,0,0,0,1,468.0,1
485833,hostaway,2026-09-03T00:00:00.000000,1,0,0,0,1,705.0,1
485833,hostaway,2026-09-04T00:00:00.000000,1,0,0,0,1,1630.0,1
485833,hostaway,2026-09-05T00:00:00.000000,1,0,0,0,1,1630.0,1
485833,hostaway,2026-09-06T00:00:00.000000,1,0,0,0,1,1221.0,1
485833,hostaway,2026-09-07T00:00:00.000000,1,0,0,0,1,744.0,1
485833,hostaway,2026-09-08T00:00:00.000000,1,0,0,0,1,520.0,1
485833,hostaway,2026-09-09T00:00:00.000000,1,0,0,0,1,520.0,1
485833,hostaway,2026-09-10T00:00:00.000000,1,0,0,0,1,607.0,1
485833,hostaway,2026-09-11T00:00:00.000000,1,1,0,0,1,1053.0,0
485833,hostaway,2026-09-12T00:00:00.000000,1,1,0,0,1,1053.0,0
485833,hostaway,2026-09-13T00:00:00.000000,1,1,0,0,1,705.0,0
485833,hostaway,2026-09-14T00:00:00.000000,1,0,0,0,1,573.0,1
485833,hostaway,2026-09-15T00:00:00.000000,1,0,0,0,1,520.0,1
485833,hostaway,2026-09-16T00:00:00.000000,1,0,0,0,1,520.0,1
485833,hostaway,2026-09-17T00:00:00.000000,1,1,0,0,1,705.0,0
485833,hostaway,2026-09-18T00:00:00.000000,1,1,0,0,1,1053.0,0
485833,hostaway,2026-09-19T00:00:00.000000,1,0,0,0,1,1053.0,1
485833,hostaway,2026-09-20T00:00:00.000000,1,0,0,0,1,705.0,1
485833,hostaway,2026-09-21T00:00:00.000000,1,0,0,0,1,573.0,1
485833,hostaway,2026-09-22T00:00:00.000000,1,0,0,0,1,573.0,1
485833,hostaway,2026-09-23T00:00:00.000000,1,0,0,0,1,573.0,1
485833,hostaway,2026-09-24T00:00:00.000000,1,0,0,0,1,705.0,1
485833,hostaway,2026-09-25T00:00:00.000000,1,0,0,0,1,1053.0,1
485833,hostaway,2026-09-26T00:00:00.000000,1,0,0,0,1,1053.0,1
485833,hostaway,2026-09-27T00:00:00.000000,1,0,0,0,1,705.0,1
485833,hostaway,2026-09-28T00:00:00.000000,1,0,0,0,1,520.0,1
485833,hostaway,2026-09-29T00:00:00.000000,1,0,0,0,1,520.0,1
485833,hostaway,2026-09-30T00:00:00.000000,1,0,0,0,1,520.0,1
485833,hostaway,2026-10-01T00:00:00.000000,1,0,0,0,1,627.0,1
485833,hostaway,2026-10-02T00:00:00.000000,1,0,0,0,1,945.0,1
485833,hostaway,2026-10-03T00:00:00.000000,1,0,0,0,1,945.0,1
485833,hostaway,2026-10-04T00:00:00.000000,1,0,0,0,1,627.0,1
485833,hostaway,2026-10-05T00:00:00.000000,1,0,0,0,1,459.0,1
485833,hostaway,2026-10-06T00:00:00.000000,1,0,0,0,1,459.0,1
485833,hostaway,2026-10-07T00:00:00.000000,1,0,0,0,1,459.0,1
485833,hostaway,2026-10-08T00:00:00.000000,1,0,0,0,1,627.0,1
485833,hostaway,2026-10-09T00:00:00.000000,1,0,0,0,1,945.0,1
485833,hostaway,2026-10-10T00:00:00.000000,1,0,0,0,1,945.0,1
485833,hostaway,2026-10-11T00:00:00.000000,1,0,0,0,1,627.0,1
485833,hostaway,2026-10-12T00:00:00.000000,1,0,0,0,1,459.0,1
485833,hostaway,2026-10-13T00:00:00.000000,1,1,0,0,1,459.0,0
485833,hostaway,2026-10-14T00:00:00.000000,1,1,0,0,1,459.0,0
485833,hostaway,2026-10-15T00:00:00.000000,1,0,0,0,1,627.0,1
485833,hostaway,2026-10-16T00:00:00.000000,1,0,0,0,1,1039.0,1
485833,hostaway,2026-10-17T00:00:00.000000,1,0,0,0,1,1039.0,1
485833,hostaway,2026-10-18T00:00:00.000000,1,0,0,0,1,627.0,1
485833,hostaway,2026-10-19T00:00:00.000000,1,0,0,0,1,459.0,1
485833,hostaway,2026-10-20T00:00:00.000000,1,0,0,0,1,459.0,1
485833,hostaway,2026-10-21T00:00:00.000000,1,0,0,0,1,459.0,1
485833,hostaway,2026-10-22T00:00:00.000000,1,0,0,0,1,627.0,1
485833,hostaway,2026-10-23T00:00:00.000000,1,0,0,0,1,945.0,1
485833,hostaway,2026-10-24T00:00:00.000000,1,0,0,0,1,945.0,1
485833,hostaway,2026-10-25T00:00:00.000000,1,0,0,0,1,627.0,1
485833,hostaway,2026-10-26T00:00:00.000000,1,0,0,0,1,459.0,1
485833,hostaway,2026-10-27T00:00:00.000000,1,0,0,0,1,459.0,1
485833,hostaway,2026-10-28T00:00:00.000000,1,0,0,0,1,459.0,1
485833,hostaway,2026-10-29T00:00:00.000000,1,0,0,0,1,627.0,1
485833,hostaway,2026-10-30T00:00:00.000000,1,0,0,0,1,945.0,1
485833,hostaway,2026-10-31T00:00:00.000000,1,0,0,0,1,945.0,1
485833,hostaway,2026-11-01T00:00:00.000000,1,0,0,0,1,555.0,1
485833,hostaway,2026-11-02T00:00:00.000000,1,0,0,0,1,399.0,1
485833,hostaway,2026-11-03T00:00:00.000000,1,0,0,0,1,399.0,1
485833,hostaway,2026-11-04T00:00:00.000000,1,0,0,0,1,399.0,1
485833,hostaway,2026-11-05T00:00:00.000000,1,0,0,0,1,555.0,1
485833,hostaway,2026-11-06T00:00:00.000000,1,0,0,0,1,828.0,1
485833,hostaway,2026-11-07T00:00:00.000000,1,0,0,0,1,828.0,1
485833,hostaway,2026-11-08T00:00:00.000000,1,0,0,0,1,555.0,1
485833,hostaway,2026-11-09T00:00:00.000000,1,0,0,0,1,399.0,1
485833,hostaway,2026-11-10T00:00:00.000000,1,0,0,0,1,399.0,1
485833,hostaway,2026-11-11T00:00:00.000000,1,0,0,0,1,399.0,1
485833,hostaway,2026-11-12T00:00:00.000000,1,0,0,0,1,555.0,1
485833,hostaway,2026-11-13T00:00:00.000000,1,0,0,0,1,828.0,1
485833,hostaway,2026-11-14T00:00:00.000000,1,0,0,0,1,828.0,1
485833,hostaway,2026-11-15T00:00:00.000000,1,0,0,0,1,555.0,1
485833,hostaway,2026-11-16T00:00:00.000000,1,0,0,0,1,399.0,1
485833,hostaway,2026-11-17T00:00:00.000000,1,0,0,0,1,399.0,1
485833,hostaway,2026-11-18T00:00:00.000000,1,0,0,0,1,399.0,1
485833,hostaway,2026-11-19T00:00:00.000000,1,0,0,0,1,555.0,1
485833,hostaway,2026-11-20T00:00:00.000000,1,0,0,0,1,828.0,1
485833,hostaway,2026-11-21T00:00:00.000000,1,0,0,0,1,828.0,1
485833,hostaway,2026-11-22T00:00:00.000000,1,0,0,0,1,555.0,1
485833,hostaway,2026-11-23T00:00:00.000000,1,0,0,0,1,399.0,1
485833,hostaway,2026-11-24T00:00:00.000000,1,0,0,0,1,399.0,1
485833,hostaway,2026-11-25T00:00:00.000000,1,0,0,0,1,399.0,1
485833,hostaway,2026-11-26T00:00:00.000000,1,0,0,0,1,813.0,1
485833,hostaway,2026-11-27T00:00:00.000000,1,0,0,0,1,828.0,1
485833,hostaway,2026-11-28T00:00:00.000000,1,0,0,0,1,828.0,1
485833,hostaway,2026-11-29T00:00:00.000000,1,0,0,0,1,555.0,1
485833,hostaway,2026-11-30T00:00:00.000000,1,0,0,0,1,399.0,1
485833,hostaway,2026-12-01T00:00:00.000000,1,0,0,0,1,347.0,1
485833,hostaway,2026-12-02T00:00:00.000000,1,0,0,0,1,347.0,1
485833,hostaway,2026-12-03T00:00:00.000000,1,0,0,0,1,485.0,1
485833,hostaway,2026-12-04T00:00:00.000000,1,0,0,0,1,736.0,1
485833,hostaway,2026-12-05T00:00:00.000000,1,0,0,0,1,736.0,1
485833,hostaway,2026-12-06T00:00:00.000000,1,0,0,0,1,485.0,1
485833,hostaway,2026-12-07T00:00:00.000000,1,0,0,0,1,347.0,1
485833,hostaway,2026-12-08T00:00:00.000000,1,0,0,0,1,347.0,1
485833,hostaway,2026-12-09T00:00:00.000000,1,0,0,0,1,347.0,1
485833,hostaway,2026-12-10T00:00:00.000000,1,0,0,0,1,485.0,1
485833,hostaway,2026-12-11T00:00:00.000000,1,0,0,0,1,736.0,1
485833,hostaway,2026-12-12T00:00:00.000000,1,0,0,0,1,736.0,1
485833,hostaway,2026-12-13T00:00:00.000000,1,0,0,0,1,485.0,1
485833,hostaway,2026-12-14T00:00:00.000000,1,0,0,0,1,347.0,1
485833,hostaway,2026-12-15T00:00:00.000000,1,0,0,0,1,347.0,1
485833,hostaway,2026-12-16T00:00:00.000000,1,0,0,0,1,347.0,1
485833,hostaway,2026-12-17T00:00:00.000000,1,0,0,0,1,610.0,1
485833,hostaway,2026-12-18T00:00:00.000000,1,0,0,0,1,906.0,1
485833,hostaway,2026-12-19T00:00:00.000000,1,0,0,0,1,906.0,1
485833,hostaway,2026-12-20T00:00:00.000000,1,0,0,0,1,610.0,1
485833,hostaway,2026-12-21T00:00:00.000000,1,0,0,0,1,441.0,1
485833,hostaway,2026-12-22T00:00:00.000000,1,0,0,0,1,441.0,1
485833,hostaway,2026-12-23T00:00:00.000000,1,0,0,0,1,441.0,1
485833,hostaway,2026-12-24T00:00:00.000000,1,0,0,0,1,891.0,1
485833,hostaway,2026-12-25T00:00:00.000000,1,0,0,0,1,1414.0,1
485833,hostaway,2026-12-26T00:00:00.000000,1,0,0,0,1,1414.0,1
485833,hostaway,2026-12-27T00:00:00.000000,1,0,0,0,1,711.0,1
485833,hostaway,2026-12-28T00:00:00.000000,1,0,0,0,1,575.0,1
485833,hostaway,2026-12-29T00:00:00.000000,1,0,0,0,1,575.0,1
485833,hostaway,2026-12-30T00:00:00.000000,1,0,0,0,1,1665.0,1
485833,hostaway,2026-12-31T00:00:00.000000,1,0,0,0,1,1712.0,1
485833,hostaway,2027-01-01T00:00:00.000000,1,0,0,0,1,766.0,1
485833,hostaway,2027-01-02T00:00:00.000000,1,0,0,0,1,766.0,1
485833,hostaway,2027-01-03T00:00:00.000000,1,0,0,0,1,464.0,1
485833,hostaway,2027-01-04T00:00:00.000000,1,0,0,0,1,330.0,1
485833,hostaway,2027-01-05T00:00:00.000000,1,0,0,0,1,330.0,1
485833,hostaway,2027-01-06T00:00:00.000000,1,0,0,0,1,376.0,1
485833,hostaway,2027-01-07T00:00:00.000000,1,0,0,0,1,488.0,1
485833,hostaway,2027-01-08T00:00:00.000000,1,0,0,0,1,594.0,1
485833,hostaway,2027-01-09T00:00:00.000000,1,0,0,0,1,594.0,1
485833,hostaway,2027-01-10T00:00:00.000000,1,0,0,0,1,488.0,1
485833,hostaway,2027-01-11T00:00:00.000000,1,0,0,0,1,330.0,1
485833,hostaway,2027-01-12T00:00:00.000000,1,0,0,0,1,330.0,1
485833,hostaway,2027-01-13T00:00:00.000000,1,0,0,0,1,330.0,1
485833,hostaway,2027-01-14T00:00:00.000000,1,0,0,0,1,416.0,1
485833,hostaway,2027-01-15T00:00:00.000000,1,0,0,0,1,681.0,1
485833,hostaway,2027-01-16T00:00:00.000000,1,0,0,0,1,681.0,1
485833,hostaway,2027-01-17T00:00:00.000000,1,0,0,0,1,556.0,1
485833,hostaway,2027-01-18T00:00:00.000000,1,0,0,0,1,431.0,1
485833,hostaway,2027-01-19T00:00:00.000000,1,0,0,0,1,330.0,1
485833,hostaway,2027-01-20T00:00:00.000000,1,0,0,0,1,330.0,1
485833,hostaway,2027-01-21T00:00:00.000000,1,0,0,0,1,416.0,1
485833,hostaway,2027-01-22T00:00:00.000000,1,0,0,0,1,514.0,1
485833,hostaway,2027-01-23T00:00:00.000000,1,0,0,0,1,514.0,1
485833,hostaway,2027-01-24T00:00:00.000000,1,0,0,0,1,416.0,1
485833,hostaway,2027-01-25T00:00:00.000000,1,0,0,0,1,330.0,1
485833,hostaway,2027-01-26T00:00:00.000000,1,0,0,0,1,330.0,1
485833,hostaway,2027-01-27T00:00:00.000000,1,0,0,0,1,330.0,1
485833,hostaway,2027-01-28T00:00:00.000000,1,0,0,0,1,416.0,1
485833,hostaway,2027-01-29T00:00:00.000000,1,0,0,0,1,514.0,1
485833,hostaway,2027-01-30T00:00:00.000000,1,0,0,0,1,514.0,1
485833,hostaway,2027-01-31T00:00:00.000000,1,0,0,0,1,416.0,1
485833,hostaway,2027-02-01T00:00:00.000000,1,0,0,0,1,330.0,1
485833,hostaway,2027-02-02T00:00:00.000000,1,0,0,0,1,330.0,1
485833,hostaway,2027-02-03T00:00:00.000000,1,0,0,0,1,330.0,1
485833,hostaway,2027-02-04T00:00:00.000000,1,0,0,0,1,416.0,1
485833,hostaway,2027-02-05T00:00:00.000000,1,0,0,0,1,514.0,1
485833,hostaway,2027-02-06T00:00:00.000000,1,0,0,0,1,514.0,1
485833,hostaway,2027-02-07T00:00:00.000000,1,0,0,0,1,416.0,1
485833,hostaway,2027-02-08T00:00:00.000000,1,0,0,0,1,330.0,1
485833,hostaway,2027-02-09T00:00:00.000000,1,0,0,0,1,330.0,1
485833,hostaway,2027-02-10T00:00:00.000000,1,0,0,0,1,330.0,1
485833,hostaway,2027-02-11T00:00:00.000000,1,0,0,0,1,416.0,1
485833,hostaway,2027-02-12T00:00:00.000000,1,0,0,0,1,736.0,1
485833,hostaway,2027-02-13T00:00:00.000000,1,0,0,0,1,736.0,1
485833,hostaway,2027-02-14T00:00:00.000000,1,0,0,0,1,609.0,1
485833,hostaway,2027-02-15T00:00:00.000000,1,0,0,0,1,466.0,1
485833,hostaway,2027-02-16T00:00:00.000000,1,0,0,0,1,330.0,1
485833,hostaway,2027-02-17T00:00:00.000000,1,0,0,0,1,330.0,1
485833,hostaway,2027-02-18T00:00:00.000000,1,0,0,0,1,416.0,1
485833,hostaway,2027-02-19T00:00:00.000000,1,0,0,0,1,514.0,1
485833,hostaway,2027-02-20T00:00:00.000000,1,0,0,0,1,514.0,1
485833,hostaway,2027-02-21T00:00:00.000000,1,0,0,0,1,416.0,1
485833,hostaway,2027-02-22T00:00:00.000000,1,0,0,0,1,330.0,1
485833,hostaway,2027-02-23T00:00:00.000000,1,0,0,0,1,330.0,1
485833,hostaway,2027-02-24T00:00:00.000000,1,0,0,0,1,330.0,1
485833,hostaway,2027-02-25T00:00:00.000000,1,0,0,0,1,422.0,1
485833,hostaway,2027-02-26T00:00:00.000000,1,0,0,0,1,514.0,1
485833,hostaway,2027-02-27T00:00:00.000000,1,0,0,0,1,514.0,1
485833,hostaway,2027-02-28T00:00:00.000000,1,0,0,0,1,422.0,1
485833,hostaway,2027-03-01T00:00:00.000000,1,0,0,0,1,399.0,1
485833,hostaway,2027-03-02T00:00:00.000000,1,0,0,0,1,399.0,1
485833,hostaway,2027-03-03T00:00:00.000000,1,0,0,0,1,399.0,1
485833,hostaway,2027-03-04T00:00:00.000000,1,0,0,0,1,590.0,1
485833,hostaway,2027-03-05T00:00:00.000000,1,0,0,0,1,695.0,1
485833,hostaway,2027-03-06T00:00:00.000000,1,0,0,0,1,695.0,1
485833,hostaway,2027-03-07T00:00:00.000000,1,0,0,0,1,590.0,1
485833,hostaway,2027-03-08T00:00:00.000000,1,0,0,0,1,399.0,1
485833,hostaway,2027-03-09T00:00:00.000000,1,0,0,0,1,399.0,1
485833,hostaway,2027-03-10T00:00:00.000000,1,0,0,0,1,399.0,1
485833,hostaway,2027-03-11T00:00:00.000000,1,0,0,0,1,590.0,1
485833,hostaway,2027-03-12T00:00:00.000000,1,0,0,0,1,695.0,1
485833,hostaway,2027-03-13T00:00:00.000000,1,0,0,0,1,695.0,1
485833,hostaway,2027-03-14T00:00:00.000000,1,0,0,0,1,590.0,1
485833,hostaway,2027-03-15T00:00:00.000000,1,0,0,0,1,399.0,1
485833,hostaway,2027-03-16T00:00:00.000000,1,0,0,0,1,399.0,1
485833,hostaway,2027-03-17T00:00:00.000000,1,0,0,0,1,399.0,1
485833,hostaway,2027-03-18T00:00:00.000000,1,0,0,0,1,590.0,1
485833,hostaway,2027-03-19T00:00:00.000000,1,0,0,0,1,695.0,1
485833,hostaway,2027-03-20T00:00:00.000000,1,0,0,0,1,695.0,1
485833,hostaway,2027-03-21T00:00:00.000000,1,0,0,0,1,590.0,1
485833,hostaway,2027-03-22T00:00:00.000000,1,0,0,0,1,399.0,1
485833,hostaway,2027-03-23T00:00:00.000000,1,0,0,0,1,399.0,1
485833,hostaway,2027-03-24T00:00:00.000000,1,0,0,0,1,399.0,1
485833,hostaway,2027-03-25T00:00:00.000000,1,0,0,0,1,590.0,1
485833,hostaway,2027-03-26T00:00:00.000000,1,0,0,0,1,994.0,1
485833,hostaway,2027-03-27T00:00:00.000000,1,0,0,0,1,994.0,1
485833,hostaway,2027-03-28T00:00:00.000000,1,0,0,0,1,837.0,1
485833,hostaway,2027-03-29T00:00:00.000000,1,0,0,0,1,575.0,1
485833,hostaway,2027-03-30T00:00:00.000000,1,0,0,0,1,575.0,1
485833,hostaway,2027-03-31T00:00:00.000000,1,0,0,0,1,575.0,1
485833,hostaway,2027-04-01T00:00:00.000000,1,0,0,0,1,1231.0,1
485833,hostaway,2027-04-02T00:00:00.000000,1,0,0,0,1,1458.0,1
485833,hostaway,2027-04-03T00:00:00.000000,1,0,0,0,1,1458.0,1
485833,hostaway,2027-04-04T00:00:00.000000,1,0,0,0,1,1231.0,1
485833,hostaway,2027-04-05T00:00:00.000000,1,0,0,0,1,829.0,1
485833,hostaway,2027-04-06T00:00:00.000000,1,0,0,0,1,829.0,1
485833,hostaway,2027-04-07T00:00:00.000000,1,0,0,0,1,829.0,1
485833,hostaway,2027-04-08T00:00:00.000000,1,0,0,0,1,974.0,1
485833,hostaway,2027-04-09T00:00:00.000000,1,0,0,0,1,1153.0,1
485833,hostaway,2027-04-10T00:00:00.000000,1,0,0,0,1,1153.0,1
485833,hostaway,2027-04-11T00:00:00.000000,1,0,0,0,1,974.0,1
485833,hostaway,2027-04-12T00:00:00.000000,1,0,0,0,1,455.0,1
485833,hostaway,2027-04-13T00:00:00.000000,1,0,0,0,1,455.0,1
485833,hostaway,2027-04-14T00:00:00.000000,1,0,0,0,1,455.0,1
485833,hostaway,2027-04-15T00:00:00.000000,1,0,0,0,1,684.0,1
485833,hostaway,2027-04-16T00:00:00.000000,1,0,0,0,1,811.0,1
485833,hostaway,2027-04-17T00:00:00.000000,1,0,0,0,1,811.0,1
485833,hostaway,2027-04-18T00:00:00.000000,1,0,0,0,1,684.0,1
485833,hostaway,2027-04-19T00:00:00.000000,1,0,0,0,1,455.0,1
485833,hostaway,2027-04-20T00:00:00.000000,1,0,0,0,1,455.0,1
485833,hostaway,2027-04-21T00:00:00.000000,1,0,0,0,1,455.0,1
485833,hostaway,2027-04-22T00:00:00.000000,1,0,0,0,1,684.0,1
485833,hostaway,2027-04-23T00:00:00.000000,1,0,0,0,1,811.0,1
485833,hostaway,2027-04-24T00:00:00.000000,1,0,0,0,1,811.0,1
485833,hostaway,2027-04-25T00:00:00.000000,1,0,0,0,1,684.0,1
485833,hostaway,2027-04-26T00:00:00.000000,1,0,0,0,1,455.0,1
485833,hostaway,2027-04-27T00:00:00.000000,1,0,0,0,1,455.0,1
485833,hostaway,2027-04-28T00:00:00.000000,1,0,0,0,1,455.0,1
485833,hostaway,2027-04-29T00:00:00.000000,1,0,0,0,1,684.0,1
485833,hostaway,2027-04-30T00:00:00.000000,1,0,0,0,1,811.0,1
485833,hostaway,2027-05-01T00:00:00.000000,1,0,0,0,1,811.0,1
485833,hostaway,2027-05-02T00:00:00.000000,1,0,0,0,1,684.0,1
485833,hostaway,2027-05-03T00:00:00.000000,1,0,0,0,1,455.0,1
485833,hostaway,2027-05-04T00:00:00.000000,1,0,0,0,1,455.0,1
485833,hostaway,2027-05-05T00:00:00.000000,1,0,0,0,1,455.0,1
485833,hostaway,2027-05-06T00:00:00.000000,1,0,0,0,1,911.0,1
485833,hostaway,2027-05-07T00:00:00.000000,1,0,0,0,1,1130.0,1
485833,hostaway,2027-05-08T00:00:00.000000,1,0,0,0,1,1130.0,1
485833,hostaway,2027-05-09T00:00:00.000000,1,0,0,0,1,914.0,1
485833,hostaway,2027-05-10T00:00:00.000000,1,0,0,0,1,573.0,1
485833,hostaway,2027-05-11T00:00:00.000000,1,0,0,0,1,573.0,1
485833,hostaway,2027-05-12T00:00:00.000000,1,0,0,0,1,575.0,1
485833,hostaway,2027-05-13T00:00:00.000000,1,0,0,0,1,882.0,1
485833,hostaway,2027-05-14T00:00:00.000000,1,0,0,0,1,1099.0,1
485833,hostaway,2027-05-15T00:00:00.000000,1,0,0,0,1,1103.0,1
485833,hostaway,2027-05-16T00:00:00.000000,1,0,0,0,1,891.0,1
485833,hostaway,2027-05-17T00:00:00.000000,1,0,0,0,1,590.0,1
485833,hostaway,2027-05-18T00:00:00.000000,1,0,0,0,1,592.0,1
485833,hostaway,2027-05-19T00:00:00.000000,1,0,0,0,1,592.0,1
485833,hostaway,2027-05-20T00:00:00.000000,1,0,0,0,1,903.0,1
485833,hostaway,2027-05-21T00:00:00.000000,1,0,0,0,1,1126.0,1
485833,hostaway,2027-05-22T00:00:00.000000,1,0,0,0,1,1128.0,1
485833,hostaway,2027-05-23T00:00:00.000000,1,0,0,0,1,914.0,1
485833,hostaway,2027-05-24T00:00:00.000000,1,0,0,0,1,609.0,1
485833,hostaway,2027-05-25T00:00:00.000000,1,0,0,0,1,610.0,1
485833,hostaway,2027-05-26T00:00:00.000000,1,0,0,0,1,612.0,1
485833,hostaway,2027-05-27T00:00:00.000000,1,0,0,0,1,1029.0,1
485833,hostaway,2027-05-28T00:00:00.000000,1,0,0,0,1,1586.0,1
485833,hostaway,2027-05-29T00:00:00.000000,1,0,0,0,1,1591.0,1
485833,hostaway,2027-05-30T00:00:00.000000,1,0,0,0,1,1089.0,1
485833,hostaway,2027-05-31T00:00:00.000000,1,0,0,0,1,790.0,1
485833,hostaway,2027-06-01T00:00:00.000000,1,0,0,0,1,658.0,1
485833,hostaway,2027-06-02T00:00:00.000000,1,0,0,0,1,632.0,1
485833,hostaway,2027-06-03T00:00:00.000000,1,0,0,0,1,954.0,1
485833,hostaway,2027-06-04T00:00:00.000000,1,0,0,0,1,1183.0,1
485833,hostaway,2027-06-05T00:00:00.000000,1,0,0,0,1,1187.0,1
485833,hostaway,2027-06-06T00:00:00.000000,1,0,0,0,1,964.0,1
485833,hostaway,2027-06-07T00:00:00.000000,1,0,0,0,1,643.0,1
485833,hostaway,2027-06-08T00:00:00.000000,1,0,0,0,1,646.0,1
485833,hostaway,2027-06-09T00:00:00.000000,1,0,0,0,1,649.0,1
485833,hostaway,2027-06-10T00:00:00.000000,1,0,0,0,1,977.0,1
485833,hostaway,2027-06-11T00:00:00.000000,1,0,0,0,1,1211.0,1
485833,hostaway,2027-06-12T00:00:00.000000,1,0,0,0,1,1215.0,1
485833,hostaway,2027-06-13T00:00:00.000000,1,0,0,0,1,988.0,1
485833,hostaway,2027-06-14T00:00:00.000000,1,0,0,0,1,660.0,1
485833,hostaway,2027-06-15T00:00:00.000000,1,0,0,0,1,697.0,1
485833,hostaway,2027-06-16T00:00:00.000000,1,0,0,0,1,699.0,1
485833,hostaway,2027-06-17T00:00:00.000000,1,0,0,0,1,1000.0,1
485833,hostaway,2027-06-18T00:00:00.000000,1,0,0,0,1,1239.0,1
485833,hostaway,2027-06-19T00:00:00.000000,1,0,0,0,1,1243.0,1
485833,hostaway,2027-06-20T00:00:00.000000,1,0,0,0,1,1011.0,1
485833,hostaway,2027-06-21T00:00:00.000000,1,0,0,0,1,678.0,1
485833,hostaway,2027-06-22T00:00:00.000000,1,0,0,0,1,716.0,1
485833,hostaway,2027-06-23T00:00:00.000000,1,0,0,0,1,684.0,1
485833,hostaway,2027-06-24T00:00:00.000000,1,0,0,0,1,1021.0,1
485833,hostaway,2027-06-25T00:00:00.000000,1,0,0,0,1,1259.0,1
485833,hostaway,2027-06-26T00:00:00.000000,1,0,0,0,1,1259.0,1
485833,hostaway,2027-06-27T00:00:00.000000,1,0,0,0,1,1021.0,1
485833,hostaway,2027-06-28T00:00:00.000000,1,0,0,0,1,684.0,1
485833,hostaway,2027-06-29T00:00:00.000000,1,0,0,0,1,684.0,1
485833,hostaway,2027-06-30T00:00:00.000000,1,0,0,0,1,684.0,1
485833,hostaway,2027-07-01T00:00:00.000000,1,0,0,0,1,1021.0,1
485833,hostaway,2027-07-02T00:00:00.000000,1,0,0,0,1,2026.0,1
485833,hostaway,2027-07-03T00:00:00.000000,1,0,0,0,1,2026.0,1
485833,hostaway,2027-07-04T00:00:00.000000,1,0,0,0,1,1123.0,1
485833,hostaway,2027-07-05T00:00:00.000000,1,0,0,0,1,714.0,1
485833,hostaway,2027-07-06T00:00:00.000000,1,0,0,0,1,714.0,1
485833,hostaway,2027-07-07T00:00:00.000000,1,0,0,0,1,714.0,1
485833,hostaway,2027-07-08T00:00:00.000000,1,0,0,0,1,1109.0,1
485833,hostaway,2027-07-09T00:00:00.000000,1,0,0,0,1,1842.0,1
485833,hostaway,2027-07-10T00:00:00.000000,1,0,0,0,1,1842.0,1
485833,hostaway,2027-07-11T00:00:00.000000,1,0,0,0,1,1109.0,1
485833,hostaway,2027-07-12T00:00:00.000000,1,0,0,0,1,714.0,1
485833,hostaway,2027-07-13T00:00:00.000000,1,0,0,0,1,714.0,1
485833,hostaway,2027-07-14T00:00:00.000000,1,0,0,0,1,714.0,1
485833,hostaway,2027-07-15T00:00:00.000000,1,0,0,0,1,1109.0,1
485833,hostaway,2027-07-16T00:00:00.000000,1,0,0,0,1,1842.0,1
485833,hostaway,2027-07-17T00:00:00.000000,1,0,0,0,1,1842.0,1
485833,hostaway,2027-07-18T00:00:00.000000,1,0,0,0,1,1109.0,1
485833,hostaway,2027-07-19T00:00:00.000000,1,0,0,0,1,714.0,1
485833,hostaway,2027-07-20T00:00:00.000000,1,0,0,0,1,714.0,1
485833,hostaway,2027-07-21T00:00:00.000000,1,0,0,0,1,714.0,1
485833,hostaway,2027-07-22T00:00:00.000000,1,0,0,0,1,1109.0,1
485833,hostaway,2027-07-23T00:00:00.000000,1,0,0,0,1,1842.0,1
485833,hostaway,2027-07-24T00:00:00.000000,1,0,0,0,1,1842.0,1
485833,hostaway,2027-07-25T00:00:00.000000,1,0,0,0,1,1109.0,1
485833,hostaway,2027-07-26T00:00:00.000000,1,0,0,0,1,714.0,1
485833,hostaway,2027-07-27T00:00:00.000000,1,0,0,0,1,714.0,1
485833,hostaway,2027-07-28T00:00:00.000000,1,0,0,0,1,714.0,1
485833,hostaway,2027-07-29T00:00:00.000000,1,0,0,0,1,1109.0,1
485833,hostaway,2027-07-30T00:00:00.000000,1,0,0,0,1,1842.0,1
485833,hostaway,2027-07-31T00:00:00.000000,1,0,0,0,1,1842.0,1
485833,hostaway,2027-08-01T00:00:00.000000,1,0,0,0,1,1109.0,1
485833,hostaway,2027-08-02T00:00:00.000000,1,0,0,0,1,714.0,1
485833,hostaway,2027-08-03T00:00:00.000000,1,0,0,0,1,714.0,1
485833,hostaway,2027-08-04T00:00:00.000000,1,0,0,0,1,714.0,1
485833,hostaway,2027-08-05T00:00:00.000000,1,0,0,0,1,1109.0,1
485833,hostaway,2027-08-06T00:00:00.000000,1,0,0,0,1,1842.0,1
485833,hostaway,2027-08-07T00:00:00.000000,1,0,0,0,1,1842.0,1
485833,hostaway,2027-08-08T00:00:00.000000,1,0,0,0,1,1109.0,1
485833,hostaway,2027-08-09T00:00:00.000000,1,0,0,0,1,714.0,1
485833,hostaway,2027-08-10T00:00:00.000000,1,0,0,0,1,714.0,1
485833,hostaway,2027-08-11T00:00:00.000000,1,0,0,0,1,714.0,1
485833,hostaway,2027-08-12T00:00:00.000000,1,0,0,0,1,1109.0,1
485833,hostaway,2027-08-13T00:00:00.000000,1,0,0,0,1,1842.0,1
485833,hostaway,2027-08-14T00:00:00.000000,1,0,0,0,1,1842.0,1
485833,hostaway,2027-08-15T00:00:00.000000,1,0,0,0,1,1109.0,1
485833,hostaway,2027-08-16T00:00:00.000000,1,0,0,0,1,714.0,1
485833,hostaway,2027-08-17T00:00:00.000000,1,0,0,0,1,714.0,1
485833,hostaway,2027-08-18T00:00:00.000000,1,0,0,0,1,714.0,1
485833,hostaway,2027-08-19T00:00:00.000000,1,0,0,0,1,1109.0,1
485833,hostaway,2027-08-20T00:00:00.000000,1,0,0,0,1,1842.0,1
485833,hostaway,2027-08-21T00:00:00.000000,1,0,0,0,1,1842.0,1
485833,hostaway,2027-08-22T00:00:00.000000,1,0,0,0,1,1109.0,1
485833,hostaway,2027-08-23T00:00:00.000000,1,0,0,0,1,714.0,1
485833,hostaway,2027-08-24T00:00:00.000000,1,0,0,0,1,714.0,1
485833,hostaway,2027-08-25T00:00:00.000000,1,0,0,0,1,714.0,1
485833,hostaway,2027-08-26T00:00:00.000000,1,0,0,0,1,1109.0,1
485833,hostaway,2027-08-27T00:00:00.000000,1,0,0,0,1,1842.0,1
485833,hostaway,2027-08-28T00:00:00.000000,1,0,0,0,1,1842.0,1
485833,hostaway,2027-08-29T00:00:00.000000,1,0,0,0,1,1109.0,1
485833,hostaway,2027-08-30T00:00:00.000000,1,0,0,0,1,714.0,1
485833,hostaway,2027-08-31T00:00:00.000000,1,0,0,0,1,714.0,1
485833,hostaway,2027-09-01T00:00:00.000000,1,0,0,0,1,714.0,1
485833,hostaway,2027-09-02T00:00:00.000000,1,0,0,0,1,1021.0,1
485833,hostaway,2027-09-03T00:00:00.000000,1,0,0,0,1,1511.0,1
485833,hostaway,2027-09-04T00:00:00.000000,1,0,0,0,1,1511.0,1
485833,hostaway,2027-09-05T00:00:00.000000,1,0,0,0,1,1072.0,1
485833,hostaway,2027-09-06T00:00:00.000000,1,0,0,0,1,821.0,1
485833,hostaway,2027-09-07T00:00:00.000000,1,0,0,0,1,684.0,1
485833,hostaway,2027-09-08T00:00:00.000000,1,0,0,0,1,684.0,1
485833,hostaway,2027-09-09T00:00:00.000000,1,0,0,0,1,1021.0,1
485833,hostaway,2027-09-10T00:00:00.000000,1,0,0,0,1,1259.0,1
485833,hostaway,2027-09-11T00:00:00.000000,1,0,0,0,1,1259.0,1
485833,hostaway,2027-09-12T00:00:00.000000,1,0,0,0,1,1021.0,1
485833,hostaway,2027-09-13T00:00:00.000000,1,0,0,0,1,684.0,1
485833,hostaway,2027-09-14T00:00:00.000000,1,0,0,0,1,684.0,1
485833,hostaway,2027-09-15T00:00:00.000000,1,0,0,0,1,684.0,1
485833,hostaway,2027-09-16T00:00:00.000000,1,0,0,0,1,1021.0,1
485833,hostaway,2027-09-17T00:00:00.000000,1,0,0,0,1,1259.0,1
485833,hostaway,2027-09-18T00:00:00.000000,1,0,0,0,1,1259.0,1
485833,hostaway,2027-09-19T00:00:00.000000,1,0,0,0,1,1021.0,1
485833,hostaway,2027-09-20T00:00:00.000000,1,0,0,0,1,684.0,1
485833,hostaway,2027-09-21T00:00:00.000000,1,0,0,0,1,684.0,1
485833,hostaway,2027-09-22T00:00:00.000000,1,0,0,0,1,684.0,1
485833,hostaway,2027-09-23T00:00:00.000000,1,0,0,0,1,1021.0,1
485833,hostaway,2027-09-24T00:00:00.000000,1,0,0,0,1,1259.0,1
485833,hostaway,2027-09-25T00:00:00.000000,1,0,0,0,1,1259.0,1
485833,hostaway,2027-09-26T00:00:00.000000,1,0,0,0,1,1021.0,1
485833,hostaway,2027-09-27T00:00:00.000000,1,0,0,0,1,684.0,1
485833,hostaway,2027-09-28T00:00:00.000000,1,0,0,0,1,684.0,1
485833,hostaway,2027-09-29T00:00:00.000000,1,0,0,0,1,684.0,1
485833,hostaway,2027-09-30T00:00:00.000000,1,0,0,0,1,1021.0,1
485833,hostaway,2027-10-01T00:00:00.000000,1,0,0,0,1,1259.0,1
485833,hostaway,2027-10-02T00:00:00.000000,1,0,0,0,1,1259.0,1
485833,hostaway,2027-10-03T00:00:00.000000,1,0,0,0,1,1021.0,1
485833,hostaway,2027-10-04T00:00:00.000000,1,0,0,0,1,684.0,1
485833,hostaway,2027-10-05T00:00:00.000000,1,0,0,0,1,684.0,1
485833,hostaway,2027-10-06T00:00:00.000000,1,0,0,0,1,684.0,1
485833,hostaway,2027-10-07T00:00:00.000000,1,0,0,0,1,1021.0,1
485833,hostaway,2027-10-08T00:00:00.000000,1,0,0,0,1,1259.0,1
485833,hostaway,2027-10-09T00:00:00.000000,1,0,0,0,1,1259.0,1
485833,hostaway,2027-10-10T00:00:00.000000,1,0,0,0,1,1021.0,1
485833,hostaway,2027-10-11T00:00:00.000000,1,0,0,0,1,684.0,1
485833,hostaway,2027-10-12T00:00:00.000000,1,0,0,0,1,684.0,1
485833,hostaway,2027-10-13T00:00:00.000000,1,0,0,0,1,684.0,1
485833,hostaway,2027-10-14T00:00:00.000000,1,0,0,0,1,1021.0,1
485833,hostaway,2027-10-15T00:00:00.000000,1,0,0,0,1,1259.0,1
485833,hostaway,2027-10-16T00:00:00.000000,1,0,0,0,1,1259.0,1
485833,hostaway,2027-10-17T00:00:00.000000,1,0,0,0,1,1021.0,1
485833,hostaway,2027-10-18T00:00:00.000000,1,0,0,0,1,684.0,1
485833,hostaway,2027-10-19T00:00:00.000000,1,0,0,0,1,684.0,1
485833,hostaway,2027-10-20T00:00:00.000000,1,0,0,0,1,684.0,1
485833,hostaway,2027-10-21T00:00:00.000000,1,0,0,0,1,1021.0,1
485833,hostaway,2027-10-22T00:00:00.000000,1,0,0,0,1,1259.0,1
485833,hostaway,2027-10-23T00:00:00.000000,1,0,0,0,1,1259.0,1
485833,hostaway,2027-10-24T00:00:00.000000,1,0,0,0,1,1021.0,1
485833,hostaway,2027-10-25T00:00:00.000000,1,0,0,0,1,684.0,1
485833,hostaway,2027-10-26T00:00:00.000000,1,0,0,0,1,684.0,1
485833,hostaway,2027-10-27T00:00:00.000000,1,0,0,0,1,684.0,1
485833,hostaway,2027-10-28T00:00:00.000000,1,0,0,0,1,1021.0,1
485833,hostaway,2027-10-29T00:00:00.000000,1,0,0,0,1,1259.0,1
485833,hostaway,2027-10-30T00:00:00.000000,1,0,0,0,1,1259.0,1
485833,hostaway,2027-10-31T00:00:00.000000,1,0,0,0,1,1021.0,1
485833,hostaway,2027-11-01T00:00:00.000000,1,0,0,0,1,391.0,1
485833,hostaway,2027-11-02T00:00:00.000000,1,0,0,0,1,391.0,1
485833,hostaway,2027-11-03T00:00:00.000000,1,0,0,0,1,391.0,1
485833,hostaway,2027-11-04T00:00:00.000000,1,0,0,0,1,494.0,1
485833,hostaway,2027-11-05T00:00:00.000000,1,0,0,0,1,595.0,1
485833,hostaway,2027-11-06T00:00:00.000000,1,0,0,0,1,595.0,1
485833,hostaway,2027-11-07T00:00:00.000000,1,0,0,0,1,494.0,1
485833,hostaway,2027-11-08T00:00:00.000000,1,0,0,0,1,391.0,1
485833,hostaway,2027-11-09T00:00:00.000000,1,0,0,0,1,391.0,1
485833,hostaway,2027-11-10T00:00:00.000000,1,0,0,0,1,391.0,1
485833,hostaway,2027-11-11T00:00:00.000000,1,0,0,0,1,494.0,1
485833,hostaway,2027-11-12T00:00:00.000000,1,0,0,0,1,595.0,1
485833,hostaway,2027-11-13T00:00:00.000000,1,0,0,0,1,595.0,1
485833,hostaway,2027-11-14T00:00:00.000000,1,0,0,0,1,494.0,1
485833,hostaway,2027-11-15T00:00:00.000000,1,0,0,0,1,391.0,1
485833,hostaway,2027-11-16T00:00:00.000000,1,0,0,0,1,391.0,1
485833,hostaway,2027-11-17T00:00:00.000000,1,0,0,0,1,391.0,1
485833,hostaway,2027-11-18T00:00:00.000000,1,0,0,0,1,494.0,1
485833,hostaway,2027-11-19T00:00:00.000000,1,0,0,0,1,595.0,1
485833,hostaway,2027-11-20T00:00:00.000000,1,0,0,0,1,595.0,1
485833,hostaway,2027-11-21T00:00:00.000000,1,0,0,0,1,494.0,1
485833,hostaway,2027-11-22T00:00:00.000000,1,0,0,0,1,391.0,1
485833,hostaway,2027-11-23T00:00:00.000000,1,0,0,0,1,391.0,1
485833,hostaway,2027-11-24T00:00:00.000000,1,0,0,0,1,391.0,1
485833,hostaway,2027-11-25T00:00:00.000000,1,0,0,0,1,840.0,1
485833,hostaway,2027-11-26T00:00:00.000000,1,0,0,0,1,1012.0,1
485833,hostaway,2027-11-27T00:00:00.000000,1,0,0,0,1,1012.0,1
485833,hostaway,2027-11-28T00:00:00.000000,1,0,0,0,1,692.0,1
485833,hostaway,2027-11-29T00:00:00.000000,1,0,0,0,1,339.0,1
485833,hostaway,2027-11-30T00:00:00.000000,1,0,0,0,1,339.0,1
485833,hostaway,2027-12-01T00:00:00.000000,1,0,0,0,1,339.0,1
485833,hostaway,2027-12-02T00:00:00.000000,1,0,0,0,1,414.0,1
485833,hostaway,2027-12-03T00:00:00.000000,1,0,0,0,1,574.0,1
485833,hostaway,2027-12-04T00:00:00.000000,1,0,0,0,1,574.0,1
485833,hostaway,2027-12-05T00:00:00.000000,1,0,0,0,1,414.0,1
485833,hostaway,2027-12-06T00:00:00.000000,1,0,0,0,1,339.0,1
485833,hostaway,2027-12-07T00:00:00.000000,1,0,0,0,1,339.0,1
485833,hostaway,2027-12-08T00:00:00.000000,1,0,0,0,1,339.0,1
485833,hostaway,2027-12-09T00:00:00.000000,1,0,0,0,1,414.0,1
485833,hostaway,2027-12-10T00:00:00.000000,1,0,0,0,1,574.0,1
485833,hostaway,2027-12-11T00:00:00.000000,1,0,0,0,1,574.0,1
485833,hostaway,2027-12-12T00:00:00.000000,1,0,0,0,1,414.0,1
485833,hostaway,2027-12-13T00:00:00.000000,1,0,0,0,1,339.0,1
485833,hostaway,2027-12-14T00:00:00.000000,1,0,0,0,1,339.0,1
485833,hostaway,2027-12-15T00:00:00.000000,1,0,0,0,1,339.0,1
485833,hostaway,2027-12-16T00:00:00.000000,1,0,0,0,1,414.0,1
485833,hostaway,2027-12-17T00:00:00.000000,1,0,0,0,1,861.0,1
485833,hostaway,2027-12-18T00:00:00.000000,1,0,0,0,1,861.0,1
485833,hostaway,2027-12-19T00:00:00.000000,1,0,0,0,1,621.0,1
485833,hostaway,2027-12-20T00:00:00.000000,1,0,0,0,1,509.0,1
485833,hostaway,2027-12-21T00:00:00.000000,1,0,0,0,1,509.0,1
485833,hostaway,2027-12-22T00:00:00.000000,1,0,0,0,1,509.0,1
485833,hostaway,2027-12-23T00:00:00.000000,1,0,0,0,1,621.0,1
485833,hostaway,2027-12-24T00:00:00.000000,1,0,0,0,1,2009.0,1
485833,hostaway,2027-12-25T00:00:00.000000,1,0,0,0,1,2009.0,1
485833,hostaway,2027-12-26T00:00:00.000000,1,0,0,0,1,2009.0,1
485833,hostaway,2027-12-27T00:00:00.000000,1,0,0,0,1,339.0,1
485833,hostaway,2027-12-28T00:00:00.000000,1,0,0,0,1,339.0,1
485833,hostaway,2027-12-29T00:00:00.000000,1,0,0,0,1,339.0,1
485833,hostaway,2027-12-30T00:00:00.000000,1,0,0,0,1,2210.0,1
485833,hostaway,2027-12-31T00:00:00.000000,1,0,0,0,1,2210.0,1
485833,hostaway,2028-01-01T00:00:00.000000,1,0,0,0,1,2210.0,1
485833,hostaway,2028-01-02T00:00:00.000000,1,0,0,0,1,1105.0,1
485833,hostaway,2028-01-03T00:00:00.000000,1,0,0,0,1,469.0,1
485833,hostaway,2028-01-04T00:00:00.000000,1,0,0,0,1,469.0,1
485833,hostaway,2028-01-05T00:00:00.000000,1,0,0,0,1,469.0,1
485833,hostaway,2028-01-06T00:00:00.000000,1,0,0,0,1,593.0,1
485833,hostaway,2028-01-07T00:00:00.000000,1,0,0,0,1,714.0,1
485833,hostaway,2028-01-08T00:00:00.000000,1,0,0,0,1,714.0,1
485833,hostaway,2028-01-09T00:00:00.000000,1,0,0,0,1,593.0,1
407612,hostaway,2026-05-24T00:00:00.000000,1,1,0,0,1,0.0,0
407612,hostaway,2026-05-25T00:00:00.000000,1,0,0,0,1,0.0,1
407612,hostaway,2026-05-26T00:00:00.000000,1,0,0,0,1,0.0,1
407612,hostaway,2026-05-27T00:00:00.000000,1,0,0,0,1,0.0,1
407612,hostaway,2026-05-28T00:00:00.000000,1,0,0,0,1,0.0,1
407612,hostaway,2026-05-29T00:00:00.000000,1,1,0,0,1,0.0,0
407612,hostaway,2026-05-30T00:00:00.000000,1,1,0,0,1,0.0,0
407612,hostaway,2026-05-31T00:00:00.000000,1,0,0,0,1,0.0,1
407612,hostaway,2026-06-01T00:00:00.000000,1,0,0,0,1,0.0,1
407612,hostaway,2026-06-02T00:00:00.000000,1,0,0,0,1,0.0,1
407612,hostaway,2026-06-03T00:00:00.000000,1,1,0,0,1,0.0,0
407612,hostaway,2026-06-04T00:00:00.000000,1,1,0,0,1,0.0,0
407612,hostaway,2026-06-05T00:00:00.000000,1,1,0,0,1,0.0,0
407612,hostaway,2026-06-06T00:00:00.000000,1,1,0,0,1,0.0,0
407612,hostaway,2026-06-07T00:00:00.000000,1,1,0,0,1,0.0,0
407612,hostaway,2026-06-08T00:00:00.000000,1,1,0,0,1,0.0,0
407612,hostaway,2026-06-09T00:00:00.000000,1,1,0,0,1,0.0,0
407612,hostaway,2026-06-10T00:00:00.000000,1,0,0,0,1,0.0,1
407612,hostaway,2026-06-11T00:00:00.000000,1,1,0,0,1,0.0,0
407612,hostaway,2026-06-12T00:00:00.000000,1,1,0,0,1,0.0,0
407612,hostaway,2026-06-13T00:00:00.000000,1,1,0,0,1,0.0,0
407612,hostaway,2026-06-14T00:00:00.000000,1,1,0,0,1,0.0,0
407612,hostaway,2026-06-15T00:00:00.000000,1,1,0,0,1,0.0,0
407612,hostaway,2026-06-16T00:00:00.000000,1,1,0,0,1,0.0,0
407612,hostaway,2026-06-17T00:00:00.000000,1,1,0,0,1,0.0,0
407612,hostaway,2026-06-18T00:00:00.000000,1,0,0,0,1,0.0,1
407612,hostaway,2026-06-19T00:00:00.000000,1,1,0,0,1,0.0,0
407612,hostaway,2026-06-20T00:00:00.000000,1,1,0,0,1,0.0,0
407612,hostaway,2026-06-21T00:00:00.000000,1,1,0,0,1,0.0,0
407612,hostaway,2026-06-22T00:00:00.000000,1,1,0,0,1,0.0,0
407612,hostaway,2026-06-23T00:00:00.000000,1,1,0,0,1,157.0,0
407612,hostaway,2026-06-24T00:00:00.000000,1,1,0,0,1,345.0,0
407612,hostaway,2026-06-25T00:00:00.000000,1,1,0,0,1,455.0,0
407612,hostaway,2026-06-26T00:00:00.000000,1,1,0,0,1,216.0,0
407612,hostaway,2026-06-27T00:00:00.000000,1,1,0,0,1,244.0,0
407612,hostaway,2026-06-28T00:00:00.000000,1,1,0,0,1,408.0,0
407612,hostaway,2026-06-29T00:00:00.000000,1,1,0,0,1,347.0,0
407612,hostaway,2026-06-30T00:00:00.000000,1,0,0,0,1,157.0,1
407612,hostaway,2026-07-01T00:00:00.000000,1,0,0,0,1,157.0,1
407612,hostaway,2026-07-02T00:00:00.000000,1,0,0,0,1,324.0,1
407612,hostaway,2026-07-03T00:00:00.000000,1,0,0,0,1,669.0,1
407612,hostaway,2026-07-04T00:00:00.000000,1,0,0,0,1,793.0,1
407612,hostaway,2026-07-05T00:00:00.000000,1,0,0,0,1,324.0,1
407612,hostaway,2026-07-06T00:00:00.000000,1,1,0,0,1,313.0,0
407612,hostaway,2026-07-07T00:00:00.000000,1,1,0,0,1,256.0,0
407612,hostaway,2026-07-08T00:00:00.000000,1,1,0,0,1,229.0,0
407612,hostaway,2026-07-09T00:00:00.000000,1,1,0,0,1,366.0,0
407612,hostaway,2026-07-10T00:00:00.000000,1,0,0,0,1,547.0,1
407612,hostaway,2026-07-11T00:00:00.000000,1,0,0,0,1,643.0,1
407612,hostaway,2026-07-12T00:00:00.000000,1,0,0,0,1,324.0,1
407612,hostaway,2026-07-13T00:00:00.000000,1,0,0,0,1,204.0,1
407612,hostaway,2026-07-14T00:00:00.000000,1,1,0,0,1,237.0,0
407612,hostaway,2026-07-15T00:00:00.000000,1,1,0,0,1,237.0,0
407612,hostaway,2026-07-16T00:00:00.000000,1,0,0,0,1,324.0,1
407612,hostaway,2026-07-17T00:00:00.000000,1,0,0,0,1,643.0,1
407612,hostaway,2026-07-18T00:00:00.000000,1,0,0,0,1,643.0,1
407612,hostaway,2026-07-19T00:00:00.000000,1,1,0,0,1,324.0,0
407612,hostaway,2026-07-20T00:00:00.000000,1,1,0,0,1,278.0,0
407612,hostaway,2026-07-21T00:00:00.000000,1,1,0,0,1,232.0,0
407612,hostaway,2026-07-22T00:00:00.000000,1,1,0,0,1,237.0,0
407612,hostaway,2026-07-23T00:00:00.000000,1,1,0,0,1,324.0,0
407612,hostaway,2026-07-24T00:00:00.000000,1,0,0,0,1,643.0,1
407612,hostaway,2026-07-25T00:00:00.000000,1,0,0,0,1,643.0,1
407612,hostaway,2026-07-26T00:00:00.000000,1,0,0,0,1,324.0,1
407612,hostaway,2026-07-27T00:00:00.000000,1,0,0,0,1,248.0,1
407612,hostaway,2026-07-28T00:00:00.000000,1,1,0,0,1,237.0,0
407612,hostaway,2026-07-29T00:00:00.000000,1,1,0,0,1,237.0,0
407612,hostaway,2026-07-30T00:00:00.000000,1,0,0,0,1,324.0,1
407612,hostaway,2026-07-31T00:00:00.000000,1,0,0,0,1,643.0,1
407612,hostaway,2026-08-01T00:00:00.000000,1,0,0,0,1,643.0,1
407612,hostaway,2026-08-02T00:00:00.000000,1,0,0,0,1,324.0,1
407612,hostaway,2026-08-03T00:00:00.000000,1,0,0,0,1,282.0,1
407612,hostaway,2026-08-04T00:00:00.000000,1,0,0,0,1,246.0,1
407612,hostaway,2026-08-05T00:00:00.000000,1,0,0,0,1,246.0,1
407612,hostaway,2026-08-06T00:00:00.000000,1,0,0,0,1,379.0,1
407612,hostaway,2026-08-07T00:00:00.000000,1,0,0,0,1,582.0,1
407612,hostaway,2026-08-08T00:00:00.000000,1,0,0,0,1,640.0,1
407612,hostaway,2026-08-09T00:00:00.000000,1,0,0,0,1,379.0,1
407612,hostaway,2026-08-10T00:00:00.000000,1,1,0,0,1,451.0,0
407612,hostaway,2026-08-11T00:00:00.000000,1,1,0,0,1,351.0,0
407612,hostaway,2026-08-12T00:00:00.000000,1,1,0,0,1,246.0,0
407612,hostaway,2026-08-13T00:00:00.000000,1,0,0,0,1,379.0,1
407612,hostaway,2026-08-14T00:00:00.000000,1,0,0,0,1,582.0,1
407612,hostaway,2026-08-15T00:00:00.000000,1,0,0,0,1,582.0,1
407612,hostaway,2026-08-16T00:00:00.000000,1,0,0,0,1,420.0,1
407612,hostaway,2026-08-17T00:00:00.000000,1,0,0,0,1,282.0,1
407612,hostaway,2026-08-18T00:00:00.000000,1,0,0,0,1,246.0,1
407612,hostaway,2026-08-19T00:00:00.000000,1,0,0,0,1,246.0,1
407612,hostaway,2026-08-20T00:00:00.000000,1,0,0,0,1,309.0,1
407612,hostaway,2026-08-21T00:00:00.000000,1,0,0,0,1,684.0,1
407612,hostaway,2026-08-22T00:00:00.000000,1,0,0,0,1,786.0,1
407612,hostaway,2026-08-23T00:00:00.000000,1,0,0,0,1,404.0,1
407612,hostaway,2026-08-24T00:00:00.000000,1,0,0,0,1,282.0,1
407612,hostaway,2026-08-25T00:00:00.000000,1,0,0,0,1,246.0,1
407612,hostaway,2026-08-26T00:00:00.000000,1,0,0,0,1,246.0,1
407612,hostaway,2026-08-27T00:00:00.000000,1,0,0,0,1,379.0,1
407612,hostaway,2026-08-28T00:00:00.000000,1,0,0,0,1,582.0,1
407612,hostaway,2026-08-29T00:00:00.000000,1,0,0,0,1,582.0,1
407612,hostaway,2026-08-30T00:00:00.000000,1,0,0,0,1,379.0,1
407612,hostaway,2026-08-31T00:00:00.000000,1,0,0,0,1,282.0,1
407612,hostaway,2026-09-01T00:00:00.000000,1,0,0,0,1,211.0,1
407612,hostaway,2026-09-02T00:00:00.000000,1,0,0,0,1,211.0,1
407612,hostaway,2026-09-03T00:00:00.000000,1,0,0,0,1,332.0,1
407612,hostaway,2026-09-04T00:00:00.000000,1,0,0,0,1,905.0,1
407612,hostaway,2026-09-05T00:00:00.000000,1,0,0,0,1,905.0,1
407612,hostaway,2026-09-06T00:00:00.000000,1,0,0,0,1,601.0,1
407612,hostaway,2026-09-07T00:00:00.000000,1,0,0,0,1,353.0,1
407612,hostaway,2026-09-08T00:00:00.000000,1,1,0,0,1,237.0,0
407612,hostaway,2026-09-09T00:00:00.000000,1,1,0,0,1,237.0,0
407612,hostaway,2026-09-10T00:00:00.000000,1,0,0,0,1,332.0,1
407612,hostaway,2026-09-11T00:00:00.000000,1,0,0,0,1,708.0,1
407612,hostaway,2026-09-12T00:00:00.000000,1,0,0,0,1,708.0,1
407612,hostaway,2026-09-13T00:00:00.000000,1,0,0,0,1,427.0,1
407612,hostaway,2026-09-14T00:00:00.000000,1,0,0,0,1,237.0,1
407612,hostaway,2026-09-15T00:00:00.000000,1,0,0,0,1,237.0,1
407612,hostaway,2026-09-16T00:00:00.000000,1,0,0,0,1,237.0,1
407612,hostaway,2026-09-17T00:00:00.000000,1,0,0,0,1,332.0,1
407612,hostaway,2026-09-18T00:00:00.000000,1,0,0,0,1,520.0,1
407612,hostaway,2026-09-19T00:00:00.000000,1,0,0,0,1,520.0,1
407612,hostaway,2026-09-20T00:00:00.000000,1,0,0,0,1,332.0,1
407612,hostaway,2026-09-21T00:00:00.000000,1,0,0,0,1,261.0,1
407612,hostaway,2026-09-22T00:00:00.000000,1,0,0,0,1,261.0,1
407612,hostaway,2026-09-23T00:00:00.000000,1,0,0,0,1,261.0,1
407612,hostaway,2026-09-24T00:00:00.000000,1,0,0,0,1,332.0,1
407612,hostaway,2026-09-25T00:00:00.000000,1,1,0,0,1,520.0,0
407612,hostaway,2026-09-26T00:00:00.000000,1,1,0,0,1,520.0,0
407612,hostaway,2026-09-27T00:00:00.000000,1,1,0,0,1,332.0,0
407612,hostaway,2026-09-28T00:00:00.000000,1,0,0,0,1,237.0,1
407612,hostaway,2026-09-29T00:00:00.000000,1,0,0,0,1,237.0,1
407612,hostaway,2026-09-30T00:00:00.000000,1,0,0,0,1,237.0,1
407612,hostaway,2026-10-01T00:00:00.000000,1,0,0,0,1,295.0,1
407612,hostaway,2026-10-02T00:00:00.000000,1,0,0,0,1,455.0,1
407612,hostaway,2026-10-03T00:00:00.000000,1,0,0,0,1,455.0,1
407612,hostaway,2026-10-04T00:00:00.000000,1,0,0,0,1,295.0,1
407612,hostaway,2026-10-05T00:00:00.000000,1,0,0,0,1,198.0,1
407612,hostaway,2026-10-06T00:00:00.000000,1,0,0,0,1,198.0,1
407612,hostaway,2026-10-07T00:00:00.000000,1,0,0,0,1,198.0,1
407612,hostaway,2026-10-08T00:00:00.000000,1,0,0,0,1,295.0,1
407612,hostaway,2026-10-09T00:00:00.000000,1,0,0,0,1,455.0,1
407612,hostaway,2026-10-10T00:00:00.000000,1,0,0,0,1,455.0,1
407612,hostaway,2026-10-11T00:00:00.000000,1,0,0,0,1,295.0,1
407612,hostaway,2026-10-12T00:00:00.000000,1,0,0,0,1,198.0,1
407612,hostaway,2026-10-13T00:00:00.000000,1,0,0,0,1,198.0,1
407612,hostaway,2026-10-14T00:00:00.000000,1,0,0,0,1,198.0,1
407612,hostaway,2026-10-15T00:00:00.000000,1,0,0,0,1,295.0,1
407612,hostaway,2026-10-16T00:00:00.000000,1,0,0,0,1,508.0,1
407612,hostaway,2026-10-17T00:00:00.000000,1,0,0,0,1,508.0,1
407612,hostaway,2026-10-18T00:00:00.000000,1,0,0,0,1,295.0,1
407612,hostaway,2026-10-19T00:00:00.000000,1,0,0,0,1,198.0,1
407612,hostaway,2026-10-20T00:00:00.000000,1,0,0,0,1,198.0,1
407612,hostaway,2026-10-21T00:00:00.000000,1,0,0,0,1,198.0,1
407612,hostaway,2026-10-22T00:00:00.000000,1,0,0,0,1,295.0,1
407612,hostaway,2026-10-23T00:00:00.000000,1,0,0,0,1,455.0,1
407612,hostaway,2026-10-24T00:00:00.000000,1,0,0,0,1,455.0,1
407612,hostaway,2026-10-25T00:00:00.000000,1,0,0,0,1,295.0,1
407612,hostaway,2026-10-26T00:00:00.000000,1,0,0,0,1,198.0,1
407612,hostaway,2026-10-27T00:00:00.000000,1,0,0,0,1,198.0,1
407612,hostaway,2026-10-28T00:00:00.000000,1,0,0,0,1,198.0,1
407612,hostaway,2026-10-29T00:00:00.000000,1,0,0,0,1,295.0,1
407612,hostaway,2026-10-30T00:00:00.000000,1,0,0,0,1,455.0,1
407612,hostaway,2026-10-31T00:00:00.000000,1,0,0,0,1,455.0,1
407612,hostaway,2026-11-01T00:00:00.000000,1,0,0,0,1,256.0,1
407612,hostaway,2026-11-02T00:00:00.000000,1,0,0,0,1,177.0,1
407612,hostaway,2026-11-03T00:00:00.000000,1,0,0,0,1,177.0,1
407612,hostaway,2026-11-04T00:00:00.000000,1,0,0,0,1,177.0,1
407612,hostaway,2026-11-05T00:00:00.000000,1,0,0,0,1,256.0,1
407612,hostaway,2026-11-06T00:00:00.000000,1,0,0,0,1,399.0,1
407612,hostaway,2026-11-07T00:00:00.000000,1,0,0,0,1,399.0,1
407612,hostaway,2026-11-08T00:00:00.000000,1,0,0,0,1,256.0,1
407612,hostaway,2026-11-09T00:00:00.000000,1,0,0,0,1,177.0,1
407612,hostaway,2026-11-10T00:00:00.000000,1,0,0,0,1,177.0,1
407612,hostaway,2026-11-11T00:00:00.000000,1,0,0,0,1,177.0,1
407612,hostaway,2026-11-12T00:00:00.000000,1,0,0,0,1,256.0,1
407612,hostaway,2026-11-13T00:00:00.000000,1,0,0,0,1,399.0,1
407612,hostaway,2026-11-14T00:00:00.000000,1,0,0,0,1,399.0,1
407612,hostaway,2026-11-15T00:00:00.000000,1,0,0,0,1,256.0,1
407612,hostaway,2026-11-16T00:00:00.000000,1,0,0,0,1,177.0,1
407612,hostaway,2026-11-17T00:00:00.000000,1,0,0,0,1,177.0,1
407612,hostaway,2026-11-18T00:00:00.000000,1,0,0,0,1,177.0,1
407612,hostaway,2026-11-19T00:00:00.000000,1,0,0,0,1,256.0,1
407612,hostaway,2026-11-20T00:00:00.000000,1,0,0,0,1,399.0,1
407612,hostaway,2026-11-21T00:00:00.000000,1,0,0,0,1,399.0,1
407612,hostaway,2026-11-22T00:00:00.000000,1,0,0,0,1,256.0,1
407612,hostaway,2026-11-23T00:00:00.000000,1,0,0,0,1,177.0,1
407612,hostaway,2026-11-24T00:00:00.000000,1,0,0,0,1,177.0,1
407612,hostaway,2026-11-25T00:00:00.000000,1,0,0,0,1,177.0,1
407612,hostaway,2026-11-26T00:00:00.000000,1,0,0,0,1,387.0,1
407612,hostaway,2026-11-27T00:00:00.000000,1,0,0,0,1,399.0,1
407612,hostaway,2026-11-28T00:00:00.000000,1,0,0,0,1,399.0,1
407612,hostaway,2026-11-29T00:00:00.000000,1,0,0,0,1,256.0,1
407612,hostaway,2026-11-30T00:00:00.000000,1,0,0,0,1,177.0,1
407612,hostaway,2026-12-01T00:00:00.000000,1,0,0,0,1,157.0,1
407612,hostaway,2026-12-02T00:00:00.000000,1,0,0,0,1,157.0,1
407612,hostaway,2026-12-03T00:00:00.000000,1,0,0,0,1,217.0,1
407612,hostaway,2026-12-04T00:00:00.000000,1,0,0,0,1,347.0,1
407612,hostaway,2026-12-05T00:00:00.000000,1,0,0,0,1,347.0,1
407612,hostaway,2026-12-06T00:00:00.000000,1,0,0,0,1,217.0,1
407612,hostaway,2026-12-07T00:00:00.000000,1,0,0,0,1,157.0,1
407612,hostaway,2026-12-08T00:00:00.000000,1,0,0,0,1,157.0,1
407612,hostaway,2026-12-09T00:00:00.000000,1,0,0,0,1,157.0,1
407612,hostaway,2026-12-10T00:00:00.000000,1,0,0,0,1,217.0,1
407612,hostaway,2026-12-11T00:00:00.000000,1,0,0,0,1,347.0,1
407612,hostaway,2026-12-12T00:00:00.000000,1,0,0,0,1,347.0,1
407612,hostaway,2026-12-13T00:00:00.000000,1,0,0,0,1,217.0,1
407612,hostaway,2026-12-14T00:00:00.000000,1,0,0,0,1,157.0,1
407612,hostaway,2026-12-15T00:00:00.000000,1,0,0,0,1,157.0,1
407612,hostaway,2026-12-16T00:00:00.000000,1,0,0,0,1,157.0,1
407612,hostaway,2026-12-17T00:00:00.000000,1,0,0,0,1,277.0,1
407612,hostaway,2026-12-18T00:00:00.000000,1,0,0,0,1,443.0,1
407612,hostaway,2026-12-19T00:00:00.000000,1,0,0,0,1,443.0,1
407612,hostaway,2026-12-20T00:00:00.000000,1,0,0,0,1,277.0,1
407612,hostaway,2026-12-21T00:00:00.000000,1,0,0,0,1,198.0,1
407612,hostaway,2026-12-22T00:00:00.000000,1,0,0,0,1,198.0,1
407612,hostaway,2026-12-23T00:00:00.000000,1,0,0,0,1,198.0,1
407612,hostaway,2026-12-24T00:00:00.000000,1,0,0,0,1,427.0,1
407612,hostaway,2026-12-25T00:00:00.000000,1,0,0,0,1,714.0,1
407612,hostaway,2026-12-26T00:00:00.000000,1,0,0,0,1,714.0,1
407612,hostaway,2026-12-27T00:00:00.000000,1,0,0,0,1,328.0,1
407612,hostaway,2026-12-28T00:00:00.000000,1,0,0,0,1,257.0,1
407612,hostaway,2026-12-29T00:00:00.000000,1,0,0,0,1,257.0,1
407612,hostaway,2026-12-30T00:00:00.000000,1,0,0,0,1,852.0,1
407612,hostaway,2026-12-31T00:00:00.000000,1,0,0,0,1,872.0,1
407612,hostaway,2027-01-01T00:00:00.000000,1,0,0,0,1,362.0,1
407612,hostaway,2027-01-02T00:00:00.000000,1,0,0,0,1,362.0,1
407612,hostaway,2027-01-03T00:00:00.000000,1,0,0,0,1,198.0,1
407612,hostaway,2027-01-04T00:00:00.000000,1,0,0,0,1,179.0,1
407612,hostaway,2027-01-05T00:00:00.000000,1,0,0,0,1,179.0,1
407612,hostaway,2027-01-06T00:00:00.000000,1,0,0,0,1,216.0,1
407612,hostaway,2027-01-07T00:00:00.000000,1,0,0,0,1,294.0,1
407612,hostaway,2027-01-08T00:00:00.000000,1,0,0,0,1,358.0,1
407612,hostaway,2027-01-09T00:00:00.000000,1,0,0,0,1,358.0,1
407612,hostaway,2027-01-10T00:00:00.000000,1,0,0,0,1,294.0,1
407612,hostaway,2027-01-11T00:00:00.000000,1,0,0,0,1,179.0,1
407612,hostaway,2027-01-12T00:00:00.000000,1,0,0,0,1,179.0,1
407612,hostaway,2027-01-13T00:00:00.000000,1,0,0,0,1,179.0,1
407612,hostaway,2027-01-14T00:00:00.000000,1,0,0,0,1,254.0,1
407612,hostaway,2027-01-15T00:00:00.000000,1,0,0,0,1,408.0,1
407612,hostaway,2027-01-16T00:00:00.000000,1,0,0,0,1,408.0,1
407612,hostaway,2027-01-17T00:00:00.000000,1,0,0,0,1,336.0,1
407612,hostaway,2027-01-18T00:00:00.000000,1,0,0,0,1,255.0,1
407612,hostaway,2027-01-19T00:00:00.000000,1,0,0,0,1,179.0,1
407612,hostaway,2027-01-20T00:00:00.000000,1,0,0,0,1,179.0,1
407612,hostaway,2027-01-21T00:00:00.000000,1,0,0,0,1,254.0,1
407612,hostaway,2027-01-22T00:00:00.000000,1,0,0,0,1,311.0,1
407612,hostaway,2027-01-23T00:00:00.000000,1,0,0,0,1,311.0,1
407612,hostaway,2027-01-24T00:00:00.000000,1,0,0,0,1,254.0,1
407612,hostaway,2027-01-25T00:00:00.000000,1,0,0,0,1,179.0,1
407612,hostaway,2027-01-26T00:00:00.000000,1,0,0,0,1,179.0,1
407612,hostaway,2027-01-27T00:00:00.000000,1,0,0,0,1,179.0,1
407612,hostaway,2027-01-28T00:00:00.000000,1,0,0,0,1,254.0,1
407612,hostaway,2027-01-29T00:00:00.000000,1,0,0,0,1,311.0,1
407612,hostaway,2027-01-30T00:00:00.000000,1,0,0,0,1,311.0,1
407612,hostaway,2027-01-31T00:00:00.000000,1,0,0,0,1,254.0,1
407612,hostaway,2027-02-01T00:00:00.000000,1,0,0,0,1,179.0,1
407612,hostaway,2027-02-02T00:00:00.000000,1,0,0,0,1,179.0,1
407612,hostaway,2027-02-03T00:00:00.000000,1,0,0,0,1,179.0,1
407612,hostaway,2027-02-04T00:00:00.000000,1,0,0,0,1,254.0,1
407612,hostaway,2027-02-05T00:00:00.000000,1,0,0,0,1,311.0,1
407612,hostaway,2027-02-06T00:00:00.000000,1,0,0,0,1,311.0,1
407612,hostaway,2027-02-07T00:00:00.000000,1,0,0,0,1,254.0,1
407612,hostaway,2027-02-08T00:00:00.000000,1,0,0,0,1,179.0,1
407612,hostaway,2027-02-09T00:00:00.000000,1,0,0,0,1,179.0,1
407612,hostaway,2027-02-10T00:00:00.000000,1,0,0,0,1,179.0,1
407612,hostaway,2027-02-11T00:00:00.000000,1,0,0,0,1,254.0,1
407612,hostaway,2027-02-12T00:00:00.000000,1,0,0,0,1,445.0,1
407612,hostaway,2027-02-13T00:00:00.000000,1,0,0,0,1,445.0,1
407612,hostaway,2027-02-14T00:00:00.000000,1,0,0,0,1,360.0,1
407612,hostaway,2027-02-15T00:00:00.000000,1,0,0,0,1,276.0,1
407612,hostaway,2027-02-16T00:00:00.000000,1,0,0,0,1,179.0,1
407612,hostaway,2027-02-17T00:00:00.000000,1,0,0,0,1,179.0,1
407612,hostaway,2027-02-18T00:00:00.000000,1,0,0,0,1,254.0,1
407612,hostaway,2027-02-19T00:00:00.000000,1,0,0,0,1,311.0,1
407612,hostaway,2027-02-20T00:00:00.000000,1,0,0,0,1,311.0,1
407612,hostaway,2027-02-21T00:00:00.000000,1,0,0,0,1,254.0,1
407612,hostaway,2027-02-22T00:00:00.000000,1,0,0,0,1,179.0,1
407612,hostaway,2027-02-23T00:00:00.000000,1,0,0,0,1,179.0,1
407612,hostaway,2027-02-24T00:00:00.000000,1,0,0,0,1,179.0,1
407612,hostaway,2027-02-25T00:00:00.000000,1,0,0,0,1,238.0,1
407612,hostaway,2027-02-26T00:00:00.000000,1,0,0,0,1,311.0,1
407612,hostaway,2027-02-27T00:00:00.000000,1,0,0,0,1,311.0,1
407612,hostaway,2027-02-28T00:00:00.000000,1,0,0,0,1,238.0,1
407612,hostaway,2027-03-01T00:00:00.000000,1,0,0,0,1,223.0,1
407612,hostaway,2027-03-02T00:00:00.000000,1,0,0,0,1,223.0,1
407612,hostaway,2027-03-03T00:00:00.000000,1,0,0,0,1,223.0,1
407612,hostaway,2027-03-04T00:00:00.000000,1,0,0,0,1,290.0,1
407612,hostaway,2027-03-05T00:00:00.000000,1,0,0,0,1,337.0,1
407612,hostaway,2027-03-06T00:00:00.000000,1,0,0,0,1,337.0,1
407612,hostaway,2027-03-07T00:00:00.000000,1,0,0,0,1,290.0,1
407612,hostaway,2027-03-08T00:00:00.000000,1,0,0,0,1,223.0,1
407612,hostaway,2027-03-09T00:00:00.000000,1,0,0,0,1,223.0,1
407612,hostaway,2027-03-10T00:00:00.000000,1,0,0,0,1,223.0,1
407612,hostaway,2027-03-11T00:00:00.000000,1,0,0,0,1,290.0,1
407612,hostaway,2027-03-12T00:00:00.000000,1,0,0,0,1,337.0,1
407612,hostaway,2027-03-13T00:00:00.000000,1,0,0,0,1,337.0,1
407612,hostaway,2027-03-14T00:00:00.000000,1,0,0,0,1,290.0,1
407612,hostaway,2027-03-15T00:00:00.000000,1,0,0,0,1,223.0,1
407612,hostaway,2027-03-16T00:00:00.000000,1,0,0,0,1,223.0,1
407612,hostaway,2027-03-17T00:00:00.000000,1,0,0,0,1,223.0,1
407612,hostaway,2027-03-18T00:00:00.000000,1,0,0,0,1,290.0,1
407612,hostaway,2027-03-19T00:00:00.000000,1,0,0,0,1,337.0,1
407612,hostaway,2027-03-20T00:00:00.000000,1,0,0,0,1,337.0,1
407612,hostaway,2027-03-21T00:00:00.000000,1,0,0,0,1,290.0,1
407612,hostaway,2027-03-22T00:00:00.000000,1,0,0,0,1,223.0,1
407612,hostaway,2027-03-23T00:00:00.000000,1,0,0,0,1,223.0,1
407612,hostaway,2027-03-24T00:00:00.000000,1,0,0,0,1,223.0,1
407612,hostaway,2027-03-25T00:00:00.000000,1,0,0,0,1,290.0,1
407612,hostaway,2027-03-26T00:00:00.000000,1,0,0,0,1,486.0,1
407612,hostaway,2027-03-27T00:00:00.000000,1,0,0,0,1,486.0,1
407612,hostaway,2027-03-28T00:00:00.000000,1,0,0,0,1,412.0,1
407612,hostaway,2027-03-29T00:00:00.000000,1,0,0,0,1,328.0,1
407612,hostaway,2027-03-30T00:00:00.000000,1,0,0,0,1,328.0,1
407612,hostaway,2027-03-31T00:00:00.000000,1,0,0,0,1,328.0,1
407612,hostaway,2027-04-01T00:00:00.000000,1,0,0,0,1,553.0,1
407612,hostaway,2027-04-02T00:00:00.000000,1,0,0,0,1,652.0,1
407612,hostaway,2027-04-03T00:00:00.000000,1,0,0,0,1,652.0,1
407612,hostaway,2027-04-04T00:00:00.000000,1,0,0,0,1,553.0,1
407612,hostaway,2027-04-05T00:00:00.000000,1,0,0,0,1,464.0,1
407612,hostaway,2027-04-06T00:00:00.000000,1,0,0,0,1,464.0,1
407612,hostaway,2027-04-07T00:00:00.000000,1,0,0,0,1,464.0,1
407612,hostaway,2027-04-08T00:00:00.000000,1,0,0,0,1,436.0,1
407612,hostaway,2027-04-09T00:00:00.000000,1,0,0,0,1,514.0,1
407612,hostaway,2027-04-10T00:00:00.000000,1,0,0,0,1,514.0,1
407612,hostaway,2027-04-11T00:00:00.000000,1,0,0,0,1,436.0,1
407612,hostaway,2027-04-12T00:00:00.000000,1,0,0,0,1,255.0,1
407612,hostaway,2027-04-13T00:00:00.000000,1,0,0,0,1,255.0,1
407612,hostaway,2027-04-14T00:00:00.000000,1,0,0,0,1,255.0,1
407612,hostaway,2027-04-15T00:00:00.000000,1,0,0,0,1,303.0,1
407612,hostaway,2027-04-16T00:00:00.000000,1,0,0,0,1,355.0,1
407612,hostaway,2027-04-17T00:00:00.000000,1,0,0,0,1,355.0,1
407612,hostaway,2027-04-18T00:00:00.000000,1,0,0,0,1,303.0,1
407612,hostaway,2027-04-19T00:00:00.000000,1,0,0,0,1,255.0,1
407612,hostaway,2027-04-20T00:00:00.000000,1,0,0,0,1,255.0,1
407612,hostaway,2027-04-21T00:00:00.000000,1,0,0,0,1,255.0,1
407612,hostaway,2027-04-22T00:00:00.000000,1,0,0,0,1,303.0,1
407612,hostaway,2027-04-23T00:00:00.000000,1,0,0,0,1,355.0,1
407612,hostaway,2027-04-24T00:00:00.000000,1,0,0,0,1,355.0,1
407612,hostaway,2027-04-25T00:00:00.000000,1,0,0,0,1,303.0,1
407612,hostaway,2027-04-26T00:00:00.000000,1,0,0,0,1,255.0,1
407612,hostaway,2027-04-27T00:00:00.000000,1,0,0,0,1,255.0,1
407612,hostaway,2027-04-28T00:00:00.000000,1,0,0,0,1,255.0,1
407612,hostaway,2027-04-29T00:00:00.000000,1,0,0,0,1,303.0,1
407612,hostaway,2027-04-30T00:00:00.000000,1,0,0,0,1,355.0,1
407612,hostaway,2027-05-01T00:00:00.000000,1,0,0,0,1,355.0,1
407612,hostaway,2027-05-02T00:00:00.000000,1,0,0,0,1,303.0,1
407612,hostaway,2027-05-03T00:00:00.000000,1,0,0,0,1,255.0,1
407612,hostaway,2027-05-04T00:00:00.000000,1,0,0,0,1,255.0,1
407612,hostaway,2027-05-05T00:00:00.000000,1,0,0,0,1,255.0,1
407612,hostaway,2027-05-06T00:00:00.000000,1,0,0,0,1,432.0,1
407612,hostaway,2027-05-07T00:00:00.000000,1,0,0,0,1,573.0,1
407612,hostaway,2027-05-08T00:00:00.000000,1,0,0,0,1,573.0,1
407612,hostaway,2027-05-09T00:00:00.000000,1,0,0,0,1,434.0,1
407612,hostaway,2027-05-10T00:00:00.000000,1,0,0,0,1,257.0,1
407612,hostaway,2027-05-11T00:00:00.000000,1,0,0,0,1,258.0,1
407612,hostaway,2027-05-12T00:00:00.000000,1,0,0,0,1,259.0,1
407612,hostaway,2027-05-13T00:00:00.000000,1,0,0,0,1,420.0,1
407612,hostaway,2027-05-14T00:00:00.000000,1,0,0,0,1,561.0,1
407612,hostaway,2027-05-15T00:00:00.000000,1,0,0,0,1,564.0,1
407612,hostaway,2027-05-16T00:00:00.000000,1,0,0,0,1,425.0,1
407612,hostaway,2027-05-17T00:00:00.000000,1,0,0,0,1,274.0,1
407612,hostaway,2027-05-18T00:00:00.000000,1,0,0,0,1,275.0,1
407612,hostaway,2027-05-19T00:00:00.000000,1,0,0,0,1,276.0,1
407612,hostaway,2027-05-20T00:00:00.000000,1,0,0,0,1,433.0,1
407612,hostaway,2027-05-21T00:00:00.000000,1,0,0,0,1,575.0,1
407612,hostaway,2027-05-22T00:00:00.000000,1,0,0,0,1,577.0,1
407612,hostaway,2027-05-23T00:00:00.000000,1,0,0,0,1,441.0,1
407612,hostaway,2027-05-24T00:00:00.000000,1,0,0,0,1,278.0,1
407612,hostaway,2027-05-25T00:00:00.000000,1,0,0,0,1,280.0,1
407612,hostaway,2027-05-26T00:00:00.000000,1,0,0,0,1,284.0,1
407612,hostaway,2027-05-27T00:00:00.000000,1,0,0,0,1,498.0,1
407612,hostaway,2027-05-28T00:00:00.000000,1,0,0,0,1,817.0,1
407612,hostaway,2027-05-29T00:00:00.000000,1,0,0,0,1,820.0,1
407612,hostaway,2027-05-30T00:00:00.000000,1,0,0,0,1,532.0,1
407612,hostaway,2027-05-31T00:00:00.000000,1,0,0,0,1,376.0,1
407612,hostaway,2027-06-01T00:00:00.000000,1,0,0,0,1,313.0,1
407612,hostaway,2027-06-02T00:00:00.000000,1,0,0,0,1,297.0,1
407612,hostaway,2027-06-03T00:00:00.000000,1,0,0,0,1,466.0,1
407612,hostaway,2027-06-04T00:00:00.000000,1,0,0,0,1,613.0,1
407612,hostaway,2027-06-05T00:00:00.000000,1,0,0,0,1,615.0,1
407612,hostaway,2027-06-06T00:00:00.000000,1,0,0,0,1,472.0,1
407612,hostaway,2027-06-07T00:00:00.000000,1,0,0,0,1,305.0,1
407612,hostaway,2027-06-08T00:00:00.000000,1,0,0,0,1,307.0,1
407612,hostaway,2027-06-09T00:00:00.000000,1,0,0,0,1,309.0,1
407612,hostaway,2027-06-10T00:00:00.000000,1,0,0,0,1,480.0,1
407612,hostaway,2027-06-11T00:00:00.000000,1,0,0,0,1,631.0,1
407612,hostaway,2027-06-12T00:00:00.000000,1,0,0,0,1,633.0,1
407612,hostaway,2027-06-13T00:00:00.000000,1,0,0,0,1,487.0,1
407612,hostaway,2027-06-14T00:00:00.000000,1,0,0,0,1,317.0,1
407612,hostaway,2027-06-15T00:00:00.000000,1,0,0,0,1,336.0,1
407612,hostaway,2027-06-16T00:00:00.000000,1,0,0,0,1,337.0,1
407612,hostaway,2027-06-17T00:00:00.000000,1,0,0,0,1,495.0,1
407612,hostaway,2027-06-18T00:00:00.000000,1,0,0,0,1,648.0,1
407612,hostaway,2027-06-19T00:00:00.000000,1,0,0,0,1,651.0,1
407612,hostaway,2027-06-20T00:00:00.000000,1,0,0,0,1,502.0,1
407612,hostaway,2027-06-21T00:00:00.000000,1,0,0,0,1,329.0,1
407612,hostaway,2027-06-22T00:00:00.000000,1,0,0,0,1,347.0,1
407612,hostaway,2027-06-23T00:00:00.000000,1,0,0,0,1,333.0,1
407612,hostaway,2027-06-24T00:00:00.000000,1,0,0,0,1,509.0,1
407612,hostaway,2027-06-25T00:00:00.000000,1,0,0,0,1,659.0,1
407612,hostaway,2027-06-26T00:00:00.000000,1,0,0,0,1,659.0,1
407612,hostaway,2027-06-27T00:00:00.000000,1,0,0,0,1,509.0,1
407612,hostaway,2027-06-28T00:00:00.000000,1,0,0,0,1,333.0,1
407612,hostaway,2027-06-29T00:00:00.000000,1,0,0,0,1,333.0,1
407612,hostaway,2027-06-30T00:00:00.000000,1,0,0,0,1,333.0,1
407612,hostaway,2027-07-01T00:00:00.000000,1,0,0,0,1,509.0,1
407612,hostaway,2027-07-02T00:00:00.000000,1,0,0,0,1,1123.0,1
407612,hostaway,2027-07-03T00:00:00.000000,1,0,0,0,1,1123.0,1
407612,hostaway,2027-07-04T00:00:00.000000,1,0,0,0,1,560.0,1
407612,hostaway,2027-07-05T00:00:00.000000,1,0,0,0,1,393.0,1
407612,hostaway,2027-07-06T00:00:00.000000,1,0,0,0,1,393.0,1
407612,hostaway,2027-07-07T00:00:00.000000,1,0,0,0,1,393.0,1
407612,hostaway,2027-07-08T00:00:00.000000,1,0,0,0,1,689.0,1
407612,hostaway,2027-07-09T00:00:00.000000,1,0,0,0,1,1021.0,1
407612,hostaway,2027-07-10T00:00:00.000000,1,0,0,0,1,1021.0,1
407612,hostaway,2027-07-11T00:00:00.000000,1,0,0,0,1,689.0,1
407612,hostaway,2027-07-12T00:00:00.000000,1,0,0,0,1,393.0,1
407612,hostaway,2027-07-13T00:00:00.000000,1,0,0,0,1,393.0,1
407612,hostaway,2027-07-14T00:00:00.000000,1,0,0,0,1,393.0,1
407612,hostaway,2027-07-15T00:00:00.000000,1,0,0,0,1,689.0,1
407612,hostaway,2027-07-16T00:00:00.000000,1,0,0,0,1,1021.0,1
407612,hostaway,2027-07-17T00:00:00.000000,1,0,0,0,1,1021.0,1
407612,hostaway,2027-07-18T00:00:00.000000,1,0,0,0,1,689.0,1
407612,hostaway,2027-07-19T00:00:00.000000,1,0,0,0,1,393.0,1
407612,hostaway,2027-07-20T00:00:00.000000,1,0,0,0,1,393.0,1
407612,hostaway,2027-07-21T00:00:00.000000,1,0,0,0,1,393.0,1
407612,hostaway,2027-07-22T00:00:00.000000,1,0,0,0,1,689.0,1
407612,hostaway,2027-07-23T00:00:00.000000,1,0,0,0,1,1021.0,1
407612,hostaway,2027-07-24T00:00:00.000000,1,0,0,0,1,1021.0,1
407612,hostaway,2027-07-25T00:00:00.000000,1,0,0,0,1,689.0,1
407612,hostaway,2027-07-26T00:00:00.000000,1,0,0,0,1,393.0,1
407612,hostaway,2027-07-27T00:00:00.000000,1,0,0,0,1,393.0,1
407612,hostaway,2027-07-28T00:00:00.000000,1,0,0,0,1,393.0,1
407612,hostaway,2027-07-29T00:00:00.000000,1,0,0,0,1,689.0,1
407612,hostaway,2027-07-30T00:00:00.000000,1,0,0,0,1,1021.0,1
407612,hostaway,2027-07-31T00:00:00.000000,1,0,0,0,1,1021.0,1
407612,hostaway,2027-08-01T00:00:00.000000,1,0,0,0,1,689.0,1
407612,hostaway,2027-08-02T00:00:00.000000,1,0,0,0,1,393.0,1
407612,hostaway,2027-08-03T00:00:00.000000,1,0,0,0,1,393.0,1
407612,hostaway,2027-08-04T00:00:00.000000,1,0,0,0,1,393.0,1
407612,hostaway,2027-08-05T00:00:00.000000,1,0,0,0,1,689.0,1
407612,hostaway,2027-08-06T00:00:00.000000,1,0,0,0,1,1021.0,1
407612,hostaway,2027-08-07T00:00:00.000000,1,0,0,0,1,1021.0,1
407612,hostaway,2027-08-08T00:00:00.000000,1,0,0,0,1,689.0,1
407612,hostaway,2027-08-09T00:00:00.000000,1,0,0,0,1,393.0,1
407612,hostaway,2027-08-10T00:00:00.000000,1,0,0,0,1,393.0,1
407612,hostaway,2027-08-11T00:00:00.000000,1,0,0,0,1,393.0,1
407612,hostaway,2027-08-12T00:00:00.000000,1,0,0,0,1,689.0,1
407612,hostaway,2027-08-13T00:00:00.000000,1,0,0,0,1,1021.0,1
407612,hostaway,2027-08-14T00:00:00.000000,1,0,0,0,1,1021.0,1
407612,hostaway,2027-08-15T00:00:00.000000,1,0,0,0,1,689.0,1
407612,hostaway,2027-08-16T00:00:00.000000,1,0,0,0,1,393.0,1
407612,hostaway,2027-08-17T00:00:00.000000,1,0,0,0,1,393.0,1
407612,hostaway,2027-08-18T00:00:00.000000,1,0,0,0,1,393.0,1
407612,hostaway,2027-08-19T00:00:00.000000,1,0,0,0,1,689.0,1
407612,hostaway,2027-08-20T00:00:00.000000,1,0,0,0,1,1021.0,1
407612,hostaway,2027-08-21T00:00:00.000000,1,0,0,0,1,1021.0,1
407612,hostaway,2027-08-22T00:00:00.000000,1,0,0,0,1,689.0,1
407612,hostaway,2027-08-23T00:00:00.000000,1,0,0,0,1,393.0,1
407612,hostaway,2027-08-24T00:00:00.000000,1,0,0,0,1,393.0,1
407612,hostaway,2027-08-25T00:00:00.000000,1,0,0,0,1,393.0,1
407612,hostaway,2027-08-26T00:00:00.000000,1,0,0,0,1,689.0,1
407612,hostaway,2027-08-27T00:00:00.000000,1,0,0,0,1,1021.0,1
407612,hostaway,2027-08-28T00:00:00.000000,1,0,0,0,1,1021.0,1
407612,hostaway,2027-08-29T00:00:00.000000,1,0,0,0,1,689.0,1
407612,hostaway,2027-08-30T00:00:00.000000,1,0,0,0,1,393.0,1
407612,hostaway,2027-08-31T00:00:00.000000,1,0,0,0,1,393.0,1
407612,hostaway,2027-09-01T00:00:00.000000,1,0,0,0,1,393.0,1
407612,hostaway,2027-09-02T00:00:00.000000,1,0,0,0,1,509.0,1
407612,hostaway,2027-09-03T00:00:00.000000,1,0,0,0,1,791.0,1
407612,hostaway,2027-09-04T00:00:00.000000,1,0,0,0,1,791.0,1
407612,hostaway,2027-09-05T00:00:00.000000,1,0,0,0,1,534.0,1
407612,hostaway,2027-09-06T00:00:00.000000,1,0,0,0,1,400.0,1
407612,hostaway,2027-09-07T00:00:00.000000,1,0,0,0,1,333.0,1
407612,hostaway,2027-09-08T00:00:00.000000,1,0,0,0,1,333.0,1
407612,hostaway,2027-09-09T00:00:00.000000,1,0,0,0,1,509.0,1
407612,hostaway,2027-09-10T00:00:00.000000,1,0,0,0,1,659.0,1
407612,hostaway,2027-09-11T00:00:00.000000,1,0,0,0,1,659.0,1
407612,hostaway,2027-09-12T00:00:00.000000,1,0,0,0,1,509.0,1
407612,hostaway,2027-09-13T00:00:00.000000,1,0,0,0,1,333.0,1
407612,hostaway,2027-09-14T00:00:00.000000,1,0,0,0,1,333.0,1
407612,hostaway,2027-09-15T00:00:00.000000,1,0,0,0,1,333.0,1
407612,hostaway,2027-09-16T00:00:00.000000,1,0,0,0,1,509.0,1
407612,hostaway,2027-09-17T00:00:00.000000,1,0,0,0,1,659.0,1
407612,hostaway,2027-09-18T00:00:00.000000,1,0,0,0,1,659.0,1
407612,hostaway,2027-09-19T00:00:00.000000,1,0,0,0,1,509.0,1
407612,hostaway,2027-09-20T00:00:00.000000,1,0,0,0,1,333.0,1
407612,hostaway,2027-09-21T00:00:00.000000,1,0,0,0,1,333.0,1
407612,hostaway,2027-09-22T00:00:00.000000,1,0,0,0,1,333.0,1
407612,hostaway,2027-09-23T00:00:00.000000,1,0,0,0,1,509.0,1
407612,hostaway,2027-09-24T00:00:00.000000,1,0,0,0,1,659.0,1
407612,hostaway,2027-09-25T00:00:00.000000,1,0,0,0,1,659.0,1
407612,hostaway,2027-09-26T00:00:00.000000,1,0,0,0,1,509.0,1
407612,hostaway,2027-09-27T00:00:00.000000,1,0,0,0,1,333.0,1
407612,hostaway,2027-09-28T00:00:00.000000,1,0,0,0,1,333.0,1
407612,hostaway,2027-09-29T00:00:00.000000,1,0,0,0,1,333.0,1
407612,hostaway,2027-09-30T00:00:00.000000,1,0,0,0,1,509.0,1
407612,hostaway,2027-10-01T00:00:00.000000,1,0,0,0,1,659.0,1
407612,hostaway,2027-10-02T00:00:00.000000,1,0,0,0,1,659.0,1
407612,hostaway,2027-10-03T00:00:00.000000,1,0,0,0,1,509.0,1
407612,hostaway,2027-10-04T00:00:00.000000,1,0,0,0,1,333.0,1
407612,hostaway,2027-10-05T00:00:00.000000,1,0,0,0,1,333.0,1
407612,hostaway,2027-10-06T00:00:00.000000,1,0,0,0,1,333.0,1
407612,hostaway,2027-10-07T00:00:00.000000,1,0,0,0,1,509.0,1
407612,hostaway,2027-10-08T00:00:00.000000,1,0,0,0,1,659.0,1
407612,hostaway,2027-10-09T00:00:00.000000,1,0,0,0,1,659.0,1
407612,hostaway,2027-10-10T00:00:00.000000,1,0,0,0,1,509.0,1
407612,hostaway,2027-10-11T00:00:00.000000,1,0,0,0,1,333.0,1
407612,hostaway,2027-10-12T00:00:00.000000,1,0,0,0,1,333.0,1
407612,hostaway,2027-10-13T00:00:00.000000,1,0,0,0,1,333.0,1
407612,hostaway,2027-10-14T00:00:00.000000,1,0,0,0,1,509.0,1
407612,hostaway,2027-10-15T00:00:00.000000,1,0,0,0,1,659.0,1
407612,hostaway,2027-10-16T00:00:00.000000,1,0,0,0,1,659.0,1
407612,hostaway,2027-10-17T00:00:00.000000,1,0,0,0,1,509.0,1
407612,hostaway,2027-10-18T00:00:00.000000,1,0,0,0,1,333.0,1
407612,hostaway,2027-10-19T00:00:00.000000,1,0,0,0,1,333.0,1
407612,hostaway,2027-10-20T00:00:00.000000,1,0,0,0,1,333.0,1
407612,hostaway,2027-10-21T00:00:00.000000,1,0,0,0,1,509.0,1
407612,hostaway,2027-10-22T00:00:00.000000,1,1,0,0,1,659.0,0
407612,hostaway,2027-10-23T00:00:00.000000,1,1,0,0,1,659.0,0
407612,hostaway,2027-10-24T00:00:00.000000,1,0,0,0,1,509.0,1
407612,hostaway,2027-10-25T00:00:00.000000,1,0,0,0,1,333.0,1
407612,hostaway,2027-10-26T00:00:00.000000,1,0,0,0,1,333.0,1
407612,hostaway,2027-10-27T00:00:00.000000,1,0,0,0,1,333.0,1
407612,hostaway,2027-10-28T00:00:00.000000,1,0,0,0,1,509.0,1
407612,hostaway,2027-10-29T00:00:00.000000,1,0,0,0,1,659.0,1
407612,hostaway,2027-10-30T00:00:00.000000,1,0,0,0,1,659.0,1
407612,hostaway,2027-10-31T00:00:00.000000,1,0,0,0,1,509.0,1
407612,hostaway,2027-11-01T00:00:00.000000,1,0,0,0,1,240.0,1
407612,hostaway,2027-11-02T00:00:00.000000,1,0,0,0,1,240.0,1
407612,hostaway,2027-11-03T00:00:00.000000,1,0,0,0,1,240.0,1
407612,hostaway,2027-11-04T00:00:00.000000,1,0,0,0,1,309.0,1
407612,hostaway,2027-11-05T00:00:00.000000,1,0,0,0,1,374.0,1
407612,hostaway,2027-11-06T00:00:00.000000,1,0,0,0,1,374.0,1
407612,hostaway,2027-11-07T00:00:00.000000,1,0,0,0,1,309.0,1
407612,hostaway,2027-11-08T00:00:00.000000,1,0,0,0,1,240.0,1
407612,hostaway,2027-11-09T00:00:00.000000,1,0,0,0,1,240.0,1
407612,hostaway,2027-11-10T00:00:00.000000,1,0,0,0,1,240.0,1
407612,hostaway,2027-11-11T00:00:00.000000,1,0,0,0,1,309.0,1
407612,hostaway,2027-11-12T00:00:00.000000,1,0,0,0,1,374.0,1
407612,hostaway,2027-11-13T00:00:00.000000,1,0,0,0,1,374.0,1
407612,hostaway,2027-11-14T00:00:00.000000,1,0,0,0,1,309.0,1
407612,hostaway,2027-11-15T00:00:00.000000,1,0,0,0,1,240.0,1
407612,hostaway,2027-11-16T00:00:00.000000,1,0,0,0,1,240.0,1
407612,hostaway,2027-11-17T00:00:00.000000,1,0,0,0,1,240.0,1
407612,hostaway,2027-11-18T00:00:00.000000,1,0,0,0,1,309.0,1
407612,hostaway,2027-11-19T00:00:00.000000,1,0,0,0,1,374.0,1
407612,hostaway,2027-11-20T00:00:00.000000,1,0,0,0,1,374.0,1
407612,hostaway,2027-11-21T00:00:00.000000,1,0,0,0,1,309.0,1
407612,hostaway,2027-11-22T00:00:00.000000,1,0,0,0,1,240.0,1
407612,hostaway,2027-11-23T00:00:00.000000,1,0,0,0,1,240.0,1
407612,hostaway,2027-11-24T00:00:00.000000,1,0,0,0,1,240.0,1
407612,hostaway,2027-11-25T00:00:00.000000,1,0,0,0,1,525.0,1
407612,hostaway,2027-11-26T00:00:00.000000,1,0,0,0,1,636.0,1
407612,hostaway,2027-11-27T00:00:00.000000,1,0,0,0,1,636.0,1
407612,hostaway,2027-11-28T00:00:00.000000,1,0,0,0,1,433.0,1
407612,hostaway,2027-11-29T00:00:00.000000,1,0,0,0,1,219.0,1
407612,hostaway,2027-11-30T00:00:00.000000,1,0,0,0,1,219.0,1
407612,hostaway,2027-12-01T00:00:00.000000,1,0,0,0,1,219.0,1
407612,hostaway,2027-12-02T00:00:00.000000,1,0,0,0,1,259.0,1
407612,hostaway,2027-12-03T00:00:00.000000,1,0,0,0,1,287.0,1
407612,hostaway,2027-12-04T00:00:00.000000,1,0,0,0,1,287.0,1
407612,hostaway,2027-12-05T00:00:00.000000,1,0,0,0,1,259.0,1
407612,hostaway,2027-12-06T00:00:00.000000,1,0,0,0,1,219.0,1
407612,hostaway,2027-12-07T00:00:00.000000,1,0,0,0,1,219.0,1
407612,hostaway,2027-12-08T00:00:00.000000,1,0,0,0,1,219.0,1
407612,hostaway,2027-12-09T00:00:00.000000,1,0,0,0,1,259.0,1
407612,hostaway,2027-12-10T00:00:00.000000,1,0,0,0,1,287.0,1
407612,hostaway,2027-12-11T00:00:00.000000,1,0,0,0,1,287.0,1
407612,hostaway,2027-12-12T00:00:00.000000,1,0,0,0,1,259.0,1
407612,hostaway,2027-12-13T00:00:00.000000,1,0,0,0,1,219.0,1
407612,hostaway,2027-12-14T00:00:00.000000,1,0,0,0,1,219.0,1
407612,hostaway,2027-12-15T00:00:00.000000,1,0,0,0,1,219.0,1
407612,hostaway,2027-12-16T00:00:00.000000,1,0,0,0,1,259.0,1
407612,hostaway,2027-12-17T00:00:00.000000,1,0,0,0,1,431.0,1
407612,hostaway,2027-12-18T00:00:00.000000,1,0,0,0,1,431.0,1
407612,hostaway,2027-12-19T00:00:00.000000,1,0,0,0,1,389.0,1
407612,hostaway,2027-12-20T00:00:00.000000,1,0,0,0,1,329.0,1
407612,hostaway,2027-12-21T00:00:00.000000,1,0,0,0,1,329.0,1
407612,hostaway,2027-12-22T00:00:00.000000,1,0,0,0,1,329.0,1
407612,hostaway,2027-12-23T00:00:00.000000,1,0,0,0,1,389.0,1
407612,hostaway,2027-12-24T00:00:00.000000,1,0,0,0,1,1005.0,1
407612,hostaway,2027-12-25T00:00:00.000000,1,0,0,0,1,1005.0,1
407612,hostaway,2027-12-26T00:00:00.000000,1,0,0,0,1,1005.0,1
407612,hostaway,2027-12-27T00:00:00.000000,1,0,0,0,1,219.0,1
407612,hostaway,2027-12-28T00:00:00.000000,1,0,0,0,1,219.0,1
407612,hostaway,2027-12-29T00:00:00.000000,1,0,0,0,1,219.0,1
407612,hostaway,2027-12-30T00:00:00.000000,1,0,0,0,1,1105.0,1
407612,hostaway,2027-12-31T00:00:00.000000,1,0,0,0,1,1105.0,1
407612,hostaway,2028-01-01T00:00:00.000000,1,0,0,0,1,1105.0,1
407612,hostaway,2028-01-02T00:00:00.000000,1,0,0,0,1,552.0,1
407612,hostaway,2028-01-03T00:00:00.000000,1,0,0,0,1,288.0,1
407612,hostaway,2028-01-04T00:00:00.000000,1,0,0,0,1,288.0,1
407612,hostaway,2028-01-05T00:00:00.000000,1,0,0,0,1,288.0,1
407612,hostaway,2028-01-06T00:00:00.000000,1,0,0,0,1,371.0,1
407612,hostaway,2028-01-07T00:00:00.000000,1,0,0,0,1,449.0,1
407612,hostaway,2028-01-08T00:00:00.000000,1,0,0,0,1,449.0,1
407612,hostaway,2028-01-09T00:00:00.000000,1,0,0,0,1,371.0,1
467334,hostaway,2026-05-24T00:00:00.000000,1,0,0,0,1,0.0,1
467334,hostaway,2026-05-25T00:00:00.000000,1,0,0,0,1,0.0,1
467334,hostaway,2026-05-26T00:00:00.000000,1,1,0,0,1,0.0,0
467334,hostaway,2026-05-27T00:00:00.000000,1,0,0,0,1,0.0,1
467334,hostaway,2026-05-28T00:00:00.000000,1,0,0,0,1,0.0,1
467334,hostaway,2026-05-29T00:00:00.000000,1,0,0,0,1,0.0,1
467334,hostaway,2026-05-30T00:00:00.000000,1,1,0,0,1,0.0,0
467334,hostaway,2026-05-31T00:00:00.000000,1,0,0,0,1,0.0,1
467334,hostaway,2026-06-01T00:00:00.000000,1,1,0,0,1,0.0,0
467334,hostaway,2026-06-02T00:00:00.000000,1,1,0,0,1,0.0,0
467334,hostaway,2026-06-03T00:00:00.000000,1,0,0,0,1,0.0,1
467334,hostaway,2026-06-04T00:00:00.000000,1,0,0,0,1,0.0,1
467334,hostaway,2026-06-05T00:00:00.000000,1,1,0,0,1,0.0,0
467334,hostaway,2026-06-06T00:00:00.000000,1,1,0,0,1,0.0,0
467334,hostaway,2026-06-07T00:00:00.000000,1,0,0,0,1,0.0,1
467334,hostaway,2026-06-08T00:00:00.000000,1,1,0,0,1,0.0,0
467334,hostaway,2026-06-09T00:00:00.000000,1,1,0,0,1,0.0,0
467334,hostaway,2026-06-10T00:00:00.000000,1,0,0,0,1,0.0,1
467334,hostaway,2026-06-11T00:00:00.000000,1,0,0,0,1,0.0,1
467334,hostaway,2026-06-12T00:00:00.000000,1,1,0,0,1,0.0,0
467334,hostaway,2026-06-13T00:00:00.000000,1,1,0,0,1,0.0,0
467334,hostaway,2026-06-14T00:00:00.000000,1,1,0,0,1,0.0,0
467334,hostaway,2026-06-15T00:00:00.000000,1,1,0,0,1,0.0,0
467334,hostaway,2026-06-16T00:00:00.000000,1,1,0,0,1,0.0,0
467334,hostaway,2026-06-17T00:00:00.000000,1,1,0,0,1,0.0,0
467334,hostaway,2026-06-18T00:00:00.000000,1,0,0,0,1,0.0,1
467334,hostaway,2026-06-19T00:00:00.000000,1,1,0,0,1,0.0,0
467334,hostaway,2026-06-20T00:00:00.000000,1,1,0,0,1,0.0,0
467334,hostaway,2026-06-21T00:00:00.000000,1,1,0,0,1,0.0,0
467334,hostaway,2026-06-22T00:00:00.000000,1,1,0,0,1,0.0,0
467334,hostaway,2026-06-23T00:00:00.000000,1,0,0,0,1,288.0,1
467334,hostaway,2026-06-24T00:00:00.000000,1,0,0,0,1,288.0,1
467334,hostaway,2026-06-25T00:00:00.000000,1,0,0,0,1,307.0,1
467334,hostaway,2026-06-26T00:00:00.000000,1,1,0,0,1,337.0,0
467334,hostaway,2026-06-27T00:00:00.000000,1,1,0,0,1,399.0,0
467334,hostaway,2026-06-28T00:00:00.000000,1,1,0,0,1,307.0,0
467334,hostaway,2026-06-29T00:00:00.000000,1,0,0,0,1,288.0,1
467334,hostaway,2026-06-30T00:00:00.000000,1,0,0,0,1,288.0,1
467334,hostaway,2026-07-01T00:00:00.000000,1,0,0,0,1,288.0,1
467334,hostaway,2026-07-02T00:00:00.000000,1,0,0,0,1,630.0,1
467334,hostaway,2026-07-03T00:00:00.000000,1,0,0,0,1,917.0,1
467334,hostaway,2026-07-04T00:00:00.000000,1,0,0,0,1,1090.0,1
467334,hostaway,2026-07-05T00:00:00.000000,1,0,0,0,1,735.0,1
467334,hostaway,2026-07-06T00:00:00.000000,1,0,0,0,1,375.0,1
467334,hostaway,2026-07-07T00:00:00.000000,1,0,0,0,1,375.0,1
467334,hostaway,2026-07-08T00:00:00.000000,1,0,0,0,1,375.0,1
467334,hostaway,2026-07-09T00:00:00.000000,1,0,0,0,1,564.0,1
467334,hostaway,2026-07-10T00:00:00.000000,1,0,0,0,1,711.0,1
467334,hostaway,2026-07-11T00:00:00.000000,1,0,0,0,1,837.0,1
467334,hostaway,2026-07-12T00:00:00.000000,1,0,0,0,1,564.0,1
467334,hostaway,2026-07-13T00:00:00.000000,1,0,0,0,1,375.0,1
467334,hostaway,2026-07-14T00:00:00.000000,1,0,0,0,1,375.0,1
467334,hostaway,2026-07-15T00:00:00.000000,1,0,0,0,1,375.0,1
467334,hostaway,2026-07-16T00:00:00.000000,1,0,0,0,1,631.0,1
467334,hostaway,2026-07-17T00:00:00.000000,1,0,0,0,1,930.0,1
467334,hostaway,2026-07-18T00:00:00.000000,1,0,0,0,1,930.0,1
467334,hostaway,2026-07-19T00:00:00.000000,1,0,0,0,1,631.0,1
467334,hostaway,2026-07-20T00:00:00.000000,1,0,0,0,1,496.0,1
467334,hostaway,2026-07-21T00:00:00.000000,1,0,0,0,1,496.0,1
467334,hostaway,2026-07-22T00:00:00.000000,1,0,0,0,1,449.0,1
467334,hostaway,2026-07-23T00:00:00.000000,1,0,0,0,1,631.0,1
467334,hostaway,2026-07-24T00:00:00.000000,1,0,0,0,1,930.0,1
467334,hostaway,2026-07-25T00:00:00.000000,1,0,0,0,1,930.0,1
467334,hostaway,2026-07-26T00:00:00.000000,1,0,0,0,1,631.0,1
467334,hostaway,2026-07-27T00:00:00.000000,1,0,0,0,1,449.0,1
467334,hostaway,2026-07-28T00:00:00.000000,1,0,0,0,1,449.0,1
467334,hostaway,2026-07-29T00:00:00.000000,1,0,0,0,1,449.0,1
467334,hostaway,2026-07-30T00:00:00.000000,1,0,0,0,1,514.0,1
467334,hostaway,2026-07-31T00:00:00.000000,1,0,0,0,1,930.0,1
467334,hostaway,2026-08-01T00:00:00.000000,1,0,0,0,1,930.0,1
467334,hostaway,2026-08-02T00:00:00.000000,1,0,0,0,1,514.0,1
467334,hostaway,2026-08-03T00:00:00.000000,1,0,0,0,1,437.0,1
467334,hostaway,2026-08-04T00:00:00.000000,1,0,0,0,1,437.0,1
467334,hostaway,2026-08-05T00:00:00.000000,1,0,0,0,1,437.0,1
467334,hostaway,2026-08-06T00:00:00.000000,1,0,0,0,1,607.0,1
467334,hostaway,2026-08-07T00:00:00.000000,1,0,0,0,1,911.0,1
467334,hostaway,2026-08-08T00:00:00.000000,1,0,0,0,1,1002.0,1
467334,hostaway,2026-08-09T00:00:00.000000,1,0,0,0,1,607.0,1
467334,hostaway,2026-08-10T00:00:00.000000,1,0,0,0,1,565.0,1
467334,hostaway,2026-08-11T00:00:00.000000,1,0,0,0,1,565.0,1
467334,hostaway,2026-08-12T00:00:00.000000,1,0,0,0,1,481.0,1
467334,hostaway,2026-08-13T00:00:00.000000,1,0,0,0,1,607.0,1
467334,hostaway,2026-08-14T00:00:00.000000,1,0,0,0,1,911.0,1
467334,hostaway,2026-08-15T00:00:00.000000,1,0,0,0,1,911.0,1
467334,hostaway,2026-08-16T00:00:00.000000,1,1,0,0,1,760.0,0
467334,hostaway,2026-08-17T00:00:00.000000,1,1,0,0,1,575.0,0
467334,hostaway,2026-08-18T00:00:00.000000,1,1,0,0,1,575.0,0
467334,hostaway,2026-08-19T00:00:00.000000,1,0,0,0,1,437.0,1
467334,hostaway,2026-08-20T00:00:00.000000,1,0,0,0,1,607.0,1
467334,hostaway,2026-08-21T00:00:00.000000,1,0,0,0,1,1006.0,1
467334,hostaway,2026-08-22T00:00:00.000000,1,0,0,0,1,1158.0,1
467334,hostaway,2026-08-23T00:00:00.000000,1,0,0,0,1,607.0,1
467334,hostaway,2026-08-24T00:00:00.000000,1,0,0,0,1,437.0,1
467334,hostaway,2026-08-25T00:00:00.000000,1,0,0,0,1,437.0,1
467334,hostaway,2026-08-26T00:00:00.000000,1,0,0,0,1,437.0,1
467334,hostaway,2026-08-27T00:00:00.000000,1,0,0,0,1,607.0,1
467334,hostaway,2026-08-28T00:00:00.000000,1,0,0,0,1,911.0,1
467334,hostaway,2026-08-29T00:00:00.000000,1,0,0,0,1,911.0,1
467334,hostaway,2026-08-30T00:00:00.000000,1,0,0,0,1,607.0,1
467334,hostaway,2026-08-31T00:00:00.000000,1,0,0,0,1,332.0,1
467334,hostaway,2026-09-01T00:00:00.000000,1,0,0,0,1,332.0,1
467334,hostaway,2026-09-02T00:00:00.000000,1,0,0,0,1,332.0,1
467334,hostaway,2026-09-03T00:00:00.000000,1,0,0,0,1,590.0,1
467334,hostaway,2026-09-04T00:00:00.000000,1,0,0,0,1,1242.0,1
467334,hostaway,2026-09-05T00:00:00.000000,1,0,0,0,1,1242.0,1
467334,hostaway,2026-09-06T00:00:00.000000,1,0,0,0,1,917.0,1
467334,hostaway,2026-09-07T00:00:00.000000,1,0,0,0,1,485.0,1
467334,hostaway,2026-09-08T00:00:00.000000,1,0,0,0,1,435.0,1
467334,hostaway,2026-09-09T00:00:00.000000,1,0,0,0,1,435.0,1
467334,hostaway,2026-09-10T00:00:00.000000,1,0,0,0,1,590.0,1
467334,hostaway,2026-09-11T00:00:00.000000,1,0,0,0,1,1185.0,1
467334,hostaway,2026-09-12T00:00:00.000000,1,0,0,0,1,1185.0,1
467334,hostaway,2026-09-13T00:00:00.000000,1,0,0,0,1,753.0,1
467334,hostaway,2026-09-14T00:00:00.000000,1,0,0,0,1,486.0,1
467334,hostaway,2026-09-15T00:00:00.000000,1,0,0,0,1,435.0,1
467334,hostaway,2026-09-16T00:00:00.000000,1,0,0,0,1,435.0,1
467334,hostaway,2026-09-17T00:00:00.000000,1,0,0,0,1,590.0,1
467334,hostaway,2026-09-18T00:00:00.000000,1,0,0,0,1,878.0,1
467334,hostaway,2026-09-19T00:00:00.000000,1,0,0,0,1,878.0,1
467334,hostaway,2026-09-20T00:00:00.000000,1,0,0,0,1,590.0,1
467334,hostaway,2026-09-21T00:00:00.000000,1,0,0,0,1,478.0,1
467334,hostaway,2026-09-22T00:00:00.000000,1,0,0,0,1,478.0,1
467334,hostaway,2026-09-23T00:00:00.000000,1,0,0,0,1,478.0,1
467334,hostaway,2026-09-24T00:00:00.000000,1,0,0,0,1,590.0,1
467334,hostaway,2026-09-25T00:00:00.000000,1,0,0,0,1,1025.0,1
467334,hostaway,2026-09-26T00:00:00.000000,1,0,0,0,1,1025.0,1
467334,hostaway,2026-09-27T00:00:00.000000,1,0,0,0,1,684.0,1
467334,hostaway,2026-09-28T00:00:00.000000,1,0,0,0,1,514.0,1
467334,hostaway,2026-09-29T00:00:00.000000,1,0,0,0,1,514.0,1
467334,hostaway,2026-09-30T00:00:00.000000,1,0,0,0,1,514.0,1
467334,hostaway,2026-10-01T00:00:00.000000,1,0,0,0,1,684.0,1
467334,hostaway,2026-10-02T00:00:00.000000,1,0,0,0,1,1025.0,1
467334,hostaway,2026-10-03T00:00:00.000000,1,0,0,0,1,1025.0,1
467334,hostaway,2026-10-04T00:00:00.000000,1,0,0,0,1,684.0,1
467334,hostaway,2026-10-05T00:00:00.000000,1,0,0,0,1,358.0,1
467334,hostaway,2026-10-06T00:00:00.000000,1,0,0,0,1,358.0,1
467334,hostaway,2026-10-07T00:00:00.000000,1,0,0,0,1,358.0,1
467334,hostaway,2026-10-08T00:00:00.000000,1,0,0,0,1,491.0,1
467334,hostaway,2026-10-09T00:00:00.000000,1,0,0,0,1,736.0,1
467334,hostaway,2026-10-10T00:00:00.000000,1,0,0,0,1,736.0,1
467334,hostaway,2026-10-11T00:00:00.000000,1,0,0,0,1,491.0,1
467334,hostaway,2026-10-12T00:00:00.000000,1,0,0,0,1,358.0,1
467334,hostaway,2026-10-13T00:00:00.000000,1,0,0,0,1,358.0,1
467334,hostaway,2026-10-14T00:00:00.000000,1,0,0,0,1,358.0,1
467334,hostaway,2026-10-15T00:00:00.000000,1,0,0,0,1,491.0,1
467334,hostaway,2026-10-16T00:00:00.000000,1,0,0,0,1,814.0,1
467334,hostaway,2026-10-17T00:00:00.000000,1,0,0,0,1,814.0,1
467334,hostaway,2026-10-18T00:00:00.000000,1,0,0,0,1,491.0,1
467334,hostaway,2026-10-19T00:00:00.000000,1,0,0,0,1,358.0,1
467334,hostaway,2026-10-20T00:00:00.000000,1,0,0,0,1,358.0,1
467334,hostaway,2026-10-21T00:00:00.000000,1,0,0,0,1,358.0,1
467334,hostaway,2026-10-22T00:00:00.000000,1,0,0,0,1,491.0,1
467334,hostaway,2026-10-23T00:00:00.000000,1,0,0,0,1,736.0,1
467334,hostaway,2026-10-24T00:00:00.000000,1,0,0,0,1,736.0,1
467334,hostaway,2026-10-25T00:00:00.000000,1,0,0,0,1,491.0,1
467334,hostaway,2026-10-26T00:00:00.000000,1,0,0,0,1,358.0,1
467334,hostaway,2026-10-27T00:00:00.000000,1,0,0,0,1,358.0,1
467334,hostaway,2026-10-28T00:00:00.000000,1,0,0,0,1,358.0,1
467334,hostaway,2026-10-29T00:00:00.000000,1,0,0,0,1,491.0,1
467334,hostaway,2026-10-30T00:00:00.000000,1,0,0,0,1,736.0,1
467334,hostaway,2026-10-31T00:00:00.000000,1,0,0,0,1,736.0,1
467334,hostaway,2026-11-01T00:00:00.000000,1,0,0,0,1,491.0,1
467334,hostaway,2026-11-02T00:00:00.000000,1,0,0,0,1,288.0,1
467334,hostaway,2026-11-03T00:00:00.000000,1,0,0,0,1,288.0,1
467334,hostaway,2026-11-04T00:00:00.000000,1,0,0,0,1,288.0,1
467334,hostaway,2026-11-05T00:00:00.000000,1,0,0,0,1,358.0,1
467334,hostaway,2026-11-06T00:00:00.000000,1,0,0,0,1,556.0,1
467334,hostaway,2026-11-07T00:00:00.000000,1,0,0,0,1,556.0,1
467334,hostaway,2026-11-08T00:00:00.000000,1,0,0,0,1,358.0,1
467334,hostaway,2026-11-09T00:00:00.000000,1,1,0,0,1,288.0,0
467334,hostaway,2026-11-10T00:00:00.000000,1,1,0,0,1,288.0,0
467334,hostaway,2026-11-11T00:00:00.000000,1,0,0,0,1,288.0,1
467334,hostaway,2026-11-12T00:00:00.000000,1,0,0,0,1,358.0,1
467334,hostaway,2026-11-13T00:00:00.000000,1,0,0,0,1,556.0,1
467334,hostaway,2026-11-14T00:00:00.000000,1,0,0,0,1,556.0,1
467334,hostaway,2026-11-15T00:00:00.000000,1,0,0,0,1,358.0,1
467334,hostaway,2026-11-16T00:00:00.000000,1,0,0,0,1,288.0,1
467334,hostaway,2026-11-17T00:00:00.000000,1,0,0,0,1,288.0,1
467334,hostaway,2026-11-18T00:00:00.000000,1,0,0,0,1,288.0,1
467334,hostaway,2026-11-19T00:00:00.000000,1,0,0,0,1,358.0,1
467334,hostaway,2026-11-20T00:00:00.000000,1,0,0,0,1,556.0,1
467334,hostaway,2026-11-21T00:00:00.000000,1,0,0,0,1,556.0,1
467334,hostaway,2026-11-22T00:00:00.000000,1,0,0,0,1,358.0,1
467334,hostaway,2026-11-23T00:00:00.000000,1,0,0,0,1,288.0,1
467334,hostaway,2026-11-24T00:00:00.000000,1,0,0,0,1,288.0,1
467334,hostaway,2026-11-25T00:00:00.000000,1,0,0,0,1,288.0,1
467334,hostaway,2026-11-26T00:00:00.000000,1,0,0,0,1,532.0,1
467334,hostaway,2026-11-27T00:00:00.000000,1,0,0,0,1,556.0,1
467334,hostaway,2026-11-28T00:00:00.000000,1,0,0,0,1,556.0,1
467334,hostaway,2026-11-29T00:00:00.000000,1,0,0,0,1,358.0,1
467334,hostaway,2026-11-30T00:00:00.000000,1,0,0,0,1,294.0,1
467334,hostaway,2026-12-01T00:00:00.000000,1,0,0,0,1,294.0,1
467334,hostaway,2026-12-02T00:00:00.000000,1,0,0,0,1,294.0,1
467334,hostaway,2026-12-03T00:00:00.000000,1,0,0,0,1,389.0,1
467334,hostaway,2026-12-04T00:00:00.000000,1,0,0,0,1,600.0,1
467334,hostaway,2026-12-05T00:00:00.000000,1,0,0,0,1,600.0,1
467334,hostaway,2026-12-06T00:00:00.000000,1,0,0,0,1,389.0,1
467334,hostaway,2026-12-07T00:00:00.000000,1,0,0,0,1,294.0,1
467334,hostaway,2026-12-08T00:00:00.000000,1,0,0,0,1,294.0,1
467334,hostaway,2026-12-09T00:00:00.000000,1,0,0,0,1,294.0,1
467334,hostaway,2026-12-10T00:00:00.000000,1,0,0,0,1,389.0,1
467334,hostaway,2026-12-11T00:00:00.000000,1,0,0,0,1,600.0,1
467334,hostaway,2026-12-12T00:00:00.000000,1,0,0,0,1,600.0,1
467334,hostaway,2026-12-13T00:00:00.000000,1,0,0,0,1,389.0,1
467334,hostaway,2026-12-14T00:00:00.000000,1,0,0,0,1,294.0,1
467334,hostaway,2026-12-15T00:00:00.000000,1,0,0,0,1,294.0,1
467334,hostaway,2026-12-16T00:00:00.000000,1,0,0,0,1,294.0,1
467334,hostaway,2026-12-17T00:00:00.000000,1,0,0,0,1,389.0,1
467334,hostaway,2026-12-18T00:00:00.000000,1,0,0,0,1,672.0,1
467334,hostaway,2026-12-19T00:00:00.000000,1,0,0,0,1,672.0,1
467334,hostaway,2026-12-20T00:00:00.000000,1,0,0,0,1,441.0,1
467334,hostaway,2026-12-21T00:00:00.000000,1,0,0,0,1,318.0,1
467334,hostaway,2026-12-22T00:00:00.000000,1,0,0,0,1,318.0,1
467334,hostaway,2026-12-23T00:00:00.000000,1,0,0,0,1,318.0,1
467334,hostaway,2026-12-24T00:00:00.000000,1,0,0,0,1,866.0,1
467334,hostaway,2026-12-25T00:00:00.000000,1,0,0,0,1,866.0,1
467334,hostaway,2026-12-26T00:00:00.000000,1,0,0,0,1,866.0,1
467334,hostaway,2026-12-27T00:00:00.000000,1,1,0,0,1,389.0,0
467334,hostaway,2026-12-28T00:00:00.000000,1,1,0,0,1,294.0,0
467334,hostaway,2026-12-29T00:00:00.000000,1,0,0,0,1,337.0,1
467334,hostaway,2026-12-30T00:00:00.000000,1,0,0,0,1,1053.0,1
467334,hostaway,2026-12-31T00:00:00.000000,1,0,0,0,1,1053.0,1
467334,hostaway,2027-01-01T00:00:00.000000,1,0,0,0,1,427.0,1
467334,hostaway,2027-01-02T00:00:00.000000,1,0,0,0,1,427.0,1
467334,hostaway,2027-01-03T00:00:00.000000,1,0,0,0,1,288.0,1
467334,hostaway,2027-01-04T00:00:00.000000,1,0,0,0,1,311.0,1
467334,hostaway,2027-01-05T00:00:00.000000,1,0,0,0,1,311.0,1
467334,hostaway,2027-01-06T00:00:00.000000,1,0,0,0,1,357.0,1
467334,hostaway,2027-01-07T00:00:00.000000,1,0,0,0,1,428.0,1
467334,hostaway,2027-01-08T00:00:00.000000,1,0,0,0,1,532.0,1
467334,hostaway,2027-01-09T00:00:00.000000,1,0,0,0,1,428.0,1
467334,hostaway,2027-01-10T00:00:00.000000,1,0,0,0,1,630.0,1
467334,hostaway,2027-01-11T00:00:00.000000,1,0,0,0,1,311.0,1
467334,hostaway,2027-01-12T00:00:00.000000,1,0,0,0,1,311.0,1
467334,hostaway,2027-01-13T00:00:00.000000,1,0,0,0,1,311.0,1
467334,hostaway,2027-01-14T00:00:00.000000,1,0,0,0,1,370.0,1
467334,hostaway,2027-01-15T00:00:00.000000,1,0,0,0,1,610.0,1
467334,hostaway,2027-01-16T00:00:00.000000,1,0,0,0,1,496.0,1
467334,hostaway,2027-01-17T00:00:00.000000,1,0,0,0,1,716.0,1
467334,hostaway,2027-01-18T00:00:00.000000,1,0,0,0,1,404.0,1
467334,hostaway,2027-01-19T00:00:00.000000,1,0,0,0,1,311.0,1
467334,hostaway,2027-01-20T00:00:00.000000,1,0,0,0,1,311.0,1
467334,hostaway,2027-01-21T00:00:00.000000,1,0,0,0,1,370.0,1
467334,hostaway,2027-01-22T00:00:00.000000,1,0,0,0,1,455.0,1
467334,hostaway,2027-01-23T00:00:00.000000,1,0,0,0,1,370.0,1
467334,hostaway,2027-01-24T00:00:00.000000,1,0,0,0,1,543.0,1
467334,hostaway,2027-01-25T00:00:00.000000,1,0,0,0,1,311.0,1
467334,hostaway,2027-01-26T00:00:00.000000,1,0,0,0,1,311.0,1
467334,hostaway,2027-01-27T00:00:00.000000,1,0,0,0,1,311.0,1
467334,hostaway,2027-01-28T00:00:00.000000,1,0,0,0,1,370.0,1
467334,hostaway,2027-01-29T00:00:00.000000,1,0,0,0,1,455.0,1
467334,hostaway,2027-01-30T00:00:00.000000,1,0,0,0,1,370.0,1
467334,hostaway,2027-01-31T00:00:00.000000,1,0,0,0,1,543.0,1
467334,hostaway,2027-02-01T00:00:00.000000,1,0,0,0,1,311.0,1
467334,hostaway,2027-02-02T00:00:00.000000,1,0,0,0,1,311.0,1
467334,hostaway,2027-02-03T00:00:00.000000,1,0,0,0,1,311.0,1
467334,hostaway,2027-02-04T00:00:00.000000,1,0,0,0,1,370.0,1
467334,hostaway,2027-02-05T00:00:00.000000,1,0,0,0,1,455.0,1
467334,hostaway,2027-02-06T00:00:00.000000,1,0,0,0,1,370.0,1
467334,hostaway,2027-02-07T00:00:00.000000,1,0,0,0,1,543.0,1
467334,hostaway,2027-02-08T00:00:00.000000,1,0,0,0,1,311.0,1
467334,hostaway,2027-02-09T00:00:00.000000,1,0,0,0,1,311.0,1
467334,hostaway,2027-02-10T00:00:00.000000,1,0,0,0,1,311.0,1
467334,hostaway,2027-02-11T00:00:00.000000,1,0,0,0,1,370.0,1
467334,hostaway,2027-02-12T00:00:00.000000,1,0,0,0,1,656.0,1
467334,hostaway,2027-02-13T00:00:00.000000,1,0,0,0,1,536.0,1
467334,hostaway,2027-02-14T00:00:00.000000,1,0,0,0,1,775.0,1
467334,hostaway,2027-02-15T00:00:00.000000,1,0,0,0,1,445.0,1
467334,hostaway,2027-02-16T00:00:00.000000,1,0,0,0,1,311.0,1
467334,hostaway,2027-02-17T00:00:00.000000,1,0,0,0,1,311.0,1
467334,hostaway,2027-02-18T00:00:00.000000,1,0,0,0,1,370.0,1
467334,hostaway,2027-02-19T00:00:00.000000,1,0,0,0,1,455.0,1
467334,hostaway,2027-02-20T00:00:00.000000,1,0,0,0,1,370.0,1
467334,hostaway,2027-02-21T00:00:00.000000,1,0,0,0,1,543.0,1
467334,hostaway,2027-02-22T00:00:00.000000,1,0,0,0,1,311.0,1
467334,hostaway,2027-02-23T00:00:00.000000,1,0,0,0,1,311.0,1
467334,hostaway,2027-02-24T00:00:00.000000,1,0,0,0,1,311.0,1
467334,hostaway,2027-02-25T00:00:00.000000,1,0,0,0,1,402.0,1
467334,hostaway,2027-02-26T00:00:00.000000,1,0,0,0,1,455.0,1
467334,hostaway,2027-02-27T00:00:00.000000,1,0,0,0,1,370.0,1
467334,hostaway,2027-02-28T00:00:00.000000,1,0,0,0,1,402.0,1
467334,hostaway,2027-03-01T00:00:00.000000,1,0,0,0,1,381.0,1
467334,hostaway,2027-03-02T00:00:00.000000,1,0,0,0,1,381.0,1
467334,hostaway,2027-03-03T00:00:00.000000,1,0,0,0,1,381.0,1
467334,hostaway,2027-03-04T00:00:00.000000,1,0,0,0,1,528.0,1
467334,hostaway,2027-03-05T00:00:00.000000,1,0,0,0,1,656.0,1
467334,hostaway,2027-03-06T00:00:00.000000,1,0,0,0,1,656.0,1
467334,hostaway,2027-03-07T00:00:00.000000,1,0,0,0,1,528.0,1
467334,hostaway,2027-03-08T00:00:00.000000,1,0,0,0,1,381.0,1
467334,hostaway,2027-03-09T00:00:00.000000,1,0,0,0,1,381.0,1
467334,hostaway,2027-03-10T00:00:00.000000,1,0,0,0,1,381.0,1
467334,hostaway,2027-03-11T00:00:00.000000,1,0,0,0,1,528.0,1
467334,hostaway,2027-03-12T00:00:00.000000,1,0,0,0,1,656.0,1
467334,hostaway,2027-03-13T00:00:00.000000,1,0,0,0,1,656.0,1
467334,hostaway,2027-03-14T00:00:00.000000,1,0,0,0,1,528.0,1
467334,hostaway,2027-03-15T00:00:00.000000,1,0,0,0,1,381.0,1
467334,hostaway,2027-03-16T00:00:00.000000,1,0,0,0,1,381.0,1
467334,hostaway,2027-03-17T00:00:00.000000,1,0,0,0,1,381.0,1
467334,hostaway,2027-03-18T00:00:00.000000,1,0,0,0,1,528.0,1
467334,hostaway,2027-03-19T00:00:00.000000,1,0,0,0,1,656.0,1
467334,hostaway,2027-03-20T00:00:00.000000,1,0,0,0,1,656.0,1
467334,hostaway,2027-03-21T00:00:00.000000,1,0,0,0,1,528.0,1
467334,hostaway,2027-03-22T00:00:00.000000,1,0,0,0,1,381.0,1
467334,hostaway,2027-03-23T00:00:00.000000,1,0,0,0,1,381.0,1
467334,hostaway,2027-03-24T00:00:00.000000,1,0,0,0,1,381.0,1
467334,hostaway,2027-03-25T00:00:00.000000,1,0,0,0,1,528.0,1
467334,hostaway,2027-03-26T00:00:00.000000,1,0,0,0,1,934.0,1
467334,hostaway,2027-03-27T00:00:00.000000,1,0,0,0,1,934.0,1
467334,hostaway,2027-03-28T00:00:00.000000,1,0,0,0,1,753.0,1
467334,hostaway,2027-03-29T00:00:00.000000,1,0,0,0,1,553.0,1
467334,hostaway,2027-03-30T00:00:00.000000,1,0,0,0,1,553.0,1
467334,hostaway,2027-03-31T00:00:00.000000,1,0,0,0,1,553.0,1
467334,hostaway,2027-04-01T00:00:00.000000,1,0,0,0,1,1088.0,1
467334,hostaway,2027-04-02T00:00:00.000000,1,0,0,0,1,1297.0,1
467334,hostaway,2027-04-03T00:00:00.000000,1,0,0,0,1,1297.0,1
467334,hostaway,2027-04-04T00:00:00.000000,1,0,0,0,1,1088.0,1
467334,hostaway,2027-04-05T00:00:00.000000,1,0,0,0,1,777.0,1
467334,hostaway,2027-04-06T00:00:00.000000,1,0,0,0,1,777.0,1
467334,hostaway,2027-04-07T00:00:00.000000,1,0,0,0,1,777.0,1
467334,hostaway,2027-04-08T00:00:00.000000,1,0,0,0,1,859.0,1
467334,hostaway,2027-04-09T00:00:00.000000,1,0,0,0,1,1025.0,1
467334,hostaway,2027-04-10T00:00:00.000000,1,0,0,0,1,1025.0,1
467334,hostaway,2027-04-11T00:00:00.000000,1,0,0,0,1,859.0,1
467334,hostaway,2027-04-12T00:00:00.000000,1,0,0,0,1,424.0,1
467334,hostaway,2027-04-13T00:00:00.000000,1,0,0,0,1,424.0,1
467334,hostaway,2027-04-14T00:00:00.000000,1,0,0,0,1,424.0,1
467334,hostaway,2027-04-15T00:00:00.000000,1,0,0,0,1,609.0,1
467334,hostaway,2027-04-16T00:00:00.000000,1,0,0,0,1,716.0,1
467334,hostaway,2027-04-17T00:00:00.000000,1,0,0,0,1,716.0,1
467334,hostaway,2027-04-18T00:00:00.000000,1,0,0,0,1,609.0,1
467334,hostaway,2027-04-19T00:00:00.000000,1,0,0,0,1,424.0,1
467334,hostaway,2027-04-20T00:00:00.000000,1,0,0,0,1,424.0,1
467334,hostaway,2027-04-21T00:00:00.000000,1,0,0,0,1,424.0,1
467334,hostaway,2027-04-22T00:00:00.000000,1,0,0,0,1,609.0,1
467334,hostaway,2027-04-23T00:00:00.000000,1,0,0,0,1,716.0,1
467334,hostaway,2027-04-24T00:00:00.000000,1,0,0,0,1,716.0,1
467334,hostaway,2027-04-25T00:00:00.000000,1,1,0,0,1,609.0,0
467334,hostaway,2027-04-26T00:00:00.000000,1,1,0,0,1,424.0,0
467334,hostaway,2027-04-27T00:00:00.000000,1,1,0,0,1,424.0,0
467334,hostaway,2027-04-28T00:00:00.000000,1,1,0,0,1,424.0,0
467334,hostaway,2027-04-29T00:00:00.000000,1,1,0,0,1,609.0,0
467334,hostaway,2027-04-30T00:00:00.000000,1,1,0,0,1,716.0,0
467334,hostaway,2027-05-01T00:00:00.000000,1,1,0,0,1,716.0,0
467334,hostaway,2027-05-02T00:00:00.000000,1,0,0,0,1,609.0,1
467334,hostaway,2027-05-03T00:00:00.000000,1,0,0,0,1,424.0,1
467334,hostaway,2027-05-04T00:00:00.000000,1,0,0,0,1,424.0,1
467334,hostaway,2027-05-05T00:00:00.000000,1,0,0,0,1,424.0,1
467334,hostaway,2027-05-06T00:00:00.000000,1,0,0,0,1,875.0,1
467334,hostaway,2027-05-07T00:00:00.000000,1,0,0,0,1,1290.0,1
467334,hostaway,2027-05-08T00:00:00.000000,1,0,0,0,1,1290.0,1
467334,hostaway,2027-05-09T00:00:00.000000,1,0,0,0,1,1064.0,1
467334,hostaway,2027-05-10T00:00:00.000000,1,0,0,0,1,667.0,1
467334,hostaway,2027-05-11T00:00:00.000000,1,0,0,0,1,670.0,1
467334,hostaway,2027-05-12T00:00:00.000000,1,0,0,0,1,673.0,1
467334,hostaway,2027-05-13T00:00:00.000000,1,0,0,0,1,1026.0,1
467334,hostaway,2027-05-14T00:00:00.000000,1,0,0,0,1,1252.0,1
467334,hostaway,2027-05-15T00:00:00.000000,1,0,0,0,1,1256.0,1
467334,hostaway,2027-05-16T00:00:00.000000,1,0,0,0,1,1033.0,1
467334,hostaway,2027-05-17T00:00:00.000000,1,0,0,0,1,569.0,1
467334,hostaway,2027-05-18T00:00:00.000000,1,0,0,0,1,571.0,1
467334,hostaway,2027-05-19T00:00:00.000000,1,0,0,0,1,571.0,1
467334,hostaway,2027-05-20T00:00:00.000000,1,0,0,0,1,868.0,1
467334,hostaway,2027-05-21T00:00:00.000000,1,0,0,0,1,1067.0,1
467334,hostaway,2027-05-22T00:00:00.000000,1,0,0,0,1,1068.0,1
467334,hostaway,2027-05-23T00:00:00.000000,1,0,0,0,1,877.0,1
467334,hostaway,2027-05-24T00:00:00.000000,1,0,0,0,1,582.0,1
467334,hostaway,2027-05-25T00:00:00.000000,1,0,0,0,1,588.0,1
467334,hostaway,2027-05-26T00:00:00.000000,1,0,0,0,1,590.0,1
467334,hostaway,2027-05-27T00:00:00.000000,1,0,0,0,1,988.0,1
467334,hostaway,2027-05-28T00:00:00.000000,1,0,0,0,1,1499.0,1
467334,hostaway,2027-05-29T00:00:00.000000,1,0,0,0,1,1504.0,1
467334,hostaway,2027-05-30T00:00:00.000000,1,0,0,0,1,1050.0,1
467334,hostaway,2027-05-31T00:00:00.000000,1,0,0,0,1,760.0,1
467334,hostaway,2027-06-01T00:00:00.000000,1,0,0,0,1,634.0,1
467334,hostaway,2027-06-02T00:00:00.000000,1,0,0,0,1,607.0,1
467334,hostaway,2027-06-03T00:00:00.000000,1,0,0,0,1,964.0,1
467334,hostaway,2027-06-04T00:00:00.000000,1,0,0,0,1,1177.0,1
467334,hostaway,2027-06-05T00:00:00.000000,1,0,0,0,1,1181.0,1
467334,hostaway,2027-06-06T00:00:00.000000,1,0,0,0,1,974.0,1
467334,hostaway,2027-06-07T00:00:00.000000,1,0,0,0,1,618.0,1
467334,hostaway,2027-06-08T00:00:00.000000,1,0,0,0,1,621.0,1
467334,hostaway,2027-06-09T00:00:00.000000,1,0,0,0,1,624.0,1
467334,hostaway,2027-06-10T00:00:00.000000,1,0,0,0,1,939.0,1
467334,hostaway,2027-06-11T00:00:00.000000,1,0,0,0,1,1145.0,1
467334,hostaway,2027-06-12T00:00:00.000000,1,0,0,0,1,1149.0,1
467334,hostaway,2027-06-13T00:00:00.000000,1,0,0,0,1,950.0,1
467334,hostaway,2027-06-14T00:00:00.000000,1,0,0,0,1,636.0,1
467334,hostaway,2027-06-15T00:00:00.000000,1,0,0,0,1,669.0,1
467334,hostaway,2027-06-16T00:00:00.000000,1,0,0,0,1,672.0,1
467334,hostaway,2027-06-17T00:00:00.000000,1,0,0,0,1,963.0,1
467334,hostaway,2027-06-18T00:00:00.000000,1,0,0,0,1,1173.0,1
467334,hostaway,2027-06-19T00:00:00.000000,1,0,0,0,1,1177.0,1
467334,hostaway,2027-06-20T00:00:00.000000,1,0,0,0,1,973.0,1
467334,hostaway,2027-06-21T00:00:00.000000,1,0,0,0,1,654.0,1
467334,hostaway,2027-06-22T00:00:00.000000,1,0,0,0,1,687.0,1
467334,hostaway,2027-06-23T00:00:00.000000,1,0,0,0,1,658.0,1
467334,hostaway,2027-06-24T00:00:00.000000,1,0,0,0,1,983.0,1
467334,hostaway,2027-06-25T00:00:00.000000,1,0,0,0,1,1193.0,1
467334,hostaway,2027-06-26T00:00:00.000000,1,0,0,0,1,1193.0,1
467334,hostaway,2027-06-27T00:00:00.000000,1,0,0,0,1,983.0,1
467334,hostaway,2027-06-28T00:00:00.000000,1,0,0,0,1,658.0,1
467334,hostaway,2027-06-29T00:00:00.000000,1,0,0,0,1,658.0,1
467334,hostaway,2027-06-30T00:00:00.000000,1,0,0,0,1,658.0,1
467334,hostaway,2027-07-01T00:00:00.000000,1,0,0,0,1,983.0,1
467334,hostaway,2027-07-02T00:00:00.000000,1,0,0,0,1,1820.0,1
467334,hostaway,2027-07-03T00:00:00.000000,1,0,0,0,1,1820.0,1
467334,hostaway,2027-07-04T00:00:00.000000,1,0,0,0,1,1081.0,1
467334,hostaway,2027-07-05T00:00:00.000000,1,0,0,0,1,648.0,1
467334,hostaway,2027-07-06T00:00:00.000000,1,0,0,0,1,648.0,1
467334,hostaway,2027-07-07T00:00:00.000000,1,0,0,0,1,648.0,1
467334,hostaway,2027-07-08T00:00:00.000000,1,0,0,0,1,1055.0,1
467334,hostaway,2027-07-09T00:00:00.000000,1,0,0,0,1,1655.0,1
467334,hostaway,2027-07-10T00:00:00.000000,1,0,0,0,1,1655.0,1
467334,hostaway,2027-07-11T00:00:00.000000,1,0,0,0,1,1055.0,1
467334,hostaway,2027-07-12T00:00:00.000000,1,0,0,0,1,648.0,1
467334,hostaway,2027-07-13T00:00:00.000000,1,0,0,0,1,648.0,1
467334,hostaway,2027-07-14T00:00:00.000000,1,0,0,0,1,648.0,1
467334,hostaway,2027-07-15T00:00:00.000000,1,0,0,0,1,1055.0,1
467334,hostaway,2027-07-16T00:00:00.000000,1,0,0,0,1,1655.0,1
467334,hostaway,2027-07-17T00:00:00.000000,1,0,0,0,1,1655.0,1
467334,hostaway,2027-07-18T00:00:00.000000,1,0,0,0,1,1055.0,1
467334,hostaway,2027-07-19T00:00:00.000000,1,0,0,0,1,648.0,1
467334,hostaway,2027-07-20T00:00:00.000000,1,0,0,0,1,648.0,1
467334,hostaway,2027-07-21T00:00:00.000000,1,0,0,0,1,648.0,1
467334,hostaway,2027-07-22T00:00:00.000000,1,0,0,0,1,1055.0,1
467334,hostaway,2027-07-23T00:00:00.000000,1,0,0,0,1,1655.0,1
467334,hostaway,2027-07-24T00:00:00.000000,1,0,0,0,1,1655.0,1
467334,hostaway,2027-07-25T00:00:00.000000,1,0,0,0,1,1055.0,1
467334,hostaway,2027-07-26T00:00:00.000000,1,0,0,0,1,648.0,1
467334,hostaway,2027-07-27T00:00:00.000000,1,0,0,0,1,648.0,1
467334,hostaway,2027-07-28T00:00:00.000000,1,0,0,0,1,648.0,1
467334,hostaway,2027-07-29T00:00:00.000000,1,0,0,0,1,1055.0,1
467334,hostaway,2027-07-30T00:00:00.000000,1,0,0,0,1,1655.0,1
467334,hostaway,2027-07-31T00:00:00.000000,1,0,0,0,1,1655.0,1
467334,hostaway,2027-08-01T00:00:00.000000,1,0,0,0,1,1055.0,1
467334,hostaway,2027-08-02T00:00:00.000000,1,0,0,0,1,648.0,1
467334,hostaway,2027-08-03T00:00:00.000000,1,0,0,0,1,648.0,1
467334,hostaway,2027-08-04T00:00:00.000000,1,0,0,0,1,648.0,1
467334,hostaway,2027-08-05T00:00:00.000000,1,0,0,0,1,1055.0,1
467334,hostaway,2027-08-06T00:00:00.000000,1,0,0,0,1,1655.0,1
467334,hostaway,2027-08-07T00:00:00.000000,1,0,0,0,1,1655.0,1
467334,hostaway,2027-08-08T00:00:00.000000,1,0,0,0,1,1055.0,1
467334,hostaway,2027-08-09T00:00:00.000000,1,0,0,0,1,648.0,1
467334,hostaway,2027-08-10T00:00:00.000000,1,0,0,0,1,648.0,1
467334,hostaway,2027-08-11T00:00:00.000000,1,0,0,0,1,648.0,1
467334,hostaway,2027-08-12T00:00:00.000000,1,0,0,0,1,1055.0,1
467334,hostaway,2027-08-13T00:00:00.000000,1,0,0,0,1,1655.0,1
467334,hostaway,2027-08-14T00:00:00.000000,1,0,0,0,1,1655.0,1
467334,hostaway,2027-08-15T00:00:00.000000,1,0,0,0,1,1055.0,1
467334,hostaway,2027-08-16T00:00:00.000000,1,0,0,0,1,648.0,1
467334,hostaway,2027-08-17T00:00:00.000000,1,0,0,0,1,648.0,1
467334,hostaway,2027-08-18T00:00:00.000000,1,0,0,0,1,648.0,1
467334,hostaway,2027-08-19T00:00:00.000000,1,0,0,0,1,1055.0,1
467334,hostaway,2027-08-20T00:00:00.000000,1,0,0,0,1,1655.0,1
467334,hostaway,2027-08-21T00:00:00.000000,1,0,0,0,1,1655.0,1
467334,hostaway,2027-08-22T00:00:00.000000,1,0,0,0,1,1055.0,1
467334,hostaway,2027-08-23T00:00:00.000000,1,0,0,0,1,648.0,1
467334,hostaway,2027-08-24T00:00:00.000000,1,0,0,0,1,648.0,1
467334,hostaway,2027-08-25T00:00:00.000000,1,0,0,0,1,648.0,1
467334,hostaway,2027-08-26T00:00:00.000000,1,0,0,0,1,1055.0,1
467334,hostaway,2027-08-27T00:00:00.000000,1,0,0,0,1,1655.0,1
467334,hostaway,2027-08-28T00:00:00.000000,1,0,0,0,1,1655.0,1
467334,hostaway,2027-08-29T00:00:00.000000,1,0,0,0,1,1055.0,1
467334,hostaway,2027-08-30T00:00:00.000000,1,0,0,0,1,648.0,1
467334,hostaway,2027-08-31T00:00:00.000000,1,0,0,0,1,648.0,1
467334,hostaway,2027-09-01T00:00:00.000000,1,0,0,0,1,648.0,1
467334,hostaway,2027-09-02T00:00:00.000000,1,0,0,0,1,983.0,1
467334,hostaway,2027-09-03T00:00:00.000000,1,0,0,0,1,1431.0,1
467334,hostaway,2027-09-04T00:00:00.000000,1,0,0,0,1,1431.0,1
467334,hostaway,2027-09-05T00:00:00.000000,1,0,0,0,1,1032.0,1
467334,hostaway,2027-09-06T00:00:00.000000,1,0,0,0,1,789.0,1
467334,hostaway,2027-09-07T00:00:00.000000,1,0,0,0,1,658.0,1
467334,hostaway,2027-09-08T00:00:00.000000,1,0,0,0,1,658.0,1
467334,hostaway,2027-09-09T00:00:00.000000,1,0,0,0,1,983.0,1
467334,hostaway,2027-09-10T00:00:00.000000,1,0,0,0,1,1193.0,1
467334,hostaway,2027-09-11T00:00:00.000000,1,0,0,0,1,1193.0,1
467334,hostaway,2027-09-12T00:00:00.000000,1,0,0,0,1,983.0,1
467334,hostaway,2027-09-13T00:00:00.000000,1,0,0,0,1,658.0,1
467334,hostaway,2027-09-14T00:00:00.000000,1,0,0,0,1,658.0,1
467334,hostaway,2027-09-15T00:00:00.000000,1,0,0,0,1,658.0,1
467334,hostaway,2027-09-16T00:00:00.000000,1,0,0,0,1,983.0,1
467334,hostaway,2027-09-17T00:00:00.000000,1,0,0,0,1,1193.0,1
467334,hostaway,2027-09-18T00:00:00.000000,1,0,0,0,1,1193.0,1
467334,hostaway,2027-09-19T00:00:00.000000,1,0,0,0,1,983.0,1
467334,hostaway,2027-09-20T00:00:00.000000,1,0,0,0,1,658.0,1
467334,hostaway,2027-09-21T00:00:00.000000,1,0,0,0,1,658.0,1
467334,hostaway,2027-09-22T00:00:00.000000,1,0,0,0,1,658.0,1
467334,hostaway,2027-09-23T00:00:00.000000,1,0,0,0,1,983.0,1
467334,hostaway,2027-09-24T00:00:00.000000,1,0,0,0,1,1312.0,1
467334,hostaway,2027-09-25T00:00:00.000000,1,0,0,0,1,1312.0,1
467334,hostaway,2027-09-26T00:00:00.000000,1,0,0,0,1,1081.0,1
467334,hostaway,2027-09-27T00:00:00.000000,1,0,0,0,1,723.0,1
467334,hostaway,2027-09-28T00:00:00.000000,1,0,0,0,1,723.0,1
467334,hostaway,2027-09-29T00:00:00.000000,1,0,0,0,1,723.0,1
467334,hostaway,2027-09-30T00:00:00.000000,1,0,0,0,1,1081.0,1
467334,hostaway,2027-10-01T00:00:00.000000,1,0,0,0,1,1312.0,1
467334,hostaway,2027-10-02T00:00:00.000000,1,0,0,0,1,1312.0,1
467334,hostaway,2027-10-03T00:00:00.000000,1,0,0,0,1,1081.0,1
467334,hostaway,2027-10-04T00:00:00.000000,1,0,0,0,1,658.0,1
467334,hostaway,2027-10-05T00:00:00.000000,1,0,0,0,1,658.0,1
467334,hostaway,2027-10-06T00:00:00.000000,1,0,0,0,1,658.0,1
467334,hostaway,2027-10-07T00:00:00.000000,1,0,0,0,1,983.0,1
467334,hostaway,2027-10-08T00:00:00.000000,1,0,0,0,1,1193.0,1
467334,hostaway,2027-10-09T00:00:00.000000,1,0,0,0,1,1193.0,1
467334,hostaway,2027-10-10T00:00:00.000000,1,0,0,0,1,983.0,1
467334,hostaway,2027-10-11T00:00:00.000000,1,0,0,0,1,658.0,1
467334,hostaway,2027-10-12T00:00:00.000000,1,0,0,0,1,658.0,1
467334,hostaway,2027-10-13T00:00:00.000000,1,0,0,0,1,658.0,1
467334,hostaway,2027-10-14T00:00:00.000000,1,0,0,0,1,983.0,1
467334,hostaway,2027-10-15T00:00:00.000000,1,0,0,0,1,1193.0,1
467334,hostaway,2027-10-16T00:00:00.000000,1,0,0,0,1,1193.0,1
467334,hostaway,2027-10-17T00:00:00.000000,1,0,0,0,1,983.0,1
467334,hostaway,2027-10-18T00:00:00.000000,1,0,0,0,1,658.0,1
467334,hostaway,2027-10-19T00:00:00.000000,1,0,0,0,1,658.0,1
467334,hostaway,2027-10-20T00:00:00.000000,1,0,0,0,1,658.0,1
467334,hostaway,2027-10-21T00:00:00.000000,1,0,0,0,1,983.0,1
467334,hostaway,2027-10-22T00:00:00.000000,1,0,0,0,1,1193.0,1
467334,hostaway,2027-10-23T00:00:00.000000,1,0,0,0,1,1193.0,1
467334,hostaway,2027-10-24T00:00:00.000000,1,0,0,0,1,983.0,1
467334,hostaway,2027-10-25T00:00:00.000000,1,0,0,0,1,658.0,1
467334,hostaway,2027-10-26T00:00:00.000000,1,0,0,0,1,658.0,1
467334,hostaway,2027-10-27T00:00:00.000000,1,0,0,0,1,658.0,1
467334,hostaway,2027-10-28T00:00:00.000000,1,0,0,0,1,983.0,1
467334,hostaway,2027-10-29T00:00:00.000000,1,0,0,0,1,1193.0,1
467334,hostaway,2027-10-30T00:00:00.000000,1,0,0,0,1,1193.0,1
467334,hostaway,2027-10-31T00:00:00.000000,1,0,0,0,1,983.0,1
467334,hostaway,2027-11-01T00:00:00.000000,1,0,0,0,1,372.0,1
467334,hostaway,2027-11-02T00:00:00.000000,1,0,0,0,1,372.0,1
467334,hostaway,2027-11-03T00:00:00.000000,1,0,0,0,1,372.0,1
467334,hostaway,2027-11-04T00:00:00.000000,1,0,0,0,1,444.0,1
467334,hostaway,2027-11-05T00:00:00.000000,1,0,0,0,1,534.0,1
467334,hostaway,2027-11-06T00:00:00.000000,1,0,0,0,1,444.0,1
467334,hostaway,2027-11-07T00:00:00.000000,1,0,0,0,1,625.0,1
467334,hostaway,2027-11-08T00:00:00.000000,1,0,0,0,1,372.0,1
467334,hostaway,2027-11-09T00:00:00.000000,1,0,0,0,1,372.0,1
467334,hostaway,2027-11-10T00:00:00.000000,1,0,0,0,1,372.0,1
467334,hostaway,2027-11-11T00:00:00.000000,1,0,0,0,1,444.0,1
467334,hostaway,2027-11-12T00:00:00.000000,1,0,0,0,1,534.0,1
467334,hostaway,2027-11-13T00:00:00.000000,1,0,0,0,1,444.0,1
467334,hostaway,2027-11-14T00:00:00.000000,1,0,0,0,1,625.0,1
467334,hostaway,2027-11-15T00:00:00.000000,1,0,0,0,1,372.0,1
467334,hostaway,2027-11-16T00:00:00.000000,1,0,0,0,1,372.0,1
467334,hostaway,2027-11-17T00:00:00.000000,1,0,0,0,1,372.0,1
467334,hostaway,2027-11-18T00:00:00.000000,1,0,0,0,1,444.0,1
467334,hostaway,2027-11-19T00:00:00.000000,1,0,0,0,1,534.0,1
467334,hostaway,2027-11-20T00:00:00.000000,1,0,0,0,1,444.0,1
467334,hostaway,2027-11-21T00:00:00.000000,1,0,0,0,1,625.0,1
467334,hostaway,2027-11-22T00:00:00.000000,1,0,0,0,1,372.0,1
467334,hostaway,2027-11-23T00:00:00.000000,1,0,0,0,1,372.0,1
467334,hostaway,2027-11-24T00:00:00.000000,1,0,0,0,1,372.0,1
467334,hostaway,2027-11-25T00:00:00.000000,1,0,0,0,1,755.0,1
467334,hostaway,2027-11-26T00:00:00.000000,1,0,0,0,1,908.0,1
467334,hostaway,2027-11-27T00:00:00.000000,1,0,0,0,1,755.0,1
467334,hostaway,2027-11-28T00:00:00.000000,1,0,0,0,1,875.0,1
467334,hostaway,2027-11-29T00:00:00.000000,1,0,0,0,1,309.0,1
467334,hostaway,2027-11-30T00:00:00.000000,1,0,0,0,1,309.0,1
467334,hostaway,2027-12-01T00:00:00.000000,1,0,0,0,1,309.0,1
467334,hostaway,2027-12-02T00:00:00.000000,1,0,0,0,1,394.0,1
467334,hostaway,2027-12-03T00:00:00.000000,1,0,0,0,1,479.0,1
467334,hostaway,2027-12-04T00:00:00.000000,1,0,0,0,1,479.0,1
467334,hostaway,2027-12-05T00:00:00.000000,1,0,0,0,1,394.0,1
467334,hostaway,2027-12-06T00:00:00.000000,1,0,0,0,1,309.0,1
467334,hostaway,2027-12-07T00:00:00.000000,1,0,0,0,1,309.0,1
467334,hostaway,2027-12-08T00:00:00.000000,1,0,0,0,1,309.0,1
467334,hostaway,2027-12-09T00:00:00.000000,1,0,0,0,1,394.0,1
467334,hostaway,2027-12-10T00:00:00.000000,1,0,0,0,1,479.0,1
467334,hostaway,2027-12-11T00:00:00.000000,1,0,0,0,1,479.0,1
467334,hostaway,2027-12-12T00:00:00.000000,1,0,0,0,1,394.0,1
467334,hostaway,2027-12-13T00:00:00.000000,1,0,0,0,1,309.0,1
467334,hostaway,2027-12-14T00:00:00.000000,1,0,0,0,1,309.0,1
467334,hostaway,2027-12-15T00:00:00.000000,1,0,0,0,1,309.0,1
467334,hostaway,2027-12-16T00:00:00.000000,1,0,0,0,1,394.0,1
467334,hostaway,2027-12-17T00:00:00.000000,1,0,0,0,1,719.0,1
467334,hostaway,2027-12-18T00:00:00.000000,1,0,0,0,1,719.0,1
467334,hostaway,2027-12-19T00:00:00.000000,1,0,0,0,1,591.0,1
467334,hostaway,2027-12-20T00:00:00.000000,1,0,0,0,1,464.0,1
467334,hostaway,2027-12-21T00:00:00.000000,1,0,0,0,1,464.0,1
467334,hostaway,2027-12-22T00:00:00.000000,1,0,0,0,1,464.0,1
467334,hostaway,2027-12-23T00:00:00.000000,1,0,0,0,1,591.0,1
467334,hostaway,2027-12-24T00:00:00.000000,1,0,0,0,1,1677.0,1
467334,hostaway,2027-12-25T00:00:00.000000,1,0,0,0,1,1677.0,1
467334,hostaway,2027-12-26T00:00:00.000000,1,0,0,0,1,1677.0,1
467334,hostaway,2027-12-27T00:00:00.000000,1,0,0,0,1,309.0,1
467334,hostaway,2027-12-28T00:00:00.000000,1,0,0,0,1,309.0,1
467334,hostaway,2027-12-29T00:00:00.000000,1,0,0,0,1,309.0,1
467334,hostaway,2027-12-30T00:00:00.000000,1,0,0,0,1,1844.0,1
467334,hostaway,2027-12-31T00:00:00.000000,1,0,0,0,1,1844.0,1
467334,hostaway,2028-01-01T00:00:00.000000,1,0,0,0,1,1844.0,1
467334,hostaway,2028-01-02T00:00:00.000000,1,0,0,0,1,922.0,1
467334,hostaway,2028-01-03T00:00:00.000000,1,0,0,0,1,446.0,1
467334,hostaway,2028-01-04T00:00:00.000000,1,0,0,0,1,446.0,1
467334,hostaway,2028-01-05T00:00:00.000000,1,0,0,0,1,446.0,1
467334,hostaway,2028-01-06T00:00:00.000000,1,0,0,0,1,533.0,1
467334,hostaway,2028-01-07T00:00:00.000000,1,0,0,0,1,641.0,1
467334,hostaway,2028-01-08T00:00:00.000000,1,0,0,0,1,533.0,1
467334,hostaway,2028-01-09T00:00:00.000000,1,0,0,0,1,750.0,1
510832,hostaway,2026-05-24T00:00:00.000000,1,0,0,0,1,0.0,1
510832,hostaway,2026-05-25T00:00:00.000000,1,0,0,0,1,0.0,1
510832,hostaway,2026-05-26T00:00:00.000000,1,1,0,0,1,0.0,0
510832,hostaway,2026-05-27T00:00:00.000000,1,1,0,0,1,0.0,0
510832,hostaway,2026-05-28T00:00:00.000000,1,1,0,0,1,0.0,0
510832,hostaway,2026-05-29T00:00:00.000000,1,1,0,0,1,0.0,0
510832,hostaway,2026-05-30T00:00:00.000000,1,1,0,0,1,0.0,0
510832,hostaway,2026-05-31T00:00:00.000000,1,1,0,0,1,0.0,0
510832,hostaway,2026-06-01T00:00:00.000000,1,0,0,0,1,0.0,1
510832,hostaway,2026-06-02T00:00:00.000000,1,0,0,0,1,0.0,1
510832,hostaway,2026-06-03T00:00:00.000000,1,0,0,0,1,0.0,1
510832,hostaway,2026-06-04T00:00:00.000000,1,0,0,0,1,0.0,1
510832,hostaway,2026-06-05T00:00:00.000000,1,1,0,0,1,0.0,0
510832,hostaway,2026-06-06T00:00:00.000000,1,0,0,0,1,0.0,1
510832,hostaway,2026-06-07T00:00:00.000000,1,0,0,0,1,0.0,1
510832,hostaway,2026-06-08T00:00:00.000000,1,1,0,0,1,0.0,0
510832,hostaway,2026-06-09T00:00:00.000000,1,1,0,0,1,0.0,0
510832,hostaway,2026-06-10T00:00:00.000000,1,0,0,0,1,0.0,1
510832,hostaway,2026-06-11T00:00:00.000000,1,1,0,0,1,0.0,0
510832,hostaway,2026-06-12T00:00:00.000000,1,0,0,0,1,0.0,1
510832,hostaway,2026-06-13T00:00:00.000000,1,1,0,0,1,0.0,0
510832,hostaway,2026-06-14T00:00:00.000000,1,0,0,0,1,0.0,1
510832,hostaway,2026-06-15T00:00:00.000000,1,0,0,0,1,0.0,1
510832,hostaway,2026-06-16T00:00:00.000000,1,0,0,0,1,0.0,1
510832,hostaway,2026-06-17T00:00:00.000000,1,0,0,0,1,0.0,1
510832,hostaway,2026-06-18T00:00:00.000000,1,0,0,0,1,0.0,1
510832,hostaway,2026-06-19T00:00:00.000000,1,0,0,0,1,0.0,1
510832,hostaway,2026-06-20T00:00:00.000000,1,1,0,0,1,0.0,0
510832,hostaway,2026-06-21T00:00:00.000000,1,1,0,0,1,0.0,0
510832,hostaway,2026-06-22T00:00:00.000000,1,1,0,0,1,0.0,0
510832,hostaway,2026-06-23T00:00:00.000000,1,1,0,0,1,358.0,0
510832,hostaway,2026-06-24T00:00:00.000000,1,1,0,0,1,358.0,0
510832,hostaway,2026-06-25T00:00:00.000000,1,0,0,0,1,315.0,1
510832,hostaway,2026-06-26T00:00:00.000000,1,1,0,0,1,716.0,0
510832,hostaway,2026-06-27T00:00:00.000000,1,1,0,0,1,716.0,0
510832,hostaway,2026-06-28T00:00:00.000000,1,1,0,0,1,520.0,0
510832,hostaway,2026-06-29T00:00:00.000000,1,1,0,0,1,383.0,0
510832,hostaway,2026-06-30T00:00:00.000000,1,1,0,0,1,315.0,0
510832,hostaway,2026-07-01T00:00:00.000000,1,1,0,0,1,315.0,0
510832,hostaway,2026-07-02T00:00:00.000000,1,1,0,0,1,763.0,0
510832,hostaway,2026-07-03T00:00:00.000000,1,1,0,0,1,1591.0,0
510832,hostaway,2026-07-04T00:00:00.000000,1,1,0,0,1,1591.0,0
510832,hostaway,2026-07-05T00:00:00.000000,1,1,0,0,1,1332.0,0
510832,hostaway,2026-07-06T00:00:00.000000,1,0,0,0,1,409.0,1
510832,hostaway,2026-07-07T00:00:00.000000,1,0,0,0,1,409.0,1
510832,hostaway,2026-07-08T00:00:00.000000,1,0,0,0,1,409.0,1
510832,hostaway,2026-07-09T00:00:00.000000,1,0,0,0,1,684.0,1
510832,hostaway,2026-07-10T00:00:00.000000,1,0,0,0,1,950.0,1
510832,hostaway,2026-07-11T00:00:00.000000,1,0,0,0,1,1118.0,1
510832,hostaway,2026-07-12T00:00:00.000000,1,1,0,0,1,684.0,0
510832,hostaway,2026-07-13T00:00:00.000000,1,1,0,0,1,459.0,0
510832,hostaway,2026-07-14T00:00:00.000000,1,0,0,0,1,409.0,1
510832,hostaway,2026-07-15T00:00:00.000000,1,0,0,0,1,409.0,1
510832,hostaway,2026-07-16T00:00:00.000000,1,0,0,0,1,684.0,1
510832,hostaway,2026-07-17T00:00:00.000000,1,0,0,0,1,1118.0,1
510832,hostaway,2026-07-18T00:00:00.000000,1,0,0,0,1,1118.0,1
510832,hostaway,2026-07-19T00:00:00.000000,1,0,0,0,1,684.0,1
510832,hostaway,2026-07-20T00:00:00.000000,1,1,0,0,1,506.0,0
510832,hostaway,2026-07-21T00:00:00.000000,1,1,0,0,1,506.0,0
510832,hostaway,2026-07-22T00:00:00.000000,1,0,0,0,1,459.0,1
510832,hostaway,2026-07-23T00:00:00.000000,1,0,0,0,1,684.0,1
510832,hostaway,2026-07-24T00:00:00.000000,1,0,0,0,1,1118.0,1
510832,hostaway,2026-07-25T00:00:00.000000,1,0,0,0,1,1118.0,1
510832,hostaway,2026-07-26T00:00:00.000000,1,0,0,0,1,684.0,1
510832,hostaway,2026-07-27T00:00:00.000000,1,1,0,0,1,459.0,0
510832,hostaway,2026-07-28T00:00:00.000000,1,1,0,0,1,459.0,0
510832,hostaway,2026-07-29T00:00:00.000000,1,0,0,0,1,459.0,1
510832,hostaway,2026-07-30T00:00:00.000000,1,0,0,0,1,684.0,1
510832,hostaway,2026-07-31T00:00:00.000000,1,0,0,0,1,1118.0,1
510832,hostaway,2026-08-01T00:00:00.000000,1,0,0,0,1,1118.0,1
510832,hostaway,2026-08-02T00:00:00.000000,1,0,0,0,1,684.0,1
510832,hostaway,2026-08-03T00:00:00.000000,1,0,0,0,1,491.0,1
510832,hostaway,2026-08-04T00:00:00.000000,1,0,0,0,1,491.0,1
510832,hostaway,2026-08-05T00:00:00.000000,1,0,0,0,1,491.0,1
510832,hostaway,2026-08-06T00:00:00.000000,1,0,0,0,1,736.0,1
510832,hostaway,2026-08-07T00:00:00.000000,1,0,0,0,1,1088.0,1
510832,hostaway,2026-08-08T00:00:00.000000,1,0,0,0,1,1088.0,1
510832,hostaway,2026-08-09T00:00:00.000000,1,0,0,0,1,736.0,1
510832,hostaway,2026-08-10T00:00:00.000000,1,0,0,0,1,627.0,1
510832,hostaway,2026-08-11T00:00:00.000000,1,0,0,0,1,627.0,1
510832,hostaway,2026-08-12T00:00:00.000000,1,0,0,0,1,540.0,1
510832,hostaway,2026-08-13T00:00:00.000000,1,0,0,0,1,736.0,1
510832,hostaway,2026-08-14T00:00:00.000000,1,0,0,0,1,1088.0,1
510832,hostaway,2026-08-15T00:00:00.000000,1,0,0,0,1,1088.0,1
510832,hostaway,2026-08-16T00:00:00.000000,1,0,0,0,1,811.0,1
510832,hostaway,2026-08-17T00:00:00.000000,1,0,0,0,1,491.0,1
510832,hostaway,2026-08-18T00:00:00.000000,1,0,0,0,1,491.0,1
510832,hostaway,2026-08-19T00:00:00.000000,1,0,0,0,1,491.0,1
510832,hostaway,2026-08-20T00:00:00.000000,1,0,0,0,1,539.0,1
510832,hostaway,2026-08-21T00:00:00.000000,1,1,0,0,1,1197.0,0
510832,hostaway,2026-08-22T00:00:00.000000,1,1,0,0,1,1197.0,0
510832,hostaway,2026-08-23T00:00:00.000000,1,0,0,0,1,657.0,1
510832,hostaway,2026-08-24T00:00:00.000000,1,1,0,0,1,549.0,0
510832,hostaway,2026-08-25T00:00:00.000000,1,1,0,0,1,549.0,0
510832,hostaway,2026-08-26T00:00:00.000000,1,1,0,0,1,491.0,0
510832,hostaway,2026-08-27T00:00:00.000000,1,1,0,0,1,736.0,0
510832,hostaway,2026-08-28T00:00:00.000000,1,0,0,0,1,1088.0,1
510832,hostaway,2026-08-29T00:00:00.000000,1,0,0,0,1,1088.0,1
510832,hostaway,2026-08-30T00:00:00.000000,1,0,0,0,1,736.0,1
510832,hostaway,2026-08-31T00:00:00.000000,1,0,0,0,1,491.0,1
510832,hostaway,2026-09-01T00:00:00.000000,1,0,0,0,1,491.0,1
510832,hostaway,2026-09-02T00:00:00.000000,1,0,0,0,1,491.0,1
510832,hostaway,2026-09-03T00:00:00.000000,1,0,0,0,1,636.0,1
510832,hostaway,2026-09-04T00:00:00.000000,1,1,0,0,1,1096.0,0
510832,hostaway,2026-09-05T00:00:00.000000,1,1,0,0,1,1096.0,0
510832,hostaway,2026-09-06T00:00:00.000000,1,1,0,0,1,744.0,0
510832,hostaway,2026-09-07T00:00:00.000000,1,1,0,0,1,555.0,0
510832,hostaway,2026-09-08T00:00:00.000000,1,0,0,0,1,474.0,1
510832,hostaway,2026-09-09T00:00:00.000000,1,0,0,0,1,474.0,1
510832,hostaway,2026-09-10T00:00:00.000000,1,0,0,0,1,640.0,1
510832,hostaway,2026-09-11T00:00:00.000000,1,0,0,0,1,1102.0,1
510832,hostaway,2026-09-12T00:00:00.000000,1,0,0,0,1,1102.0,1
510832,hostaway,2026-09-13T00:00:00.000000,1,0,0,0,1,823.0,1
510832,hostaway,2026-09-14T00:00:00.000000,1,0,0,0,1,530.0,1
510832,hostaway,2026-09-15T00:00:00.000000,1,0,0,0,1,474.0,1
510832,hostaway,2026-09-16T00:00:00.000000,1,0,0,0,1,474.0,1
510832,hostaway,2026-09-17T00:00:00.000000,1,0,0,0,1,640.0,1
510832,hostaway,2026-09-18T00:00:00.000000,1,0,0,0,1,948.0,1
510832,hostaway,2026-09-19T00:00:00.000000,1,0,0,0,1,948.0,1
510832,hostaway,2026-09-20T00:00:00.000000,1,0,0,0,1,640.0,1
510832,hostaway,2026-09-21T00:00:00.000000,1,0,0,0,1,521.0,1
510832,hostaway,2026-09-22T00:00:00.000000,1,0,0,0,1,521.0,1
510832,hostaway,2026-09-23T00:00:00.000000,1,0,0,0,1,521.0,1
510832,hostaway,2026-09-24T00:00:00.000000,1,0,0,0,1,640.0,1
510832,hostaway,2026-09-25T00:00:00.000000,1,0,0,0,1,948.0,1
510832,hostaway,2026-09-26T00:00:00.000000,1,0,0,0,1,948.0,1
510832,hostaway,2026-09-27T00:00:00.000000,1,0,0,0,1,640.0,1
510832,hostaway,2026-09-28T00:00:00.000000,1,0,0,0,1,474.0,1
510832,hostaway,2026-09-29T00:00:00.000000,1,0,0,0,1,474.0,1
510832,hostaway,2026-09-30T00:00:00.000000,1,0,0,0,1,474.0,1
510832,hostaway,2026-10-01T00:00:00.000000,1,0,0,0,1,640.0,1
510832,hostaway,2026-10-02T00:00:00.000000,1,0,0,0,1,948.0,1
510832,hostaway,2026-10-03T00:00:00.000000,1,0,0,0,1,948.0,1
510832,hostaway,2026-10-04T00:00:00.000000,1,0,0,0,1,640.0,1
510832,hostaway,2026-10-05T00:00:00.000000,1,0,0,0,1,474.0,1
510832,hostaway,2026-10-06T00:00:00.000000,1,0,0,0,1,474.0,1
510832,hostaway,2026-10-07T00:00:00.000000,1,0,0,0,1,474.0,1
510832,hostaway,2026-10-08T00:00:00.000000,1,0,0,0,1,640.0,1
510832,hostaway,2026-10-09T00:00:00.000000,1,0,0,0,1,948.0,1
510832,hostaway,2026-10-10T00:00:00.000000,1,0,0,0,1,948.0,1
510832,hostaway,2026-10-11T00:00:00.000000,1,0,0,0,1,640.0,1
510832,hostaway,2026-10-12T00:00:00.000000,1,0,0,0,1,474.0,1
510832,hostaway,2026-10-13T00:00:00.000000,1,0,0,0,1,474.0,1
510832,hostaway,2026-10-14T00:00:00.000000,1,0,0,0,1,474.0,1
510832,hostaway,2026-10-15T00:00:00.000000,1,0,0,0,1,640.0,1
510832,hostaway,2026-10-16T00:00:00.000000,1,0,0,0,1,1046.0,1
510832,hostaway,2026-10-17T00:00:00.000000,1,0,0,0,1,1046.0,1
510832,hostaway,2026-10-18T00:00:00.000000,1,0,0,0,1,640.0,1
510832,hostaway,2026-10-19T00:00:00.000000,1,0,0,0,1,474.0,1
510832,hostaway,2026-10-20T00:00:00.000000,1,0,0,0,1,474.0,1
510832,hostaway,2026-10-21T00:00:00.000000,1,0,0,0,1,474.0,1
510832,hostaway,2026-10-22T00:00:00.000000,1,0,0,0,1,640.0,1
510832,hostaway,2026-10-23T00:00:00.000000,1,0,0,0,1,948.0,1
510832,hostaway,2026-10-24T00:00:00.000000,1,0,0,0,1,948.0,1
510832,hostaway,2026-10-25T00:00:00.000000,1,0,0,0,1,640.0,1
510832,hostaway,2026-10-26T00:00:00.000000,1,0,0,0,1,474.0,1
510832,hostaway,2026-10-27T00:00:00.000000,1,0,0,0,1,474.0,1
510832,hostaway,2026-10-28T00:00:00.000000,1,0,0,0,1,474.0,1
510832,hostaway,2026-10-29T00:00:00.000000,1,0,0,0,1,640.0,1
510832,hostaway,2026-10-30T00:00:00.000000,1,0,0,0,1,1096.0,1
510832,hostaway,2026-10-31T00:00:00.000000,1,0,0,0,1,1096.0,1
510832,hostaway,2026-11-01T00:00:00.000000,1,0,0,0,1,744.0,1
510832,hostaway,2026-11-02T00:00:00.000000,1,0,0,0,1,315.0,1
510832,hostaway,2026-11-03T00:00:00.000000,1,0,0,0,1,315.0,1
510832,hostaway,2026-11-04T00:00:00.000000,1,0,0,0,1,315.0,1
510832,hostaway,2026-11-05T00:00:00.000000,1,0,0,0,1,422.0,1
510832,hostaway,2026-11-06T00:00:00.000000,1,0,0,0,1,634.0,1
510832,hostaway,2026-11-07T00:00:00.000000,1,0,0,0,1,634.0,1
510832,hostaway,2026-11-08T00:00:00.000000,1,0,0,0,1,422.0,1
510832,hostaway,2026-11-09T00:00:00.000000,1,0,0,0,1,315.0,1
510832,hostaway,2026-11-10T00:00:00.000000,1,0,0,0,1,315.0,1
510832,hostaway,2026-11-11T00:00:00.000000,1,0,0,0,1,315.0,1
510832,hostaway,2026-11-12T00:00:00.000000,1,0,0,0,1,422.0,1
510832,hostaway,2026-11-13T00:00:00.000000,1,0,0,0,1,634.0,1
510832,hostaway,2026-11-14T00:00:00.000000,1,0,0,0,1,634.0,1
510832,hostaway,2026-11-15T00:00:00.000000,1,0,0,0,1,422.0,1
510832,hostaway,2026-11-16T00:00:00.000000,1,0,0,0,1,315.0,1
510832,hostaway,2026-11-17T00:00:00.000000,1,0,0,0,1,315.0,1
510832,hostaway,2026-11-18T00:00:00.000000,1,0,0,0,1,315.0,1
510832,hostaway,2026-11-19T00:00:00.000000,1,0,0,0,1,422.0,1
510832,hostaway,2026-11-20T00:00:00.000000,1,0,0,0,1,634.0,1
510832,hostaway,2026-11-21T00:00:00.000000,1,0,0,0,1,634.0,1
510832,hostaway,2026-11-22T00:00:00.000000,1,0,0,0,1,422.0,1
510832,hostaway,2026-11-23T00:00:00.000000,1,0,0,0,1,315.0,1
510832,hostaway,2026-11-24T00:00:00.000000,1,0,0,0,1,315.0,1
510832,hostaway,2026-11-25T00:00:00.000000,1,0,0,0,1,315.0,1
510832,hostaway,2026-11-26T00:00:00.000000,1,0,0,0,1,753.0,1
510832,hostaway,2026-11-27T00:00:00.000000,1,0,0,0,1,822.0,1
510832,hostaway,2026-11-28T00:00:00.000000,1,0,0,0,1,822.0,1
510832,hostaway,2026-11-29T00:00:00.000000,1,0,0,0,1,422.0,1
510832,hostaway,2026-11-30T00:00:00.000000,1,0,0,0,1,315.0,1
510832,hostaway,2026-12-01T00:00:00.000000,1,0,0,0,1,425.0,1
510832,hostaway,2026-12-02T00:00:00.000000,1,0,0,0,1,425.0,1
510832,hostaway,2026-12-03T00:00:00.000000,1,0,0,0,1,575.0,1
510832,hostaway,2026-12-04T00:00:00.000000,1,0,0,0,1,852.0,1
510832,hostaway,2026-12-05T00:00:00.000000,1,0,0,0,1,852.0,1
510832,hostaway,2026-12-06T00:00:00.000000,1,0,0,0,1,575.0,1
510832,hostaway,2026-12-07T00:00:00.000000,1,0,0,0,1,425.0,1
510832,hostaway,2026-12-08T00:00:00.000000,1,0,0,0,1,425.0,1
510832,hostaway,2026-12-09T00:00:00.000000,1,0,0,0,1,425.0,1
510832,hostaway,2026-12-10T00:00:00.000000,1,0,0,0,1,575.0,1
510832,hostaway,2026-12-11T00:00:00.000000,1,0,0,0,1,852.0,1
510832,hostaway,2026-12-12T00:00:00.000000,1,0,0,0,1,852.0,1
510832,hostaway,2026-12-13T00:00:00.000000,1,0,0,0,1,575.0,1
510832,hostaway,2026-12-14T00:00:00.000000,1,0,0,0,1,425.0,1
510832,hostaway,2026-12-15T00:00:00.000000,1,0,0,0,1,425.0,1
510832,hostaway,2026-12-16T00:00:00.000000,1,0,0,0,1,425.0,1
510832,hostaway,2026-12-17T00:00:00.000000,1,0,0,0,1,575.0,1
510832,hostaway,2026-12-18T00:00:00.000000,1,0,0,0,1,1122.0,1
510832,hostaway,2026-12-19T00:00:00.000000,1,0,0,0,1,1122.0,1
510832,hostaway,2026-12-20T00:00:00.000000,1,0,0,0,1,825.0,1
510832,hostaway,2026-12-21T00:00:00.000000,1,0,0,0,1,621.0,1
510832,hostaway,2026-12-22T00:00:00.000000,1,0,0,0,1,621.0,1
510832,hostaway,2026-12-23T00:00:00.000000,1,0,0,0,1,621.0,1
510832,hostaway,2026-12-24T00:00:00.000000,1,0,0,0,1,1483.0,1
510832,hostaway,2026-12-25T00:00:00.000000,1,0,0,0,1,1483.0,1
510832,hostaway,2026-12-26T00:00:00.000000,1,0,0,0,1,1483.0,1
510832,hostaway,2026-12-27T00:00:00.000000,1,0,0,0,1,825.0,1
510832,hostaway,2026-12-28T00:00:00.000000,1,0,0,0,1,621.0,1
510832,hostaway,2026-12-29T00:00:00.000000,1,0,0,0,1,621.0,1
510832,hostaway,2026-12-30T00:00:00.000000,1,0,0,0,1,1702.0,1
510832,hostaway,2026-12-31T00:00:00.000000,1,0,0,0,1,1702.0,1
510832,hostaway,2027-01-01T00:00:00.000000,1,0,0,0,1,1228.0,1
510832,hostaway,2027-01-02T00:00:00.000000,1,0,0,0,1,1228.0,1
510832,hostaway,2027-01-03T00:00:00.000000,1,0,0,0,1,829.0,1
510832,hostaway,2027-01-04T00:00:00.000000,1,0,0,0,1,324.0,1
510832,hostaway,2027-01-05T00:00:00.000000,1,0,0,0,1,324.0,1
510832,hostaway,2027-01-06T00:00:00.000000,1,0,0,0,1,376.0,1
510832,hostaway,2027-01-07T00:00:00.000000,1,0,0,0,1,488.0,1
510832,hostaway,2027-01-08T00:00:00.000000,1,0,0,0,1,594.0,1
510832,hostaway,2027-01-09T00:00:00.000000,1,0,0,0,1,594.0,1
510832,hostaway,2027-01-10T00:00:00.000000,1,0,0,0,1,488.0,1
510832,hostaway,2027-01-11T00:00:00.000000,1,0,0,0,1,324.0,1
510832,hostaway,2027-01-12T00:00:00.000000,1,0,0,0,1,324.0,1
510832,hostaway,2027-01-13T00:00:00.000000,1,0,0,0,1,324.0,1
510832,hostaway,2027-01-14T00:00:00.000000,1,0,0,0,1,416.0,1
510832,hostaway,2027-01-15T00:00:00.000000,1,0,0,0,1,681.0,1
510832,hostaway,2027-01-16T00:00:00.000000,1,0,0,0,1,681.0,1
510832,hostaway,2027-01-17T00:00:00.000000,1,0,0,0,1,556.0,1
510832,hostaway,2027-01-18T00:00:00.000000,1,0,0,0,1,431.0,1
510832,hostaway,2027-01-19T00:00:00.000000,1,0,0,0,1,324.0,1
510832,hostaway,2027-01-20T00:00:00.000000,1,0,0,0,1,324.0,1
510832,hostaway,2027-01-21T00:00:00.000000,1,0,0,0,1,416.0,1
510832,hostaway,2027-01-22T00:00:00.000000,1,0,0,0,1,514.0,1
510832,hostaway,2027-01-23T00:00:00.000000,1,0,0,0,1,514.0,1
510832,hostaway,2027-01-24T00:00:00.000000,1,0,0,0,1,416.0,1
510832,hostaway,2027-01-25T00:00:00.000000,1,0,0,0,1,324.0,1
510832,hostaway,2027-01-26T00:00:00.000000,1,0,0,0,1,324.0,1
510832,hostaway,2027-01-27T00:00:00.000000,1,0,0,0,1,324.0,1
510832,hostaway,2027-01-28T00:00:00.000000,1,0,0,0,1,416.0,1
510832,hostaway,2027-01-29T00:00:00.000000,1,0,0,0,1,514.0,1
510832,hostaway,2027-01-30T00:00:00.000000,1,0,0,0,1,514.0,1
510832,hostaway,2027-01-31T00:00:00.000000,1,0,0,0,1,416.0,1
510832,hostaway,2027-02-01T00:00:00.000000,1,0,0,0,1,324.0,1
510832,hostaway,2027-02-02T00:00:00.000000,1,0,0,0,1,324.0,1
510832,hostaway,2027-02-03T00:00:00.000000,1,0,0,0,1,324.0,1
510832,hostaway,2027-02-04T00:00:00.000000,1,0,0,0,1,416.0,1
510832,hostaway,2027-02-05T00:00:00.000000,1,0,0,0,1,514.0,1
510832,hostaway,2027-02-06T00:00:00.000000,1,0,0,0,1,514.0,1
510832,hostaway,2027-02-07T00:00:00.000000,1,0,0,0,1,416.0,1
510832,hostaway,2027-02-08T00:00:00.000000,1,0,0,0,1,324.0,1
510832,hostaway,2027-02-09T00:00:00.000000,1,0,0,0,1,324.0,1
510832,hostaway,2027-02-10T00:00:00.000000,1,0,0,0,1,324.0,1
510832,hostaway,2027-02-11T00:00:00.000000,1,0,0,0,1,416.0,1
510832,hostaway,2027-02-12T00:00:00.000000,1,0,0,0,1,736.0,1
510832,hostaway,2027-02-13T00:00:00.000000,1,0,0,0,1,736.0,1
510832,hostaway,2027-02-14T00:00:00.000000,1,0,0,0,1,609.0,1
510832,hostaway,2027-02-15T00:00:00.000000,1,0,0,0,1,466.0,1
510832,hostaway,2027-02-16T00:00:00.000000,1,0,0,0,1,324.0,1
510832,hostaway,2027-02-17T00:00:00.000000,1,0,0,0,1,324.0,1
510832,hostaway,2027-02-18T00:00:00.000000,1,0,0,0,1,416.0,1
510832,hostaway,2027-02-19T00:00:00.000000,1,0,0,0,1,514.0,1
510832,hostaway,2027-02-20T00:00:00.000000,1,0,0,0,1,514.0,1
510832,hostaway,2027-02-21T00:00:00.000000,1,0,0,0,1,416.0,1
510832,hostaway,2027-02-22T00:00:00.000000,1,0,0,0,1,324.0,1
510832,hostaway,2027-02-23T00:00:00.000000,1,0,0,0,1,324.0,1
510832,hostaway,2027-02-24T00:00:00.000000,1,0,0,0,1,324.0,1
510832,hostaway,2027-02-25T00:00:00.000000,1,0,0,0,1,422.0,1
510832,hostaway,2027-02-26T00:00:00.000000,1,0,0,0,1,514.0,1
510832,hostaway,2027-02-27T00:00:00.000000,1,0,0,0,1,514.0,1
510832,hostaway,2027-02-28T00:00:00.000000,1,0,0,0,1,422.0,1
510832,hostaway,2027-03-01T00:00:00.000000,1,0,0,0,1,399.0,1
510832,hostaway,2027-03-02T00:00:00.000000,1,0,0,0,1,399.0,1
510832,hostaway,2027-03-03T00:00:00.000000,1,0,0,0,1,399.0,1
510832,hostaway,2027-03-04T00:00:00.000000,1,0,0,0,1,590.0,1
510832,hostaway,2027-03-05T00:00:00.000000,1,0,0,0,1,695.0,1
510832,hostaway,2027-03-06T00:00:00.000000,1,0,0,0,1,695.0,1
510832,hostaway,2027-03-07T00:00:00.000000,1,0,0,0,1,590.0,1
510832,hostaway,2027-03-08T00:00:00.000000,1,0,0,0,1,399.0,1
510832,hostaway,2027-03-09T00:00:00.000000,1,0,0,0,1,399.0,1
510832,hostaway,2027-03-10T00:00:00.000000,1,0,0,0,1,399.0,1
510832,hostaway,2027-03-11T00:00:00.000000,1,0,0,0,1,590.0,1
510832,hostaway,2027-03-12T00:00:00.000000,1,0,0,0,1,695.0,1
510832,hostaway,2027-03-13T00:00:00.000000,1,0,0,0,1,695.0,1
510832,hostaway,2027-03-14T00:00:00.000000,1,0,0,0,1,590.0,1
510832,hostaway,2027-03-15T00:00:00.000000,1,0,0,0,1,399.0,1
510832,hostaway,2027-03-16T00:00:00.000000,1,0,0,0,1,399.0,1
510832,hostaway,2027-03-17T00:00:00.000000,1,0,0,0,1,399.0,1
510832,hostaway,2027-03-18T00:00:00.000000,1,0,0,0,1,590.0,1
510832,hostaway,2027-03-19T00:00:00.000000,1,0,0,0,1,695.0,1
510832,hostaway,2027-03-20T00:00:00.000000,1,0,0,0,1,695.0,1
510832,hostaway,2027-03-21T00:00:00.000000,1,0,0,0,1,590.0,1
510832,hostaway,2027-03-22T00:00:00.000000,1,0,0,0,1,399.0,1
510832,hostaway,2027-03-23T00:00:00.000000,1,0,0,0,1,399.0,1
510832,hostaway,2027-03-24T00:00:00.000000,1,0,0,0,1,399.0,1
510832,hostaway,2027-03-25T00:00:00.000000,1,0,0,0,1,590.0,1
510832,hostaway,2027-03-26T00:00:00.000000,1,0,0,0,1,695.0,1
510832,hostaway,2027-03-27T00:00:00.000000,1,0,0,0,1,695.0,1
510832,hostaway,2027-03-28T00:00:00.000000,1,0,0,0,1,590.0,1
510832,hostaway,2027-03-29T00:00:00.000000,1,0,0,0,1,399.0,1
510832,hostaway,2027-03-30T00:00:00.000000,1,0,0,0,1,399.0,1
510832,hostaway,2027-03-31T00:00:00.000000,1,0,0,0,1,399.0,1
510832,hostaway,2027-04-01T00:00:00.000000,1,0,0,0,1,865.0,1
510832,hostaway,2027-04-02T00:00:00.000000,1,0,0,0,1,1026.0,1
510832,hostaway,2027-04-03T00:00:00.000000,1,0,0,0,1,1026.0,1
510832,hostaway,2027-04-04T00:00:00.000000,1,0,0,0,1,865.0,1
510832,hostaway,2027-04-05T00:00:00.000000,1,0,0,0,1,577.0,1
510832,hostaway,2027-04-06T00:00:00.000000,1,0,0,0,1,577.0,1
510832,hostaway,2027-04-07T00:00:00.000000,1,0,0,0,1,577.0,1
510832,hostaway,2027-04-08T00:00:00.000000,1,0,0,0,1,684.0,1
510832,hostaway,2027-04-09T00:00:00.000000,1,0,0,0,1,811.0,1
510832,hostaway,2027-04-10T00:00:00.000000,1,0,0,0,1,811.0,1
510832,hostaway,2027-04-11T00:00:00.000000,1,0,0,0,1,684.0,1
510832,hostaway,2027-04-12T00:00:00.000000,1,0,0,0,1,455.0,1
510832,hostaway,2027-04-13T00:00:00.000000,1,0,0,0,1,455.0,1
510832,hostaway,2027-04-14T00:00:00.000000,1,0,0,0,1,455.0,1
510832,hostaway,2027-04-15T00:00:00.000000,1,0,0,0,1,684.0,1
510832,hostaway,2027-04-16T00:00:00.000000,1,0,0,0,1,811.0,1
510832,hostaway,2027-04-17T00:00:00.000000,1,0,0,0,1,811.0,1
510832,hostaway,2027-04-18T00:00:00.000000,1,0,0,0,1,684.0,1
510832,hostaway,2027-04-19T00:00:00.000000,1,0,0,0,1,455.0,1
510832,hostaway,2027-04-20T00:00:00.000000,1,0,0,0,1,455.0,1
510832,hostaway,2027-04-21T00:00:00.000000,1,0,0,0,1,455.0,1
510832,hostaway,2027-04-22T00:00:00.000000,1,0,0,0,1,974.0,1
510832,hostaway,2027-04-23T00:00:00.000000,1,0,0,0,1,1153.0,1
510832,hostaway,2027-04-24T00:00:00.000000,1,0,0,0,1,1153.0,1
510832,hostaway,2027-04-25T00:00:00.000000,1,0,0,0,1,974.0,1
510832,hostaway,2027-04-26T00:00:00.000000,1,0,0,0,1,654.0,1
510832,hostaway,2027-04-27T00:00:00.000000,1,0,0,0,1,654.0,1
510832,hostaway,2027-04-28T00:00:00.000000,1,0,0,0,1,654.0,1
510832,hostaway,2027-04-29T00:00:00.000000,1,0,0,0,1,974.0,1
510832,hostaway,2027-04-30T00:00:00.000000,1,0,0,0,1,1153.0,1
510832,hostaway,2027-05-01T00:00:00.000000,1,0,0,0,1,1153.0,1
510832,hostaway,2027-05-02T00:00:00.000000,1,0,0,0,1,974.0,1
510832,hostaway,2027-05-03T00:00:00.000000,1,0,0,0,1,654.0,1
510832,hostaway,2027-05-04T00:00:00.000000,1,0,0,0,1,654.0,1
510832,hostaway,2027-05-05T00:00:00.000000,1,0,0,0,1,654.0,1
510832,hostaway,2027-05-06T00:00:00.000000,1,0,0,0,1,911.0,1
510832,hostaway,2027-05-07T00:00:00.000000,1,0,0,0,1,1130.0,1
510832,hostaway,2027-05-08T00:00:00.000000,1,0,0,0,1,1130.0,1
510832,hostaway,2027-05-09T00:00:00.000000,1,0,0,0,1,914.0,1
510832,hostaway,2027-05-10T00:00:00.000000,1,0,0,0,1,573.0,1
510832,hostaway,2027-05-11T00:00:00.000000,1,0,0,0,1,573.0,1
510832,hostaway,2027-05-12T00:00:00.000000,1,0,0,0,1,575.0,1
510832,hostaway,2027-05-13T00:00:00.000000,1,0,0,0,1,882.0,1
510832,hostaway,2027-05-14T00:00:00.000000,1,0,0,0,1,1099.0,1
510832,hostaway,2027-05-15T00:00:00.000000,1,0,0,0,1,1103.0,1
510832,hostaway,2027-05-16T00:00:00.000000,1,0,0,0,1,891.0,1
510832,hostaway,2027-05-17T00:00:00.000000,1,0,0,0,1,590.0,1
510832,hostaway,2027-05-18T00:00:00.000000,1,0,0,0,1,592.0,1
510832,hostaway,2027-05-19T00:00:00.000000,1,0,0,0,1,592.0,1
510832,hostaway,2027-05-20T00:00:00.000000,1,0,0,0,1,903.0,1
510832,hostaway,2027-05-21T00:00:00.000000,1,0,0,0,1,1126.0,1
510832,hostaway,2027-05-22T00:00:00.000000,1,0,0,0,1,1128.0,1
510832,hostaway,2027-05-23T00:00:00.000000,1,0,0,0,1,914.0,1
510832,hostaway,2027-05-24T00:00:00.000000,1,0,0,0,1,609.0,1
510832,hostaway,2027-05-25T00:00:00.000000,1,0,0,0,1,610.0,1
510832,hostaway,2027-05-26T00:00:00.000000,1,0,0,0,1,612.0,1
510832,hostaway,2027-05-27T00:00:00.000000,1,0,0,0,1,1029.0,1
510832,hostaway,2027-05-28T00:00:00.000000,1,0,0,0,1,1586.0,1
510832,hostaway,2027-05-29T00:00:00.000000,1,0,0,0,1,1591.0,1
510832,hostaway,2027-05-30T00:00:00.000000,1,0,0,0,1,1089.0,1
510832,hostaway,2027-05-31T00:00:00.000000,1,0,0,0,1,790.0,1
510832,hostaway,2027-06-01T00:00:00.000000,1,0,0,0,1,658.0,1
510832,hostaway,2027-06-02T00:00:00.000000,1,0,0,0,1,632.0,1
510832,hostaway,2027-06-03T00:00:00.000000,1,0,0,0,1,954.0,1
510832,hostaway,2027-06-04T00:00:00.000000,1,0,0,0,1,1183.0,1
510832,hostaway,2027-06-05T00:00:00.000000,1,0,0,0,1,1187.0,1
510832,hostaway,2027-06-06T00:00:00.000000,1,0,0,0,1,964.0,1
510832,hostaway,2027-06-07T00:00:00.000000,1,0,0,0,1,643.0,1
510832,hostaway,2027-06-08T00:00:00.000000,1,0,0,0,1,646.0,1
510832,hostaway,2027-06-09T00:00:00.000000,1,0,0,0,1,649.0,1
510832,hostaway,2027-06-10T00:00:00.000000,1,0,0,0,1,977.0,1
510832,hostaway,2027-06-11T00:00:00.000000,1,0,0,0,1,1211.0,1
510832,hostaway,2027-06-12T00:00:00.000000,1,0,0,0,1,1215.0,1
510832,hostaway,2027-06-13T00:00:00.000000,1,0,0,0,1,988.0,1
510832,hostaway,2027-06-14T00:00:00.000000,1,0,0,0,1,660.0,1
510832,hostaway,2027-06-15T00:00:00.000000,1,0,0,0,1,697.0,1
510832,hostaway,2027-06-16T00:00:00.000000,1,0,0,0,1,699.0,1
510832,hostaway,2027-06-17T00:00:00.000000,1,0,0,0,1,1000.0,1
510832,hostaway,2027-06-18T00:00:00.000000,1,0,0,0,1,1239.0,1
510832,hostaway,2027-06-19T00:00:00.000000,1,0,0,0,1,1243.0,1
510832,hostaway,2027-06-20T00:00:00.000000,1,0,0,0,1,1011.0,1
510832,hostaway,2027-06-21T00:00:00.000000,1,0,0,0,1,678.0,1
510832,hostaway,2027-06-22T00:00:00.000000,1,0,0,0,1,716.0,1
510832,hostaway,2027-06-23T00:00:00.000000,1,0,0,0,1,684.0,1
510832,hostaway,2027-06-24T00:00:00.000000,1,0,0,0,1,1123.0,1
510832,hostaway,2027-06-25T00:00:00.000000,1,0,0,0,1,1385.0,1
510832,hostaway,2027-06-26T00:00:00.000000,1,0,0,0,1,1385.0,1
510832,hostaway,2027-06-27T00:00:00.000000,1,0,0,0,1,1123.0,1
510832,hostaway,2027-06-28T00:00:00.000000,1,0,0,0,1,684.0,1
510832,hostaway,2027-06-29T00:00:00.000000,1,0,0,0,1,684.0,1
510832,hostaway,2027-06-30T00:00:00.000000,1,0,0,0,1,684.0,1
510832,hostaway,2027-07-01T00:00:00.000000,1,0,0,0,1,1123.0,1
510832,hostaway,2027-07-02T00:00:00.000000,1,0,0,0,1,2026.0,1
510832,hostaway,2027-07-03T00:00:00.000000,1,0,0,0,1,2026.0,1
510832,hostaway,2027-07-04T00:00:00.000000,1,0,0,0,1,1235.0,1
510832,hostaway,2027-07-05T00:00:00.000000,1,0,0,0,1,714.0,1
510832,hostaway,2027-07-06T00:00:00.000000,1,0,0,0,1,714.0,1
510832,hostaway,2027-07-07T00:00:00.000000,1,0,0,0,1,714.0,1
510832,hostaway,2027-07-08T00:00:00.000000,1,0,0,0,1,1109.0,1
510832,hostaway,2027-07-09T00:00:00.000000,1,0,0,0,1,1842.0,1
510832,hostaway,2027-07-10T00:00:00.000000,1,0,0,0,1,1842.0,1
510832,hostaway,2027-07-11T00:00:00.000000,1,0,0,0,1,1109.0,1
510832,hostaway,2027-07-12T00:00:00.000000,1,0,0,0,1,714.0,1
510832,hostaway,2027-07-13T00:00:00.000000,1,0,0,0,1,714.0,1
510832,hostaway,2027-07-14T00:00:00.000000,1,0,0,0,1,714.0,1
510832,hostaway,2027-07-15T00:00:00.000000,1,0,0,0,1,1109.0,1
510832,hostaway,2027-07-16T00:00:00.000000,1,0,0,0,1,1842.0,1
510832,hostaway,2027-07-17T00:00:00.000000,1,0,0,0,1,1842.0,1
510832,hostaway,2027-07-18T00:00:00.000000,1,0,0,0,1,1109.0,1
510832,hostaway,2027-07-19T00:00:00.000000,1,0,0,0,1,714.0,1
510832,hostaway,2027-07-20T00:00:00.000000,1,0,0,0,1,714.0,1
510832,hostaway,2027-07-21T00:00:00.000000,1,0,0,0,1,714.0,1
510832,hostaway,2027-07-22T00:00:00.000000,1,0,0,0,1,1109.0,1
510832,hostaway,2027-07-23T00:00:00.000000,1,0,0,0,1,1842.0,1
510832,hostaway,2027-07-24T00:00:00.000000,1,0,0,0,1,1842.0,1
510832,hostaway,2027-07-25T00:00:00.000000,1,0,0,0,1,1109.0,1
510832,hostaway,2027-07-26T00:00:00.000000,1,0,0,0,1,714.0,1
510832,hostaway,2027-07-27T00:00:00.000000,1,0,0,0,1,714.0,1
510832,hostaway,2027-07-28T00:00:00.000000,1,0,0,0,1,714.0,1
510832,hostaway,2027-07-29T00:00:00.000000,1,0,0,0,1,1109.0,1
510832,hostaway,2027-07-30T00:00:00.000000,1,0,0,0,1,1842.0,1
510832,hostaway,2027-07-31T00:00:00.000000,1,0,0,0,1,1842.0,1
510832,hostaway,2027-08-01T00:00:00.000000,1,0,0,0,1,1109.0,1
510832,hostaway,2027-08-02T00:00:00.000000,1,0,0,0,1,714.0,1
510832,hostaway,2027-08-03T00:00:00.000000,1,0,0,0,1,714.0,1
510832,hostaway,2027-08-04T00:00:00.000000,1,0,0,0,1,714.0,1
510832,hostaway,2027-08-05T00:00:00.000000,1,0,0,0,1,1109.0,1
510832,hostaway,2027-08-06T00:00:00.000000,1,0,0,0,1,1842.0,1
510832,hostaway,2027-08-07T00:00:00.000000,1,0,0,0,1,1842.0,1
510832,hostaway,2027-08-08T00:00:00.000000,1,0,0,0,1,1109.0,1
510832,hostaway,2027-08-09T00:00:00.000000,1,0,0,0,1,714.0,1
510832,hostaway,2027-08-10T00:00:00.000000,1,0,0,0,1,714.0,1
510832,hostaway,2027-08-11T00:00:00.000000,1,0,0,0,1,714.0,1
510832,hostaway,2027-08-12T00:00:00.000000,1,0,0,0,1,1109.0,1
510832,hostaway,2027-08-13T00:00:00.000000,1,0,0,0,1,1842.0,1
510832,hostaway,2027-08-14T00:00:00.000000,1,0,0,0,1,1842.0,1
510832,hostaway,2027-08-15T00:00:00.000000,1,0,0,0,1,1109.0,1
510832,hostaway,2027-08-16T00:00:00.000000,1,0,0,0,1,714.0,1
510832,hostaway,2027-08-17T00:00:00.000000,1,0,0,0,1,714.0,1
510832,hostaway,2027-08-18T00:00:00.000000,1,0,0,0,1,714.0,1
510832,hostaway,2027-08-19T00:00:00.000000,1,0,0,0,1,1109.0,1
510832,hostaway,2027-08-20T00:00:00.000000,1,0,0,0,1,1842.0,1
510832,hostaway,2027-08-21T00:00:00.000000,1,0,0,0,1,1842.0,1
510832,hostaway,2027-08-22T00:00:00.000000,1,0,0,0,1,1109.0,1
510832,hostaway,2027-08-23T00:00:00.000000,1,0,0,0,1,714.0,1
510832,hostaway,2027-08-24T00:00:00.000000,1,0,0,0,1,714.0,1
510832,hostaway,2027-08-25T00:00:00.000000,1,0,0,0,1,714.0,1
510832,hostaway,2027-08-26T00:00:00.000000,1,0,0,0,1,1109.0,1
510832,hostaway,2027-08-27T00:00:00.000000,1,0,0,0,1,1842.0,1
510832,hostaway,2027-08-28T00:00:00.000000,1,0,0,0,1,1842.0,1
510832,hostaway,2027-08-29T00:00:00.000000,1,0,0,0,1,1109.0,1
510832,hostaway,2027-08-30T00:00:00.000000,1,0,0,0,1,714.0,1
510832,hostaway,2027-08-31T00:00:00.000000,1,0,0,0,1,714.0,1
510832,hostaway,2027-09-01T00:00:00.000000,1,0,0,0,1,714.0,1
510832,hostaway,2027-09-02T00:00:00.000000,1,0,0,0,1,1021.0,1
510832,hostaway,2027-09-03T00:00:00.000000,1,0,0,0,1,1511.0,1
510832,hostaway,2027-09-04T00:00:00.000000,1,0,0,0,1,1511.0,1
510832,hostaway,2027-09-05T00:00:00.000000,1,0,0,0,1,1072.0,1
510832,hostaway,2027-09-06T00:00:00.000000,1,0,0,0,1,821.0,1
510832,hostaway,2027-09-07T00:00:00.000000,1,0,0,0,1,684.0,1
510832,hostaway,2027-09-08T00:00:00.000000,1,0,0,0,1,684.0,1
510832,hostaway,2027-09-09T00:00:00.000000,1,0,0,0,1,1021.0,1
510832,hostaway,2027-09-10T00:00:00.000000,1,0,0,0,1,1259.0,1
510832,hostaway,2027-09-11T00:00:00.000000,1,0,0,0,1,1259.0,1
510832,hostaway,2027-09-12T00:00:00.000000,1,0,0,0,1,1021.0,1
510832,hostaway,2027-09-13T00:00:00.000000,1,0,0,0,1,684.0,1
510832,hostaway,2027-09-14T00:00:00.000000,1,0,0,0,1,684.0,1
510832,hostaway,2027-09-15T00:00:00.000000,1,0,0,0,1,684.0,1
510832,hostaway,2027-09-16T00:00:00.000000,1,0,0,0,1,1021.0,1
510832,hostaway,2027-09-17T00:00:00.000000,1,0,0,0,1,1259.0,1
510832,hostaway,2027-09-18T00:00:00.000000,1,0,0,0,1,1259.0,1
510832,hostaway,2027-09-19T00:00:00.000000,1,0,0,0,1,1021.0,1
510832,hostaway,2027-09-20T00:00:00.000000,1,0,0,0,1,684.0,1
510832,hostaway,2027-09-21T00:00:00.000000,1,0,0,0,1,684.0,1
510832,hostaway,2027-09-22T00:00:00.000000,1,0,0,0,1,684.0,1
510832,hostaway,2027-09-23T00:00:00.000000,1,0,0,0,1,1021.0,1
510832,hostaway,2027-09-24T00:00:00.000000,1,0,0,0,1,1259.0,1
510832,hostaway,2027-09-25T00:00:00.000000,1,0,0,0,1,1259.0,1
510832,hostaway,2027-09-26T00:00:00.000000,1,0,0,0,1,1021.0,1
510832,hostaway,2027-09-27T00:00:00.000000,1,0,0,0,1,684.0,1
510832,hostaway,2027-09-28T00:00:00.000000,1,0,0,0,1,684.0,1
510832,hostaway,2027-09-29T00:00:00.000000,1,0,0,0,1,684.0,1
510832,hostaway,2027-09-30T00:00:00.000000,1,0,0,0,1,1021.0,1
510832,hostaway,2027-10-01T00:00:00.000000,1,0,0,0,1,1259.0,1
510832,hostaway,2027-10-02T00:00:00.000000,1,0,0,0,1,1259.0,1
510832,hostaway,2027-10-03T00:00:00.000000,1,0,0,0,1,1021.0,1
510832,hostaway,2027-10-04T00:00:00.000000,1,0,0,0,1,684.0,1
510832,hostaway,2027-10-05T00:00:00.000000,1,0,0,0,1,684.0,1
510832,hostaway,2027-10-06T00:00:00.000000,1,0,0,0,1,684.0,1
510832,hostaway,2027-10-07T00:00:00.000000,1,0,0,0,1,1021.0,1
510832,hostaway,2027-10-08T00:00:00.000000,1,0,0,0,1,1259.0,1
510832,hostaway,2027-10-09T00:00:00.000000,1,0,0,0,1,1259.0,1
510832,hostaway,2027-10-10T00:00:00.000000,1,0,0,0,1,1021.0,1
510832,hostaway,2027-10-11T00:00:00.000000,1,0,0,0,1,684.0,1
510832,hostaway,2027-10-12T00:00:00.000000,1,0,0,0,1,684.0,1
510832,hostaway,2027-10-13T00:00:00.000000,1,0,0,0,1,684.0,1
510832,hostaway,2027-10-14T00:00:00.000000,1,0,0,0,1,1021.0,1
510832,hostaway,2027-10-15T00:00:00.000000,1,0,0,0,1,1259.0,1
510832,hostaway,2027-10-16T00:00:00.000000,1,0,0,0,1,1259.0,1
510832,hostaway,2027-10-17T00:00:00.000000,1,0,0,0,1,1021.0,1
510832,hostaway,2027-10-18T00:00:00.000000,1,0,0,0,1,684.0,1
510832,hostaway,2027-10-19T00:00:00.000000,1,0,0,0,1,684.0,1
510832,hostaway,2027-10-20T00:00:00.000000,1,0,0,0,1,684.0,1
510832,hostaway,2027-10-21T00:00:00.000000,1,0,0,0,1,1021.0,1
510832,hostaway,2027-10-22T00:00:00.000000,1,0,0,0,1,1259.0,1
510832,hostaway,2027-10-23T00:00:00.000000,1,0,0,0,1,1259.0,1
510832,hostaway,2027-10-24T00:00:00.000000,1,0,0,0,1,1021.0,1
510832,hostaway,2027-10-25T00:00:00.000000,1,0,0,0,1,684.0,1
510832,hostaway,2027-10-26T00:00:00.000000,1,0,0,0,1,684.0,1
510832,hostaway,2027-10-27T00:00:00.000000,1,0,0,0,1,684.0,1
510832,hostaway,2027-10-28T00:00:00.000000,1,0,0,0,1,1021.0,1
510832,hostaway,2027-10-29T00:00:00.000000,1,0,0,0,1,1259.0,1
510832,hostaway,2027-10-30T00:00:00.000000,1,0,0,0,1,1259.0,1
510832,hostaway,2027-10-31T00:00:00.000000,1,0,0,0,1,1021.0,1
510832,hostaway,2027-11-01T00:00:00.000000,1,0,0,0,1,391.0,1
510832,hostaway,2027-11-02T00:00:00.000000,1,0,0,0,1,391.0,1
510832,hostaway,2027-11-03T00:00:00.000000,1,0,0,0,1,391.0,1
510832,hostaway,2027-11-04T00:00:00.000000,1,0,0,0,1,494.0,1
510832,hostaway,2027-11-05T00:00:00.000000,1,0,0,0,1,1309.0,1
510832,hostaway,2027-11-06T00:00:00.000000,1,0,0,0,1,1309.0,1
510832,hostaway,2027-11-07T00:00:00.000000,1,0,0,0,1,1087.0,1
510832,hostaway,2027-11-08T00:00:00.000000,1,0,0,0,1,391.0,1
510832,hostaway,2027-11-09T00:00:00.000000,1,0,0,0,1,391.0,1
510832,hostaway,2027-11-10T00:00:00.000000,1,0,0,0,1,391.0,1
510832,hostaway,2027-11-11T00:00:00.000000,1,0,0,0,1,494.0,1
510832,hostaway,2027-11-12T00:00:00.000000,1,0,0,0,1,595.0,1
510832,hostaway,2027-11-13T00:00:00.000000,1,0,0,0,1,595.0,1
510832,hostaway,2027-11-14T00:00:00.000000,1,0,0,0,1,494.0,1
510832,hostaway,2027-11-15T00:00:00.000000,1,0,0,0,1,391.0,1
510832,hostaway,2027-11-16T00:00:00.000000,1,0,0,0,1,391.0,1
510832,hostaway,2027-11-17T00:00:00.000000,1,0,0,0,1,391.0,1
510832,hostaway,2027-11-18T00:00:00.000000,1,0,0,0,1,494.0,1
510832,hostaway,2027-11-19T00:00:00.000000,1,0,0,0,1,595.0,1
510832,hostaway,2027-11-20T00:00:00.000000,1,0,0,0,1,595.0,1
510832,hostaway,2027-11-21T00:00:00.000000,1,0,0,0,1,494.0,1
510832,hostaway,2027-11-22T00:00:00.000000,1,0,0,0,1,391.0,1
510832,hostaway,2027-11-23T00:00:00.000000,1,0,0,0,1,391.0,1
510832,hostaway,2027-11-24T00:00:00.000000,1,0,0,0,1,391.0,1
510832,hostaway,2027-11-25T00:00:00.000000,1,0,0,0,1,840.0,1
510832,hostaway,2027-11-26T00:00:00.000000,1,0,0,0,1,1012.0,1
510832,hostaway,2027-11-27T00:00:00.000000,1,0,0,0,1,1012.0,1
510832,hostaway,2027-11-28T00:00:00.000000,1,0,0,0,1,692.0,1
510832,hostaway,2027-11-29T00:00:00.000000,1,0,0,0,1,339.0,1
510832,hostaway,2027-11-30T00:00:00.000000,1,0,0,0,1,339.0,1
510832,hostaway,2027-12-01T00:00:00.000000,1,0,0,0,1,339.0,1
510832,hostaway,2027-12-02T00:00:00.000000,1,0,0,0,1,414.0,1
510832,hostaway,2027-12-03T00:00:00.000000,1,0,0,0,1,574.0,1
510832,hostaway,2027-12-04T00:00:00.000000,1,0,0,0,1,574.0,1
510832,hostaway,2027-12-05T00:00:00.000000,1,0,0,0,1,414.0,1
510832,hostaway,2027-12-06T00:00:00.000000,1,0,0,0,1,339.0,1
510832,hostaway,2027-12-07T00:00:00.000000,1,0,0,0,1,339.0,1
510832,hostaway,2027-12-08T00:00:00.000000,1,0,0,0,1,339.0,1
510832,hostaway,2027-12-09T00:00:00.000000,1,0,0,0,1,414.0,1
510832,hostaway,2027-12-10T00:00:00.000000,1,0,0,0,1,574.0,1
510832,hostaway,2027-12-11T00:00:00.000000,1,0,0,0,1,574.0,1
510832,hostaway,2027-12-12T00:00:00.000000,1,0,0,0,1,414.0,1
510832,hostaway,2027-12-13T00:00:00.000000,1,0,0,0,1,339.0,1
510832,hostaway,2027-12-14T00:00:00.000000,1,0,0,0,1,339.0,1
510832,hostaway,2027-12-15T00:00:00.000000,1,0,0,0,1,339.0,1
510832,hostaway,2027-12-16T00:00:00.000000,1,0,0,0,1,414.0,1
510832,hostaway,2027-12-17T00:00:00.000000,1,0,0,0,1,861.0,1
510832,hostaway,2027-12-18T00:00:00.000000,1,0,0,0,1,861.0,1
510832,hostaway,2027-12-19T00:00:00.000000,1,0,0,0,1,621.0,1
510832,hostaway,2027-12-20T00:00:00.000000,1,0,0,0,1,509.0,1
510832,hostaway,2027-12-21T00:00:00.000000,1,0,0,0,1,509.0,1
510832,hostaway,2027-12-22T00:00:00.000000,1,0,0,0,1,509.0,1
510832,hostaway,2027-12-23T00:00:00.000000,1,0,0,0,1,621.0,1
510832,hostaway,2027-12-24T00:00:00.000000,1,0,0,0,1,2009.0,1
510832,hostaway,2027-12-25T00:00:00.000000,1,0,0,0,1,2009.0,1
510832,hostaway,2027-12-26T00:00:00.000000,1,0,0,0,1,2009.0,1
510832,hostaway,2027-12-27T00:00:00.000000,1,0,0,0,1,339.0,1
510832,hostaway,2027-12-28T00:00:00.000000,1,0,0,0,1,339.0,1
510832,hostaway,2027-12-29T00:00:00.000000,1,0,0,0,1,339.0,1
510832,hostaway,2027-12-30T00:00:00.000000,1,0,0,0,1,2210.0,1
510832,hostaway,2027-12-31T00:00:00.000000,1,0,0,0,1,2210.0,1
510832,hostaway,2028-01-01T00:00:00.000000,1,0,0,0,1,2210.0,1
510832,hostaway,2028-01-02T00:00:00.000000,1,0,0,0,1,1105.0,1
510832,hostaway,2028-01-03T00:00:00.000000,1,0,0,0,1,469.0,1
510832,hostaway,2028-01-04T00:00:00.000000,1,0,0,0,1,469.0,1
510832,hostaway,2028-01-05T00:00:00.000000,1,0,0,0,1,469.0,1
510832,hostaway,2028-01-06T00:00:00.000000,1,0,0,0,1,593.0,1
510832,hostaway,2028-01-07T00:00:00.000000,1,0,0,0,1,714.0,1
510832,hostaway,2028-01-08T00:00:00.000000,1,0,0,0,1,714.0,1
510832,hostaway,2028-01-09T00:00:00.000000,1,0,0,0,1,593.0,1
514132,hostaway,2026-05-24T00:00:00.000000,1,0,0,0,1,0.0,1
514132,hostaway,2026-05-25T00:00:00.000000,1,0,0,0,1,0.0,1
514132,hostaway,2026-05-26T00:00:00.000000,1,0,0,0,1,0.0,1
514132,hostaway,2026-05-27T00:00:00.000000,1,0,0,0,1,0.0,1
514132,hostaway,2026-05-28T00:00:00.000000,1,0,0,0,1,0.0,1
514132,hostaway,2026-05-29T00:00:00.000000,1,1,0,0,1,0.0,0
514132,hostaway,2026-05-30T00:00:00.000000,1,1,0,0,1,0.0,0
514132,hostaway,2026-05-31T00:00:00.000000,1,1,0,0,1,0.0,0
514132,hostaway,2026-06-01T00:00:00.000000,1,0,0,0,1,0.0,1
514132,hostaway,2026-06-02T00:00:00.000000,1,0,0,0,1,0.0,1
514132,hostaway,2026-06-03T00:00:00.000000,1,0,0,0,1,0.0,1
514132,hostaway,2026-06-04T00:00:00.000000,1,0,0,0,1,0.0,1
514132,hostaway,2026-06-05T00:00:00.000000,1,1,0,0,1,0.0,0
514132,hostaway,2026-06-06T00:00:00.000000,1,1,0,0,1,0.0,0
514132,hostaway,2026-06-07T00:00:00.000000,1,0,0,0,1,0.0,1
514132,hostaway,2026-06-08T00:00:00.000000,1,1,0,0,1,0.0,0
514132,hostaway,2026-06-09T00:00:00.000000,1,0,0,0,1,0.0,1
514132,hostaway,2026-06-10T00:00:00.000000,1,0,0,0,1,0.0,1
514132,hostaway,2026-06-11T00:00:00.000000,1,0,0,0,1,0.0,1
514132,hostaway,2026-06-12T00:00:00.000000,1,1,0,0,1,0.0,0
514132,hostaway,2026-06-13T00:00:00.000000,1,1,0,0,1,0.0,0
514132,hostaway,2026-06-14T00:00:00.000000,1,0,0,0,1,0.0,1
514132,hostaway,2026-06-15T00:00:00.000000,1,1,0,0,1,0.0,0
514132,hostaway,2026-06-16T00:00:00.000000,1,1,0,0,1,0.0,0
514132,hostaway,2026-06-17T00:00:00.000000,1,0,0,0,1,0.0,1
514132,hostaway,2026-06-18T00:00:00.000000,1,0,0,0,1,0.0,1
514132,hostaway,2026-06-19T00:00:00.000000,1,1,0,0,1,0.0,0
514132,hostaway,2026-06-20T00:00:00.000000,1,1,0,0,1,0.0,0
514132,hostaway,2026-06-21T00:00:00.000000,1,1,0,0,1,0.0,0
514132,hostaway,2026-06-22T00:00:00.000000,1,1,0,0,1,0.0,0
514132,hostaway,2026-06-23T00:00:00.000000,1,1,0,0,1,436.0,0
514132,hostaway,2026-06-24T00:00:00.000000,1,1,0,0,1,436.0,0
514132,hostaway,2026-06-25T00:00:00.000000,1,1,0,0,1,316.0,0
514132,hostaway,2026-06-26T00:00:00.000000,1,1,0,0,1,372.0,0
514132,hostaway,2026-06-27T00:00:00.000000,1,1,0,0,1,395.0,0
514132,hostaway,2026-06-28T00:00:00.000000,1,0,0,0,1,300.0,1
514132,hostaway,2026-06-29T00:00:00.000000,1,0,0,0,1,315.0,1
514132,hostaway,2026-06-30T00:00:00.000000,1,1,0,0,1,399.0,0
514132,hostaway,2026-07-01T00:00:00.000000,1,0,0,0,1,315.0,1
514132,hostaway,2026-07-02T00:00:00.000000,1,0,0,0,1,530.0,1
514132,hostaway,2026-07-03T00:00:00.000000,1,0,0,0,1,840.0,1
514132,hostaway,2026-07-04T00:00:00.000000,1,0,0,0,1,998.0,1
514132,hostaway,2026-07-05T00:00:00.000000,1,0,0,0,1,682.0,1
514132,hostaway,2026-07-06T00:00:00.000000,1,0,0,0,1,409.0,1
514132,hostaway,2026-07-07T00:00:00.000000,1,0,0,0,1,409.0,1
514132,hostaway,2026-07-08T00:00:00.000000,1,0,0,0,1,409.0,1
514132,hostaway,2026-07-09T00:00:00.000000,1,0,0,0,1,735.0,1
514132,hostaway,2026-07-10T00:00:00.000000,1,0,0,0,1,868.0,1
514132,hostaway,2026-07-11T00:00:00.000000,1,0,0,0,1,1021.0,1
514132,hostaway,2026-07-12T00:00:00.000000,1,0,0,0,1,735.0,1
514132,hostaway,2026-07-13T00:00:00.000000,1,1,0,0,1,724.0,0
514132,hostaway,2026-07-14T00:00:00.000000,1,1,0,0,1,724.0,0
514132,hostaway,2026-07-15T00:00:00.000000,1,1,0,0,1,724.0,0
514132,hostaway,2026-07-16T00:00:00.000000,1,0,0,0,1,817.0,1
514132,hostaway,2026-07-17T00:00:00.000000,1,0,0,0,1,1136.0,1
514132,hostaway,2026-07-18T00:00:00.000000,1,0,0,0,1,1136.0,1
514132,hostaway,2026-07-19T00:00:00.000000,1,0,0,0,1,817.0,1
514132,hostaway,2026-07-20T00:00:00.000000,1,0,0,0,1,551.0,1
514132,hostaway,2026-07-21T00:00:00.000000,1,0,0,0,1,551.0,1
514132,hostaway,2026-07-22T00:00:00.000000,1,0,0,0,1,551.0,1
514132,hostaway,2026-07-23T00:00:00.000000,1,0,0,0,1,817.0,1
514132,hostaway,2026-07-24T00:00:00.000000,1,0,0,0,1,1136.0,1
514132,hostaway,2026-07-25T00:00:00.000000,1,0,0,0,1,1136.0,1
514132,hostaway,2026-07-26T00:00:00.000000,1,0,0,0,1,817.0,1
514132,hostaway,2026-07-27T00:00:00.000000,1,0,0,0,1,551.0,1
514132,hostaway,2026-07-28T00:00:00.000000,1,0,0,0,1,551.0,1
514132,hostaway,2026-07-29T00:00:00.000000,1,0,0,0,1,551.0,1
514132,hostaway,2026-07-30T00:00:00.000000,1,0,0,0,1,672.0,1
514132,hostaway,2026-07-31T00:00:00.000000,1,0,0,0,1,1136.0,1
514132,hostaway,2026-08-01T00:00:00.000000,1,0,0,0,1,1136.0,1
514132,hostaway,2026-08-02T00:00:00.000000,1,0,0,0,1,672.0,1
514132,hostaway,2026-08-03T00:00:00.000000,1,0,0,0,1,538.0,1
514132,hostaway,2026-08-04T00:00:00.000000,1,0,0,0,1,538.0,1
514132,hostaway,2026-08-05T00:00:00.000000,1,0,0,0,1,538.0,1
514132,hostaway,2026-08-06T00:00:00.000000,1,0,0,0,1,790.0,1
514132,hostaway,2026-08-07T00:00:00.000000,1,0,0,0,1,1185.0,1
514132,hostaway,2026-08-08T00:00:00.000000,1,0,0,0,1,1185.0,1
514132,hostaway,2026-08-09T00:00:00.000000,1,0,0,0,1,790.0,1
514132,hostaway,2026-08-10T00:00:00.000000,1,0,0,0,1,691.0,1
514132,hostaway,2026-08-11T00:00:00.000000,1,0,0,0,1,691.0,1
514132,hostaway,2026-08-12T00:00:00.000000,1,0,0,0,1,592.0,1
514132,hostaway,2026-08-13T00:00:00.000000,1,0,0,0,1,790.0,1
514132,hostaway,2026-08-14T00:00:00.000000,1,0,0,0,1,1185.0,1
514132,hostaway,2026-08-15T00:00:00.000000,1,0,0,0,1,1185.0,1
514132,hostaway,2026-08-16T00:00:00.000000,1,0,0,0,1,790.0,1
514132,hostaway,2026-08-17T00:00:00.000000,1,0,0,0,1,538.0,1
514132,hostaway,2026-08-18T00:00:00.000000,1,0,0,0,1,538.0,1
514132,hostaway,2026-08-19T00:00:00.000000,1,0,0,0,1,538.0,1
514132,hostaway,2026-08-20T00:00:00.000000,1,0,0,0,1,790.0,1
514132,hostaway,2026-08-21T00:00:00.000000,1,0,0,0,1,1185.0,1
514132,hostaway,2026-08-22T00:00:00.000000,1,0,0,0,1,1363.0,1
514132,hostaway,2026-08-23T00:00:00.000000,1,0,0,0,1,790.0,1
514132,hostaway,2026-08-24T00:00:00.000000,1,0,0,0,1,538.0,1
514132,hostaway,2026-08-25T00:00:00.000000,1,0,0,0,1,538.0,1
514132,hostaway,2026-08-26T00:00:00.000000,1,0,0,0,1,538.0,1
514132,hostaway,2026-08-27T00:00:00.000000,1,0,0,0,1,790.0,1
514132,hostaway,2026-08-28T00:00:00.000000,1,0,0,0,1,1185.0,1
514132,hostaway,2026-08-29T00:00:00.000000,1,0,0,0,1,1185.0,1
514132,hostaway,2026-08-30T00:00:00.000000,1,0,0,0,1,790.0,1
514132,hostaway,2026-08-31T00:00:00.000000,1,0,0,0,1,408.0,1
514132,hostaway,2026-09-01T00:00:00.000000,1,0,0,0,1,408.0,1
514132,hostaway,2026-09-02T00:00:00.000000,1,0,0,0,1,408.0,1
514132,hostaway,2026-09-03T00:00:00.000000,1,0,0,0,1,612.0,1
514132,hostaway,2026-09-04T00:00:00.000000,1,0,0,0,1,1290.0,1
514132,hostaway,2026-09-05T00:00:00.000000,1,0,0,0,1,1290.0,1
514132,hostaway,2026-09-06T00:00:00.000000,1,0,0,0,1,956.0,1
514132,hostaway,2026-09-07T00:00:00.000000,1,0,0,0,1,506.0,1
514132,hostaway,2026-09-08T00:00:00.000000,1,0,0,0,1,455.0,1
514132,hostaway,2026-09-09T00:00:00.000000,1,0,0,0,1,455.0,1
514132,hostaway,2026-09-10T00:00:00.000000,1,0,0,0,1,612.0,1
514132,hostaway,2026-09-11T00:00:00.000000,1,0,0,0,1,1228.0,1
514132,hostaway,2026-09-12T00:00:00.000000,1,0,0,0,1,1228.0,1
514132,hostaway,2026-09-13T00:00:00.000000,1,0,0,0,1,714.0,1
514132,hostaway,2026-09-14T00:00:00.000000,1,0,0,0,1,455.0,1
514132,hostaway,2026-09-15T00:00:00.000000,1,0,0,0,1,455.0,1
514132,hostaway,2026-09-16T00:00:00.000000,1,0,0,0,1,455.0,1
514132,hostaway,2026-09-17T00:00:00.000000,1,0,0,0,1,612.0,1
514132,hostaway,2026-09-18T00:00:00.000000,1,0,0,0,1,911.0,1
514132,hostaway,2026-09-19T00:00:00.000000,1,0,0,0,1,911.0,1
514132,hostaway,2026-09-20T00:00:00.000000,1,0,0,0,1,612.0,1
514132,hostaway,2026-09-21T00:00:00.000000,1,0,0,0,1,500.0,1
514132,hostaway,2026-09-22T00:00:00.000000,1,0,0,0,1,500.0,1
514132,hostaway,2026-09-23T00:00:00.000000,1,0,0,0,1,500.0,1
514132,hostaway,2026-09-24T00:00:00.000000,1,0,0,0,1,612.0,1
514132,hostaway,2026-09-25T00:00:00.000000,1,0,0,0,1,1063.0,1
514132,hostaway,2026-09-26T00:00:00.000000,1,0,0,0,1,1063.0,1
514132,hostaway,2026-09-27T00:00:00.000000,1,0,0,0,1,711.0,1
514132,hostaway,2026-09-28T00:00:00.000000,1,0,0,0,1,536.0,1
514132,hostaway,2026-09-29T00:00:00.000000,1,0,0,0,1,536.0,1
514132,hostaway,2026-09-30T00:00:00.000000,1,0,0,0,1,536.0,1
514132,hostaway,2026-10-01T00:00:00.000000,1,0,0,0,1,711.0,1
514132,hostaway,2026-10-02T00:00:00.000000,1,0,0,0,1,1063.0,1
514132,hostaway,2026-10-03T00:00:00.000000,1,0,0,0,1,1063.0,1
514132,hostaway,2026-10-04T00:00:00.000000,1,0,0,0,1,711.0,1
514132,hostaway,2026-10-05T00:00:00.000000,1,0,0,0,1,376.0,1
514132,hostaway,2026-10-06T00:00:00.000000,1,0,0,0,1,376.0,1
514132,hostaway,2026-10-07T00:00:00.000000,1,0,0,0,1,376.0,1
514132,hostaway,2026-10-08T00:00:00.000000,1,0,0,0,1,514.0,1
514132,hostaway,2026-10-09T00:00:00.000000,1,0,0,0,1,766.0,1
514132,hostaway,2026-10-10T00:00:00.000000,1,0,0,0,1,766.0,1
514132,hostaway,2026-10-11T00:00:00.000000,1,1,0,0,1,514.0,0
514132,hostaway,2026-10-12T00:00:00.000000,1,1,0,0,1,376.0,0
514132,hostaway,2026-10-13T00:00:00.000000,1,1,0,0,1,376.0,0
514132,hostaway,2026-10-14T00:00:00.000000,1,1,0,0,1,376.0,0
514132,hostaway,2026-10-15T00:00:00.000000,1,1,0,0,1,514.0,0
514132,hostaway,2026-10-16T00:00:00.000000,1,1,0,0,1,766.0,0
514132,hostaway,2026-10-17T00:00:00.000000,1,0,0,0,1,766.0,1
514132,hostaway,2026-10-18T00:00:00.000000,1,0,0,0,1,514.0,1
514132,hostaway,2026-10-19T00:00:00.000000,1,0,0,0,1,376.0,1
514132,hostaway,2026-10-20T00:00:00.000000,1,0,0,0,1,376.0,1
514132,hostaway,2026-10-21T00:00:00.000000,1,0,0,0,1,376.0,1
514132,hostaway,2026-10-22T00:00:00.000000,1,0,0,0,1,514.0,1
514132,hostaway,2026-10-23T00:00:00.000000,1,0,0,0,1,766.0,1
514132,hostaway,2026-10-24T00:00:00.000000,1,0,0,0,1,766.0,1
514132,hostaway,2026-10-25T00:00:00.000000,1,0,0,0,1,514.0,1
514132,hostaway,2026-10-26T00:00:00.000000,1,0,0,0,1,376.0,1
514132,hostaway,2026-10-27T00:00:00.000000,1,0,0,0,1,376.0,1
514132,hostaway,2026-10-28T00:00:00.000000,1,0,0,0,1,376.0,1
514132,hostaway,2026-10-29T00:00:00.000000,1,0,0,0,1,514.0,1
514132,hostaway,2026-10-30T00:00:00.000000,1,0,0,0,1,766.0,1
514132,hostaway,2026-10-31T00:00:00.000000,1,0,0,0,1,766.0,1
514132,hostaway,2026-11-01T00:00:00.000000,1,0,0,0,1,514.0,1
514132,hostaway,2026-11-02T00:00:00.000000,1,0,0,0,1,315.0,1
514132,hostaway,2026-11-03T00:00:00.000000,1,0,0,0,1,315.0,1
514132,hostaway,2026-11-04T00:00:00.000000,1,0,0,0,1,315.0,1
514132,hostaway,2026-11-05T00:00:00.000000,1,0,0,0,1,376.0,1
514132,hostaway,2026-11-06T00:00:00.000000,1,0,0,0,1,582.0,1
514132,hostaway,2026-11-07T00:00:00.000000,1,0,0,0,1,582.0,1
514132,hostaway,2026-11-08T00:00:00.000000,1,0,0,0,1,376.0,1
514132,hostaway,2026-11-09T00:00:00.000000,1,0,0,0,1,315.0,1
514132,hostaway,2026-11-10T00:00:00.000000,1,0,0,0,1,315.0,1
514132,hostaway,2026-11-11T00:00:00.000000,1,0,0,0,1,315.0,1
514132,hostaway,2026-11-12T00:00:00.000000,1,0,0,0,1,376.0,1
514132,hostaway,2026-11-13T00:00:00.000000,1,0,0,0,1,582.0,1
514132,hostaway,2026-11-14T00:00:00.000000,1,0,0,0,1,582.0,1
514132,hostaway,2026-11-15T00:00:00.000000,1,0,0,0,1,376.0,1
514132,hostaway,2026-11-16T00:00:00.000000,1,0,0,0,1,315.0,1
514132,hostaway,2026-11-17T00:00:00.000000,1,0,0,0,1,315.0,1
514132,hostaway,2026-11-18T00:00:00.000000,1,0,0,0,1,315.0,1
514132,hostaway,2026-11-19T00:00:00.000000,1,0,0,0,1,376.0,1
514132,hostaway,2026-11-20T00:00:00.000000,1,0,0,0,1,582.0,1
514132,hostaway,2026-11-21T00:00:00.000000,1,0,0,0,1,582.0,1
514132,hostaway,2026-11-22T00:00:00.000000,1,0,0,0,1,376.0,1
514132,hostaway,2026-11-23T00:00:00.000000,1,0,0,0,1,315.0,1
514132,hostaway,2026-11-24T00:00:00.000000,1,0,0,0,1,315.0,1
514132,hostaway,2026-11-25T00:00:00.000000,1,0,0,0,1,315.0,1
514132,hostaway,2026-11-26T00:00:00.000000,1,0,0,0,1,558.0,1
514132,hostaway,2026-11-27T00:00:00.000000,1,0,0,0,1,582.0,1
514132,hostaway,2026-11-28T00:00:00.000000,1,0,0,0,1,582.0,1
514132,hostaway,2026-11-29T00:00:00.000000,1,0,0,0,1,376.0,1
514132,hostaway,2026-11-30T00:00:00.000000,1,0,0,0,1,315.0,1
514132,hostaway,2026-12-01T00:00:00.000000,1,0,0,0,1,315.0,1
514132,hostaway,2026-12-02T00:00:00.000000,1,0,0,0,1,315.0,1
514132,hostaway,2026-12-03T00:00:00.000000,1,0,0,0,1,406.0,1
514132,hostaway,2026-12-04T00:00:00.000000,1,0,0,0,1,627.0,1
514132,hostaway,2026-12-05T00:00:00.000000,1,0,0,0,1,627.0,1
514132,hostaway,2026-12-06T00:00:00.000000,1,0,0,0,1,406.0,1
514132,hostaway,2026-12-07T00:00:00.000000,1,0,0,0,1,315.0,1
514132,hostaway,2026-12-08T00:00:00.000000,1,0,0,0,1,315.0,1
514132,hostaway,2026-12-09T00:00:00.000000,1,0,0,0,1,315.0,1
514132,hostaway,2026-12-10T00:00:00.000000,1,0,0,0,1,406.0,1
514132,hostaway,2026-12-11T00:00:00.000000,1,0,0,0,1,627.0,1
514132,hostaway,2026-12-12T00:00:00.000000,1,0,0,0,1,627.0,1
514132,hostaway,2026-12-13T00:00:00.000000,1,0,0,0,1,406.0,1
514132,hostaway,2026-12-14T00:00:00.000000,1,0,0,0,1,315.0,1
514132,hostaway,2026-12-15T00:00:00.000000,1,0,0,0,1,315.0,1
514132,hostaway,2026-12-16T00:00:00.000000,1,0,0,0,1,315.0,1
514132,hostaway,2026-12-17T00:00:00.000000,1,0,0,0,1,406.0,1
514132,hostaway,2026-12-18T00:00:00.000000,1,0,0,0,1,695.0,1
514132,hostaway,2026-12-19T00:00:00.000000,1,0,0,0,1,695.0,1
514132,hostaway,2026-12-20T00:00:00.000000,1,0,0,0,1,462.0,1
514132,hostaway,2026-12-21T00:00:00.000000,1,0,0,0,1,336.0,1
514132,hostaway,2026-12-22T00:00:00.000000,1,0,0,0,1,336.0,1
514132,hostaway,2026-12-23T00:00:00.000000,1,0,0,0,1,336.0,1
514132,hostaway,2026-12-24T00:00:00.000000,1,0,0,0,1,901.0,1
514132,hostaway,2026-12-25T00:00:00.000000,1,0,0,0,1,901.0,1
514132,hostaway,2026-12-26T00:00:00.000000,1,0,0,0,1,901.0,1
514132,hostaway,2026-12-27T00:00:00.000000,1,0,0,0,1,406.0,1
514132,hostaway,2026-12-28T00:00:00.000000,1,0,0,0,1,315.0,1
514132,hostaway,2026-12-29T00:00:00.000000,1,0,0,0,1,355.0,1
514132,hostaway,2026-12-30T00:00:00.000000,1,0,0,0,1,1092.0,1
514132,hostaway,2026-12-31T00:00:00.000000,1,0,0,0,1,1092.0,1
514132,hostaway,2027-01-01T00:00:00.000000,1,0,0,0,1,447.0,1
514132,hostaway,2027-01-02T00:00:00.000000,1,0,0,0,1,447.0,1
514132,hostaway,2027-01-03T00:00:00.000000,1,0,0,0,1,315.0,1
514132,hostaway,2027-01-04T00:00:00.000000,1,0,0,0,1,322.0,1
514132,hostaway,2027-01-05T00:00:00.000000,1,0,0,0,1,322.0,1
514132,hostaway,2027-01-06T00:00:00.000000,1,0,0,0,1,374.0,1
514132,hostaway,2027-01-07T00:00:00.000000,1,0,0,0,1,451.0,1
514132,hostaway,2027-01-08T00:00:00.000000,1,0,0,0,1,554.0,1
514132,hostaway,2027-01-09T00:00:00.000000,1,0,0,0,1,451.0,1
514132,hostaway,2027-01-10T00:00:00.000000,1,0,0,0,1,652.0,1
514132,hostaway,2027-01-11T00:00:00.000000,1,0,0,0,1,322.0,1
514132,hostaway,2027-01-12T00:00:00.000000,1,0,0,0,1,322.0,1
514132,hostaway,2027-01-13T00:00:00.000000,1,0,0,0,1,322.0,1
514132,hostaway,2027-01-14T00:00:00.000000,1,0,0,0,1,389.0,1
514132,hostaway,2027-01-15T00:00:00.000000,1,0,0,0,1,634.0,1
514132,hostaway,2027-01-16T00:00:00.000000,1,0,0,0,1,520.0,1
514132,hostaway,2027-01-17T00:00:00.000000,1,0,0,0,1,744.0,1
514132,hostaway,2027-01-18T00:00:00.000000,1,0,0,0,1,426.0,1
514132,hostaway,2027-01-19T00:00:00.000000,1,0,0,0,1,322.0,1
514132,hostaway,2027-01-20T00:00:00.000000,1,0,0,0,1,322.0,1
514132,hostaway,2027-01-21T00:00:00.000000,1,0,0,0,1,389.0,1
514132,hostaway,2027-01-22T00:00:00.000000,1,0,0,0,1,476.0,1
514132,hostaway,2027-01-23T00:00:00.000000,1,0,0,0,1,389.0,1
514132,hostaway,2027-01-24T00:00:00.000000,1,0,0,0,1,564.0,1
514132,hostaway,2027-01-25T00:00:00.000000,1,0,0,0,1,322.0,1
514132,hostaway,2027-01-26T00:00:00.000000,1,0,0,0,1,322.0,1
514132,hostaway,2027-01-27T00:00:00.000000,1,0,0,0,1,322.0,1
514132,hostaway,2027-01-28T00:00:00.000000,1,0,0,0,1,389.0,1
514132,hostaway,2027-01-29T00:00:00.000000,1,0,0,0,1,476.0,1
514132,hostaway,2027-01-30T00:00:00.000000,1,0,0,0,1,389.0,1
514132,hostaway,2027-01-31T00:00:00.000000,1,0,0,0,1,564.0,1
514132,hostaway,2027-02-01T00:00:00.000000,1,0,0,0,1,322.0,1
514132,hostaway,2027-02-02T00:00:00.000000,1,0,0,0,1,322.0,1
514132,hostaway,2027-02-03T00:00:00.000000,1,0,0,0,1,322.0,1
514132,hostaway,2027-02-04T00:00:00.000000,1,0,0,0,1,393.0,1
514132,hostaway,2027-02-05T00:00:00.000000,1,0,0,0,1,476.0,1
514132,hostaway,2027-02-06T00:00:00.000000,1,0,0,0,1,389.0,1
514132,hostaway,2027-02-07T00:00:00.000000,1,0,0,0,1,564.0,1
514132,hostaway,2027-02-08T00:00:00.000000,1,0,0,0,1,322.0,1
514132,hostaway,2027-02-09T00:00:00.000000,1,0,0,0,1,322.0,1
514132,hostaway,2027-02-10T00:00:00.000000,1,0,0,0,1,322.0,1
514132,hostaway,2027-02-11T00:00:00.000000,1,0,0,0,1,389.0,1
514132,hostaway,2027-02-12T00:00:00.000000,1,0,0,0,1,684.0,1
514132,hostaway,2027-02-13T00:00:00.000000,1,0,0,0,1,564.0,1
514132,hostaway,2027-02-14T00:00:00.000000,1,0,0,0,1,804.0,1
514132,hostaway,2027-02-15T00:00:00.000000,1,0,0,0,1,464.0,1
514132,hostaway,2027-02-16T00:00:00.000000,1,0,0,0,1,322.0,1
514132,hostaway,2027-02-17T00:00:00.000000,1,0,0,0,1,322.0,1
514132,hostaway,2027-02-18T00:00:00.000000,1,0,0,0,1,389.0,1
514132,hostaway,2027-02-19T00:00:00.000000,1,0,0,0,1,476.0,1
514132,hostaway,2027-02-20T00:00:00.000000,1,0,0,0,1,389.0,1
514132,hostaway,2027-02-21T00:00:00.000000,1,0,0,0,1,564.0,1
514132,hostaway,2027-02-22T00:00:00.000000,1,0,0,0,1,322.0,1
514132,hostaway,2027-02-23T00:00:00.000000,1,0,0,0,1,322.0,1
514132,hostaway,2027-02-24T00:00:00.000000,1,0,0,0,1,322.0,1
514132,hostaway,2027-02-25T00:00:00.000000,1,0,0,0,1,422.0,1
514132,hostaway,2027-02-26T00:00:00.000000,1,0,0,0,1,476.0,1
514132,hostaway,2027-02-27T00:00:00.000000,1,0,0,0,1,389.0,1
514132,hostaway,2027-02-28T00:00:00.000000,1,0,0,0,1,422.0,1
514132,hostaway,2027-03-01T00:00:00.000000,1,0,0,0,1,399.0,1
514132,hostaway,2027-03-02T00:00:00.000000,1,0,0,0,1,399.0,1
514132,hostaway,2027-03-03T00:00:00.000000,1,0,0,0,1,399.0,1
514132,hostaway,2027-03-04T00:00:00.000000,1,0,0,0,1,549.0,1
514132,hostaway,2027-03-05T00:00:00.000000,1,0,0,0,1,684.0,1
514132,hostaway,2027-03-06T00:00:00.000000,1,0,0,0,1,684.0,1
514132,hostaway,2027-03-07T00:00:00.000000,1,0,0,0,1,549.0,1
514132,hostaway,2027-03-08T00:00:00.000000,1,0,0,0,1,399.0,1
514132,hostaway,2027-03-09T00:00:00.000000,1,0,0,0,1,399.0,1
514132,hostaway,2027-03-10T00:00:00.000000,1,0,0,0,1,399.0,1
514132,hostaway,2027-03-11T00:00:00.000000,1,0,0,0,1,549.0,1
514132,hostaway,2027-03-12T00:00:00.000000,1,0,0,0,1,684.0,1
514132,hostaway,2027-03-13T00:00:00.000000,1,0,0,0,1,684.0,1
514132,hostaway,2027-03-14T00:00:00.000000,1,0,0,0,1,549.0,1
514132,hostaway,2027-03-15T00:00:00.000000,1,0,0,0,1,399.0,1
514132,hostaway,2027-03-16T00:00:00.000000,1,0,0,0,1,399.0,1
514132,hostaway,2027-03-17T00:00:00.000000,1,0,0,0,1,399.0,1
514132,hostaway,2027-03-18T00:00:00.000000,1,0,0,0,1,549.0,1
514132,hostaway,2027-03-19T00:00:00.000000,1,0,0,0,1,684.0,1
514132,hostaway,2027-03-20T00:00:00.000000,1,0,0,0,1,684.0,1
514132,hostaway,2027-03-21T00:00:00.000000,1,0,0,0,1,549.0,1
514132,hostaway,2027-03-22T00:00:00.000000,1,0,0,0,1,399.0,1
514132,hostaway,2027-03-23T00:00:00.000000,1,0,0,0,1,399.0,1
514132,hostaway,2027-03-24T00:00:00.000000,1,0,0,0,1,399.0,1
514132,hostaway,2027-03-25T00:00:00.000000,1,0,0,0,1,549.0,1
514132,hostaway,2027-03-26T00:00:00.000000,1,0,0,0,1,968.0,1
514132,hostaway,2027-03-27T00:00:00.000000,1,0,0,0,1,968.0,1
514132,hostaway,2027-03-28T00:00:00.000000,1,0,0,0,1,781.0,1
514132,hostaway,2027-03-29T00:00:00.000000,1,0,0,0,1,575.0,1
514132,hostaway,2027-03-30T00:00:00.000000,1,0,0,0,1,575.0,1
514132,hostaway,2027-03-31T00:00:00.000000,1,0,0,0,1,575.0,1
514132,hostaway,2027-04-01T00:00:00.000000,1,0,0,0,1,1130.0,1
514132,hostaway,2027-04-02T00:00:00.000000,1,0,0,0,1,1345.0,1
514132,hostaway,2027-04-03T00:00:00.000000,1,0,0,0,1,1345.0,1
514132,hostaway,2027-04-04T00:00:00.000000,1,0,0,0,1,1130.0,1
514132,hostaway,2027-04-05T00:00:00.000000,1,0,0,0,1,805.0,1
514132,hostaway,2027-04-06T00:00:00.000000,1,0,0,0,1,805.0,1
514132,hostaway,2027-04-07T00:00:00.000000,1,0,0,0,1,805.0,1
514132,hostaway,2027-04-08T00:00:00.000000,1,0,0,0,1,893.0,1
514132,hostaway,2027-04-09T00:00:00.000000,1,0,0,0,1,1063.0,1
514132,hostaway,2027-04-10T00:00:00.000000,1,0,0,0,1,1063.0,1
514132,hostaway,2027-04-11T00:00:00.000000,1,0,0,0,1,893.0,1
514132,hostaway,2027-04-12T00:00:00.000000,1,0,0,0,1,445.0,1
514132,hostaway,2027-04-13T00:00:00.000000,1,0,0,0,1,445.0,1
514132,hostaway,2027-04-14T00:00:00.000000,1,0,0,0,1,445.0,1
514132,hostaway,2027-04-15T00:00:00.000000,1,0,0,0,1,632.0,1
514132,hostaway,2027-04-16T00:00:00.000000,1,0,0,0,1,747.0,1
514132,hostaway,2027-04-17T00:00:00.000000,1,0,0,0,1,747.0,1
514132,hostaway,2027-04-18T00:00:00.000000,1,0,0,0,1,632.0,1
514132,hostaway,2027-04-19T00:00:00.000000,1,0,0,0,1,445.0,1
514132,hostaway,2027-04-20T00:00:00.000000,1,0,0,0,1,445.0,1
514132,hostaway,2027-04-21T00:00:00.000000,1,0,0,0,1,445.0,1
514132,hostaway,2027-04-22T00:00:00.000000,1,0,0,0,1,632.0,1
514132,hostaway,2027-04-23T00:00:00.000000,1,0,0,0,1,747.0,1
514132,hostaway,2027-04-24T00:00:00.000000,1,0,0,0,1,747.0,1
514132,hostaway,2027-04-25T00:00:00.000000,1,0,0,0,1,632.0,1
514132,hostaway,2027-04-26T00:00:00.000000,1,0,0,0,1,445.0,1
514132,hostaway,2027-04-27T00:00:00.000000,1,0,0,0,1,445.0,1
514132,hostaway,2027-04-28T00:00:00.000000,1,0,0,0,1,445.0,1
514132,hostaway,2027-04-29T00:00:00.000000,1,0,0,0,1,632.0,1
514132,hostaway,2027-04-30T00:00:00.000000,1,0,0,0,1,747.0,1
514132,hostaway,2027-05-01T00:00:00.000000,1,0,0,0,1,747.0,1
514132,hostaway,2027-05-02T00:00:00.000000,1,0,0,0,1,632.0,1
514132,hostaway,2027-05-03T00:00:00.000000,1,0,0,0,1,445.0,1
514132,hostaway,2027-05-04T00:00:00.000000,1,0,0,0,1,445.0,1
514132,hostaway,2027-05-05T00:00:00.000000,1,0,0,0,1,445.0,1
514132,hostaway,2027-05-06T00:00:00.000000,1,0,0,0,1,909.0,1
514132,hostaway,2027-05-07T00:00:00.000000,1,0,0,0,1,1340.0,1
514132,hostaway,2027-05-08T00:00:00.000000,1,0,0,0,1,1340.0,1
514132,hostaway,2027-05-09T00:00:00.000000,1,0,0,0,1,1103.0,1
514132,hostaway,2027-05-10T00:00:00.000000,1,0,0,0,1,695.0,1
514132,hostaway,2027-05-11T00:00:00.000000,1,0,0,0,1,695.0,1
514132,hostaway,2027-05-12T00:00:00.000000,1,0,0,0,1,695.0,1
514132,hostaway,2027-05-13T00:00:00.000000,1,0,0,0,1,1067.0,1
514132,hostaway,2027-05-14T00:00:00.000000,1,0,0,0,1,1303.0,1
514132,hostaway,2027-05-15T00:00:00.000000,1,0,0,0,1,1303.0,1
514132,hostaway,2027-05-16T00:00:00.000000,1,0,0,0,1,1370.0,1
514132,hostaway,2027-05-17T00:00:00.000000,1,0,0,0,1,1124.0,1
514132,hostaway,2027-05-18T00:00:00.000000,1,0,0,0,1,1124.0,1
514132,hostaway,2027-05-19T00:00:00.000000,1,0,0,0,1,1124.0,1
514132,hostaway,2027-05-20T00:00:00.000000,1,0,0,0,1,614.0,1
514132,hostaway,2027-05-21T00:00:00.000000,1,0,0,0,1,934.0,1
514132,hostaway,2027-05-22T00:00:00.000000,1,0,0,0,1,937.0,1
514132,hostaway,2027-05-23T00:00:00.000000,1,0,0,0,1,1149.0,1
514132,hostaway,2027-05-24T00:00:00.000000,1,0,0,0,1,945.0,1
514132,hostaway,2027-05-25T00:00:00.000000,1,0,0,0,1,948.0,1
514132,hostaway,2027-05-26T00:00:00.000000,1,0,0,0,1,954.0,1
514132,hostaway,2027-05-27T00:00:00.000000,1,0,0,0,1,699.0,1
514132,hostaway,2027-05-28T00:00:00.000000,1,0,0,0,1,1011.0,1
514132,hostaway,2027-05-29T00:00:00.000000,1,0,0,0,1,1014.0,1
514132,hostaway,2027-05-30T00:00:00.000000,1,0,0,0,1,1620.0,1
514132,hostaway,2027-05-31T00:00:00.000000,1,0,0,0,1,1124.0,1
514132,hostaway,2027-06-01T00:00:00.000000,1,0,0,0,1,817.0,1
514132,hostaway,2027-06-02T00:00:00.000000,1,0,0,0,1,780.0,1
514132,hostaway,2027-06-03T00:00:00.000000,1,0,0,0,1,652.0,1
514132,hostaway,2027-06-04T00:00:00.000000,1,0,0,0,1,1036.0,1
514132,hostaway,2027-06-05T00:00:00.000000,1,0,0,0,1,1039.0,1
514132,hostaway,2027-06-06T00:00:00.000000,1,0,0,0,1,1269.0,1
514132,hostaway,2027-06-07T00:00:00.000000,1,0,0,0,1,1047.0,1
514132,hostaway,2027-06-08T00:00:00.000000,1,0,0,0,1,1051.0,1
514132,hostaway,2027-06-09T00:00:00.000000,1,0,0,0,1,1054.0,1
514132,hostaway,2027-06-10T00:00:00.000000,1,0,0,0,1,670.0,1
514132,hostaway,2027-06-11T00:00:00.000000,1,0,0,0,1,1010.0,1
514132,hostaway,2027-06-12T00:00:00.000000,1,0,0,0,1,1013.0,1
514132,hostaway,2027-06-13T00:00:00.000000,1,0,0,0,1,1236.0,1
514132,hostaway,2027-06-14T00:00:00.000000,1,0,0,0,1,1019.0,1
514132,hostaway,2027-06-15T00:00:00.000000,1,0,0,0,1,1075.0,1
514132,hostaway,2027-06-16T00:00:00.000000,1,0,0,0,1,1078.0,1
514132,hostaway,2027-06-17T00:00:00.000000,1,0,0,0,1,688.0,1
514132,hostaway,2027-06-18T00:00:00.000000,1,0,0,0,1,1034.0,1
514132,hostaway,2027-06-19T00:00:00.000000,1,0,0,0,1,1037.0,1
514132,hostaway,2027-06-20T00:00:00.000000,1,0,0,0,1,1265.0,1
514132,hostaway,2027-06-21T00:00:00.000000,1,0,0,0,1,1044.0,1
514132,hostaway,2027-06-22T00:00:00.000000,1,0,0,0,1,1100.0,1
514132,hostaway,2027-06-23T00:00:00.000000,1,0,0,0,1,1052.0,1
514132,hostaway,2027-06-24T00:00:00.000000,1,0,0,0,1,704.0,1
514132,hostaway,2027-06-25T00:00:00.000000,1,0,0,0,1,1052.0,1
514132,hostaway,2027-06-26T00:00:00.000000,1,0,0,0,1,1052.0,1
514132,hostaway,2027-06-27T00:00:00.000000,1,0,0,0,1,1277.0,1
514132,hostaway,2027-06-28T00:00:00.000000,1,0,0,0,1,1052.0,1
514132,hostaway,2027-06-29T00:00:00.000000,1,0,0,0,1,1052.0,1
514132,hostaway,2027-06-30T00:00:00.000000,1,0,0,0,1,1052.0,1
514132,hostaway,2027-07-01T00:00:00.000000,1,0,0,0,1,704.0,1
514132,hostaway,2027-07-02T00:00:00.000000,1,0,0,0,1,1052.0,1
514132,hostaway,2027-07-03T00:00:00.000000,1,0,0,0,1,1052.0,1
514132,hostaway,2027-07-04T00:00:00.000000,1,0,0,0,1,1947.0,1
514132,hostaway,2027-07-05T00:00:00.000000,1,0,0,0,1,1157.0,1
514132,hostaway,2027-07-06T00:00:00.000000,1,0,0,0,1,1157.0,1
514132,hostaway,2027-07-07T00:00:00.000000,1,0,0,0,1,1157.0,1
514132,hostaway,2027-07-08T00:00:00.000000,1,0,0,0,1,693.0,1
514132,hostaway,2027-07-09T00:00:00.000000,1,0,0,0,1,1129.0,1
514132,hostaway,2027-07-10T00:00:00.000000,1,0,0,0,1,1129.0,1
514132,hostaway,2027-07-11T00:00:00.000000,1,0,0,0,1,1771.0,1
514132,hostaway,2027-07-12T00:00:00.000000,1,0,0,0,1,1129.0,1
514132,hostaway,2027-07-13T00:00:00.000000,1,0,0,0,1,1129.0,1
514132,hostaway,2027-07-14T00:00:00.000000,1,0,0,0,1,1129.0,1
514132,hostaway,2027-07-15T00:00:00.000000,1,0,0,0,1,693.0,1
514132,hostaway,2027-07-16T00:00:00.000000,1,0,0,0,1,1129.0,1
514132,hostaway,2027-07-17T00:00:00.000000,1,0,0,0,1,1129.0,1
514132,hostaway,2027-07-18T00:00:00.000000,1,0,0,0,1,1771.0,1
514132,hostaway,2027-07-19T00:00:00.000000,1,0,0,0,1,1129.0,1
514132,hostaway,2027-07-20T00:00:00.000000,1,0,0,0,1,1129.0,1
514132,hostaway,2027-07-21T00:00:00.000000,1,0,0,0,1,1129.0,1
514132,hostaway,2027-07-22T00:00:00.000000,1,0,0,0,1,693.0,1
514132,hostaway,2027-07-23T00:00:00.000000,1,0,0,0,1,1129.0,1
514132,hostaway,2027-07-24T00:00:00.000000,1,0,0,0,1,1129.0,1
514132,hostaway,2027-07-25T00:00:00.000000,1,0,0,0,1,1771.0,1
514132,hostaway,2027-07-26T00:00:00.000000,1,0,0,0,1,1129.0,1
514132,hostaway,2027-07-27T00:00:00.000000,1,0,0,0,1,1129.0,1
514132,hostaway,2027-07-28T00:00:00.000000,1,0,0,0,1,1129.0,1
514132,hostaway,2027-07-29T00:00:00.000000,1,0,0,0,1,693.0,1
514132,hostaway,2027-07-30T00:00:00.000000,1,0,0,0,1,1129.0,1
514132,hostaway,2027-07-31T00:00:00.000000,1,0,0,0,1,1129.0,1
514132,hostaway,2027-08-01T00:00:00.000000,1,0,0,0,1,1771.0,1
514132,hostaway,2027-08-02T00:00:00.000000,1,0,0,0,1,1129.0,1
514132,hostaway,2027-08-03T00:00:00.000000,1,0,0,0,1,1129.0,1
514132,hostaway,2027-08-04T00:00:00.000000,1,0,0,0,1,1129.0,1
514132,hostaway,2027-08-05T00:00:00.000000,1,0,0,0,1,693.0,1
514132,hostaway,2027-08-06T00:00:00.000000,1,0,0,0,1,1129.0,1
514132,hostaway,2027-08-07T00:00:00.000000,1,0,0,0,1,1129.0,1
514132,hostaway,2027-08-08T00:00:00.000000,1,0,0,0,1,1771.0,1
514132,hostaway,2027-08-09T00:00:00.000000,1,0,0,0,1,1129.0,1
514132,hostaway,2027-08-10T00:00:00.000000,1,0,0,0,1,1129.0,1
514132,hostaway,2027-08-11T00:00:00.000000,1,0,0,0,1,1129.0,1
514132,hostaway,2027-08-12T00:00:00.000000,1,0,0,0,1,693.0,1
514132,hostaway,2027-08-13T00:00:00.000000,1,0,0,0,1,1129.0,1
514132,hostaway,2027-08-14T00:00:00.000000,1,0,0,0,1,1129.0,1
514132,hostaway,2027-08-15T00:00:00.000000,1,0,0,0,1,1771.0,1
514132,hostaway,2027-08-16T00:00:00.000000,1,0,0,0,1,1129.0,1
514132,hostaway,2027-08-17T00:00:00.000000,1,0,0,0,1,1129.0,1
514132,hostaway,2027-08-18T00:00:00.000000,1,0,0,0,1,1129.0,1
514132,hostaway,2027-08-19T00:00:00.000000,1,0,0,0,1,693.0,1
514132,hostaway,2027-08-20T00:00:00.000000,1,0,0,0,1,1129.0,1
514132,hostaway,2027-08-21T00:00:00.000000,1,0,0,0,1,1129.0,1
514132,hostaway,2027-08-22T00:00:00.000000,1,0,0,0,1,1771.0,1
514132,hostaway,2027-08-23T00:00:00.000000,1,0,0,0,1,1129.0,1
514132,hostaway,2027-08-24T00:00:00.000000,1,0,0,0,1,1129.0,1
514132,hostaway,2027-08-25T00:00:00.000000,1,0,0,0,1,1129.0,1
514132,hostaway,2027-08-26T00:00:00.000000,1,0,0,0,1,693.0,1
514132,hostaway,2027-08-27T00:00:00.000000,1,0,0,0,1,1129.0,1
514132,hostaway,2027-08-28T00:00:00.000000,1,0,0,0,1,1129.0,1
514132,hostaway,2027-08-29T00:00:00.000000,1,0,0,0,1,1771.0,1
514132,hostaway,2027-08-30T00:00:00.000000,1,0,0,0,1,1129.0,1
514132,hostaway,2027-08-31T00:00:00.000000,1,0,0,0,1,1129.0,1
514132,hostaway,2027-09-01T00:00:00.000000,1,0,0,0,1,1129.0,1
514132,hostaway,2027-09-02T00:00:00.000000,1,0,0,0,1,693.0,1
514132,hostaway,2027-09-03T00:00:00.000000,1,0,0,0,1,1052.0,1
514132,hostaway,2027-09-04T00:00:00.000000,1,0,0,0,1,1052.0,1
514132,hostaway,2027-09-05T00:00:00.000000,1,0,0,0,1,1531.0,1
514132,hostaway,2027-09-06T00:00:00.000000,1,0,0,0,1,1104.0,1
514132,hostaway,2027-09-07T00:00:00.000000,1,0,0,0,1,844.0,1
514132,hostaway,2027-09-08T00:00:00.000000,1,0,0,0,1,844.0,1
514132,hostaway,2027-09-09T00:00:00.000000,1,0,0,0,1,704.0,1
514132,hostaway,2027-09-10T00:00:00.000000,1,0,0,0,1,1052.0,1
514132,hostaway,2027-09-11T00:00:00.000000,1,0,0,0,1,1052.0,1
514132,hostaway,2027-09-12T00:00:00.000000,1,0,0,0,1,1277.0,1
514132,hostaway,2027-09-13T00:00:00.000000,1,0,0,0,1,1052.0,1
514132,hostaway,2027-09-14T00:00:00.000000,1,0,0,0,1,1052.0,1
514132,hostaway,2027-09-15T00:00:00.000000,1,0,0,0,1,1052.0,1
514132,hostaway,2027-09-16T00:00:00.000000,1,0,0,0,1,704.0,1
514132,hostaway,2027-09-17T00:00:00.000000,1,0,0,0,1,1052.0,1
514132,hostaway,2027-09-18T00:00:00.000000,1,0,0,0,1,1052.0,1
514132,hostaway,2027-09-19T00:00:00.000000,1,0,0,0,1,1277.0,1
514132,hostaway,2027-09-20T00:00:00.000000,1,0,0,0,1,1052.0,1
514132,hostaway,2027-09-21T00:00:00.000000,1,0,0,0,1,1052.0,1
514132,hostaway,2027-09-22T00:00:00.000000,1,0,0,0,1,1052.0,1
514132,hostaway,2027-09-23T00:00:00.000000,1,0,0,0,1,704.0,1
514132,hostaway,2027-09-24T00:00:00.000000,1,0,0,0,1,1052.0,1
514132,hostaway,2027-09-25T00:00:00.000000,1,0,0,0,1,1052.0,1
514132,hostaway,2027-09-26T00:00:00.000000,1,0,0,0,1,1404.0,1
514132,hostaway,2027-09-27T00:00:00.000000,1,0,0,0,1,1157.0,1
514132,hostaway,2027-09-28T00:00:00.000000,1,0,0,0,1,1157.0,1
514132,hostaway,2027-09-29T00:00:00.000000,1,0,0,0,1,1157.0,1
514132,hostaway,2027-09-30T00:00:00.000000,1,0,0,0,1,774.0,1
514132,hostaway,2027-10-01T00:00:00.000000,1,0,0,0,1,1157.0,1
514132,hostaway,2027-10-02T00:00:00.000000,1,0,0,0,1,1157.0,1
514132,hostaway,2027-10-03T00:00:00.000000,1,0,0,0,1,1404.0,1
514132,hostaway,2027-10-04T00:00:00.000000,1,0,0,0,1,1157.0,1
514132,hostaway,2027-10-05T00:00:00.000000,1,0,0,0,1,1157.0,1
514132,hostaway,2027-10-06T00:00:00.000000,1,0,0,0,1,1157.0,1
514132,hostaway,2027-10-07T00:00:00.000000,1,0,0,0,1,704.0,1
514132,hostaway,2027-10-08T00:00:00.000000,1,0,0,0,1,1052.0,1
514132,hostaway,2027-10-09T00:00:00.000000,1,0,0,0,1,1052.0,1
514132,hostaway,2027-10-10T00:00:00.000000,1,0,0,0,1,1277.0,1
514132,hostaway,2027-10-11T00:00:00.000000,1,0,0,0,1,1052.0,1
514132,hostaway,2027-10-12T00:00:00.000000,1,0,0,0,1,1052.0,1
514132,hostaway,2027-10-13T00:00:00.000000,1,0,0,0,1,1052.0,1
514132,hostaway,2027-10-14T00:00:00.000000,1,0,0,0,1,704.0,1
514132,hostaway,2027-10-15T00:00:00.000000,1,0,0,0,1,1052.0,1
514132,hostaway,2027-10-16T00:00:00.000000,1,0,0,0,1,1052.0,1
514132,hostaway,2027-10-17T00:00:00.000000,1,0,0,0,1,1277.0,1
514132,hostaway,2027-10-18T00:00:00.000000,1,0,0,0,1,1052.0,1
514132,hostaway,2027-10-19T00:00:00.000000,1,0,0,0,1,1052.0,1
514132,hostaway,2027-10-20T00:00:00.000000,1,0,0,0,1,1052.0,1
514132,hostaway,2027-10-21T00:00:00.000000,1,0,0,0,1,704.0,1
514132,hostaway,2027-10-22T00:00:00.000000,1,0,0,0,1,1052.0,1
514132,hostaway,2027-10-23T00:00:00.000000,1,0,0,0,1,1052.0,1
514132,hostaway,2027-10-24T00:00:00.000000,1,0,0,0,1,1277.0,1
514132,hostaway,2027-10-25T00:00:00.000000,1,0,0,0,1,1052.0,1
514132,hostaway,2027-10-26T00:00:00.000000,1,0,0,0,1,1052.0,1
514132,hostaway,2027-10-27T00:00:00.000000,1,0,0,0,1,1052.0,1
514132,hostaway,2027-10-28T00:00:00.000000,1,0,0,0,1,704.0,1
514132,hostaway,2027-10-29T00:00:00.000000,1,0,0,0,1,1052.0,1
514132,hostaway,2027-10-30T00:00:00.000000,1,0,0,0,1,1052.0,1
514132,hostaway,2027-10-31T00:00:00.000000,1,0,0,0,1,1277.0,1
514132,hostaway,2027-11-01T00:00:00.000000,1,0,0,0,1,1052.0,1
514132,hostaway,2027-11-02T00:00:00.000000,1,0,0,0,1,1052.0,1
514132,hostaway,2027-11-03T00:00:00.000000,1,0,0,0,1,1052.0,1
514132,hostaway,2027-11-04T00:00:00.000000,1,0,0,0,1,398.0,1
514132,hostaway,2027-11-05T00:00:00.000000,1,0,0,0,1,475.0,1
514132,hostaway,2027-11-06T00:00:00.000000,1,0,0,0,1,571.0,1
514132,hostaway,2027-11-07T00:00:00.000000,1,0,0,0,1,475.0,1
514132,hostaway,2027-11-08T00:00:00.000000,1,0,0,0,1,669.0,1
514132,hostaway,2027-11-09T00:00:00.000000,1,0,0,0,1,669.0,1
514132,hostaway,2027-11-10T00:00:00.000000,1,0,0,0,1,669.0,1
514132,hostaway,2027-11-11T00:00:00.000000,1,0,0,0,1,398.0,1
514132,hostaway,2027-11-12T00:00:00.000000,1,0,0,0,1,475.0,1
514132,hostaway,2027-11-13T00:00:00.000000,1,0,0,0,1,571.0,1
514132,hostaway,2027-11-14T00:00:00.000000,1,0,0,0,1,475.0,1
514132,hostaway,2027-11-15T00:00:00.000000,1,0,0,0,1,669.0,1
514132,hostaway,2027-11-16T00:00:00.000000,1,0,0,0,1,669.0,1
514132,hostaway,2027-11-17T00:00:00.000000,1,0,0,0,1,669.0,1
514132,hostaway,2027-11-18T00:00:00.000000,1,0,0,0,1,398.0,1
514132,hostaway,2027-11-19T00:00:00.000000,1,0,0,0,1,475.0,1
514132,hostaway,2027-11-20T00:00:00.000000,1,0,0,0,1,571.0,1
514132,hostaway,2027-11-21T00:00:00.000000,1,0,0,0,1,475.0,1
514132,hostaway,2027-11-22T00:00:00.000000,1,0,0,0,1,669.0,1
514132,hostaway,2027-11-23T00:00:00.000000,1,0,0,0,1,669.0,1
514132,hostaway,2027-11-24T00:00:00.000000,1,0,0,0,1,669.0,1
514132,hostaway,2027-11-25T00:00:00.000000,1,0,0,0,1,398.0,1
514132,hostaway,2027-11-26T00:00:00.000000,1,0,0,0,1,808.0,1
514132,hostaway,2027-11-27T00:00:00.000000,1,0,0,0,1,972.0,1
514132,hostaway,2027-11-28T00:00:00.000000,1,0,0,0,1,808.0,1
514132,hostaway,2027-11-29T00:00:00.000000,1,0,0,0,1,936.0,1
514132,hostaway,2027-11-30T00:00:00.000000,1,0,0,0,1,936.0,1
514132,hostaway,2027-12-01T00:00:00.000000,1,0,0,0,1,936.0,1
514132,hostaway,2027-12-02T00:00:00.000000,1,0,0,0,1,331.0,1
514132,hostaway,2027-12-03T00:00:00.000000,1,0,0,0,1,422.0,1
514132,hostaway,2027-12-04T00:00:00.000000,1,0,0,0,1,422.0,1
514132,hostaway,2027-12-05T00:00:00.000000,1,0,0,0,1,513.0,1
514132,hostaway,2027-12-06T00:00:00.000000,1,0,0,0,1,422.0,1
514132,hostaway,2027-12-07T00:00:00.000000,1,0,0,0,1,422.0,1
514132,hostaway,2027-12-08T00:00:00.000000,1,0,0,0,1,422.0,1
514132,hostaway,2027-12-09T00:00:00.000000,1,0,0,0,1,331.0,1
514132,hostaway,2027-12-10T00:00:00.000000,1,0,0,0,1,422.0,1
514132,hostaway,2027-12-11T00:00:00.000000,1,0,0,0,1,422.0,1
514132,hostaway,2027-12-12T00:00:00.000000,1,0,0,0,1,513.0,1
514132,hostaway,2027-12-13T00:00:00.000000,1,0,0,0,1,422.0,1
514132,hostaway,2027-12-14T00:00:00.000000,1,0,0,0,1,422.0,1
514132,hostaway,2027-12-15T00:00:00.000000,1,0,0,0,1,422.0,1
514132,hostaway,2027-12-16T00:00:00.000000,1,0,0,0,1,331.0,1
514132,hostaway,2027-12-17T00:00:00.000000,1,0,0,0,1,422.0,1
514132,hostaway,2027-12-18T00:00:00.000000,1,0,0,0,1,422.0,1
514132,hostaway,2027-12-19T00:00:00.000000,1,0,0,0,1,769.0,1
514132,hostaway,2027-12-20T00:00:00.000000,1,0,0,0,1,632.0,1
514132,hostaway,2027-12-21T00:00:00.000000,1,0,0,0,1,632.0,1
514132,hostaway,2027-12-22T00:00:00.000000,1,0,0,0,1,632.0,1
514132,hostaway,2027-12-23T00:00:00.000000,1,0,0,0,1,496.0,1
514132,hostaway,2027-12-24T00:00:00.000000,1,0,0,0,1,632.0,1
514132,hostaway,2027-12-25T00:00:00.000000,1,0,0,0,1,632.0,1
514132,hostaway,2027-12-26T00:00:00.000000,1,0,0,0,1,632.0,1
514132,hostaway,2027-12-27T00:00:00.000000,1,0,0,0,1,1794.0,1
514132,hostaway,2027-12-28T00:00:00.000000,1,0,0,0,1,1794.0,1
514132,hostaway,2027-12-29T00:00:00.000000,1,0,0,0,1,1794.0,1
514132,hostaway,2027-12-30T00:00:00.000000,1,0,0,0,1,331.0,1
514132,hostaway,2027-12-31T00:00:00.000000,1,0,0,0,1,331.0,1
514132,hostaway,2028-01-01T00:00:00.000000,1,0,0,0,1,331.0,1
514132,hostaway,2028-01-02T00:00:00.000000,1,0,0,0,1,1973.0,1
514132,hostaway,2028-01-03T00:00:00.000000,1,0,0,0,1,987.0,1
514132,hostaway,2028-01-04T00:00:00.000000,1,0,0,0,1,987.0,1
514132,hostaway,2028-01-05T00:00:00.000000,1,0,0,0,1,987.0,1
514132,hostaway,2028-01-06T00:00:00.000000,1,0,0,0,1,477.0,1
514132,hostaway,2028-01-07T00:00:00.000000,1,0,0,0,1,570.0,1
514132,hostaway,2028-01-08T00:00:00.000000,1,0,0,0,1,686.0,1
514132,hostaway,2028-01-09T00:00:00.000000,1,0,0,0,1,570.0,1
